caseyear,state,st_case,statename,ve_total,ve_forms,pvh_invl,peds,pernotmvit,permvit,persons,county,countyname,city,cityname,day,dayname,month,monthname,year,day_week,day_weekname,hour,hourname,minute,minutename,nhs,nhsname,rur_urb,rur_urbname,func_sys,func_sysname,rd_owner,rd_ownername,route,routename,tway_id,tway_id2,milept,mileptname,latitude,latitudename,longitud,longitudname,sp_jur,sp_jurname,harm_ev,harm_evname,man_coll,man_collname,reljct1,reljct1name,reljct2,reljct2name,typ_int,typ_intname,wrk_zone,wrk_zonename,road_fnc,road_fncname,rel_road,rel_roadname,lgt_cond,lgt_condname,weather1,weather1name,weather2,weather2name,weather,weathername,sch_bus,sch_busname,rail,railname,not_hour,not_hourname,not_min,not_minname,arr_hour,arr_hourname,arr_min,arr_minname,hosp_hr,hosp_hrname,hosp_mn,hosp_mnname,cf1,cf1name,cf2,cf2name,cf3,cf3name,fatals,drunk_dr
2018,29,290139,Missouri,1,1,0,0,0,1,1,167,POLK (167),0,NOT APPLICABLE,25,25,3,March,2018,1,Sunday,12,12:00pm-12:59pm,20,20,0,This section IS NOT on the NHS,1,Rural,5,Major Collector,1,State Highway Agency,3,State Highway,SR-64,,41,41,37.75750000,37.75750000,-93.290750000,-93.290750000,0,No Special Jurisdiction,58,Ground,0,Not a Collision with Motor Vehicle In-Transport,0,No,1,Non-Junction,1,Not an Intersection,0,None,,,4,On Roadside,1,Daylight,10,Cloudy,0,No Additional Atmospheric Conditions,10,Cloudy,0,No,0000000,Not Applicable,99,Unknown,98,Unknown if Notified,99,Unknown EMS Scene Arrival Hour,98,Unknown if Arrived,88,Not Applicable (Not Transported),88,Not Applicable (Not Transported),0,None,0,None,0,None,1,0
2018,29,290140,Missouri,1,1,0,0,0,1,1,169,PULASKI (169),0,NOT APPLICABLE,25,25,3,March,2018,1,Sunday,1,1:00am-1:59am,12,12,0,This section IS NOT on the NHS,1,Rural,5,Major Collector,1,State Highway Agency,3,State Highway,SR-U,,93,93,37.95850000,37.95850000,-92.280194440,-92.280194440,0,No Special Jurisdiction,35,Embankment,0,Not a Collision with Motor Vehicle In-Transport,0,No,1,Non-Junction,1,Not an Intersection,0,None,,,4,On Roadside,2,Dark - Not Lighted,1,Clear,0,No Additional Atmospheric Conditions,1,Clear,0,No,0000000,Not Applicable,1,1:00am-1:59am,17,17,1,1:00am-1:59am,24,24,2,2:00am-2:59am,14,14,0,None,0,None,0,None,1,1
2018,29,290141,Missouri,2,2,0,0,0,5,5,23,BUTLER (23),0,NOT APPLICABLE,25,25,3,March,2018,1,Sunday,9,9:00am-9:59am,37,37,1,This section IS ON the NHS,1,Rural,3,Principal Arterial - Other,1,State Highway Agency,2,U.S. Highway,US-67,SR-C,192,192,36.68761111,36.68761111,-90.484611110,-90.484611110,0,No Special Jurisdiction,12,Motor Vehicle In-Transport,6,Angle,0,No,2,Intersection,2,Four-Way Intersection,0,None,,,1,On Roadway,1,Daylight,10,Cloudy,0,No Additional Atmospheric Conditions,10,Cloudy,0,No,0000000,Not Applicable,99,Unknown,99,Unknown,99,Unknown EMS Scene Arrival Hour,99,Unknown EMS Scene Arrival Minutes,99,Unknown,99,Unknown EMS Hospital Arrival Time,0,None,0,None,0,None,1,0
2018,29,290142,Missouri,2,1,1,1,1,1,1,53,COOPER (53),0,NOT APPLICABLE,26,26,3,March,2018,2,Monday,7,7:00am-7:59am,53,53,1,This section IS ON the NHS,1,Rural,1,Interstate,1,State Highway Agency,1,Interstate,I-70,,212,212,38.93430556,38.93430556,-92.930055560,-92.930055560,0,No Special Jurisdiction,18,Other Object (not fixed),0,Not a Collision with Motor Vehicle In-Transport,0,No,1,Non-Junction,1,Not an Intersection,0,None,,,1,On Roadway,1,Daylight,2,Rain,10,Cloudy,2,Rain,0,No,0000000,Not Applicable,7,7:00am-7:59am,56,56,8,8:00am-8:59am,7,7,99,Unknown,99,Unknown EMS Hospital Arrival Time,19,Recent/Previous Crash scene Nearby,0,None,0,None,1,0
2018,29,290143,Missouri,2,2,0,0,0,3,3,37,CASS (37),7600,STRASBURG,28,28,3,March,2018,4,Wednesday,13,1:00pm-1:59pm,0,0,0,This section IS NOT on the NHS,1,Rural,4,Minor Arterial,1,State Highway Agency,3,State Highway,SR-58,SR-CC,253,253,38.75986111,38.75986111,-94.166027780,-94.166027780,0,No Special Jurisdiction,12,Motor Vehicle In-Transport,6,Angle,0,No,2,Intersection,2,Four-Way Intersection,0,None,,,1,On Roadway,1,Daylight,10,Cloudy,0,No Additional Atmospheric Conditions,10,Cloudy,0,No,0000000,Not Applicable,13,1:00pm-1:59pm,2,2,13,1:00pm-1:59pm,10,10,99,Unknown,99,Unknown EMS Hospital Arrival Time,0,None,0,None,0,None,1,0
2018,29,290144,Missouri,2,2,0,0,0,3,3,93,IRON (93),0,NOT APPLICABLE,29,29,3,March,2018,5,Thursday,14,2:00pm-2:59pm,37,37,0,This section IS NOT on the NHS,1,Rural,6,Minor Collector,1,State Highway Agency,3,State Highway,SR-U,,45,45,37.69963889,37.69963889,-90.663666670,-90.663666670,0,No Special Jurisdiction,12,Motor Vehicle In-Transport,2,Front-to-Front,0,No,1,Non-Junction,1,Not an Intersection,0,None,,,1,On Roadway,1,Daylight,2,Rain,10,Cloudy,2,Rain,0,No,0000000,Not Applicable,14,2:00pm-2:59pm,47,47,15,3:00pm-3:59pm,5,5,99,Unknown,99,Unknown EMS Hospital Arrival Time,0,None,0,None,0,None,1,0
2018,29,290145,Missouri,5,5,0,0,0,7,7,510,ST. LOUIS (CITY) (510),7080,ST LOUIS,7,7,2,February,2018,4,Wednesday,8,8:00am-8:59am,39,39,0,This section IS NOT on the NHS,2,Urban,4,Minor Arterial,4,City or Municipal Highway Agency,6,Local Street - Municipality,W FLORISSANT AVE,THRUSH AVE,11,11,38.70058333,38.70058333,-90.244097220,-90.244097220,0,No Special Jurisdiction,12,Motor Vehicle In-Transport,1,Front-to-Rear,0,No,3,Intersection-Related,3,T-Intersection,0,None,,,1,On Roadway,1,Daylight,1,Clear,0,No Additional Atmospheric Conditions,1,Clear,0,No,0000000,Not Applicable,8,8:00am-8:59am,48,48,9,9:00am-9:59am,17,17,9,9:00am-9:59am,53,53,0,None,0,None,0,None,1,0
2018,29,290146,Missouri,1,1,0,0,0,1,1,87,HOLT (87),0,NOT APPLICABLE,17,17,3,March,2018,7,Saturday,4,4:00am-4:59am,14,14,1,This section IS ON the NHS,1,Rural,1,Interstate,1,State Highway Agency,1,Interstate,I-29,,237,237,40.04436111,40.04436111,-95.137611110,-95.137611110,0,No Special Jurisdiction,1,Rollover/Overturn,0,Not a Collision with Motor Vehicle In-Transport,1,Yes,19,Other location within Interchange Area,1,Not an Intersection,0,None,,,3,On Median,2,Dark - Not Lighted,10,Cloudy,0,No Additional Atmospheric Conditions,10,Cloudy,0,No,0000000,Not Applicable,99,Unknown,98,Unknown if Notified,99,Unknown EMS Scene Arrival Hour,98,Unknown if Arrived,88,Not Applicable (Not Transported),88,Not Applicable (Not Transported),0,None,0,None,0,None,1,0
2018,29,290147,Missouri,1,1,0,0,0,1,1,207,STODDARD (207),0,NOT APPLICABLE,17,17,3,March,2018,7,Saturday,13,1:00pm-1:59pm,30,30,0,This section IS NOT on the NHS,2,Urban,5,Major Collector,1,State Highway Agency,3,State Highway,SR-J,,74,74,36.91050000,36.91050000,-90.108472220,-90.108472220,0,No Special Jurisdiction,42,Tree (Standing Only),0,Not a Collision with Motor Vehicle In-Transport,0,No,1,Non-Junction,1,Not an Intersection,0,None,,,4,On Roadside,1,Daylight,1,Clear,0,No Additional Atmospheric Conditions,1,Clear,0,No,0000000,Not Applicable,13,1:00pm-1:59pm,25,25,13,1:00pm-1:59pm,42,42,88,Not Applicable (Not Transported),88,Not Applicable (Not Transported),0,None,0,None,0,None,1,0
2018,29,290148,Missouri,3,3,0,0,0,9,9,71,FRANKLIN (71),7860,UNION,17,17,1,January,2018,4,Wednesday,13,1:00pm-1:59pm,38,38,1,This section IS ON the NHS,2,Urban,3,Principal Arterial - Other,1,State Highway Agency,3,State Highway,SR-47,,89,89,38.43650000,38.43650000,-90.990975000,-90.990975000,0,No Special Jurisdiction,12,Motor Vehicle In-Transport,8,Sideswipe - Opposite Direction,0,No,1,Non-Junction,1,Not an Intersection,0,None,,,1,On Roadway,1,Daylight,1,Clear,0,No Additional Atmospheric Conditions,1,Clear,0,No,0000000,Not Applicable,13,1:00pm-1:59pm,39,39,13,1:00pm-1:59pm,45,45,14,2:00pm-2:59pm,38,38,0,None,0,None,0,None,1,0
2018,29,290149,Missouri,2,2,0,0,0,3,3,71,FRANKLIN (71),7860,UNION,24,24,1,January,2018,4,Wednesday,19,7:00pm-7:59pm,48,48,1,This section IS ON the NHS,2,Urban,3,Principal Arterial - Other,1,State Highway Agency,2,U.S. Highway,US-50,,246,246,38.43505278,38.43505278,-90.955036110,-90.955036110,0,No Special Jurisdiction,12,Motor Vehicle In-Transport,2,Front-to-Front,0,No,1,Non-Junction,1,Not an Intersection,0,None,,,1,On Roadway,2,Dark - Not Lighted,1,Clear,0,No Additional Atmospheric Conditions,1,Clear,0,No,0000000,Not Applicable,19,7:00pm-7:59pm,48,48,19,7:00pm-7:59pm,54,54,21,9:00pm-9:59pm,4,4,0,None,0,None,0,None,1,0
2018,29,290150,Missouri,2,2,0,0,0,3,3,105,LACLEDE (105),4480,LEBANON,4,4,2,February,2018,1,Sunday,14,2:00pm-2:59pm,20,20,1,This section IS ON the NHS,1,Rural,3,Principal Arterial - Other,1,State Highway Agency,3,State Highway,SR-5,,131,131,37.70987778,37.70987778,-92.668058330,-92.668058330,0,No Special Jurisdiction,12,Motor Vehicle In-Transport,1,Front-to-Rear,0,No,1,Non-Junction,1,Not an Intersection,0,None,,,1,On Roadway,1,Daylight,4,Snow,0,No Additional Atmospheric Conditions,4,Snow,0,No,0000000,Not Applicable,14,2:00pm-2:59pm,16,16,14,2:00pm-2:59pm,22,22,99,Unknown,99,Unknown EMS Hospital Arrival Time,0,None,0,None,0,None,1,0
2018,29,290151,Missouri,1,1,0,0,0,2,2,67,DOUGLAS (67),0,NOT APPLICABLE,17,17,2,February,2018,7,Saturday,18,6:00pm-6:59pm,0,0,0,This section IS NOT on the NHS,1,Rural,5,Major Collector,1,State Highway Agency,3,State Highway,SR-O,,83,83,36.91322222,36.91322222,-92.808333330,-92.808333330,0,No Special Jurisdiction,1,Rollover/Overturn,0,Not a Collision with Motor Vehicle In-Transport,0,No,1,Non-Junction,1,Not an Intersection,0,None,,,1,On Roadway,2,Dark - Not Lighted,1,Clear,0,No Additional Atmospheric Conditions,1,Clear,0,No,0000000,Not Applicable,99,Unknown,99,Unknown,99,Unknown EMS Scene Arrival Hour,99,Unknown EMS Scene Arrival Minutes,99,Unknown,99,Unknown EMS Hospital Arrival Time,0,None,0,None,0,None,1,1
2018,29,290152,Missouri,1,1,0,0,0,1,1,213,TANEY (213),0,NOT APPLICABLE,25,25,2,February,2018,1,Sunday,9,9:00am-9:59am,3,3,0,This section IS NOT on the NHS,2,Urban,7,Local,2,County Highway Agency,4,County Road,CR-BEE CREEK RD,,14,14,36.67280556,36.67280556,-93.216194440,-93.216194440,0,No Special Jurisdiction,23,Bridge Rail (Includes parapet),0,Not a Collision with Motor Vehicle In-Transport,0,No,1,Non-Junction,1,Not an Intersection,0,None,,,4,On Roadside,1,Daylight,5,"Fog, Smog, Smoke",0,No Additional Atmospheric Conditions,5,"Fog, Smog, Smoke",0,No,0000000,Not Applicable,8,8:00am-8:59am,59,59,9,9:00am-9:59am,3,3,9,9:00am-9:59am,31,31,0,None,0,None,0,None,1,0
2018,29,290153,Missouri,1,1,0,1,1,1,1,27,CALLAWAY (27),2960,FULTON,4,4,3,March,2018,1,Sunday,1,1:00am-1:59am,36,36,1,This section IS ON the NHS,2,Urban,2,Principal Arterial - Other Freeways and Expressways,1,State Highway Agency,2,U.S. Highway,US-54,,179,179,38.83468333,38.83468333,-91.971086110,-91.971086110,0,No Special Jurisdiction,8,Pedestrian,0,Not a Collision with Motor Vehicle In-Transport,0,No,1,Non-Junction,1,Not an Intersection,0,None,,,1,On Roadway,2,Dark - Not Lighted,1,Clear,0,No Additional Atmospheric Conditions,1,Clear,0,No,0000000,Not Applicable,99,Unknown,98,Unknown if Notified,99,Unknown EMS Scene Arrival Hour,98,Unknown if Arrived,88,Not Applicable (Not Transported),88,Not Applicable (Not Transported),0,None,0,None,0,None,1,0
2018,29,290154,Missouri,1,1,0,0,0,1,1,95,JACKSON (95),4120,KANSAS CITY,5,5,3,March,2018,2,Monday,22,10:00pm-10:59pm,42,42,0,This section IS NOT on the NHS,2,Urban,7,Local,4,City or Municipal Highway Agency,6,Local Street - Municipality,36TH ST,MERSINGTON AVE,8,8,39.06046667,39.06046667,-94.538311110,-94.538311110,0,No Special Jurisdiction,42,Tree (Standing Only),0,Not a Collision with Motor Vehicle In-Transport,0,No,3,Intersection-Related,3,T-Intersection,0,None,,,5,Outside Trafficway,3,Dark - Lighted,1,Clear,0,No Additional Atmospheric Conditions,1,Clear,0,No,0000000,Not Applicable,99,Unknown,98,Unknown if Notified,99,Unknown EMS Scene Arrival Hour,98,Unknown if Arrived,88,Not Applicable (Not Transported),88,Not Applicable (Not Transported),0,None,0,None,0,None,1,0
2018,29,290155,Missouri,2,2,0,1,1,3,3,165,PLATTE (165),4120,KANSAS CITY,12,12,3,March,2018,2,Monday,1,1:00am-1:59am,55,55,1,This section IS ON the NHS,2,Urban,1,Interstate,1,State Highway Agency,1,Interstate,I-29,,189,189,39.29588611,39.29588611,-94.685325000,-94.685325000,0,No Special Jurisdiction,8,Pedestrian,0,Not a Collision with Motor Vehicle In-Transport,1,Yes,18,Through Roadway,1,Not an Intersection,0,None,,,1,On Roadway,2,Dark - Not Lighted,1,Clear,0,No Additional Atmospheric Conditions,1,Clear,0,No,0000000,Not Applicable,99,Unknown,98,Unknown if Notified,99,Unknown EMS Scene Arrival Hour,98,Unknown if Arrived,88,Not Applicable (Not Transported),88,Not Applicable (Not Transported),0,None,0,None,0,None,1,0
2018,29,290156,Missouri,3,3,0,0,0,4,4,95,JACKSON (95),4120,KANSAS CITY,13,13,3,March,2018,3,Tuesday,19,7:00pm-7:59pm,8,8,0,This section IS NOT on the NHS,2,Urban,4,Minor Arterial,4,City or Municipal Highway Agency,6,Local Street - Municipality,107TH ST,,11,11,38.93018889,38.93018889,-94.499058330,-94.499058330,0,No Special Jurisdiction,12,Motor Vehicle In-Transport,1,Front-to-Rear,0,No,1,Non-Junction,1,Not an Intersection,0,None,,,1,On Roadway,3,Dark - Lighted,1,Clear,0,No Additional Atmospheric Conditions,1,Clear,0,No,0000000,Not Applicable,99,Unknown,98,Unknown if Notified,99,Unknown EMS Scene Arrival Hour,98,Unknown if Arrived,88,Not Applicable (Not Transported),88,Not Applicable (Not Transported),0,None,0,None,0,None,1,0
2018,29,290157,Missouri,2,2,0,0,0,2,2,189,ST. LOUIS (189),0,NOT APPLICABLE,16,16,3,March,2018,6,Friday,8,8:00am-8:59am,43,43,0,This section IS NOT on the NHS,2,Urban,3,Principal Arterial - Other,1,State Highway Agency,3,State Highway,SR-21,,69,69,38.47753333,38.47753333,-90.396169440,-90.396169440,0,No Special Jurisdiction,12,Motor Vehicle In-Transport,2,Front-to-Front,0,No,1,Non-Junction,1,Not an Intersection,0,None,,,1,On Roadway,1,Daylight,10,Cloudy,0,No Additional Atmospheric Conditions,10,Cloudy,0,No,0000000,Not Applicable,8,8:00am-8:59am,49,49,8,8:00am-8:59am,55,55,9,9:00am-9:59am,11,11,0,None,0,None,0,None,1,1
2018,29,290158,Missouri,3,2,1,0,1,3,4,157,PERRY (157),6210,PERRYVILLE,16,16,3,March,2018,6,Friday,13,1:00pm-1:59pm,35,35,1,This section IS ON the NHS,2,Urban,1,Interstate,1,State Highway Agency,1,Interstate,I-55,,103,103,37.70694444,37.70694444,-89.889777780,-89.889777780,0,No Special Jurisdiction,12,Motor Vehicle In-Transport,7,Sideswipe - Same Direction,1,Yes,5,Entrance/Exit Ramp Related,1,Not an Intersection,0,None,,,1,On Roadway,1,Daylight,1,Clear,0,No Additional Atmospheric Conditions,1,Clear,0,No,0000000,Not Applicable,13,1:00pm-1:59pm,36,36,13,1:00pm-1:59pm,47,47,99,Unknown,99,Unknown EMS Hospital Arrival Time,0,None,0,None,0,None,1,0
2018,29,290159,Missouri,1,1,0,1,1,1,1,510,ST. LOUIS (CITY) (510),7080,ST LOUIS,17,17,3,March,2018,7,Saturday,1,1:00am-1:59am,0,0,0,This section IS NOT on the NHS,2,Urban,7,Local,4,City or Municipal Highway Agency,6,Local Street - Municipality,13TH ST,,1,1,38.63866111,38.63866111,-90.194858330,-90.194858330,0,No Special Jurisdiction,8,Pedestrian,0,Not a Collision with Motor Vehicle In-Transport,0,No,1,Non-Junction,1,Not an Intersection,0,None,,,1,On Roadway,3,Dark - Lighted,10,Cloudy,0,No Additional Atmospheric Conditions,10,Cloudy,0,No,0000000,Not Applicable,0,0:00am-0:59am,59,59,1,1:00am-1:59am,12,12,1,1:00am-1:59am,24,24,0,None,0,None,0,None,1,0
2018,29,290160,Missouri,1,1,0,0,0,2,2,510,ST. LOUIS (CITY) (510),7080,ST LOUIS,21,21,3,March,2018,4,Wednesday,21,9:00pm-9:59pm,36,36,1,This section IS ON the NHS,2,Urban,1,Interstate,1,State Highway Agency,1,Interstate,I-70,,67,67,38.69806111,38.69806111,-90.260830560,-90.260830560,0,No Special Jurisdiction,24,Guardrail Face,0,Not a Collision with Motor Vehicle In-Transport,0,No,1,Non-Junction,1,Not an Intersection,0,None,,,4,On Roadside,3,Dark - Lighted,1,Clear,0,No Additional Atmospheric Conditions,1,Clear,0,No,0000000,Not Applicable,99,Unknown,99,Unknown,99,Unknown EMS Scene Arrival Hour,99,Unknown EMS Scene Arrival Minutes,99,Unknown,99,Unknown EMS Hospital Arrival Time,0,None,0,None,0,None,1,0
2018,29,290161,Missouri,1,1,0,0,0,1,1,95,JACKSON (95),840,BLUE SPRINGS,21,21,3,March,2018,4,Wednesday,15,3:00pm-3:59pm,7,7,1,This section IS ON the NHS,2,Urban,3,Principal Arterial - Other,1,State Highway Agency,3,State Highway,SR-7,,74,74,39.03685278,39.03685278,-94.271386110,-94.271386110,0,No Special Jurisdiction,33,Curb,0,Not a Collision with Motor Vehicle In-Transport,0,No,1,Non-Junction,1,Not an Intersection,0,None,,,4,On Roadside,1,Daylight,1,Clear,0,No Additional Atmospheric Conditions,1,Clear,0,No,0000000,Not Applicable,99,Unknown,99,Unknown,99,Unknown EMS Scene Arrival Hour,99,Unknown EMS Scene Arrival Minutes,99,Unknown,99,Unknown EMS Hospital Arrival Time,0,None,0,None,0,None,1,0
2018,29,290162,Missouri,2,2,0,0,0,5,5,29,CAMDEN (29),0,NOT APPLICABLE,22,22,3,March,2018,5,Thursday,7,7:00am-7:59am,9,9,1,This section IS ON the NHS,1,Rural,3,Principal Arterial - Other,1,State Highway Agency,3,State Highway,SR-5,,115,115,38.07319444,38.07319444,-92.802000000,-92.802000000,0,No Special Jurisdiction,12,Motor Vehicle In-Transport,2,Front-to-Front,0,No,1,Non-Junction,1,Not an Intersection,0,None,,,1,On Roadway,1,Daylight,10,Cloudy,0,No Additional Atmospheric Conditions,10,Cloudy,0,No,0000000,Not Applicable,7,7:00am-7:59am,12,12,7,7:00am-7:59am,14,14,7,7:00am-7:59am,31,31,0,None,0,None,0,None,3,0
2018,29,290163,Missouri,1,1,0,0,0,1,1,183,ST. CHARLES (183),8280,WENTZVILLE,26,26,3,March,2018,2,Monday,2,2:00am-2:59am,20,20,1,This section IS ON the NHS,2,Urban,2,Principal Arterial - Other Freeways and Expressways,1,State Highway Agency,2,U.S. Highway,US-61,,157,157,38.84183333,38.84183333,-90.859750000,-90.859750000,0,No Special Jurisdiction,42,Tree (Standing Only),0,Not a Collision with Motor Vehicle In-Transport,0,No,1,Non-Junction,1,Not an Intersection,0,None,,,4,On Roadside,2,Dark - Not Lighted,10,Cloudy,0,No Additional Atmospheric Conditions,10,Cloudy,0,No,0000000,Not Applicable,99,Unknown,98,Unknown if Notified,99,Unknown EMS Scene Arrival Hour,98,Unknown if Arrived,88,Not Applicable (Not Transported),88,Not Applicable (Not Transported),0,None,0,None,0,None,1,1
2018,29,290164,Missouri,1,1,0,0,0,2,2,43,CHRISTIAN (43),0,NOT APPLICABLE,30,30,3,March,2018,6,Friday,16,4:00pm-4:59pm,30,30,0,This section IS NOT on the NHS,1,Rural,4,Minor Arterial,1,State Highway Agency,3,State Highway,SR-14,,405,405,37.01111111,37.01111111,-92.967361110,-92.967361110,0,No Special Jurisdiction,43,Other Fixed Object,0,Not a Collision with Motor Vehicle In-Transport,0,No,1,Non-Junction,1,Not an Intersection,0,None,,,4,On Roadside,1,Daylight,1,Clear,0,No Additional Atmospheric Conditions,1,Clear,0,No,0000000,Not Applicable,99,Unknown,99,Unknown,99,Unknown EMS Scene Arrival Hour,99,Unknown EMS Scene Arrival Minutes,99,Unknown,99,Unknown EMS Hospital Arrival Time,0,None,0,None,0,None,1,1
2018,29,290165,Missouri,2,2,0,0,0,2,2,71,FRANKLIN (71),0,NOT APPLICABLE,30,30,3,March,2018,6,Friday,1,1:00am-1:59am,6,6,0,This section IS NOT on the NHS,1,Rural,4,Minor Arterial,1,State Highway Agency,3,State Highway,SR-47,,239,239,38.28861111,38.28861111,-90.869861110,-90.869861110,0,No Special Jurisdiction,12,Motor Vehicle In-Transport,2,Front-to-Front,0,No,1,Non-Junction,1,Not an Intersection,0,None,,,1,On Roadway,2,Dark - Not Lighted,10,Cloudy,0,No Additional Atmospheric Conditions,10,Cloudy,0,No,0000000,Not Applicable,99,Unknown,98,Unknown if Notified,99,Unknown EMS Scene Arrival Hour,98,Unknown if Arrived,88,Not Applicable (Not Transported),88,Not Applicable (Not Transported),0,None,0,None,0,None,2,0
2018,29,290166,Missouri,2,2,0,0,0,2,2,183,ST. CHARLES (183),0,NOT APPLICABLE,31,31,3,March,2018,7,Saturday,16,4:00pm-4:59pm,35,35,0,This section IS NOT on the NHS,1,Rural,4,Minor Arterial,1,State Highway Agency,3,State Highway,SR-D,,143,143,38.70738889,38.70738889,-90.784138890,-90.784138890,0,No Special Jurisdiction,12,Motor Vehicle In-Transport,6,Angle,0,No,1,Non-Junction,1,Not an Intersection,0,None,,,1,On Roadway,1,Daylight,10,Cloudy,0,No Additional Atmospheric Conditions,10,Cloudy,0,No,0000000,Not Applicable,16,4:00pm-4:59pm,39,39,16,4:00pm-4:59pm,51,51,17,5:00pm-5:59pm,30,30,0,None,0,None,0,None,1,0
2018,29,290167,Missouri,2,2,0,0,0,3,3,61,DAVIESS (61),0,NOT APPLICABLE,2,2,4,April,2018,2,Monday,18,6:00pm-6:59pm,50,50,0,This section IS NOT on the NHS,1,Rural,5,Major Collector,1,State Highway Agency,3,State Highway,SR-6,CR-140TH ST,41,41,39.89891667,39.89891667,-94.130083330,-94.130083330,0,No Special Jurisdiction,12,Motor Vehicle In-Transport,1,Front-to-Rear,0,No,2,Intersection,2,Four-Way Intersection,0,None,,,1,On Roadway,1,Daylight,2,Rain,10,Cloudy,2,Rain,0,No,0000000,Not Applicable,18,6:00pm-6:59pm,53,53,19,7:00pm-7:59pm,6,6,19,7:00pm-7:59pm,47,47,0,None,0,None,0,None,1,2
2018,29,290168,Missouri,6,6,0,0,0,7,7,510,ST. LOUIS (CITY) (510),7080,ST LOUIS,12,12,2,February,2018,2,Monday,13,1:00pm-1:59pm,49,49,0,This section IS NOT on the NHS,2,Urban,4,Minor Arterial,4,City or Municipal Highway Agency,6,Local Street - Municipality,LINDELL BLVD,N KINGSHIGHWAY BLVD,19,19,38.64409722,38.64409722,-90.264738890,-90.264738890,0,No Special Jurisdiction,12,Motor Vehicle In-Transport,6,Angle,0,No,2,Intersection,2,Four-Way Intersection,0,None,,,1,On Roadway,1,Daylight,1,Clear,0,No Additional Atmospheric Conditions,1,Clear,0,No,0000000,Not Applicable,13,1:00pm-1:59pm,53,53,14,2:00pm-2:59pm,4,4,14,2:00pm-2:59pm,30,30,20,Police Pursuit Involved,0,None,0,None,1,0
2018,29,290169,Missouri,2,2,0,0,0,2,2,207,STODDARD (207),0,NOT APPLICABLE,12,12,3,March,2018,2,Monday,17,5:00pm-5:59pm,42,42,0,This section IS NOT on the NHS,1,Rural,4,Minor Arterial,1,State Highway Agency,3,State Highway,SR-25,,279,279,36.75027778,36.75027778,-89.964638890,-89.964638890,0,No Special Jurisdiction,12,Motor Vehicle In-Transport,2,Front-to-Front,0,No,1,Non-Junction,1,Not an Intersection,0,None,,,1,On Roadway,1,Daylight,1,Clear,0,No Additional Atmospheric Conditions,1,Clear,0,No,0000000,Not Applicable,17,5:00pm-5:59pm,59,59,18,6:00pm-6:59pm,19,19,18,6:00pm-6:59pm,59,59,0,None,0,None,0,None,1,0
2018,29,290170,Missouri,5,5,0,0,0,8,8,151,OSAGE (151),0,NOT APPLICABLE,3,3,4,April,2018,3,Tuesday,13,1:00pm-1:59pm,30,30,1,This section IS ON the NHS,1,Rural,3,Principal Arterial - Other,1,State Highway Agency,2,U.S. Highway,US-63,SR-JJ,141,141,38.33208333,38.33208333,-91.910388890,-91.910388890,0,No Special Jurisdiction,12,Motor Vehicle In-Transport,1,Front-to-Rear,0,No,3,Intersection-Related,3,T-Intersection,0,None,,,1,On Roadway,1,Daylight,10,Cloudy,0,No Additional Atmospheric Conditions,10,Cloudy,0,No,0000000,Not Applicable,13,1:00pm-1:59pm,35,35,13,1:00pm-1:59pm,49,49,15,3:00pm-3:59pm,1,1,0,None,0,None,0,None,1,0
2018,29,290171,Missouri,1,1,0,0,0,1,1,97,JASPER (97),4100,JOPLIN,5,5,4,April,2018,5,Thursday,20,8:00pm-8:59pm,33,33,1,This section IS ON the NHS,2,Urban,1,Interstate,1,State Highway Agency,1,Interstate,I-44,,21,21,37.06651111,37.06651111,-94.411655560,-94.411655560,0,No Special Jurisdiction,1,Rollover/Overturn,0,Not a Collision with Motor Vehicle In-Transport,0,No,1,Non-Junction,1,Not an Intersection,0,None,,,4,On Roadside,2,Dark - Not Lighted,1,Clear,0,No Additional Atmospheric Conditions,1,Clear,0,No,0000000,Not Applicable,20,8:00pm-8:59pm,31,31,20,8:00pm-8:59pm,38,38,21,9:00pm-9:59pm,27,27,0,None,0,None,0,None,1,1
2018,29,290172,Missouri,2,1,1,0,0,2,2,71,FRANKLIN (71),0,NOT APPLICABLE,5,5,4,April,2018,5,Thursday,15,3:00pm-3:59pm,26,26,1,This section IS ON the NHS,2,Urban,1,Interstate,1,State Highway Agency,1,Interstate,I-44,,164,164,38.38141667,38.38141667,-90.966472220,-90.966472220,0,No Special Jurisdiction,14,Parked Motor Vehicle,0,Not a Collision with Motor Vehicle In-Transport,0,No,1,Non-Junction,1,Not an Intersection,0,None,,,4,On Roadside,1,Daylight,1,Clear,0,No Additional Atmospheric Conditions,1,Clear,0,No,0000000,Not Applicable,15,3:00pm-3:59pm,27,27,15,3:00pm-3:59pm,34,34,88,Not Applicable (Not Transported),88,Not Applicable (Not Transported),0,None,0,None,0,None,2,0
2018,29,290173,Missouri,1,1,0,0,0,1,1,167,POLK (167),0,NOT APPLICABLE,5,5,4,April,2018,5,Thursday,3,3:00am-3:59am,0,0,0,This section IS NOT on the NHS,1,Rural,4,Minor Arterial,1,State Highway Agency,3,State Highway,SR-32,,192,192,37.61127778,37.61127778,-93.276222220,-93.276222220,0,No Special Jurisdiction,1,Rollover/Overturn,0,Not a Collision with Motor Vehicle In-Transport,0,No,1,Non-Junction,1,Not an Intersection,0,None,,,1,On Roadway,2,Dark - Not Lighted,1,Clear,0,No Additional Atmospheric Conditions,1,Clear,0,No,0000000,Not Applicable,99,Unknown,98,Unknown if Notified,99,Unknown EMS Scene Arrival Hour,98,Unknown if Arrived,88,Not Applicable (Not Transported),88,Not Applicable (Not Transported),0,None,0,None,0,None,1,1