caseyear,state,st_case,statename,ve_total,ve_forms,pvh_invl,peds,pernotmvit,permvit,persons,county,countyname,city,cityname,day,dayname,month,monthname,year,day_week,day_weekname,hour,hourname,minute,minutename,nhs,nhsname,rur_urb,rur_urbname,func_sys,func_sysname,rd_owner,rd_ownername,route,routename,tway_id,tway_id2,milept,mileptname,latitude,latitudename,longitud,longitudname,sp_jur,sp_jurname,harm_ev,harm_evname,man_coll,man_collname,reljct1,reljct1name,reljct2,reljct2name,typ_int,typ_intname,wrk_zone,wrk_zonename,road_fnc,road_fncname,rel_road,rel_roadname,lgt_cond,lgt_condname,weather1,weather1name,weather2,weather2name,weather,weathername,sch_bus,sch_busname,rail,railname,not_hour,not_hourname,not_min,not_minname,arr_hour,arr_hourname,arr_min,arr_minname,hosp_hr,hosp_hrname,hosp_mn,hosp_mnname,cf1,cf1name,cf2,cf2name,cf3,cf3name,fatals,drunk_dr
2018,29,290210,Missouri,5,5,0,0,0,6,6,77,GREENE (77),7460,SPRINGFIELD,17,17,4,April,2018,3,Tuesday,14,2:00pm-2:59pm,42,42,0,This section IS NOT on the NHS,2,Urban,4,Minor Arterial,4,City or Municipal Highway Agency,6,Local Street - Municipality,SCENIC AVE,MOUNT VERNON ST,5,5,37.20484722,37.20484722,-93.330677780,-93.330677780,0,No Special Jurisdiction,12,Motor Vehicle In-Transport,6,Angle,0,No,2,Intersection,2,Four-Way Intersection,0,None,,,1,On Roadway,1,Daylight,1,Clear,0,No Additional Atmospheric Conditions,1,Clear,0,No,0000000,Not Applicable,14,2:00pm-2:59pm,46,46,14,2:00pm-2:59pm,55,55,15,3:00pm-3:59pm,31,31,0,None,0,None,0,None,1,0
2018,29,290211,Missouri,1,1,0,0,0,2,2,21,BUCHANAN (21),7070,ST JOSEPH,22,22,4,April,2018,1,Sunday,0,0:00am-0:59am,9,9,1,This section IS ON the NHS,2,Urban,1,Interstate,1,State Highway Agency,1,Interstate,I-229,,69,69,39.72707222,39.72707222,-94.843119440,-94.843119440,0,No Special Jurisdiction,1,Rollover/Overturn,0,Not a Collision with Motor Vehicle In-Transport,0,No,1,Non-Junction,1,Not an Intersection,0,None,,,3,On Median,2,Dark - Not Lighted,1,Clear,0,No Additional Atmospheric Conditions,1,Clear,0,No,0000000,Not Applicable,0,0:00am-0:59am,13,13,0,0:00am-0:59am,16,16,0,0:00am-0:59am,38,38,0,None,0,None,0,None,1,0
2018,29,290212,Missouri,2,2,0,0,0,3,3,510,ST. LOUIS (CITY) (510),7080,ST LOUIS,22,22,4,April,2018,1,Sunday,14,2:00pm-2:59pm,2,2,1,This section IS ON the NHS,2,Urban,3,Principal Arterial - Other,4,City or Municipal Highway Agency,6,Local Street - Municipality,PAGE BLVD,PENDLETON AVE,28,28,38.65320000,38.65320000,-90.244058330,-90.244058330,0,No Special Jurisdiction,12,Motor Vehicle In-Transport,6,Angle,0,No,2,Intersection,2,Four-Way Intersection,0,None,,,1,On Roadway,1,Daylight,2,Rain,10,Cloudy,2,Rain,0,No,0000000,Not Applicable,14,2:00pm-2:59pm,1,1,14,2:00pm-2:59pm,6,6,99,Unknown,99,Unknown EMS Hospital Arrival Time,0,None,0,None,0,None,1,0
2018,29,290213,Missouri,1,1,0,0,0,1,1,127,MARION (127),0,NOT APPLICABLE,22,22,4,April,2018,1,Sunday,99,Unknown Hours,99,Unknown Minutes,0,This section IS NOT on the NHS,1,Rural,5,Major Collector,1,State Highway Agency,3,State Highway,SR-168,,249,249,39.80150000,39.80150000,-91.453027780,-91.453027780,0,No Special Jurisdiction,58,Ground,0,Not a Collision with Motor Vehicle In-Transport,0,No,1,Non-Junction,1,Not an Intersection,0,None,,,4,On Roadside,2,Dark - Not Lighted,10,Cloudy,0,No Additional Atmospheric Conditions,10,Cloudy,0,No,0000000,Not Applicable,99,Unknown,98,Unknown if Notified,99,Unknown EMS Scene Arrival Hour,98,Unknown if Arrived,88,Not Applicable (Not Transported),88,Not Applicable (Not Transported),0,None,0,None,0,None,1,0
2018,29,290214,Missouri,2,2,0,0,0,3,3,113,LINCOLN (113),0,NOT APPLICABLE,7,7,4,April,2018,7,Saturday,18,6:00pm-6:59pm,2,2,0,This section IS NOT on the NHS,1,Rural,4,Minor Arterial,1,State Highway Agency,3,State Highway,SR-47,,196,196,38.97286111,38.97286111,-91.072944440,-91.072944440,0,No Special Jurisdiction,54,"Motor Vehicle In-Transport Strikes or is Struck by Cargo, Persons or Objects Set-in-Motion from/by Another Motor Vehicle In Transport",11,Other,0,No,1,Non-Junction,1,Not an Intersection,0,None,,,1,On Roadway,1,Daylight,1,Clear,0,No Additional Atmospheric Conditions,1,Clear,0,No,0000000,Not Applicable,18,6:00pm-6:59pm,1,1,18,6:00pm-6:59pm,17,17,88,Not Applicable (Not Transported),88,Not Applicable (Not Transported),2,Shoulder Design or Condition,14,"Motor Vehicle struck by falling cargo,or something that came loose from or something that was set in motion by a vehicle",0,None,1,0
2018,29,290215,Missouri,2,2,0,0,0,3,3,77,GREENE (77),7460,SPRINGFIELD,25,25,4,April,2018,4,Wednesday,13,1:00pm-1:59pm,58,58,1,This section IS ON the NHS,2,Urban,3,Principal Arterial - Other,1,State Highway Agency,6,Local Street - Municipality,GLENSTONE AVE,I-44 RP 988739,94,94,37.24893611,37.24893611,-93.261627780,-93.261627780,0,No Special Jurisdiction,12,Motor Vehicle In-Transport,6,Angle,1,Yes,2,Intersection,2,Four-Way Intersection,0,None,,,1,On Roadway,1,Daylight,2,Rain,10,Cloudy,2,Rain,0,No,0000000,Not Applicable,14,2:00pm-2:59pm,0,0,14,2:00pm-2:59pm,16,16,14,2:00pm-2:59pm,56,56,0,None,0,None,0,None,1,0
2018,29,290216,Missouri,2,2,0,0,0,2,2,157,PERRY (157),0,NOT APPLICABLE,26,26,4,April,2018,5,Thursday,13,1:00pm-1:59pm,35,35,0,This section IS NOT on the NHS,1,Rural,4,Minor Arterial,1,State Highway Agency,3,State Highway,SR-51,,190,190,37.66366667,37.66366667,-89.942222220,-89.942222220,0,No Special Jurisdiction,12,Motor Vehicle In-Transport,2,Front-to-Front,0,No,1,Non-Junction,1,Not an Intersection,0,None,,,1,On Roadway,1,Daylight,1,Clear,0,No Additional Atmospheric Conditions,1,Clear,0,No,0000000,Not Applicable,13,1:00pm-1:59pm,38,38,13,1:00pm-1:59pm,53,53,14,2:00pm-2:59pm,40,40,0,None,0,None,0,None,1,0
2018,29,290217,Missouri,2,2,0,0,0,3,3,510,ST. LOUIS (CITY) (510),7080,ST LOUIS,26,26,4,April,2018,5,Thursday,20,8:00pm-8:59pm,1,1,0,This section IS NOT on the NHS,2,Urban,3,Principal Arterial - Other,4,City or Municipal Highway Agency,6,Local Street - Municipality,HALL ST,,45,45,38.71524167,38.71524167,-90.227366670,-90.227366670,0,No Special Jurisdiction,12,Motor Vehicle In-Transport,2,Front-to-Front,0,No,1,Non-Junction,1,Not an Intersection,0,None,,,1,On Roadway,3,Dark - Lighted,1,Clear,0,No Additional Atmospheric Conditions,1,Clear,0,No,0000000,Not Applicable,19,7:00pm-7:59pm,57,57,20,8:00pm-8:59pm,21,21,20,8:00pm-8:59pm,42,42,0,None,0,None,0,None,1,0
2018,29,290218,Missouri,1,1,0,0,0,1,1,53,COOPER (53),0,NOT APPLICABLE,26,26,4,April,2018,5,Thursday,14,2:00pm-2:59pm,30,30,0,This section IS NOT on the NHS,1,Rural,5,Major Collector,1,State Highway Agency,3,State Highway,SR-O,,34,34,38.73852778,38.73852778,-92.645388890,-92.645388890,0,No Special Jurisdiction,17,Boulder,0,Not a Collision with Motor Vehicle In-Transport,0,No,1,Non-Junction,1,Not an Intersection,0,None,,,4,On Roadside,1,Daylight,1,Clear,0,No Additional Atmospheric Conditions,1,Clear,0,No,0000000,Not Applicable,14,2:00pm-2:59pm,35,35,14,2:00pm-2:59pm,56,56,88,Not Applicable (Not Transported),88,Not Applicable (Not Transported),0,None,0,None,0,None,1,0
2018,29,290219,Missouri,1,1,0,1,1,1,1,23,BUTLER (23),6410,POPLAR BLUFF,27,27,4,April,2018,6,Friday,7,7:00am-7:59am,9,9,0,This section IS NOT on the NHS,2,Urban,7,Local,4,City or Municipal Highway Agency,6,Local Street - Municipality,CRESTWOOD,,1,1,36.78433333,36.78433333,-90.432611110,-90.432611110,0,No Special Jurisdiction,8,Pedestrian,0,Not a Collision with Motor Vehicle In-Transport,0,No,1,Non-Junction,1,Not an Intersection,0,None,,,1,On Roadway,1,Daylight,1,Clear,0,No Additional Atmospheric Conditions,1,Clear,1,Yes,0000000,Not Applicable,7,7:00am-7:59am,11,11,7,7:00am-7:59am,15,15,7,7:00am-7:59am,25,25,0,None,0,None,0,None,1,0
2018,29,290220,Missouri,2,2,0,0,0,3,3,113,LINCOLN (113),0,NOT APPLICABLE,27,27,4,April,2018,6,Friday,16,4:00pm-4:59pm,42,42,1,This section IS ON the NHS,2,Urban,3,Principal Arterial - Other,1,State Highway Agency,2,U.S. Highway,US-61,DUGAN LN,162,162,39.00186111,39.00186111,-90.974305560,-90.974305560,0,No Special Jurisdiction,12,Motor Vehicle In-Transport,6,Angle,0,No,2,Intersection,2,Four-Way Intersection,0,None,,,1,On Roadway,1,Daylight,1,Clear,0,No Additional Atmospheric Conditions,1,Clear,0,No,0000000,Not Applicable,16,4:00pm-4:59pm,43,43,16,4:00pm-4:59pm,47,47,17,5:00pm-5:59pm,24,24,0,None,0,None,0,None,1,0
2018,29,290221,Missouri,1,1,0,0,0,1,1,19,BOONE (19),0,NOT APPLICABLE,27,27,4,April,2018,6,Friday,20,8:00pm-8:59pm,25,25,0,This section IS NOT on the NHS,1,Rural,5,Major Collector,1,State Highway Agency,3,State Highway,SR-124,,84,84,39.13313889,39.13313889,-92.354444440,-92.354444440,0,No Special Jurisdiction,53,Mail Box,0,Not a Collision with Motor Vehicle In-Transport,0,No,1,Non-Junction,1,Not an Intersection,0,None,,,4,On Roadside,2,Dark - Not Lighted,1,Clear,0,No Additional Atmospheric Conditions,1,Clear,0,No,0000000,Not Applicable,99,Unknown,99,Unknown,99,Unknown EMS Scene Arrival Hour,99,Unknown EMS Scene Arrival Minutes,88,Not Applicable (Not Transported),88,Not Applicable (Not Transported),0,None,0,None,0,None,1,0
2018,29,290222,Missouri,3,3,0,0,0,4,4,101,JOHNSON (101),0,NOT APPLICABLE,28,28,4,April,2018,7,Saturday,14,2:00pm-2:59pm,13,13,0,This section IS NOT on the NHS,1,Rural,5,Major Collector,1,State Highway Agency,3,State Highway,SR-DD,,68,68,38.74186111,38.74186111,-93.610055560,-93.610055560,0,No Special Jurisdiction,12,Motor Vehicle In-Transport,8,Sideswipe - Opposite Direction,0,No,1,Non-Junction,1,Not an Intersection,0,None,,,1,On Roadway,1,Daylight,1,Clear,0,No Additional Atmospheric Conditions,1,Clear,0,No,0000000,Not Applicable,14,2:00pm-2:59pm,15,15,14,2:00pm-2:59pm,46,46,15,3:00pm-3:59pm,20,20,0,None,0,None,0,None,1,0
2018,29,290223,Missouri,1,1,0,0,0,4,4,95,JACKSON (95),0,NOT APPLICABLE,7,7,2,February,2018,4,Wednesday,0,0:00am-0:59am,35,35,0,This section IS NOT on the NHS,1,Rural,5,Major Collector,2,County Highway Agency,4,County Road,CR-E BLUE MILLS RD,,92,92,39.16722222,39.16722222,-94.199580560,-94.199580560,0,No Special Jurisdiction,34,Ditch,0,Not a Collision with Motor Vehicle In-Transport,0,No,1,Non-Junction,1,Not an Intersection,0,None,,,4,On Roadside,3,Dark - Lighted,10,Cloudy,0,No Additional Atmospheric Conditions,10,Cloudy,0,No,0000000,Not Applicable,0,0:00am-0:59am,43,43,0,0:00am-0:59am,49,49,99,Unknown,99,Unknown EMS Hospital Arrival Time,0,None,0,None,0,None,1,0
2018,29,290224,Missouri,2,2,0,1,1,2,2,510,ST. LOUIS (CITY) (510),7080,ST LOUIS,13,13,2,February,2018,3,Tuesday,18,6:00pm-6:59pm,36,36,1,This section IS ON the NHS,2,Urban,3,Principal Arterial - Other,4,City or Municipal Highway Agency,6,Local Street - Municipality,GRAND BLVD,MONTGOMERY ST,7,7,38.65269444,38.65269444,-90.222805560,-90.222805560,0,No Special Jurisdiction,8,Pedestrian,0,Not a Collision with Motor Vehicle In-Transport,0,No,3,Intersection-Related,3,T-Intersection,0,None,,,1,On Roadway,3,Dark - Lighted,1,Clear,0,No Additional Atmospheric Conditions,1,Clear,0,No,0000000,Not Applicable,15,3:00pm-3:59pm,52,52,99,Unknown EMS Scene Arrival Hour,99,Unknown EMS Scene Arrival Minutes,99,Unknown,99,Unknown EMS Hospital Arrival Time,0,None,0,None,0,None,1,0
2018,29,290225,Missouri,2,2,0,0,0,4,4,21,BUCHANAN (21),7070,ST JOSEPH,28,28,4,April,2018,7,Saturday,17,5:00pm-5:59pm,24,24,0,This section IS NOT on the NHS,2,Urban,5,Major Collector,1,State Highway Agency,6,Local Street - Municipality,PICKETT RD,BELT HWY,13,13,39.74084444,39.74084444,-94.801150000,-94.801150000,0,No Special Jurisdiction,12,Motor Vehicle In-Transport,6,Angle,0,No,2,Intersection,2,Four-Way Intersection,0,None,,,1,On Roadway,1,Daylight,1,Clear,0,No Additional Atmospheric Conditions,1,Clear,0,No,0000000,Not Applicable,17,5:00pm-5:59pm,26,26,17,5:00pm-5:59pm,34,34,88,Not Applicable (Not Transported),88,Not Applicable (Not Transported),0,None,0,None,0,None,1,0
2018,29,290226,Missouri,2,2,0,0,0,10,10,510,ST. LOUIS (CITY) (510),7080,ST LOUIS,30,30,4,April,2018,2,Monday,13,1:00pm-1:59pm,5,5,0,This section IS NOT on the NHS,2,Urban,4,Minor Arterial,4,City or Municipal Highway Agency,6,Local Street - Municipality,RIVERVIEW BLVD,HALLS FERRY CIR,0,None,38.72246944,38.72246944,-90.239688890,-90.239688890,0,No Special Jurisdiction,12,Motor Vehicle In-Transport,6,Angle,0,No,2,Intersection,6,Roundabout,0,None,,,1,On Roadway,1,Daylight,1,Clear,0,No Additional Atmospheric Conditions,1,Clear,0,No,0000000,Not Applicable,13,1:00pm-1:59pm,6,6,13,1:00pm-1:59pm,22,22,13,1:00pm-1:59pm,45,45,0,None,0,None,0,None,1,0
2018,29,290227,Missouri,1,1,0,0,0,1,1,183,ST. CHARLES (183),0,NOT APPLICABLE,30,30,4,April,2018,2,Monday,17,5:00pm-5:59pm,11,11,0,This section IS NOT on the NHS,1,Rural,4,Minor Arterial,1,State Highway Agency,3,State Highway,SR-94,,74,74,38.58205556,38.58205556,-90.841305560,-90.841305560,0,No Special Jurisdiction,24,Guardrail Face,0,Not a Collision with Motor Vehicle In-Transport,0,No,1,Non-Junction,1,Not an Intersection,0,None,,,4,On Roadside,1,Daylight,1,Clear,0,No Additional Atmospheric Conditions,1,Clear,0,No,0000000,Not Applicable,99,Unknown,99,Unknown,99,Unknown EMS Scene Arrival Hour,99,Unknown EMS Scene Arrival Minutes,99,Unknown,99,Unknown EMS Hospital Arrival Time,0,None,0,None,0,None,1,0
2018,29,290228,Missouri,1,1,0,0,0,1,1,217,VERNON (217),5590,NEVADA,1,1,5,May,2018,3,Tuesday,11,11:00am-11:59am,48,48,1,This section IS ON the NHS,2,Urban,1,Interstate,1,State Highway Agency,1,Interstate,I-49,,163,163,37.87011667,37.87011667,-94.344033330,-94.344033330,0,No Special Jurisdiction,35,Embankment,0,Not a Collision with Motor Vehicle In-Transport,0,No,1,Non-Junction,1,Not an Intersection,0,None,,,4,On Roadside,1,Daylight,6,Severe Crosswinds,10,Cloudy,6,Severe Crosswinds,0,No,0000000,Not Applicable,11,11:00am-11:59am,50,50,11,11:00am-11:59am,58,58,13,1:00pm-1:59pm,50,50,0,None,0,None,0,None,1,0
2018,29,290229,Missouri,1,1,0,0,0,1,1,23,BUTLER (23),0,NOT APPLICABLE,1,1,5,May,2018,3,Tuesday,22,10:00pm-10:59pm,30,30,0,This section IS NOT on the NHS,1,Rural,4,Minor Arterial,1,State Highway Agency,2,U.S. Highway,US-160,,16,16,36.66422222,36.66422222,-90.565027780,-90.565027780,0,No Special Jurisdiction,35,Embankment,0,Not a Collision with Motor Vehicle In-Transport,0,No,1,Non-Junction,1,Not an Intersection,0,None,,,4,On Roadside,2,Dark - Not Lighted,1,Clear,0,No Additional Atmospheric Conditions,1,Clear,0,No,0000000,Not Applicable,99,Unknown,98,Unknown if Notified,99,Unknown EMS Scene Arrival Hour,98,Unknown if Arrived,88,Not Applicable (Not Transported),88,Not Applicable (Not Transported),0,None,0,None,0,None,1,0
2018,29,290230,Missouri,1,1,0,0,0,1,1,95,JACKSON (95),3940,INDEPENDENCE,1,1,5,May,2018,3,Tuesday,10,10:00am-10:59am,3,3,1,This section IS ON the NHS,2,Urban,1,Interstate,1,State Highway Agency,1,Interstate,I-70,,125,125,39.04602222,39.04602222,-94.417558330,-94.417558330,0,No Special Jurisdiction,39,Wall,0,Not a Collision with Motor Vehicle In-Transport,8,Not Reported,98,Not Reported,1,Not an Intersection,0,None,,,4,On Roadside,1,Daylight,10,Cloudy,0,No Additional Atmospheric Conditions,10,Cloudy,0,No,0000000,Not Applicable,99,Unknown,98,Unknown if Notified,99,Unknown EMS Scene Arrival Hour,98,Unknown if Arrived,88,Not Applicable (Not Transported),88,Not Applicable (Not Transported),0,None,0,None,0,None,1,0
2018,29,290232,Missouri,1,1,0,0,0,2,2,99,JEFFERSON (99),0,NOT APPLICABLE,7,7,4,April,2018,7,Saturday,16,4:00pm-4:59pm,15,15,0,This section IS NOT on the NHS,1,Rural,5,Major Collector,1,State Highway Agency,3,State Highway,SR-NN,,9,9,38.39383333,38.39383333,-90.730055560,-90.730055560,0,No Special Jurisdiction,1,Rollover/Overturn,0,Not a Collision with Motor Vehicle In-Transport,0,No,1,Non-Junction,1,Not an Intersection,0,None,,,1,On Roadway,1,Daylight,1,Clear,0,No Additional Atmospheric Conditions,1,Clear,0,No,0000000,Not Applicable,16,4:00pm-4:59pm,42,42,17,5:00pm-5:59pm,14,14,17,5:00pm-5:59pm,54,54,0,None,0,None,0,None,1,0
2018,29,290233,Missouri,2,2,0,0,0,2,2,45,CLARK (45),0,NOT APPLICABLE,1,1,5,May,2018,3,Tuesday,15,3:00pm-3:59pm,34,34,0,This section IS NOT on the NHS,1,Rural,4,Minor Arterial,1,State Highway Agency,2,U.S. Highway,US-136,,135,135,40.41491667,40.41491667,-91.705805560,-91.705805560,0,No Special Jurisdiction,12,Motor Vehicle In-Transport,2,Front-to-Front,0,No,1,Non-Junction,1,Not an Intersection,0,None,,,1,On Roadway,1,Daylight,1,Clear,0,No Additional Atmospheric Conditions,1,Clear,0,No,0000000,Not Applicable,15,3:00pm-3:59pm,36,36,16,4:00pm-4:59pm,7,7,17,5:00pm-5:59pm,10,10,0,None,0,None,0,None,2,0
2018,29,290234,Missouri,1,1,0,0,0,1,1,65,DENT (65),0,NOT APPLICABLE,4,4,5,May,2018,6,Friday,13,1:00pm-1:59pm,55,55,0,This section IS NOT on the NHS,1,Rural,4,Minor Arterial,1,State Highway Agency,3,State Highway,SR-72,,73,73,37.69908333,37.69908333,-91.617972220,-91.617972220,0,No Special Jurisdiction,30,Utility Pole/Light Support,0,Not a Collision with Motor Vehicle In-Transport,0,No,1,Non-Junction,1,Not an Intersection,0,None,,,4,On Roadside,1,Daylight,1,Clear,0,No Additional Atmospheric Conditions,1,Clear,0,No,0000000,Not Applicable,13,1:00pm-1:59pm,55,55,14,2:00pm-2:59pm,3,3,88,Not Applicable (Not Transported),88,Not Applicable (Not Transported),0,None,0,None,0,None,1,0
2018,29,290235,Missouri,1,1,0,0,0,1,1,9,BARRY (9),5310,MONETT,5,5,5,May,2018,7,Saturday,15,3:00pm-3:59pm,31,31,1,This section IS ON the NHS,2,Urban,3,Principal Arterial - Other,1,State Highway Agency,2,U.S. Highway,US-60,BRIDLE LN,88,88,36.91369444,36.91369444,-93.905444440,-93.905444440,0,No Special Jurisdiction,1,Rollover/Overturn,0,Not a Collision with Motor Vehicle In-Transport,0,No,3,Intersection-Related,2,Four-Way Intersection,0,None,,,1,On Roadway,1,Daylight,1,Clear,0,No Additional Atmospheric Conditions,1,Clear,0,No,0000000,Not Applicable,15,3:00pm-3:59pm,35,35,15,3:00pm-3:59pm,36,36,16,4:00pm-4:59pm,0,0,0,None,0,None,0,None,1,1
2018,29,290236,Missouri,1,1,0,0,0,1,1,131,MILLER (131),4327,LAKE OZARK,5,5,5,May,2018,7,Saturday,23,11:00pm-11:59pm,0,0,0,This section IS NOT on the NHS,1,Rural,4,Minor Arterial,1,State Highway Agency,3,State Highway,SR-242,,4,4,38.18916667,38.18916667,-92.634472220,-92.634472220,0,No Special Jurisdiction,33,Curb,0,Not a Collision with Motor Vehicle In-Transport,0,No,1,Non-Junction,1,Not an Intersection,0,None,,,4,On Roadside,3,Dark - Lighted,1,Clear,0,No Additional Atmospheric Conditions,1,Clear,0,No,0000000,Not Applicable,99,Unknown,98,Unknown if Notified,99,Unknown EMS Scene Arrival Hour,98,Unknown if Arrived,88,Not Applicable (Not Transported),88,Not Applicable (Not Transported),0,None,0,None,0,None,1,1
2018,29,290237,Missouri,1,1,0,0,0,1,1,47,CLAY (47),4120,KANSAS CITY,6,6,5,May,2018,1,Sunday,12,12:00pm-12:59pm,50,50,1,This section IS ON the NHS,2,Urban,1,Interstate,1,State Highway Agency,1,Interstate,I-435,,58,58,39.29461111,39.29461111,-94.510416670,-94.510416670,0,No Special Jurisdiction,42,Tree (Standing Only),0,Not a Collision with Motor Vehicle In-Transport,0,No,1,Non-Junction,1,Not an Intersection,0,None,,,4,On Roadside,1,Daylight,1,Clear,0,No Additional Atmospheric Conditions,1,Clear,0,No,0000000,Not Applicable,12,12:00pm-12:59pm,51,51,13,1:00pm-1:59pm,2,2,13,1:00pm-1:59pm,20,20,0,None,0,None,0,None,1,1
2018,29,290238,Missouri,1,1,0,0,0,2,2,91,HOWELL (91),0,NOT APPLICABLE,6,6,5,May,2018,1,Sunday,22,10:00pm-10:59pm,50,50,0,This section IS NOT on the NHS,1,Rural,7,Local,2,County Highway Agency,4,County Road,CR-3020,,1,1,36.97436111,36.97436111,-91.840444440,-91.840444440,0,No Special Jurisdiction,42,Tree (Standing Only),0,Not a Collision with Motor Vehicle In-Transport,0,No,1,Non-Junction,1,Not an Intersection,0,None,,,4,On Roadside,2,Dark - Not Lighted,1,Clear,0,No Additional Atmospheric Conditions,1,Clear,0,No,0000000,Not Applicable,99,Unknown,99,Unknown,99,Unknown EMS Scene Arrival Hour,99,Unknown EMS Scene Arrival Minutes,99,Unknown,99,Unknown EMS Hospital Arrival Time,0,None,0,None,0,None,1,1
2018,29,290240,Missouri,1,1,0,0,0,1,1,183,ST. CHARLES (183),8286,WESTALTON,7,7,5,May,2018,2,Monday,22,10:00pm-10:59pm,40,40,1,This section IS ON the NHS,1,Rural,2,Principal Arterial - Other Freeways and Expressways,1,State Highway Agency,2,U.S. Highway,US-67,,16,16,38.86372222,38.86372222,-90.221722220,-90.221722220,0,No Special Jurisdiction,42,Tree (Standing Only),0,Not a Collision with Motor Vehicle In-Transport,0,No,1,Non-Junction,1,Not an Intersection,0,None,,,3,On Median,2,Dark - Not Lighted,1,Clear,0,No Additional Atmospheric Conditions,1,Clear,0,No,0000000,Not Applicable,23,11:00pm-11:59pm,7,7,23,11:00pm-11:59pm,26,26,0,0:00am-0:59am,10,10,0,None,0,None,0,None,1,0
2018,29,290241,Missouri,1,1,0,0,0,1,1,119,MCDONALD (119),0,NOT APPLICABLE,7,7,5,May,2018,2,Monday,19,7:00pm-7:59pm,5,5,0,This section IS NOT on the NHS,1,Rural,5,Major Collector,1,State Highway Agency,3,State Highway,SR-E,,119,119,36.53591667,36.53591667,-94.184444440,-94.184444440,0,No Special Jurisdiction,1,Rollover/Overturn,0,Not a Collision with Motor Vehicle In-Transport,0,No,1,Non-Junction,1,Not an Intersection,0,None,,,4,On Roadside,1,Daylight,1,Clear,0,No Additional Atmospheric Conditions,1,Clear,0,No,0000000,Not Applicable,99,Unknown,98,Unknown if Notified,99,Unknown EMS Scene Arrival Hour,98,Unknown if Arrived,88,Not Applicable (Not Transported),88,Not Applicable (Not Transported),0,None,0,None,0,None,1,1
2018,29,290242,Missouri,2,2,0,0,0,3,3,217,VERNON (217),0,NOT APPLICABLE,9,9,5,May,2018,4,Wednesday,21,9:00pm-9:59pm,40,40,1,This section IS ON the NHS,1,Rural,3,Principal Arterial - Other,1,State Highway Agency,2,U.S. Highway,US-54,,279,279,37.85477778,37.85477778,-94.122888890,-94.122888890,0,No Special Jurisdiction,12,Motor Vehicle In-Transport,11,Other,0,No,1,Non-Junction,1,Not an Intersection,0,None,,,1,On Roadway,2,Dark - Not Lighted,10,Cloudy,0,No Additional Atmospheric Conditions,10,Cloudy,0,No,0000000,Not Applicable,99,Unknown,98,Unknown if Notified,99,Unknown EMS Scene Arrival Hour,98,Unknown if Arrived,88,Not Applicable (Not Transported),88,Not Applicable (Not Transported),0,None,0,None,0,None,1,1
2018,29,290243,Missouri,1,1,0,0,0,1,1,39,CEDAR (39),0,NOT APPLICABLE,9,9,5,May,2018,4,Wednesday,13,1:00pm-1:59pm,26,26,0,This section IS NOT on the NHS,1,Rural,7,Local,2,County Highway Agency,4,County Road,CR-02,,31,31,37.89694444,37.89694444,-93.954861110,-93.954861110,0,No Special Jurisdiction,34,Ditch,0,Not a Collision with Motor Vehicle In-Transport,0,No,1,Non-Junction,1,Not an Intersection,0,None,,,4,On Roadside,1,Daylight,1,Clear,0,No Additional Atmospheric Conditions,1,Clear,0,No,0000000,Not Applicable,99,Unknown,98,Unknown if Notified,99,Unknown EMS Scene Arrival Hour,98,Unknown if Arrived,88,Not Applicable (Not Transported),88,Not Applicable (Not Transported),0,None,0,None,0,None,1,0
2018,29,290244,Missouri,2,2,0,0,0,2,2,21,BUCHANAN (21),7070,ST JOSEPH,10,10,5,May,2018,5,Thursday,20,8:00pm-8:59pm,36,36,1,This section IS ON the NHS,2,Urban,3,Principal Arterial - Other,1,State Highway Agency,2,U.S. Highway,US-169,,58,58,39.74550556,39.74550556,-94.801838890,-94.801838890,0,No Special Jurisdiction,12,Motor Vehicle In-Transport,2,Front-to-Front,0,No,1,Non-Junction,1,Not an Intersection,0,None,,,1,On Roadway,3,Dark - Lighted,1,Clear,0,No Additional Atmospheric Conditions,1,Clear,0,No,0000000,Not Applicable,20,8:00pm-8:59pm,39,39,20,8:00pm-8:59pm,43,43,21,9:00pm-9:59pm,3,3,0,None,0,None,0,None,1,0
2018,29,290245,Missouri,2,2,0,0,0,2,2,9,BARRY (9),0,NOT APPLICABLE,11,11,5,May,2018,6,Friday,9,9:00am-9:59am,43,43,1,This section IS ON the NHS,1,Rural,3,Principal Arterial - Other,1,State Highway Agency,2,U.S. Highway,US-60,SR-97,30,30,36.91619444,36.91619444,-94.009027780,-94.009027780,0,No Special Jurisdiction,12,Motor Vehicle In-Transport,6,Angle,0,No,2,Intersection,2,Four-Way Intersection,0,None,,,1,On Roadway,1,Daylight,1,Clear,0,No Additional Atmospheric Conditions,1,Clear,0,No,0000000,Not Applicable,99,Unknown,99,Unknown,99,Unknown EMS Scene Arrival Hour,99,Unknown EMS Scene Arrival Minutes,99,Unknown,99,Unknown EMS Hospital Arrival Time,0,None,0,None,0,None,1,0
2018,29,290246,Missouri,2,2,0,0,0,2,2,95,JACKSON (95),4120,KANSAS CITY,1,1,5,May,2018,3,Tuesday,14,2:00pm-2:59pm,43,43,0,This section IS NOT on the NHS,2,Urban,7,Local,4,City or Municipal Highway Agency,6,Local Street - Municipality,EUCLID AVE,35TH ST,1,1,39.06288889,39.06288889,-94.560138890,-94.560138890,0,No Special Jurisdiction,12,Motor Vehicle In-Transport,6,Angle,0,No,2,Intersection,2,Four-Way Intersection,0,None,,,1,On Roadway,1,Daylight,10,Cloudy,0,No Additional Atmospheric Conditions,10,Cloudy,0,No,0000000,Not Applicable,14,2:00pm-2:59pm,43,43,14,2:00pm-2:59pm,48,48,15,3:00pm-3:59pm,1,1,0,None,0,None,0,None,1,0