caseyear,state,st_case,statename,ve_total,ve_forms,pvh_invl,peds,pernotmvit,permvit,persons,county,countyname,city,cityname,day,dayname,month,monthname,year,day_week,day_weekname,hour,hourname,minute,minutename,nhs,nhsname,rur_urb,rur_urbname,func_sys,func_sysname,rd_owner,rd_ownername,route,routename,tway_id,tway_id2,milept,mileptname,latitude,latitudename,longitud,longitudname,sp_jur,sp_jurname,harm_ev,harm_evname,man_coll,man_collname,reljct1,reljct1name,reljct2,reljct2name,typ_int,typ_intname,wrk_zone,wrk_zonename,road_fnc,road_fncname,rel_road,rel_roadname,lgt_cond,lgt_condname,weather1,weather1name,weather2,weather2name,weather,weathername,sch_bus,sch_busname,rail,railname,not_hour,not_hourname,not_min,not_minname,arr_hour,arr_hourname,arr_min,arr_minname,hosp_hr,hosp_hrname,hosp_mn,hosp_mnname,cf1,cf1name,cf2,cf2name,cf3,cf3name,fatals,drunk_dr
2018,29,290319,Missouri,3,3,0,0,0,6,6,189,ST. LOUIS (189),1575,CHESTERFIELD,1,1,6,June,2018,6,Friday,14,2:00pm-2:59pm,5,5,0,This section IS NOT on the NHS,2,Urban,4,Minor Arterial,2,County Highway Agency,4,County Road,CR-CLAYTON RD,,61,61,38.61711389,38.61711389,-90.538138890,-90.538138890,0,No Special Jurisdiction,12,Motor Vehicle In-Transport,6,Angle,0,No,8,Driveway Access Related,1,Not an Intersection,0,None,,,1,On Roadway,1,Daylight,1,Clear,0,No Additional Atmospheric Conditions,1,Clear,0,No,0000000,Not Applicable,14,2:00pm-2:59pm,6,6,14,2:00pm-2:59pm,17,17,14,2:00pm-2:59pm,30,30,0,None,0,None,0,None,2,0
2018,29,290320,Missouri,1,1,0,0,0,2,2,71,FRANKLIN (71),0,NOT APPLICABLE,2,2,6,June,2018,7,Saturday,22,10:00pm-10:59pm,0,0,0,This section IS NOT on the NHS,1,Rural,7,Local,2,County Highway Agency,4,County Road,CR-FOX CREEK RD,,19,19,38.39247222,38.39247222,-91.152805560,-91.152805560,0,No Special Jurisdiction,42,Tree (Standing Only),0,Not a Collision with Motor Vehicle In-Transport,0,No,1,Non-Junction,1,Not an Intersection,0,None,,,4,On Roadside,2,Dark - Not Lighted,1,Clear,0,No Additional Atmospheric Conditions,1,Clear,0,No,0000000,Not Applicable,22,10:00pm-10:59pm,45,45,23,11:00pm-11:59pm,3,3,0,0:00am-0:59am,18,18,0,None,0,None,0,None,1,1
2018,29,290321,Missouri,2,1,1,0,0,1,1,143,NEW MADRID (143),7310,SIKESTON,4,4,6,June,2018,2,Monday,12,12:00pm-12:59pm,25,25,1,This section IS ON the NHS,2,Urban,1,Interstate,1,State Highway Agency,1,Interstate,I-55,,340,340,36.86902778,36.86902778,-89.532833330,-89.532833330,0,No Special Jurisdiction,45,Working Motor Vehicle,0,Not a Collision with Motor Vehicle In-Transport,0,No,1,Non-Junction,1,Not an Intersection,1,Construction,,,5,Outside Trafficway,1,Daylight,1,Clear,0,No Additional Atmospheric Conditions,1,Clear,0,No,0000000,Not Applicable,12,12:00pm-12:59pm,31,31,12,12:00pm-12:59pm,35,35,13,1:00pm-1:59pm,11,11,28,Backup Due to Regular Congestion,0,None,0,None,1,0
2018,29,290322,Missouri,2,2,0,0,0,2,2,201,SCOTT (201),0,NOT APPLICABLE,4,4,6,June,2018,2,Monday,10,10:00am-10:59am,45,45,1,This section IS ON the NHS,1,Rural,1,Interstate,1,State Highway Agency,1,Interstate,I-57,,8,8,36.87641667,36.87641667,-89.524638890,-89.524638890,0,No Special Jurisdiction,12,Motor Vehicle In-Transport,6,Angle,0,No,7,Crossover-Related,1,Not an Intersection,0,None,,,1,On Roadway,1,Daylight,1,Clear,0,No Additional Atmospheric Conditions,1,Clear,0,No,0000000,Not Applicable,99,Unknown,98,Unknown if Notified,99,Unknown EMS Scene Arrival Hour,98,Unknown if Arrived,88,Not Applicable (Not Transported),88,Not Applicable (Not Transported),0,None,0,None,0,None,1,0
2018,29,290323,Missouri,1,1,0,0,0,2,2,105,LACLEDE (105),0,NOT APPLICABLE,5,5,6,June,2018,3,Tuesday,5,5:00am-5:59am,58,58,0,This section IS NOT on the NHS,1,Rural,7,Local,2,County Highway Agency,6,Local Street - Municipality,PENNINGTON DR,,65,65,37.72144444,37.72144444,-92.605944440,-92.605944440,0,No Special Jurisdiction,52,Guardrail End,0,Not a Collision with Motor Vehicle In-Transport,0,No,1,Non-Junction,1,Not an Intersection,0,None,,,4,On Roadside,1,Daylight,1,Clear,0,No Additional Atmospheric Conditions,1,Clear,0,No,0000000,Not Applicable,6,6:00am-6:59am,1,1,6,6:00am-6:59am,17,17,6,6:00am-6:59am,55,55,0,None,0,None,0,None,1,0
2018,29,290324,Missouri,2,2,0,0,0,2,2,189,ST. LOUIS (189),0,NOT APPLICABLE,2,2,5,May,2018,4,Wednesday,23,11:00pm-11:59pm,10,10,0,This section IS NOT on the NHS,2,Urban,4,Minor Arterial,2,County Highway Agency,4,County Road,CR-MIDLAND BLVD,,7,7,38.70284167,38.70284167,-90.398044440,-90.398044440,0,No Special Jurisdiction,12,Motor Vehicle In-Transport,6,Angle,0,No,8,Driveway Access Related,1,Not an Intersection,0,None,,,1,On Roadway,3,Dark - Lighted,1,Clear,0,No Additional Atmospheric Conditions,1,Clear,0,No,0000000,Not Applicable,23,11:00pm-11:59pm,13,13,23,11:00pm-11:59pm,15,15,23,11:00pm-11:59pm,43,43,0,None,0,None,0,None,1,1
2018,29,290325,Missouri,2,2,0,0,0,5,5,41,CHARITON (41),0,NOT APPLICABLE,17,17,5,May,2018,5,Thursday,9,9:00am-9:59am,35,35,0,This section IS NOT on the NHS,1,Rural,5,Major Collector,1,State Highway Agency,3,State Highway,SR-129,,263,263,39.37652778,39.37652778,-92.735333330,-92.735333330,0,No Special Jurisdiction,12,Motor Vehicle In-Transport,6,Angle,0,No,8,Driveway Access Related,1,Not an Intersection,0,None,,,1,On Roadway,1,Daylight,10,Cloudy,0,No Additional Atmospheric Conditions,10,Cloudy,0,No,0000000,Not Applicable,9,9:00am-9:59am,46,46,10,10:00am-10:59am,11,11,10,10:00am-10:59am,46,46,0,None,0,None,0,None,1,0
2018,29,290326,Missouri,1,1,0,0,0,1,1,221,WASHINGTON (221),0,NOT APPLICABLE,27,27,5,May,2018,1,Sunday,19,7:00pm-7:59pm,40,40,0,This section IS NOT on the NHS,1,Rural,5,Major Collector,1,State Highway Agency,3,State Highway,SR-47,,169,169,38.01119444,38.01119444,-90.740388890,-90.740388890,0,No Special Jurisdiction,32,Culvert,0,Not a Collision with Motor Vehicle In-Transport,0,No,1,Non-Junction,1,Not an Intersection,0,None,,,4,On Roadside,1,Daylight,10,Cloudy,0,No Additional Atmospheric Conditions,10,Cloudy,0,No,0000000,Not Applicable,19,7:00pm-7:59pm,35,35,19,7:00pm-7:59pm,47,47,20,8:00pm-8:59pm,44,44,0,None,0,None,0,None,1,0
2018,29,290327,Missouri,2,2,0,0,0,3,3,79,GRUNDY (79),7780,TRENTON,28,28,5,May,2018,2,Monday,14,2:00pm-2:59pm,9,9,1,This section IS ON the NHS,2,Urban,3,Principal Arterial - Other,1,State Highway Agency,2,U.S. Highway,US-65,28TH ST,122,122,40.09008333,40.09008333,-93.598361110,-93.598361110,0,No Special Jurisdiction,12,Motor Vehicle In-Transport,6,Angle,0,No,2,Intersection,2,Four-Way Intersection,0,None,,,1,On Roadway,1,Daylight,1,Clear,0,No Additional Atmospheric Conditions,1,Clear,0,No,0000000,Not Applicable,14,2:00pm-2:59pm,9,9,14,2:00pm-2:59pm,12,12,14,2:00pm-2:59pm,33,33,0,None,0,None,0,None,1,0
2018,29,290328,Missouri,1,1,0,0,0,1,1,43,CHRISTIAN (43),0,NOT APPLICABLE,5,5,6,June,2018,3,Tuesday,9,9:00am-9:59am,15,15,1,This section IS ON the NHS,1,Rural,2,Principal Arterial - Other Freeways and Expressways,1,State Highway Agency,2,U.S. Highway,US-65,,157,157,36.87088889,36.87088889,-93.230277780,-93.230277780,0,No Special Jurisdiction,35,Embankment,0,Not a Collision with Motor Vehicle In-Transport,0,No,1,Non-Junction,1,Not an Intersection,0,None,,,4,On Roadside,1,Daylight,1,Clear,0,No Additional Atmospheric Conditions,1,Clear,0,No,0000000,Not Applicable,9,9:00am-9:59am,14,14,9,9:00am-9:59am,25,25,99,Unknown,99,Unknown EMS Hospital Arrival Time,0,None,0,None,0,None,1,0
2018,29,290329,Missouri,1,1,0,0,0,1,1,43,CHRISTIAN (43),0,NOT APPLICABLE,5,5,6,June,2018,3,Tuesday,21,9:00pm-9:59pm,45,45,0,This section IS NOT on the NHS,1,Rural,5,Major Collector,1,State Highway Agency,3,State Highway,SR-EE,,19,19,36.93383333,36.93383333,-93.255694440,-93.255694440,0,No Special Jurisdiction,34,Ditch,0,Not a Collision with Motor Vehicle In-Transport,0,No,1,Non-Junction,1,Not an Intersection,0,None,,,4,On Roadside,2,Dark - Not Lighted,1,Clear,0,No Additional Atmospheric Conditions,1,Clear,0,No,0000000,Not Applicable,99,Unknown,98,Unknown if Notified,99,Unknown EMS Scene Arrival Hour,98,Unknown if Arrived,88,Not Applicable (Not Transported),88,Not Applicable (Not Transported),0,None,0,None,0,None,1,1
2018,29,290330,Missouri,2,2,0,0,0,2,2,107,LAFAYETTE (107),0,NOT APPLICABLE,6,6,6,June,2018,4,Wednesday,15,3:00pm-3:59pm,0,0,1,This section IS ON the NHS,1,Rural,1,Interstate,1,State Highway Agency,1,Interstate,I-70,,315,315,39.01163889,39.01163889,-94.074555560,-94.074555560,0,No Special Jurisdiction,12,Motor Vehicle In-Transport,1,Front-to-Rear,0,No,1,Non-Junction,1,Not an Intersection,0,None,,,1,On Roadway,1,Daylight,1,Clear,0,No Additional Atmospheric Conditions,1,Clear,0,No,0000000,Not Applicable,15,3:00pm-3:59pm,3,3,15,3:00pm-3:59pm,6,6,15,3:00pm-3:59pm,34,34,3,Other Maintenance or Construction-Created Condition,0,None,0,None,1,0
2018,29,290331,Missouri,1,1,0,0,0,1,1,149,OREGON (149),0,NOT APPLICABLE,6,6,6,June,2018,4,Wednesday,99,Unknown Hours,99,Unknown Minutes,0,This section IS NOT on the NHS,1,Rural,7,Local,2,County Highway Agency,4,County Road,CR-102,,15,15,36.72936111,36.72936111,-91.362000000,-91.362000000,0,No Special Jurisdiction,42,Tree (Standing Only),0,Not a Collision with Motor Vehicle In-Transport,0,No,1,Non-Junction,1,Not an Intersection,0,None,,,4,On Roadside,2,Dark - Not Lighted,1,Clear,0,No Additional Atmospheric Conditions,1,Clear,0,No,0000000,Not Applicable,99,Unknown,98,Unknown if Notified,99,Unknown EMS Scene Arrival Hour,98,Unknown if Arrived,88,Not Applicable (Not Transported),88,Not Applicable (Not Transported),0,None,0,None,0,None,1,0
2018,29,290332,Missouri,2,2,0,0,0,2,2,45,CLARK (45),0,NOT APPLICABLE,7,7,6,June,2018,5,Thursday,22,10:00pm-10:59pm,8,8,0,This section IS NOT on the NHS,1,Rural,4,Minor Arterial,1,State Highway Agency,2,U.S. Highway,US-136,,203,203,40.39147222,40.39147222,-91.599666670,-91.599666670,0,No Special Jurisdiction,12,Motor Vehicle In-Transport,2,Front-to-Front,0,No,1,Non-Junction,1,Not an Intersection,0,None,,,1,On Roadway,2,Dark - Not Lighted,10,Cloudy,0,No Additional Atmospheric Conditions,10,Cloudy,0,No,0000000,Not Applicable,22,10:00pm-10:59pm,10,10,22,10:00pm-10:59pm,17,17,22,10:00pm-10:59pm,55,55,0,None,0,None,0,None,1,0
2018,29,290333,Missouri,2,2,0,0,0,2,2,167,POLK (167),0,NOT APPLICABLE,8,8,6,June,2018,6,Friday,7,7:00am-7:59am,20,20,0,This section IS NOT on the NHS,1,Rural,5,Major Collector,1,State Highway Agency,3,State Highway,SR-123,,277,277,37.46400000,37.46400000,-93.542611110,-93.542611110,0,No Special Jurisdiction,12,Motor Vehicle In-Transport,6,Angle,0,No,1,Non-Junction,1,Not an Intersection,0,None,,,1,On Roadway,1,Daylight,1,Clear,0,No Additional Atmospheric Conditions,1,Clear,0,No,0000000,Not Applicable,7,7:00am-7:59am,25,25,7,7:00am-7:59am,52,52,8,8:00am-8:59am,48,48,0,None,0,None,0,None,1,0
2018,29,290334,Missouri,2,2,0,0,0,4,4,510,ST. LOUIS (CITY) (510),7080,ST LOUIS,8,8,6,June,2018,6,Friday,14,2:00pm-2:59pm,31,31,0,This section IS NOT on the NHS,2,Urban,7,Local,4,City or Municipal Highway Agency,6,Local Street - Municipality,S COMPTON AVE,MERAMEC ST,45,45,38.58036667,38.58036667,-90.239844440,-90.239844440,0,No Special Jurisdiction,12,Motor Vehicle In-Transport,6,Angle,0,No,2,Intersection,2,Four-Way Intersection,0,None,,,1,On Roadway,1,Daylight,1,Clear,0,No Additional Atmospheric Conditions,1,Clear,0,No,0000000,Not Applicable,14,2:00pm-2:59pm,28,28,14,2:00pm-2:59pm,40,40,99,Unknown,99,Unknown EMS Hospital Arrival Time,0,None,0,None,0,None,1,0
2018,29,290335,Missouri,2,2,0,0,0,4,4,97,JASPER (97),4100,JOPLIN,24,24,4,April,2018,3,Tuesday,20,8:00pm-8:59pm,54,54,0,This section IS NOT on the NHS,2,Urban,4,Minor Arterial,1,State Highway Agency,3,State Highway,SR-66,TRI STATE RD,35,35,37.08482500,37.08482500,-94.558033330,-94.558033330,0,No Special Jurisdiction,12,Motor Vehicle In-Transport,6,Angle,0,No,2,Intersection,2,Four-Way Intersection,0,None,,,1,On Roadway,2,Dark - Not Lighted,1,Clear,0,No Additional Atmospheric Conditions,1,Clear,0,No,0000000,Not Applicable,20,8:00pm-8:59pm,55,55,21,9:00pm-9:59pm,1,1,99,Unknown,99,Unknown EMS Hospital Arrival Time,0,None,0,None,0,None,1,0
2018,29,290336,Missouri,2,2,0,0,0,2,2,189,ST. LOUIS (189),6000,OVERLAND,26,26,4,April,2018,5,Thursday,14,2:00pm-2:59pm,41,41,0,This section IS NOT on the NHS,2,Urban,4,Minor Arterial,2,County Highway Agency,6,Local Street - Municipality,WOODSON,LACKLAND,12,12,38.70041944,38.70041944,-90.362219440,-90.362219440,0,No Special Jurisdiction,12,Motor Vehicle In-Transport,7,Sideswipe - Same Direction,0,No,2,Intersection,2,Four-Way Intersection,0,None,,,1,On Roadway,1,Daylight,1,Clear,0,No Additional Atmospheric Conditions,1,Clear,0,No,0000000,Not Applicable,99,Unknown,98,Unknown if Notified,99,Unknown EMS Scene Arrival Hour,98,Unknown if Arrived,88,Not Applicable (Not Transported),88,Not Applicable (Not Transported),0,None,0,None,0,None,1,0
2018,29,290337,Missouri,1,1,0,0,0,2,2,207,STODDARD (207),0,NOT APPLICABLE,8,8,6,June,2018,6,Friday,16,4:00pm-4:59pm,0,0,0,This section IS NOT on the NHS,1,Rural,6,Minor Collector,1,State Highway Agency,3,State Highway,SR-J,,28,28,36.89930556,36.89930556,-90.167916670,-90.167916670,0,No Special Jurisdiction,32,Culvert,0,Not a Collision with Motor Vehicle In-Transport,0,No,1,Non-Junction,1,Not an Intersection,0,None,,,4,On Roadside,1,Daylight,1,Clear,0,No Additional Atmospheric Conditions,1,Clear,0,No,0000000,Not Applicable,16,4:00pm-4:59pm,11,11,16,4:00pm-4:59pm,42,42,17,5:00pm-5:59pm,27,27,0,None,0,None,0,None,1,0
2018,29,290338,Missouri,2,2,0,0,0,2,2,105,LACLEDE (105),0,NOT APPLICABLE,8,8,6,June,2018,6,Friday,11,11:00am-11:59am,42,42,0,This section IS NOT on the NHS,1,Rural,5,Major Collector,1,State Highway Agency,3,State Highway,SR-64,,67,67,37.69833333,37.69833333,-92.760944440,-92.760944440,0,No Special Jurisdiction,12,Motor Vehicle In-Transport,2,Front-to-Front,0,No,1,Non-Junction,1,Not an Intersection,0,None,,,1,On Roadway,1,Daylight,10,Cloudy,0,No Additional Atmospheric Conditions,10,Cloudy,0,No,0000000,Not Applicable,11,11:00am-11:59am,49,49,12,12:00pm-12:59pm,3,3,12,12:00pm-12:59pm,36,36,0,None,0,None,0,None,1,0
2018,29,290339,Missouri,2,2,0,0,0,5,5,217,VERNON (217),0,NOT APPLICABLE,8,8,6,June,2018,6,Friday,11,11:00am-11:59am,8,8,0,This section IS NOT on the NHS,1,Rural,7,Local,2,County Highway Agency,4,County Road,CR-300 RD,,16,16,37.85325000,37.85325000,-94.582833330,-94.582833330,0,No Special Jurisdiction,12,Motor Vehicle In-Transport,2,Front-to-Front,0,No,1,Non-Junction,1,Not an Intersection,0,None,,,1,On Roadway,1,Daylight,1,Clear,0,No Additional Atmospheric Conditions,1,Clear,0,No,0000000,Not Applicable,11,11:00am-11:59am,15,15,11,11:00am-11:59am,37,37,13,1:00pm-1:59pm,31,31,0,None,0,None,0,None,1,0
2018,29,290340,Missouri,2,2,0,0,0,3,3,145,NEWTON (145),0,NOT APPLICABLE,9,9,6,June,2018,7,Saturday,18,6:00pm-6:59pm,15,15,1,This section IS ON the NHS,1,Rural,3,Principal Arterial - Other,1,State Highway Agency,2,U.S. Highway,US-60,SR-M,272,272,36.92025000,36.92025000,-94.190611110,-94.190611110,0,No Special Jurisdiction,12,Motor Vehicle In-Transport,6,Angle,0,No,2,Intersection,2,Four-Way Intersection,0,None,,,1,On Roadway,1,Daylight,1,Clear,0,No Additional Atmospheric Conditions,1,Clear,0,No,0000000,Not Applicable,99,Unknown,98,Unknown if Notified,99,Unknown EMS Scene Arrival Hour,98,Unknown if Arrived,88,Not Applicable (Not Transported),88,Not Applicable (Not Transported),0,None,0,None,0,None,2,0
2018,29,290341,Missouri,3,3,0,0,0,3,3,31,CAPE GIRARDEAU (31),1390,CAPE GIRARDEAU,10,10,6,June,2018,1,Sunday,19,7:00pm-7:59pm,40,40,0,This section IS NOT on the NHS,2,Urban,4,Minor Arterial,4,City or Municipal Highway Agency,6,Local Street - Municipality,LEXINGTON AVE,LONGVIEW DR,11,11,37.33825556,37.33825556,-89.557358330,-89.557358330,0,No Special Jurisdiction,12,Motor Vehicle In-Transport,1,Front-to-Rear,0,No,2,Intersection,2,Four-Way Intersection,0,None,,,1,On Roadway,1,Daylight,1,Clear,0,No Additional Atmospheric Conditions,1,Clear,0,No,0000000,Not Applicable,19,7:00pm-7:59pm,42,42,19,7:00pm-7:59pm,44,44,99,Unknown,99,Unknown EMS Hospital Arrival Time,0,None,0,None,0,None,1,0
2018,29,290342,Missouri,1,1,0,0,0,1,1,9,BARRY (9),0,NOT APPLICABLE,10,10,6,June,2018,1,Sunday,8,8:00am-8:59am,0,0,0,This section IS NOT on the NHS,1,Rural,7,Local,26,Private (other than Railroad),8,Other,1011,,1,1,36.59825000,36.59825000,-93.762111110,-93.762111110,0,No Special Jurisdiction,1,Rollover/Overturn,0,Not a Collision with Motor Vehicle In-Transport,0,No,1,Non-Junction,1,Not an Intersection,0,None,,,1,On Roadway,1,Daylight,1,Clear,0,No Additional Atmospheric Conditions,1,Clear,0,No,0000000,Not Applicable,99,Unknown,98,Unknown if Notified,99,Unknown EMS Scene Arrival Hour,98,Unknown if Arrived,88,Not Applicable (Not Transported),88,Not Applicable (Not Transported),0,None,0,None,0,None,1,0
2018,29,290343,Missouri,2,2,0,0,0,2,2,95,JACKSON (95),4120,KANSAS CITY,11,11,6,June,2018,2,Monday,17,5:00pm-5:59pm,9,9,1,This section IS ON the NHS,2,Urban,3,Principal Arterial - Other,4,City or Municipal Highway Agency,6,Local Street - Municipality,WARD PKWY,,8,8,38.96770833,38.96770833,-94.604788890,-94.604788890,0,No Special Jurisdiction,12,Motor Vehicle In-Transport,7,Sideswipe - Same Direction,0,No,1,Non-Junction,1,Not an Intersection,0,None,,,1,On Roadway,1,Daylight,1,Clear,0,No Additional Atmospheric Conditions,1,Clear,0,No,0000000,Not Applicable,99,Unknown,98,Unknown if Notified,99,Unknown EMS Scene Arrival Hour,98,Unknown if Arrived,88,Not Applicable (Not Transported),88,Not Applicable (Not Transported),0,None,0,None,0,None,1,0
2018,29,290344,Missouri,1,1,0,0,0,3,3,183,ST. CHARLES (183),0,NOT APPLICABLE,11,11,6,June,2018,2,Monday,17,5:00pm-5:59pm,40,40,0,This section IS NOT on the NHS,1,Rural,7,Local,2,County Highway Agency,4,County Road,CR-BLACK WALNUT RD,,7,7,38.85294444,38.85294444,-90.393194440,-90.393194440,0,No Special Jurisdiction,1,Rollover/Overturn,0,Not a Collision with Motor Vehicle In-Transport,0,No,1,Non-Junction,1,Not an Intersection,0,None,,,4,On Roadside,1,Daylight,1,Clear,0,No Additional Atmospheric Conditions,1,Clear,0,No,0000000,Not Applicable,17,5:00pm-5:59pm,43,43,17,5:00pm-5:59pm,59,59,99,Unknown,99,Unknown EMS Hospital Arrival Time,0,None,0,None,0,None,1,1
2018,29,290345,Missouri,1,1,0,0,0,1,1,71,FRANKLIN (71),0,NOT APPLICABLE,12,12,6,June,2018,3,Tuesday,13,1:00pm-1:59pm,20,20,1,This section IS ON the NHS,1,Rural,1,Interstate,1,State Highway Agency,1,Interstate,I-44,,143,143,38.39616667,38.39616667,-90.937083330,-90.937083330,0,No Special Jurisdiction,1,Rollover/Overturn,0,Not a Collision with Motor Vehicle In-Transport,0,No,1,Non-Junction,1,Not an Intersection,0,None,,,4,On Roadside,1,Daylight,10,Cloudy,0,No Additional Atmospheric Conditions,10,Cloudy,0,No,0000000,Not Applicable,99,Unknown,98,Unknown if Notified,99,Unknown EMS Scene Arrival Hour,98,Unknown if Arrived,88,Not Applicable (Not Transported),88,Not Applicable (Not Transported),0,None,0,None,0,None,1,1
2018,29,290346,Missouri,1,1,0,0,0,1,1,1,ADAIR (1),0,NOT APPLICABLE,12,12,6,June,2018,3,Tuesday,15,3:00pm-3:59pm,20,20,1,This section IS ON the NHS,1,Rural,3,Principal Arterial - Other,1,State Highway Agency,2,U.S. Highway,US-63,,57,57,40.26419444,40.26419444,-92.582583330,-92.582583330,0,No Special Jurisdiction,1,Rollover/Overturn,0,Not a Collision with Motor Vehicle In-Transport,0,No,1,Non-Junction,1,Not an Intersection,0,None,,,4,On Roadside,1,Daylight,1,Clear,0,No Additional Atmospheric Conditions,1,Clear,0,No,0000000,Not Applicable,15,3:00pm-3:59pm,23,23,15,3:00pm-3:59pm,31,31,88,Not Applicable (Not Transported),88,Not Applicable (Not Transported),0,None,0,None,0,None,1,0
2018,29,290347,Missouri,1,1,0,0,0,1,1,221,WASHINGTON (221),0,NOT APPLICABLE,13,13,6,June,2018,4,Wednesday,15,3:00pm-3:59pm,25,25,0,This section IS NOT on the NHS,1,Rural,5,Major Collector,1,State Highway Agency,3,State Highway,SR-C,,81,81,37.79525000,37.79525000,-90.986194440,-90.986194440,0,No Special Jurisdiction,1,Rollover/Overturn,0,Not a Collision with Motor Vehicle In-Transport,0,No,1,Non-Junction,1,Not an Intersection,0,None,,,4,On Roadside,1,Daylight,1,Clear,0,No Additional Atmospheric Conditions,1,Clear,0,No,0000000,Not Applicable,99,Unknown,98,Unknown if Notified,99,Unknown EMS Scene Arrival Hour,98,Unknown if Arrived,88,Not Applicable (Not Transported),88,Not Applicable (Not Transported),0,None,0,None,0,None,1,0
2018,29,290348,Missouri,1,1,0,0,0,2,2,113,LINCOLN (113),0,NOT APPLICABLE,16,16,6,June,2018,7,Saturday,22,10:00pm-10:59pm,39,39,0,This section IS NOT on the NHS,1,Rural,7,Local,2,County Highway Agency,4,County Road,CR-BECK RD,,27,27,39.02738889,39.02738889,-91.223833330,-91.223833330,0,No Special Jurisdiction,1,Rollover/Overturn,0,Not a Collision with Motor Vehicle In-Transport,0,No,1,Non-Junction,1,Not an Intersection,0,None,,,4,On Roadside,2,Dark - Not Lighted,1,Clear,0,No Additional Atmospheric Conditions,1,Clear,0,No,0000000,Not Applicable,99,Unknown,98,Unknown if Notified,99,Unknown EMS Scene Arrival Hour,98,Unknown if Arrived,88,Not Applicable (Not Transported),88,Not Applicable (Not Transported),0,None,0,None,0,None,1,1
2018,29,290349,Missouri,1,1,0,0,0,1,1,99,JEFFERSON (99),0,NOT APPLICABLE,17,17,6,June,2018,1,Sunday,4,4:00am-4:59am,0,0,0,This section IS NOT on the NHS,2,Urban,5,Major Collector,2,County Highway Agency,4,County Road,CR-MONTEBELLO RD,,3,3,38.38105556,38.38105556,-90.367694440,-90.367694440,0,No Special Jurisdiction,30,Utility Pole/Light Support,0,Not a Collision with Motor Vehicle In-Transport,0,No,1,Non-Junction,1,Not an Intersection,0,None,,,4,On Roadside,2,Dark - Not Lighted,1,Clear,0,No Additional Atmospheric Conditions,1,Clear,0,No,0000000,Not Applicable,5,5:00am-5:59am,29,29,5,5:00am-5:59am,34,34,88,Not Applicable (Not Transported),88,Not Applicable (Not Transported),0,None,0,None,0,None,1,1
2018,29,290350,Missouri,2,2,0,0,0,4,4,67,DOUGLAS (67),440,AVA,17,17,6,June,2018,1,Sunday,7,7:00am-7:59am,25,25,0,This section IS NOT on the NHS,1,Rural,4,Minor Arterial,1,State Highway Agency,3,State Highway,SR-5,SPRINGFIELD RD,87,87,36.96119444,36.96119444,-92.673000000,-92.673000000,0,No Special Jurisdiction,12,Motor Vehicle In-Transport,6,Angle,0,No,2,Intersection,2,Four-Way Intersection,0,None,,,1,On Roadway,1,Daylight,1,Clear,0,No Additional Atmospheric Conditions,1,Clear,0,No,0000000,Not Applicable,99,Unknown,99,Unknown,99,Unknown EMS Scene Arrival Hour,99,Unknown EMS Scene Arrival Minutes,99,Unknown,99,Unknown EMS Hospital Arrival Time,0,None,0,None,0,None,1,0
2018,29,290351,Missouri,2,2,0,0,0,1,1,183,ST. CHARLES (183),0,NOT APPLICABLE,17,17,6,June,2018,1,Sunday,11,11:00am-11:59am,50,50,1,This section IS ON the NHS,2,Urban,1,Interstate,1,State Highway Agency,1,Interstate,I-64,,2,2,38.68788889,38.68788889,-90.663111110,-90.663111110,0,No Special Jurisdiction,12,Motor Vehicle In-Transport,1,Front-to-Rear,0,No,1,Non-Junction,1,Not an Intersection,0,None,,,1,On Roadway,1,Daylight,1,Clear,0,No Additional Atmospheric Conditions,1,Clear,0,No,0000000,Not Applicable,99,Unknown,98,Unknown if Notified,99,Unknown EMS Scene Arrival Hour,98,Unknown if Arrived,88,Not Applicable (Not Transported),88,Not Applicable (Not Transported),0,None,0,None,0,None,1,0
2018,29,290352,Missouri,1,1,0,1,1,1,1,95,JACKSON (95),3940,INDEPENDENCE,17,17,6,June,2018,1,Sunday,13,1:00pm-1:59pm,38,38,0,This section IS NOT on the NHS,2,Urban,3,Principal Arterial - Other,1,State Highway Agency,6,Local Street - Municipality,23RD ST,,27,27,39.08042222,39.08042222,-94.447583330,-94.447583330,0,No Special Jurisdiction,8,Pedestrian,0,Not a Collision with Motor Vehicle In-Transport,0,No,1,Non-Junction,1,Not an Intersection,0,None,,,3,On Median,1,Daylight,1,Clear,0,No Additional Atmospheric Conditions,1,Clear,0,No,0000000,Not Applicable,99,Unknown,99,Unknown,99,Unknown EMS Scene Arrival Hour,99,Unknown EMS Scene Arrival Minutes,99,Unknown,99,Unknown EMS Hospital Arrival Time,0,None,0,None,0,None,1,0
2018,29,290353,Missouri,1,1,0,0,0,1,1,107,LAFAYETTE (107),0,NOT APPLICABLE,17,17,6,June,2018,1,Sunday,14,2:00pm-2:59pm,40,40,0,This section IS NOT on the NHS,1,Rural,5,Major Collector,1,State Highway Agency,3,State Highway,SR-131,,77,77,39.02622222,39.02622222,-93.973277780,-93.973277780,0,No Special Jurisdiction,35,Embankment,0,Not a Collision with Motor Vehicle In-Transport,0,No,1,Non-Junction,1,Not an Intersection,0,None,,,4,On Roadside,1,Daylight,1,Clear,0,No Additional Atmospheric Conditions,1,Clear,0,No,0000000,Not Applicable,99,Unknown,98,Unknown if Notified,99,Unknown EMS Scene Arrival Hour,98,Unknown if Arrived,88,Not Applicable (Not Transported),88,Not Applicable (Not Transported),0,None,0,None,0,None,1,1