caseyear,state,st_case,statename,ve_total,ve_forms,pvh_invl,peds,pernotmvit,permvit,persons,county,countyname,city,cityname,day,dayname,month,monthname,year,day_week,day_weekname,hour,hourname,minute,minutename,nhs,nhsname,rur_urb,rur_urbname,func_sys,func_sysname,rd_owner,rd_ownername,route,routename,tway_id,tway_id2,milept,mileptname,latitude,latitudename,longitud,longitudname,sp_jur,sp_jurname,harm_ev,harm_evname,man_coll,man_collname,reljct1,reljct1name,reljct2,reljct2name,typ_int,typ_intname,wrk_zone,wrk_zonename,road_fnc,road_fncname,rel_road,rel_roadname,lgt_cond,lgt_condname,weather1,weather1name,weather2,weather2name,weather,weathername,sch_bus,sch_busname,rail,railname,not_hour,not_hourname,not_min,not_minname,arr_hour,arr_hourname,arr_min,arr_minname,hosp_hr,hosp_hrname,hosp_mn,hosp_mnname,cf1,cf1name,cf2,cf2name,cf3,cf3name,fatals,drunk_dr
2018,29,290354,Missouri,1,1,0,0,0,1,1,215,TEXAS (215),0,NOT APPLICABLE,17,17,6,June,2018,1,Sunday,11,11:00am-11:59am,38,38,1,This section IS ON the NHS,1,Rural,2,Principal Arterial - Other Freeways and Expressways,1,State Highway Agency,2,U.S. Highway,US-60,,139,139,37.06458333,37.06458333,-92.038138890,-92.038138890,0,No Special Jurisdiction,1,Rollover/Overturn,0,Not a Collision with Motor Vehicle In-Transport,0,No,1,Non-Junction,1,Not an Intersection,0,None,,,4,On Roadside,1,Daylight,1,Clear,0,No Additional Atmospheric Conditions,1,Clear,0,No,0000000,Not Applicable,99,Unknown,98,Unknown if Notified,99,Unknown EMS Scene Arrival Hour,98,Unknown if Arrived,88,Not Applicable (Not Transported),88,Not Applicable (Not Transported),0,None,0,None,0,None,1,0
2018,29,290355,Missouri,1,1,0,0,0,2,2,29,CAMDEN (29),0,NOT APPLICABLE,6,6,4,April,2018,6,Friday,18,6:00pm-6:59pm,30,30,1,This section IS ON the NHS,1,Rural,3,Principal Arterial - Other,1,State Highway Agency,3,State Highway,SR-5,,118,118,38.06927778,38.06927778,-92.800333330,-92.800333330,0,No Special Jurisdiction,59,Traffic Sign Support,0,Not a Collision with Motor Vehicle In-Transport,0,No,1,Non-Junction,1,Not an Intersection,0,None,,,4,On Roadside,1,Daylight,10,Cloudy,0,No Additional Atmospheric Conditions,10,Cloudy,0,No,0000000,Not Applicable,18,6:00pm-6:59pm,29,29,18,6:00pm-6:59pm,36,36,19,7:00pm-7:59pm,17,17,0,None,0,None,0,None,1,1
2018,29,290356,Missouri,1,1,0,0,0,1,1,71,FRANKLIN (71),3321,GRAY SUMMIT,18,18,6,June,2018,2,Monday,3,3:00am-3:59am,7,7,0,This section IS NOT on the NHS,2,Urban,6,Minor Collector,2,County Highway Agency,4,County Road,CR-HOGAN RD,,8,8,38.48841667,38.48841667,-90.803222220,-90.803222220,0,No Special Jurisdiction,1,Rollover/Overturn,0,Not a Collision with Motor Vehicle In-Transport,0,No,1,Non-Junction,1,Not an Intersection,0,None,,,4,On Roadside,2,Dark - Not Lighted,1,Clear,0,No Additional Atmospheric Conditions,1,Clear,0,No,0000000,Not Applicable,3,3:00am-3:59am,7,7,3,3:00am-3:59am,17,17,88,Not Applicable (Not Transported),88,Not Applicable (Not Transported),0,None,0,None,0,None,1,1
2018,29,290357,Missouri,1,1,0,1,1,1,1,47,CLAY (47),5770,NORTH KANSAS CITY,20,20,6,June,2018,4,Wednesday,16,4:00pm-4:59pm,11,11,0,This section IS NOT on the NHS,2,Urban,4,Minor Arterial,4,City or Municipal Highway Agency,6,Local Street - Municipality,ARMOUR RD,,6,6,39.14316111,39.14316111,-94.570558330,-94.570558330,0,No Special Jurisdiction,8,Pedestrian,0,Not a Collision with Motor Vehicle In-Transport,0,No,1,Non-Junction,1,Not an Intersection,0,None,,,1,On Roadway,1,Daylight,1,Clear,0,No Additional Atmospheric Conditions,1,Clear,0,No,0000000,Not Applicable,16,4:00pm-4:59pm,11,11,16,4:00pm-4:59pm,13,13,16,4:00pm-4:59pm,23,23,16,Non-occupant struck vehicle,20,Police Pursuit Involved,0,None,1,0
2018,29,290358,Missouri,2,2,0,0,0,2,2,189,ST. LOUIS (189),0,NOT APPLICABLE,20,20,6,June,2018,4,Wednesday,18,6:00pm-6:59pm,26,26,0,This section IS NOT on the NHS,2,Urban,4,Minor Arterial,2,County Highway Agency,4,County Road,CR-HAWKINS RD,PVT CHERRY HILL PARK DR,9,9,38.51524167,38.51524167,-90.492352780,-90.492352780,0,No Special Jurisdiction,12,Motor Vehicle In-Transport,6,Angle,0,No,3,Intersection-Related,2,Four-Way Intersection,0,None,,,1,On Roadway,1,Daylight,10,Cloudy,0,No Additional Atmospheric Conditions,10,Cloudy,0,No,0000000,Not Applicable,18,6:00pm-6:59pm,28,28,18,6:00pm-6:59pm,34,34,18,6:00pm-6:59pm,55,55,0,None,0,None,0,None,1,0
2018,29,290359,Missouri,1,1,0,0,0,1,1,141,MORGAN (141),4445,LAURIE,20,20,6,June,2018,4,Wednesday,22,10:00pm-10:59pm,53,53,0,This section IS NOT on the NHS,1,Rural,7,Local,4,City or Municipal Highway Agency,6,Local Street - Municipality,BASS POINT RD,,5,5,38.19366667,38.19366667,-92.809138890,-92.809138890,0,No Special Jurisdiction,42,Tree (Standing Only),0,Not a Collision with Motor Vehicle In-Transport,0,No,1,Non-Junction,1,Not an Intersection,0,None,,,4,On Roadside,2,Dark - Not Lighted,10,Cloudy,0,No Additional Atmospheric Conditions,10,Cloudy,0,No,0000000,Not Applicable,22,10:00pm-10:59pm,55,55,23,11:00pm-11:59pm,1,1,23,11:00pm-11:59pm,55,55,0,None,0,None,0,None,1,1
2018,29,290360,Missouri,1,1,0,0,0,1,1,151,OSAGE (151),0,NOT APPLICABLE,20,20,6,June,2018,4,Wednesday,11,11:00am-11:59am,25,25,1,This section IS ON the NHS,1,Rural,3,Principal Arterial - Other,1,State Highway Agency,2,U.S. Highway,US-63,,61,61,38.41797222,38.41797222,-91.977722220,-91.977722220,0,No Special Jurisdiction,58,Ground,0,Not a Collision with Motor Vehicle In-Transport,0,No,1,Non-Junction,1,Not an Intersection,0,None,,,4,On Roadside,1,Daylight,1,Clear,0,No Additional Atmospheric Conditions,1,Clear,0,No,0000000,Not Applicable,99,Unknown,98,Unknown if Notified,99,Unknown EMS Scene Arrival Hour,98,Unknown if Arrived,88,Not Applicable (Not Transported),88,Not Applicable (Not Transported),0,None,0,None,0,None,1,0
2018,29,290361,Missouri,3,3,0,3,3,1,1,47,CLAY (47),4120,KANSAS CITY,21,21,6,June,2018,5,Thursday,0,0:00am-0:59am,56,56,1,This section IS ON the NHS,2,Urban,2,Principal Arterial - Other Freeways and Expressways,1,State Highway Agency,2,U.S. Highway,US-169,,13,13,39.13077778,39.13077778,-94.586866670,-94.586866670,0,No Special Jurisdiction,8,Pedestrian,0,Not a Collision with Motor Vehicle In-Transport,0,No,1,Non-Junction,1,Not an Intersection,0,None,,,1,On Roadway,2,Dark - Not Lighted,10,Cloudy,0,No Additional Atmospheric Conditions,10,Cloudy,0,No,0000000,Not Applicable,0,0:00am-0:59am,56,56,1,1:00am-1:59am,6,6,1,1:00am-1:59am,27,27,23,Indication of a Stalled/Disabled Vehicle,0,None,0,None,2,0
2018,29,290362,Missouri,1,1,0,0,0,1,1,189,ST. LOUIS (189),7665,SUNSET HILLS,21,21,6,June,2018,5,Thursday,3,3:00am-3:59am,31,31,0,This section IS NOT on the NHS,2,Urban,4,Minor Arterial,2,County Highway Agency,4,County Road,CR-SAPPINGTON RD,,20,20,38.54275278,38.54275278,-90.379938890,-90.379938890,0,No Special Jurisdiction,38,Fence,0,Not a Collision with Motor Vehicle In-Transport,0,No,1,Non-Junction,1,Not an Intersection,0,None,,,5,Outside Trafficway,3,Dark - Lighted,10,Cloudy,0,No Additional Atmospheric Conditions,10,Cloudy,0,No,0000000,Not Applicable,3,3:00am-3:59am,39,39,3,3:00am-3:59am,48,48,4,4:00am-4:59am,0,0,0,None,0,None,0,None,1,1
2018,29,290363,Missouri,2,1,1,1,3,1,3,510,ST. LOUIS (CITY) (510),7080,ST LOUIS,21,21,6,June,2018,5,Thursday,6,6:00am-6:59am,23,23,1,This section IS ON the NHS,2,Urban,1,Interstate,1,State Highway Agency,1,Interstate,I-55,,46,46,38.58860556,38.58860556,-90.214180560,-90.214180560,0,No Special Jurisdiction,14,Parked Motor Vehicle,0,Not a Collision with Motor Vehicle In-Transport,0,No,1,Non-Junction,1,Not an Intersection,0,None,,,2,On Shoulder,1,Daylight,1,Clear,0,No Additional Atmospheric Conditions,1,Clear,0,No,0000000,Not Applicable,6,6:00am-6:59am,21,21,6,6:00am-6:59am,33,33,88,Not Applicable (Not Transported),88,Not Applicable (Not Transported),23,Indication of a Stalled/Disabled Vehicle,0,None,0,None,1,0
2018,29,290364,Missouri,1,1,0,0,0,1,1,175,RANDOLPH (175),0,NOT APPLICABLE,22,22,6,June,2018,6,Friday,13,1:00pm-1:59pm,58,58,0,This section IS NOT on the NHS,1,Rural,7,Local,2,County Highway Agency,4,County Road,CR-2655,,6,6,39.31955556,39.31955556,-92.386777780,-92.386777780,0,No Special Jurisdiction,10,Railway Vehicle,0,Not a Collision with Motor Vehicle In-Transport,0,No,6,Railway Grade Crossing,1,Not an Intersection,0,None,,,1,On Roadway,1,Daylight,10,Cloudy,0,No Additional Atmospheric Conditions,10,Cloudy,0,No,483681M,483681M,99,Unknown,98,Unknown if Notified,99,Unknown EMS Scene Arrival Hour,98,Unknown if Arrived,88,Not Applicable (Not Transported),88,Not Applicable (Not Transported),0,None,0,None,0,None,1,0
2018,29,290365,Missouri,1,1,0,0,0,1,1,35,CARTER (35),0,NOT APPLICABLE,23,23,6,June,2018,7,Saturday,1,1:00am-1:59am,10,10,1,This section IS ON the NHS,1,Rural,2,Principal Arterial - Other Freeways and Expressways,1,State Highway Agency,2,U.S. Highway,US-60,,273,273,36.95511111,36.95511111,-90.833694440,-90.833694440,0,No Special Jurisdiction,59,Traffic Sign Support,0,Not a Collision with Motor Vehicle In-Transport,0,No,1,Non-Junction,1,Not an Intersection,0,None,,,4,On Roadside,2,Dark - Not Lighted,1,Clear,0,No Additional Atmospheric Conditions,1,Clear,0,No,0000000,Not Applicable,1,1:00am-1:59am,19,19,1,1:00am-1:59am,34,34,2,2:00am-2:59am,15,15,0,None,0,None,0,None,1,1
2018,29,290366,Missouri,4,4,0,0,0,7,7,37,CASS (37),6160,PECULIAR,15,15,6,June,2018,6,Friday,14,2:00pm-2:59pm,3,3,1,This section IS ON the NHS,2,Urban,1,Interstate,1,State Highway Agency,1,Interstate,I-49,,94,94,38.72461111,38.72461111,-94.456666670,-94.456666670,0,No Special Jurisdiction,12,Motor Vehicle In-Transport,1,Front-to-Rear,1,Yes,18,Through Roadway,1,Not an Intersection,1,Construction,,,1,On Roadway,1,Daylight,1,Clear,0,No Additional Atmospheric Conditions,1,Clear,0,No,0000000,Not Applicable,14,2:00pm-2:59pm,18,18,14,2:00pm-2:59pm,22,22,15,3:00pm-3:59pm,9,9,0,None,0,None,0,None,1,0
2018,29,290367,Missouri,2,2,0,0,0,2,2,107,LAFAYETTE (107),4550,LEXINGTON,16,16,6,June,2018,7,Saturday,12,12:00pm-12:59pm,18,18,0,This section IS NOT on the NHS,1,Rural,5,Major Collector,1,State Highway Agency,3,State Highway,SR-224,25TH ST,139,139,39.18508333,39.18508333,-93.865666670,-93.865666670,0,No Special Jurisdiction,12,Motor Vehicle In-Transport,6,Angle,0,No,3,Intersection-Related,3,T-Intersection,0,None,,,1,On Roadway,1,Daylight,1,Clear,0,No Additional Atmospheric Conditions,1,Clear,0,No,0000000,Not Applicable,12,12:00pm-12:59pm,23,23,12,12:00pm-12:59pm,42,42,13,1:00pm-1:59pm,9,9,0,None,0,None,0,None,1,0
2018,29,290368,Missouri,2,2,0,0,0,3,3,71,FRANKLIN (71),0,NOT APPLICABLE,23,23,6,June,2018,7,Saturday,22,10:00pm-10:59pm,0,0,1,This section IS ON the NHS,1,Rural,3,Principal Arterial - Other,1,State Highway Agency,3,State Highway,SR-47,,124,124,38.38750000,38.38750000,-90.981083330,-90.981083330,0,No Special Jurisdiction,12,Motor Vehicle In-Transport,2,Front-to-Front,0,No,1,Non-Junction,1,Not an Intersection,0,None,,,1,On Roadway,2,Dark - Not Lighted,1,Clear,0,No Additional Atmospheric Conditions,1,Clear,0,No,0000000,Not Applicable,22,10:00pm-10:59pm,5,5,22,10:00pm-10:59pm,17,17,22,10:00pm-10:59pm,44,44,0,None,0,None,0,None,1,1
2018,29,290369,Missouri,1,1,0,0,0,1,1,29,CAMDEN (29),0,NOT APPLICABLE,23,23,6,June,2018,7,Saturday,13,1:00pm-1:59pm,35,35,0,This section IS NOT on the NHS,1,Rural,7,Local,26,Private (other than Railroad),6,Local Street - Municipality,FLINTSTONE DR,,1,1,38.16227778,38.16227778,-92.875277780,-92.875277780,0,No Special Jurisdiction,1,Rollover/Overturn,0,Not a Collision with Motor Vehicle In-Transport,0,No,1,Non-Junction,1,Not an Intersection,0,None,,,4,On Roadside,1,Daylight,1,Clear,0,No Additional Atmospheric Conditions,1,Clear,0,No,0000000,Not Applicable,13,1:00pm-1:59pm,53,53,14,2:00pm-2:59pm,38,38,15,3:00pm-3:59pm,30,30,0,None,0,None,0,None,1,0
2018,29,290370,Missouri,1,1,0,0,0,2,2,141,MORGAN (141),0,NOT APPLICABLE,23,23,6,June,2018,7,Saturday,99,Unknown Hours,99,Unknown Minutes,0,This section IS NOT on the NHS,1,Rural,7,Local,2,County Highway Agency,4,County Road,CR-RITCHIE RD,,7,7,38.37955556,38.37955556,-92.918305560,-92.918305560,0,No Special Jurisdiction,38,Fence,0,Not a Collision with Motor Vehicle In-Transport,0,No,1,Non-Junction,1,Not an Intersection,0,None,,,5,Outside Trafficway,1,Daylight,1,Clear,0,No Additional Atmospheric Conditions,1,Clear,0,No,0000000,Not Applicable,17,5:00pm-5:59pm,31,31,17,5:00pm-5:59pm,55,55,18,6:00pm-6:59pm,27,27,0,None,0,None,0,None,1,1
2018,29,290371,Missouri,2,2,0,0,0,8,8,183,ST. CHARLES (183),0,NOT APPLICABLE,23,23,6,June,2018,7,Saturday,15,3:00pm-3:59pm,25,25,0,This section IS NOT on the NHS,1,Rural,4,Minor Arterial,1,State Highway Agency,3,State Highway,SR-94,CR-EMKE RD,8,8,38.57972222,38.57972222,-90.950388890,-90.950388890,0,No Special Jurisdiction,1,Rollover/Overturn,0,Not a Collision with Motor Vehicle In-Transport,0,No,3,Intersection-Related,2,Four-Way Intersection,0,None,,,1,On Roadway,1,Daylight,1,Clear,0,No Additional Atmospheric Conditions,1,Clear,0,No,0000000,Not Applicable,15,3:00pm-3:59pm,28,28,15,3:00pm-3:59pm,53,53,16,4:00pm-4:59pm,16,16,0,None,0,None,0,None,1,1
2018,29,290372,Missouri,2,2,0,0,0,4,4,91,HOWELL (91),0,NOT APPLICABLE,23,23,6,June,2018,7,Saturday,17,5:00pm-5:59pm,25,25,0,This section IS NOT on the NHS,1,Rural,4,Minor Arterial,1,State Highway Agency,3,State Highway,SR-14,,53,53,36.80391667,36.80391667,-91.999111110,-91.999111110,0,No Special Jurisdiction,12,Motor Vehicle In-Transport,2,Front-to-Front,0,No,1,Non-Junction,1,Not an Intersection,0,None,,,1,On Roadway,1,Daylight,1,Clear,0,No Additional Atmospheric Conditions,1,Clear,0,No,0000000,Not Applicable,99,Unknown,98,Unknown if Notified,99,Unknown EMS Scene Arrival Hour,98,Unknown if Arrived,88,Not Applicable (Not Transported),88,Not Applicable (Not Transported),0,None,0,None,0,None,1,0
2018,29,290373,Missouri,1,1,0,0,0,3,3,145,NEWTON (145),0,NOT APPLICABLE,24,24,6,June,2018,1,Sunday,2,2:00am-2:59am,35,35,0,This section IS NOT on the NHS,1,Rural,7,Local,2,County Highway Agency,4,County Road,CR-SPURGEON RD,,6,6,36.98694444,36.98694444,-94.468527780,-94.468527780,0,No Special Jurisdiction,42,Tree (Standing Only),0,Not a Collision with Motor Vehicle In-Transport,0,No,1,Non-Junction,1,Not an Intersection,0,None,,,4,On Roadside,2,Dark - Not Lighted,1,Clear,0,No Additional Atmospheric Conditions,1,Clear,0,No,0000000,Not Applicable,2,2:00am-2:59am,30,30,2,2:00am-2:59am,46,46,3,3:00am-3:59am,5,5,0,None,0,None,0,None,1,0
2018,29,290374,Missouri,1,1,0,0,0,1,1,149,OREGON (149),0,NOT APPLICABLE,24,24,6,June,2018,1,Sunday,21,9:00pm-9:59pm,15,15,0,This section IS NOT on the NHS,1,Rural,4,Minor Arterial,1,State Highway Agency,3,State Highway,SR-19,,2,2,36.88372222,36.88372222,-91.330444440,-91.330444440,0,No Special Jurisdiction,59,Traffic Sign Support,0,Not a Collision with Motor Vehicle In-Transport,0,No,1,Non-Junction,1,Not an Intersection,0,None,,,4,On Roadside,2,Dark - Not Lighted,1,Clear,0,No Additional Atmospheric Conditions,1,Clear,0,No,0000000,Not Applicable,99,Unknown,98,Unknown if Notified,99,Unknown EMS Scene Arrival Hour,98,Unknown if Arrived,88,Not Applicable (Not Transported),88,Not Applicable (Not Transported),0,None,0,None,0,None,1,1
2018,29,290375,Missouri,1,1,0,0,0,1,1,49,CLINTON (49),0,NOT APPLICABLE,25,25,6,June,2018,2,Monday,11,11:00am-11:59am,35,35,0,This section IS NOT on the NHS,1,Rural,7,Local,26,Private (other than Railroad),8,Other,PVT-UNNAMED PRIVATE RD,,2,2,39.65719444,39.65719444,-94.210805560,-94.210805560,1,National Park Service,42,Tree (Standing Only),0,Not a Collision with Motor Vehicle In-Transport,0,No,1,Non-Junction,1,Not an Intersection,0,None,,,4,On Roadside,1,Daylight,2,Rain,10,Cloudy,2,Rain,0,No,0000000,Not Applicable,11,11:00am-11:59am,39,39,11,11:00am-11:59am,50,50,12,12:00pm-12:59pm,17,17,0,None,0,None,0,None,1,0
2018,29,290376,Missouri,2,2,0,0,0,4,4,127,MARION (127),0,NOT APPLICABLE,24,24,6,June,2018,1,Sunday,9,9:00am-9:59am,15,15,0,This section IS NOT on the NHS,1,Rural,5,Major Collector,1,State Highway Agency,3,State Highway,SR-J,,16,16,39.87641667,39.87641667,-91.828333330,-91.828333330,0,No Special Jurisdiction,12,Motor Vehicle In-Transport,2,Front-to-Front,0,No,1,Non-Junction,1,Not an Intersection,0,None,,,1,On Roadway,1,Daylight,1,Clear,0,No Additional Atmospheric Conditions,1,Clear,0,No,0000000,Not Applicable,9,9:00am-9:59am,25,25,9,9:00am-9:59am,50,50,10,10:00am-10:59am,46,46,0,None,0,None,0,None,1,0
2018,29,290377,Missouri,4,4,0,0,0,4,4,131,MILLER (131),0,NOT APPLICABLE,25,25,6,June,2018,2,Monday,14,2:00pm-2:59pm,5,5,0,This section IS NOT on the NHS,1,Rural,4,Minor Arterial,1,State Highway Agency,3,State Highway,SR-17,,48,48,38.28427778,38.28427778,-92.423916670,-92.423916670,0,No Special Jurisdiction,12,Motor Vehicle In-Transport,8,Sideswipe - Opposite Direction,0,No,1,Non-Junction,1,Not an Intersection,0,None,,,1,On Roadway,1,Daylight,10,Cloudy,0,No Additional Atmospheric Conditions,10,Cloudy,0,No,0000000,Not Applicable,7,7:00am-7:59am,29,29,7,7:00am-7:59am,39,39,88,Not Applicable (Not Transported),88,Not Applicable (Not Transported),14,"Motor Vehicle struck by falling cargo,or something that came loose from or something that was set in motion by a vehicle",0,None,0,None,1,0
2018,29,290378,Missouri,2,2,0,0,0,3,3,19,BOONE (19),0,NOT APPLICABLE,27,27,6,June,2018,4,Wednesday,14,2:00pm-2:59pm,45,45,1,This section IS ON the NHS,1,Rural,2,Principal Arterial - Other Freeways and Expressways,1,State Highway Agency,2,U.S. Highway,US-63,CR-OLD HWY 63,353,353,39.12408333,39.12408333,-92.332333330,-92.332333330,0,No Special Jurisdiction,58,Ground,0,Not a Collision with Motor Vehicle In-Transport,0,No,1,Non-Junction,1,Not an Intersection,0,None,,,3,On Median,1,Daylight,1,Clear,0,No Additional Atmospheric Conditions,1,Clear,0,No,0000000,Not Applicable,14,2:00pm-2:59pm,48,48,15,3:00pm-3:59pm,0,0,15,3:00pm-3:59pm,34,34,14,"Motor Vehicle struck by falling cargo,or something that came loose from or something that was set in motion by a vehicle",0,None,0,None,1,0
2018,29,290379,Missouri,1,1,0,0,0,1,1,43,CHRISTIAN (43),0,NOT APPLICABLE,27,27,6,June,2018,4,Wednesday,18,6:00pm-6:59pm,41,41,0,This section IS NOT on the NHS,1,Rural,7,Local,2,County Highway Agency,4,County Road,CR-GRIESEMER RD,,14,14,37.06875000,37.06875000,-93.588305560,-93.588305560,0,No Special Jurisdiction,38,Fence,0,Not a Collision with Motor Vehicle In-Transport,0,No,1,Non-Junction,1,Not an Intersection,0,None,,,5,Outside Trafficway,1,Daylight,1,Clear,0,No Additional Atmospheric Conditions,1,Clear,0,No,0000000,Not Applicable,18,6:00pm-6:59pm,51,51,19,7:00pm-7:59pm,0,0,88,Not Applicable (Not Transported),88,Not Applicable (Not Transported),20,Police Pursuit Involved,0,None,0,None,1,1
2018,29,290380,Missouri,2,2,0,0,0,3,3,183,ST. CHARLES (183),8280,WENTZVILLE,28,28,6,June,2018,5,Thursday,6,6:00am-6:59am,4,4,1,This section IS ON the NHS,2,Urban,2,Principal Arterial - Other Freeways and Expressways,1,State Highway Agency,2,U.S. Highway,US-61,,165,165,38.85105556,38.85105556,-90.867861110,-90.867861110,0,No Special Jurisdiction,1,Rollover/Overturn,0,Not a Collision with Motor Vehicle In-Transport,0,No,1,Non-Junction,1,Not an Intersection,1,Construction,,,1,On Roadway,1,Daylight,10,Cloudy,0,No Additional Atmospheric Conditions,10,Cloudy,0,No,0000000,Not Applicable,6,6:00am-6:59am,6,6,6,6:00am-6:59am,15,15,6,6:00am-6:59am,58,58,0,None,0,None,0,None,2,1
2018,29,290381,Missouri,1,1,0,0,0,1,1,135,MONITEAU (135),0,NOT APPLICABLE,28,28,6,June,2018,5,Thursday,21,9:00pm-9:59pm,20,20,0,This section IS NOT on the NHS,1,Rural,7,Local,2,County Highway Agency,4,County Road,CR-MORRIS RD,,3,3,38.49602778,38.49602778,-92.548388890,-92.548388890,0,No Special Jurisdiction,34,Ditch,0,Not a Collision with Motor Vehicle In-Transport,0,No,1,Non-Junction,1,Not an Intersection,0,None,,,4,On Roadside,2,Dark - Not Lighted,1,Clear,0,No Additional Atmospheric Conditions,1,Clear,0,No,0000000,Not Applicable,21,9:00pm-9:59pm,21,21,21,9:00pm-9:59pm,43,43,88,Not Applicable (Not Transported),88,Not Applicable (Not Transported),0,None,0,None,0,None,1,1
2018,29,290382,Missouri,2,2,0,0,0,3,3,101,JOHNSON (101),0,NOT APPLICABLE,29,29,6,June,2018,6,Friday,4,4:00am-4:59am,0,0,1,This section IS ON the NHS,1,Rural,2,Principal Arterial - Other Freeways and Expressways,1,State Highway Agency,2,U.S. Highway,US-50,,25,25,38.86819444,38.86819444,-94.070277780,-94.070277780,0,No Special Jurisdiction,12,Motor Vehicle In-Transport,1,Front-to-Rear,0,No,1,Non-Junction,1,Not an Intersection,0,None,,,1,On Roadway,2,Dark - Not Lighted,1,Clear,0,No Additional Atmospheric Conditions,1,Clear,0,No,0000000,Not Applicable,4,4:00am-4:59am,1,1,4,4:00am-4:59am,10,10,5,5:00am-5:59am,26,26,0,None,0,None,0,None,1,1
2018,29,290383,Missouri,1,1,0,0,0,1,1,21,BUCHANAN (21),0,NOT APPLICABLE,29,29,6,June,2018,6,Friday,99,Unknown Hours,99,Unknown Minutes,0,This section IS NOT on the NHS,1,Rural,5,Major Collector,1,State Highway Agency,3,State Highway,SR-31,,33,33,39.73166667,39.73166667,-94.641638890,-94.641638890,0,No Special Jurisdiction,58,Ground,0,Not a Collision with Motor Vehicle In-Transport,0,No,1,Non-Junction,1,Not an Intersection,0,None,,,4,On Roadside,2,Dark - Not Lighted,1,Clear,0,No Additional Atmospheric Conditions,1,Clear,0,No,0000000,Not Applicable,14,2:00pm-2:59pm,39,39,14,2:00pm-2:59pm,50,50,88,Not Applicable (Not Transported),88,Not Applicable (Not Transported),0,None,0,None,0,None,1,1
2018,29,290384,Missouri,1,1,0,0,0,1,1,213,TANEY (213),0,NOT APPLICABLE,30,30,6,June,2018,7,Saturday,1,1:00am-1:59am,30,30,0,This section IS NOT on the NHS,2,Urban,4,Minor Arterial,1,State Highway Agency,3,State Highway,SR-F,,11,11,36.71794444,36.71794444,-93.205805560,-93.205805560,0,No Special Jurisdiction,24,Guardrail Face,0,Not a Collision with Motor Vehicle In-Transport,0,No,1,Non-Junction,1,Not an Intersection,0,None,,,4,On Roadside,2,Dark - Not Lighted,1,Clear,0,No Additional Atmospheric Conditions,1,Clear,0,No,0000000,Not Applicable,1,1:00am-1:59am,31,31,1,1:00am-1:59am,38,38,1,1:00am-1:59am,57,57,0,None,0,None,0,None,1,1
2018,29,290385,Missouri,1,1,0,0,0,2,2,211,SULLIVAN (211),0,NOT APPLICABLE,30,30,6,June,2018,7,Saturday,18,6:00pm-6:59pm,40,40,0,This section IS NOT on the NHS,1,Rural,7,Local,2,County Highway Agency,4,County Road,CR-MEAD RD,,37,37,40.28666667,40.28666667,-92.881777780,-92.881777780,0,No Special Jurisdiction,1,Rollover/Overturn,0,Not a Collision with Motor Vehicle In-Transport,0,No,1,Non-Junction,1,Not an Intersection,0,None,,,4,On Roadside,1,Daylight,1,Clear,0,No Additional Atmospheric Conditions,1,Clear,0,No,0000000,Not Applicable,18,6:00pm-6:59pm,48,48,18,6:00pm-6:59pm,59,59,20,8:00pm-8:59pm,20,20,0,None,0,None,0,None,1,1
2018,29,290386,Missouri,2,2,0,0,0,4,4,95,JACKSON (95),3940,INDEPENDENCE,1,1,7,July,2018,1,Sunday,13,1:00pm-1:59pm,14,14,1,This section IS ON the NHS,2,Urban,3,Principal Arterial - Other,4,City or Municipal Highway Agency,6,Local Street - Municipality,LITTLE BLUE PKWY,R D MIZE RD,63,63,39.06208333,39.06208333,-94.341783330,-94.341783330,0,No Special Jurisdiction,12,Motor Vehicle In-Transport,6,Angle,0,No,2,Intersection,2,Four-Way Intersection,0,None,,,1,On Roadway,1,Daylight,1,Clear,0,No Additional Atmospheric Conditions,1,Clear,0,No,0000000,Not Applicable,13,1:00pm-1:59pm,18,18,13,1:00pm-1:59pm,22,22,13,1:00pm-1:59pm,55,55,0,None,0,None,0,None,1,0
2018,29,290387,Missouri,2,2,0,0,0,2,2,113,LINCOLN (113),0,NOT APPLICABLE,2,2,7,July,2018,2,Monday,17,5:00pm-5:59pm,47,47,1,This section IS ON the NHS,1,Rural,2,Principal Arterial - Other Freeways and Expressways,1,State Highway Agency,2,U.S. Highway,US-61,,7,7,39.21458333,39.21458333,-91.007222220,-91.007222220,0,No Special Jurisdiction,12,Motor Vehicle In-Transport,6,Angle,0,No,1,Non-Junction,1,Not an Intersection,0,None,,,1,On Roadway,1,Daylight,1,Clear,0,No Additional Atmospheric Conditions,1,Clear,0,No,0000000,Not Applicable,17,5:00pm-5:59pm,57,57,18,6:00pm-6:59pm,17,17,18,6:00pm-6:59pm,57,57,0,None,0,None,0,None,1,0
2018,29,290388,Missouri,1,1,0,0,0,3,3,177,RAY (177),0,NOT APPLICABLE,3,3,7,July,2018,3,Tuesday,9,9:00am-9:59am,57,57,0,This section IS NOT on the NHS,1,Rural,7,Local,2,County Highway Agency,4,County Road,CR-W 160TH ST,,2,2,39.38177778,39.38177778,-94.177750000,-94.177750000,0,No Special Jurisdiction,52,Guardrail End,0,Not a Collision with Motor Vehicle In-Transport,0,No,1,Non-Junction,1,Not an Intersection,0,None,,,4,On Roadside,1,Daylight,1,Clear,0,No Additional Atmospheric Conditions,1,Clear,0,No,0000000,Not Applicable,10,10:00am-10:59am,8,8,10,10:00am-10:59am,13,13,99,Unknown,99,Unknown EMS Hospital Arrival Time,0,None,0,None,0,None,1,0