caseyear,state,st_case,statename,ve_total,ve_forms,pvh_invl,peds,pernotmvit,permvit,persons,county,countyname,city,cityname,day,dayname,month,monthname,year,day_week,day_weekname,hour,hourname,minute,minutename,nhs,nhsname,rur_urb,rur_urbname,func_sys,func_sysname,rd_owner,rd_ownername,route,routename,tway_id,tway_id2,milept,mileptname,latitude,latitudename,longitud,longitudname,sp_jur,sp_jurname,harm_ev,harm_evname,man_coll,man_collname,reljct1,reljct1name,reljct2,reljct2name,typ_int,typ_intname,wrk_zone,wrk_zonename,road_fnc,road_fncname,rel_road,rel_roadname,lgt_cond,lgt_condname,weather1,weather1name,weather2,weather2name,weather,weathername,sch_bus,sch_busname,rail,railname,not_hour,not_hourname,not_min,not_minname,arr_hour,arr_hourname,arr_min,arr_minname,hosp_hr,hosp_hrname,hosp_mn,hosp_mnname,cf1,cf1name,cf2,cf2name,cf3,cf3name,fatals,drunk_dr
2018,29,290389,Missouri,1,1,0,0,0,1,1,179,REYNOLDS (179),0,NOT APPLICABLE,4,4,7,July,2018,4,Wednesday,11,11:00am-11:59am,40,40,0,This section IS NOT on the NHS,1,Rural,4,Minor Arterial,1,State Highway Agency,3,State Highway,SR-21,,239,239,37.29563889,37.29563889,-90.965638890,-90.965638890,0,No Special Jurisdiction,11,Live Animal,0,Not a Collision with Motor Vehicle In-Transport,0,No,1,Non-Junction,1,Not an Intersection,0,None,,,1,On Roadway,1,Daylight,1,Clear,0,No Additional Atmospheric Conditions,1,Clear,0,No,0000000,Not Applicable,99,Unknown,98,Unknown if Notified,99,Unknown EMS Scene Arrival Hour,98,Unknown if Arrived,88,Not Applicable (Not Transported),88,Not Applicable (Not Transported),0,None,0,None,0,None,1,0
2018,29,290390,Missouri,2,2,0,0,0,2,2,71,FRANKLIN (71),0,NOT APPLICABLE,4,4,7,July,2018,4,Wednesday,12,12:00pm-12:59pm,26,26,0,This section IS NOT on the NHS,1,Rural,4,Minor Arterial,1,State Highway Agency,3,State Highway,SR-100,,114,114,38.59752778,38.59752778,-91.199361110,-91.199361110,0,No Special Jurisdiction,12,Motor Vehicle In-Transport,2,Front-to-Front,0,No,1,Non-Junction,1,Not an Intersection,0,None,,,1,On Roadway,1,Daylight,1,Clear,0,No Additional Atmospheric Conditions,1,Clear,0,No,0000000,Not Applicable,99,Unknown,99,Unknown,99,Unknown EMS Scene Arrival Hour,99,Unknown EMS Scene Arrival Minutes,99,Unknown,99,Unknown EMS Hospital Arrival Time,0,None,0,None,0,None,1,0
2018,29,290391,Missouri,3,3,0,0,0,3,3,189,ST. LOUIS (189),0,NOT APPLICABLE,1,1,6,June,2018,6,Friday,23,11:00pm-11:59pm,20,20,1,This section IS ON the NHS,2,Urban,1,Interstate,1,State Highway Agency,1,Interstate,I-270,,58,58,38.77154167,38.77154167,-90.291111110,-90.291111110,0,No Special Jurisdiction,12,Motor Vehicle In-Transport,1,Front-to-Rear,0,No,1,Non-Junction,1,Not an Intersection,0,None,,,1,On Roadway,2,Dark - Not Lighted,1,Clear,0,No Additional Atmospheric Conditions,1,Clear,0,No,0000000,Not Applicable,23,11:00pm-11:59pm,31,31,23,11:00pm-11:59pm,40,40,23,11:00pm-11:59pm,59,59,0,None,0,None,0,None,1,1
2018,29,290392,Missouri,2,2,0,0,0,4,4,189,ST. LOUIS (189),8230,WEBSTER GROVES,22,22,6,June,2018,6,Friday,16,4:00pm-4:59pm,35,35,1,This section IS ON the NHS,2,Urban,1,Interstate,1,State Highway Agency,1,Interstate,I-44,,27,27,38.58001389,38.58001389,-90.361622220,-90.361622220,0,No Special Jurisdiction,12,Motor Vehicle In-Transport,6,Angle,1,Yes,18,Through Roadway,1,Not an Intersection,0,None,,,1,On Roadway,1,Daylight,10,Cloudy,0,No Additional Atmospheric Conditions,10,Cloudy,0,No,0000000,Not Applicable,16,4:00pm-4:59pm,41,41,16,4:00pm-4:59pm,46,46,17,5:00pm-5:59pm,34,34,0,None,0,None,0,None,1,0
2018,29,290393,Missouri,1,1,0,0,0,2,2,95,JACKSON (95),4120,KANSAS CITY,4,4,7,July,2018,4,Wednesday,0,0:00am-0:59am,32,32,0,This section IS NOT on the NHS,2,Urban,4,Minor Arterial,1,State Highway Agency,6,Local Street - Municipality,12TH ST,I-35 RP 103747,8,8,39.10040833,39.10040833,-94.594250000,-94.594250000,0,No Special Jurisdiction,33,Curb,0,Not a Collision with Motor Vehicle In-Transport,1,Yes,3,Intersection-Related,2,Four-Way Intersection,0,None,,,4,On Roadside,3,Dark - Lighted,1,Clear,0,No Additional Atmospheric Conditions,1,Clear,0,No,0000000,Not Applicable,0,0:00am-0:59am,33,33,0,0:00am-0:59am,42,42,0,0:00am-0:59am,56,56,0,None,0,None,0,None,1,1
2018,29,290394,Missouri,1,1,0,0,0,1,1,95,JACKSON (95),4120,KANSAS CITY,4,4,7,July,2018,4,Wednesday,1,1:00am-1:59am,25,25,0,This section IS NOT on the NHS,2,Urban,5,Major Collector,4,City or Municipal Highway Agency,6,Local Street - Municipality,104TH ST,,3,3,38.93961944,38.93961944,-94.578072220,-94.578072220,0,No Special Jurisdiction,33,Curb,0,Not a Collision with Motor Vehicle In-Transport,0,No,1,Non-Junction,1,Not an Intersection,0,None,,,3,On Median,3,Dark - Lighted,1,Clear,0,No Additional Atmospheric Conditions,1,Clear,0,No,0000000,Not Applicable,1,1:00am-1:59am,25,25,1,1:00am-1:59am,30,30,88,Not Applicable (Not Transported),88,Not Applicable (Not Transported),0,None,0,None,0,None,1,1
2018,29,290395,Missouri,1,1,0,0,0,1,1,47,CLAY (47),0,NOT APPLICABLE,5,5,7,July,2018,5,Thursday,3,3:00am-3:59am,10,10,0,This section IS NOT on the NHS,1,Rural,7,Local,2,County Highway Agency,4,County Road,CR-SALEM RD,,28,28,39.39708333,39.39708333,-94.216083330,-94.216083330,0,No Special Jurisdiction,58,Ground,0,Not a Collision with Motor Vehicle In-Transport,0,No,1,Non-Junction,1,Not an Intersection,0,None,,,4,On Roadside,2,Dark - Not Lighted,10,Cloudy,0,No Additional Atmospheric Conditions,10,Cloudy,0,No,0000000,Not Applicable,3,3:00am-3:59am,7,7,3,3:00am-3:59am,18,18,88,Not Applicable (Not Transported),88,Not Applicable (Not Transported),0,None,0,None,0,None,1,1
2018,29,290396,Missouri,1,1,0,0,0,2,2,121,MACON (121),0,NOT APPLICABLE,5,5,7,July,2018,5,Thursday,10,10:00am-10:59am,40,40,1,This section IS ON the NHS,1,Rural,2,Principal Arterial - Other Freeways and Expressways,1,State Highway Agency,2,U.S. Highway,US-63,,185,185,39.86752778,39.86752778,-92.478055560,-92.478055560,0,No Special Jurisdiction,59,Traffic Sign Support,0,Not a Collision with Motor Vehicle In-Transport,0,No,1,Non-Junction,1,Not an Intersection,0,None,,,4,On Roadside,1,Daylight,1,Clear,0,No Additional Atmospheric Conditions,1,Clear,0,No,0000000,Not Applicable,10,10:00am-10:59am,45,45,11,11:00am-11:59am,7,7,12,12:00pm-12:59pm,4,4,0,None,0,None,0,None,1,0
2018,29,290397,Missouri,2,2,0,0,0,3,3,43,CHRISTIAN (43),3680,HIGHLANDVILLE,5,5,7,July,2018,5,Thursday,14,2:00pm-2:59pm,48,48,0,This section IS NOT on the NHS,1,Rural,5,Major Collector,1,State Highway Agency,3,State Highway,SR-EE,,8,8,36.93383333,36.93383333,-93.274027780,-93.274027780,0,No Special Jurisdiction,12,Motor Vehicle In-Transport,2,Front-to-Front,0,No,1,Non-Junction,1,Not an Intersection,0,None,,,1,On Roadway,1,Daylight,1,Clear,0,No Additional Atmospheric Conditions,1,Clear,0,No,0000000,Not Applicable,14,2:00pm-2:59pm,50,50,14,2:00pm-2:59pm,58,58,15,3:00pm-3:59pm,49,49,0,None,0,None,0,None,1,1
2018,29,290398,Missouri,3,2,1,0,1,7,8,53,COOPER (53),0,NOT APPLICABLE,5,5,7,July,2018,5,Thursday,9,9:00am-9:59am,34,34,1,This section IS ON the NHS,1,Rural,1,Interstate,1,State Highway Agency,1,Interstate,I-70,,47,47,38.93327778,38.93327778,-92.969027780,-92.969027780,0,No Special Jurisdiction,12,Motor Vehicle In-Transport,1,Front-to-Rear,0,No,1,Non-Junction,1,Not an Intersection,0,None,,,1,On Roadway,1,Daylight,1,Clear,0,No Additional Atmospheric Conditions,1,Clear,0,No,0000000,Not Applicable,9,9:00am-9:59am,40,40,10,10:00am-10:59am,21,21,10,10:00am-10:59am,46,46,19,Recent/Previous Crash scene Nearby,0,None,0,None,2,0
2018,29,290399,Missouri,1,1,0,1,1,1,1,77,GREENE (77),7460,SPRINGFIELD,6,6,7,July,2018,6,Friday,21,9:00pm-9:59pm,44,44,1,This section IS ON the NHS,2,Urban,3,Principal Arterial - Other,1,State Highway Agency,6,Local Street - Municipality,GLENSTONE AVE,,90,90,37.24329722,37.24329722,-93.260883330,-93.260883330,0,No Special Jurisdiction,8,Pedestrian,0,Not a Collision with Motor Vehicle In-Transport,0,No,1,Non-Junction,1,Not an Intersection,4,"Work Zone, Type Unknown",,,1,On Roadway,3,Dark - Lighted,1,Clear,0,No Additional Atmospheric Conditions,1,Clear,0,No,0000000,Not Applicable,21,9:00pm-9:59pm,44,44,21,9:00pm-9:59pm,47,47,88,Not Applicable (Not Transported),88,Not Applicable (Not Transported),0,None,0,None,0,None,1,0
2018,29,290400,Missouri,2,2,0,0,0,2,2,510,ST. LOUIS (CITY) (510),7080,ST LOUIS,6,6,7,July,2018,6,Friday,23,11:00pm-11:59pm,50,50,0,This section IS NOT on the NHS,2,Urban,4,Minor Arterial,4,City or Municipal Highway Agency,6,Local Street - Municipality,W FLORISSANT AVE,,15,15,38.69639444,38.69639444,-90.240416670,-90.240416670,0,No Special Jurisdiction,12,Motor Vehicle In-Transport,2,Front-to-Front,0,No,1,Non-Junction,1,Not an Intersection,0,None,,,1,On Roadway,3,Dark - Lighted,1,Clear,0,No Additional Atmospheric Conditions,1,Clear,0,No,0000000,Not Applicable,23,11:00pm-11:59pm,49,49,0,0:00am-0:59am,0,0,0,0:00am-0:59am,20,20,0,None,0,None,0,None,1,1
2018,29,290401,Missouri,1,1,0,0,0,3,3,95,JACKSON (95),4490,LEES SUMMIT,18,18,4,April,2018,4,Wednesday,3,3:00am-3:59am,11,11,0,This section IS NOT on the NHS,2,Urban,7,Local,4,City or Municipal Highway Agency,6,Local Street - Municipality,SE SHENANDOAH DR,,8,8,38.90456944,38.90456944,-94.324591670,-94.324591670,0,No Special Jurisdiction,33,Curb,0,Not a Collision with Motor Vehicle In-Transport,0,No,1,Non-Junction,1,Not an Intersection,0,None,,,4,On Roadside,3,Dark - Lighted,1,Clear,0,No Additional Atmospheric Conditions,1,Clear,0,No,0000000,Not Applicable,3,3:00am-3:59am,13,13,3,3:00am-3:59am,19,19,3,3:00am-3:59am,43,43,0,None,0,None,0,None,1,1
2018,29,290402,Missouri,2,2,0,0,0,2,2,183,ST. CHARLES (183),7010,ST CHARLES,4,4,5,May,2018,6,Friday,12,12:00pm-12:59pm,18,18,0,This section IS NOT on the NHS,2,Urban,5,Major Collector,1,State Highway Agency,3,State Highway,SR-SOR 70,,35,35,38.78938056,38.78938056,-90.549291670,-90.549291670,0,No Special Jurisdiction,12,Motor Vehicle In-Transport,2,Front-to-Front,0,No,1,Non-Junction,1,Not an Intersection,0,None,,,1,On Roadway,1,Daylight,10,Cloudy,0,No Additional Atmospheric Conditions,10,Cloudy,0,No,0000000,Not Applicable,12,12:00pm-12:59pm,21,21,12,12:00pm-12:59pm,27,27,12,12:00pm-12:59pm,52,52,0,None,0,None,0,None,1,0
2018,29,290403,Missouri,1,1,0,0,0,1,1,183,ST. CHARLES (183),5880,OFALLON,4,4,5,May,2018,6,Friday,2,2:00am-2:59am,10,10,0,This section IS NOT on the NHS,2,Urban,5,Major Collector,4,City or Municipal Highway Agency,6,Local Street - Municipality,BRYAN RD,,1,1,38.80308333,38.80308333,-90.733194440,-90.733194440,0,No Special Jurisdiction,59,Traffic Sign Support,0,Not a Collision with Motor Vehicle In-Transport,0,No,1,Non-Junction,1,Not an Intersection,0,None,,,3,On Median,3,Dark - Lighted,1,Clear,0,No Additional Atmospheric Conditions,1,Clear,0,No,0000000,Not Applicable,2,2:00am-2:59am,17,17,2,2:00am-2:59am,25,25,2,2:00am-2:59am,53,53,0,None,0,None,0,None,1,1
2018,29,290404,Missouri,1,1,0,0,0,1,1,95,JACKSON (95),0,NOT APPLICABLE,7,7,6,June,2018,5,Thursday,12,12:00pm-12:59pm,0,0,0,This section IS NOT on the NHS,1,Rural,5,Major Collector,1,State Highway Agency,3,State Highway,SR-F,,71,71,38.91461111,38.91461111,-94.133194440,-94.133194440,0,No Special Jurisdiction,34,Ditch,0,Not a Collision with Motor Vehicle In-Transport,0,No,1,Non-Junction,1,Not an Intersection,0,None,,,4,On Roadside,1,Daylight,1,Clear,0,No Additional Atmospheric Conditions,1,Clear,0,No,0000000,Not Applicable,12,12:00pm-12:59pm,2,2,12,12:00pm-12:59pm,12,12,12,12:00pm-12:59pm,40,40,0,None,0,None,0,None,1,0
2018,29,290405,Missouri,2,2,0,0,0,2,2,47,CLAY (47),0,NOT APPLICABLE,6,6,7,July,2018,6,Friday,21,9:00pm-9:59pm,15,15,1,This section IS ON the NHS,1,Rural,1,Interstate,1,State Highway Agency,1,Interstate,I-35,,230,230,39.39275000,39.39275000,-94.358777780,-94.358777780,0,No Special Jurisdiction,12,Motor Vehicle In-Transport,1,Front-to-Rear,0,No,7,Crossover-Related,1,Not an Intersection,0,None,,,1,On Roadway,2,Dark - Not Lighted,1,Clear,0,No Additional Atmospheric Conditions,1,Clear,0,No,0000000,Not Applicable,21,9:00pm-9:59pm,18,18,21,9:00pm-9:59pm,22,22,21,9:00pm-9:59pm,56,56,0,None,0,None,0,None,1,0
2018,29,290406,Missouri,1,1,0,0,0,1,1,119,MCDONALD (119),0,NOT APPLICABLE,8,8,7,July,2018,1,Sunday,9,9:00am-9:59am,25,25,0,This section IS NOT on the NHS,1,Rural,5,Major Collector,1,State Highway Agency,3,State Highway,SR-B,,23,23,36.72886111,36.72886111,-94.569777780,-94.569777780,0,No Special Jurisdiction,1,Rollover/Overturn,0,Not a Collision with Motor Vehicle In-Transport,0,No,1,Non-Junction,1,Not an Intersection,0,None,,,4,On Roadside,1,Daylight,1,Clear,0,No Additional Atmospheric Conditions,1,Clear,0,No,0000000,Not Applicable,9,9:00am-9:59am,41,41,9,9:00am-9:59am,57,57,10,10:00am-10:59am,41,41,0,None,0,None,0,None,1,0
2018,29,290407,Missouri,1,1,0,0,0,1,1,177,RAY (177),6770,RICHMOND,8,8,7,July,2018,1,Sunday,13,1:00pm-1:59pm,58,58,0,This section IS NOT on the NHS,2,Urban,7,Local,4,City or Municipal Highway Agency,4,County Road,CR-WOLLARD BLVD,,9,9,39.26550000,39.26550000,-93.956805560,-93.956805560,0,No Special Jurisdiction,32,Culvert,0,Not a Collision with Motor Vehicle In-Transport,0,No,1,Non-Junction,1,Not an Intersection,0,None,,,4,On Roadside,1,Daylight,1,Clear,0,No Additional Atmospheric Conditions,1,Clear,0,No,0000000,Not Applicable,13,1:00pm-1:59pm,57,57,14,2:00pm-2:59pm,4,4,14,2:00pm-2:59pm,11,11,0,None,0,None,0,None,1,0
2018,29,290408,Missouri,1,1,0,0,0,2,2,95,JACKSON (95),4120,KANSAS CITY,8,8,7,July,2018,1,Sunday,14,2:00pm-2:59pm,32,32,1,This section IS ON the NHS,2,Urban,2,Principal Arterial - Other Freeways and Expressways,1,State Highway Agency,2,U.S. Highway,US-71,,124,124,39.01758889,39.01758889,-94.553916670,-94.553916670,0,No Special Jurisdiction,33,Curb,0,Not a Collision with Motor Vehicle In-Transport,0,No,1,Non-Junction,1,Not an Intersection,0,None,,,4,On Roadside,1,Daylight,1,Clear,0,No Additional Atmospheric Conditions,1,Clear,0,No,0000000,Not Applicable,14,2:00pm-2:59pm,34,34,14,2:00pm-2:59pm,39,39,14,2:00pm-2:59pm,55,55,0,None,0,None,0,None,1,0
2018,29,290409,Missouri,2,2,0,0,0,4,4,183,ST. CHARLES (183),0,NOT APPLICABLE,9,9,7,July,2018,2,Monday,13,1:00pm-1:59pm,23,23,1,This section IS ON the NHS,2,Urban,3,Principal Arterial - Other,1,State Highway Agency,2,U.S. Highway,US-61,CR-POINT PRAIRIE RD,14,14,38.87350000,38.87350000,-90.902500000,-90.902500000,0,No Special Jurisdiction,12,Motor Vehicle In-Transport,1,Front-to-Rear,0,No,2,Intersection,2,Four-Way Intersection,0,None,,,1,On Roadway,1,Daylight,1,Clear,0,No Additional Atmospheric Conditions,1,Clear,0,No,0000000,Not Applicable,13,1:00pm-1:59pm,26,26,13,1:00pm-1:59pm,32,32,13,1:00pm-1:59pm,48,48,0,None,0,None,0,None,1,0
2018,29,290410,Missouri,1,1,0,0,0,1,1,186,STE. GENEVIEVE (186),0,NOT APPLICABLE,9,9,7,July,2018,2,Monday,15,3:00pm-3:59pm,31,31,0,This section IS NOT on the NHS,1,Rural,5,Major Collector,1,State Highway Agency,3,State Highway,SR-O,,10,10,37.96969444,37.96969444,-90.203500000,-90.203500000,0,No Special Jurisdiction,58,Ground,0,Not a Collision with Motor Vehicle In-Transport,0,No,1,Non-Junction,1,Not an Intersection,0,None,,,4,On Roadside,1,Daylight,1,Clear,0,No Additional Atmospheric Conditions,1,Clear,0,No,0000000,Not Applicable,15,3:00pm-3:59pm,31,31,15,3:00pm-3:59pm,39,39,88,Not Applicable (Not Transported),88,Not Applicable (Not Transported),0,None,0,None,0,None,1,0
2018,29,290411,Missouri,3,3,0,0,0,3,3,97,JASPER (97),0,NOT APPLICABLE,9,9,7,July,2018,2,Monday,9,9:00am-9:59am,20,20,0,This section IS NOT on the NHS,1,Rural,4,Minor Arterial,1,State Highway Agency,3,State Highway,SR-96,,178,178,37.19822222,37.19822222,-94.258000000,-94.258000000,0,No Special Jurisdiction,12,Motor Vehicle In-Transport,8,Sideswipe - Opposite Direction,0,No,1,Non-Junction,1,Not an Intersection,0,None,,,1,On Roadway,1,Daylight,1,Clear,0,No Additional Atmospheric Conditions,1,Clear,0,No,0000000,Not Applicable,9,9:00am-9:59am,25,25,9,9:00am-9:59am,45,45,10,10:00am-10:59am,28,28,0,None,0,None,0,None,1,0
2018,29,290412,Missouri,1,1,0,1,1,1,1,37,CASS (37),600,BELTON,9,9,7,July,2018,2,Monday,14,2:00pm-2:59pm,40,40,0,This section IS NOT on the NHS,2,Urban,7,Local,4,City or Municipal Highway Agency,6,Local Street - Municipality,EWING WAY,,1,1,38.83263889,38.83263889,-94.530013890,-94.530013890,0,No Special Jurisdiction,8,Pedestrian,0,Not a Collision with Motor Vehicle In-Transport,0,No,1,Non-Junction,1,Not an Intersection,0,None,,,1,On Roadway,1,Daylight,10,Cloudy,0,No Additional Atmospheric Conditions,10,Cloudy,0,No,0000000,Not Applicable,14,2:00pm-2:59pm,43,43,14,2:00pm-2:59pm,49,49,15,3:00pm-3:59pm,0,0,0,None,0,None,0,None,1,0
2018,29,290413,Missouri,1,1,0,0,0,1,1,215,TEXAS (215),0,NOT APPLICABLE,11,11,7,July,2018,4,Wednesday,15,3:00pm-3:59pm,57,57,0,This section IS NOT on the NHS,1,Rural,4,Minor Arterial,1,State Highway Agency,3,State Highway,SR-17,,14,14,37.60080556,37.60080556,-92.226638890,-92.226638890,0,No Special Jurisdiction,42,Tree (Standing Only),0,Not a Collision with Motor Vehicle In-Transport,0,No,1,Non-Junction,1,Not an Intersection,0,None,,,4,On Roadside,9,Reported as Unknown,99,Reported as Unknown,0,No Additional Atmospheric Conditions,99,Reported as Unknown,0,No,0000000,Not Applicable,15,3:00pm-3:59pm,50,50,16,4:00pm-4:59pm,28,28,88,Not Applicable (Not Transported),88,Not Applicable (Not Transported),0,None,0,None,0,None,1,0
2018,29,290414,Missouri,2,2,0,0,0,4,4,107,LAFAYETTE (107),0,NOT APPLICABLE,11,11,7,July,2018,4,Wednesday,22,10:00pm-10:59pm,1,1,0,This section IS NOT on the NHS,1,Rural,4,Minor Arterial,1,State Highway Agency,3,State Highway,SR-20,SR-23,113,113,39.10563889,39.10563889,-93.554500000,-93.554500000,0,No Special Jurisdiction,12,Motor Vehicle In-Transport,6,Angle,0,No,2,Intersection,2,Four-Way Intersection,0,None,,,1,On Roadway,2,Dark - Not Lighted,1,Clear,0,No Additional Atmospheric Conditions,1,Clear,0,No,0000000,Not Applicable,22,10:00pm-10:59pm,5,5,22,10:00pm-10:59pm,17,17,99,Unknown,99,Unknown EMS Hospital Arrival Time,0,None,0,None,0,None,1,0
2018,29,290415,Missouri,2,2,0,0,0,6,6,29,CAMDEN (29),0,NOT APPLICABLE,12,12,7,July,2018,5,Thursday,8,8:00am-8:59am,30,30,0,This section IS NOT on the NHS,1,Rural,5,Major Collector,1,State Highway Agency,3,State Highway,SR-Z,,44,44,38.12433333,38.12433333,-93.000194440,-93.000194440,0,No Special Jurisdiction,12,Motor Vehicle In-Transport,2,Front-to-Front,0,No,1,Non-Junction,1,Not an Intersection,0,None,,,1,On Roadway,1,Daylight,1,Clear,0,No Additional Atmospheric Conditions,1,Clear,0,No,0000000,Not Applicable,8,8:00am-8:59am,39,39,9,9:00am-9:59am,4,4,9,9:00am-9:59am,55,55,0,None,0,None,0,None,1,0
2018,29,290416,Missouri,3,3,0,0,0,5,5,7,AUDRAIN (7),0,NOT APPLICABLE,12,12,7,July,2018,5,Thursday,14,2:00pm-2:59pm,0,0,1,This section IS ON the NHS,1,Rural,3,Principal Arterial - Other,1,State Highway Agency,2,U.S. Highway,US-54,,210,210,39.19527778,39.19527778,-91.646666670,-91.646666670,0,No Special Jurisdiction,12,Motor Vehicle In-Transport,2,Front-to-Front,0,No,1,Non-Junction,1,Not an Intersection,0,None,,,1,On Roadway,1,Daylight,1,Clear,0,No Additional Atmospheric Conditions,1,Clear,0,No,0000000,Not Applicable,14,2:00pm-2:59pm,4,4,14,2:00pm-2:59pm,23,23,15,3:00pm-3:59pm,25,25,0,None,0,None,0,None,3,0
2018,29,290417,Missouri,5,5,0,0,0,12,12,97,JASPER (97),0,NOT APPLICABLE,13,13,7,July,2018,6,Friday,16,4:00pm-4:59pm,31,31,1,This section IS ON the NHS,2,Urban,3,Principal Arterial - Other,1,State Highway Agency,3,State Highway,SR-66,,92,92,37.08375000,37.08375000,-94.453805560,-94.453805560,0,No Special Jurisdiction,12,Motor Vehicle In-Transport,2,Front-to-Front,0,No,1,Non-Junction,1,Not an Intersection,0,None,,,1,On Roadway,1,Daylight,1,Clear,0,No Additional Atmospheric Conditions,1,Clear,0,No,0000000,Not Applicable,16,4:00pm-4:59pm,20,20,16,4:00pm-4:59pm,28,28,16,4:00pm-4:59pm,48,48,0,None,0,None,0,None,1,0
2018,29,290418,Missouri,1,1,0,0,0,2,2,33,CARROLL (33),0,NOT APPLICABLE,14,14,7,July,2018,7,Saturday,0,0:00am-0:59am,17,17,0,This section IS NOT on the NHS,1,Rural,7,Local,2,County Highway Agency,4,County Road,CR-255,,1,1,39.33941667,39.33941667,-93.465388890,-93.465388890,0,No Special Jurisdiction,34,Ditch,0,Not a Collision with Motor Vehicle In-Transport,0,No,1,Non-Junction,1,Not an Intersection,0,None,,,4,On Roadside,2,Dark - Not Lighted,10,Cloudy,0,No Additional Atmospheric Conditions,10,Cloudy,0,No,0000000,Not Applicable,99,Unknown,98,Unknown if Notified,99,Unknown EMS Scene Arrival Hour,98,Unknown if Arrived,88,Not Applicable (Not Transported),88,Not Applicable (Not Transported),0,None,0,None,0,None,1,1
2018,29,290419,Missouri,1,1,0,1,1,1,1,95,JACKSON (95),4120,KANSAS CITY,14,14,7,July,2018,7,Saturday,22,10:00pm-10:59pm,49,49,1,This section IS ON the NHS,2,Urban,2,Principal Arterial - Other Freeways and Expressways,1,State Highway Agency,2,U.S. Highway,US-71,,81,81,38.95719444,38.95719444,-94.540750000,-94.540750000,0,No Special Jurisdiction,8,Pedestrian,0,Not a Collision with Motor Vehicle In-Transport,0,No,1,Non-Junction,1,Not an Intersection,0,None,,,1,On Roadway,2,Dark - Not Lighted,1,Clear,0,No Additional Atmospheric Conditions,1,Clear,0,No,0000000,Not Applicable,22,10:00pm-10:59pm,49,49,22,10:00pm-10:59pm,56,56,88,Not Applicable (Not Transported),88,Not Applicable (Not Transported),0,None,0,None,0,None,1,0
2018,29,290420,Missouri,1,1,0,0,0,1,1,165,PLATTE (165),6080,PARKVILLE,15,15,7,July,2018,1,Sunday,15,3:00pm-3:59pm,17,17,0,This section IS NOT on the NHS,1,Rural,5,Major Collector,1,State Highway Agency,3,State Highway,SR-N,,52,52,39.24586111,39.24586111,-94.759694440,-94.759694440,0,No Special Jurisdiction,35,Embankment,0,Not a Collision with Motor Vehicle In-Transport,0,No,1,Non-Junction,1,Not an Intersection,0,None,,,4,On Roadside,1,Daylight,1,Clear,0,No Additional Atmospheric Conditions,1,Clear,0,No,0000000,Not Applicable,15,3:00pm-3:59pm,21,21,15,3:00pm-3:59pm,31,31,16,4:00pm-4:59pm,3,3,0,None,0,None,0,None,1,0
2018,29,290421,Missouri,2,2,0,0,0,3,3,225,WEBSTER (225),6900,ROGERSVILLE,15,15,7,July,2018,1,Sunday,8,8:00am-8:59am,21,21,1,This section IS ON the NHS,1,Rural,3,Principal Arterial - Other,1,State Highway Agency,2,U.S. Highway,US-60,CR-PORTER LOOP,36,36,37.12146944,37.12146944,-93.002077780,-93.002077780,0,No Special Jurisdiction,12,Motor Vehicle In-Transport,6,Angle,0,No,2,Intersection,2,Four-Way Intersection,0,None,,,1,On Roadway,1,Daylight,2,Rain,10,Cloudy,2,Rain,0,No,0000000,Not Applicable,99,Unknown,99,Unknown,99,Unknown EMS Scene Arrival Hour,99,Unknown EMS Scene Arrival Minutes,99,Unknown,99,Unknown EMS Hospital Arrival Time,0,None,0,None,0,None,1,0
2018,29,290422,Missouri,3,3,0,0,0,4,4,13,BATES (13),0,NOT APPLICABLE,15,15,7,July,2018,1,Sunday,11,11:00am-11:59am,40,40,1,This section IS ON the NHS,1,Rural,1,Interstate,1,State Highway Agency,1,Interstate,I-49,,108,108,38.31658333,38.31658333,-94.343750000,-94.343750000,0,No Special Jurisdiction,12,Motor Vehicle In-Transport,7,Sideswipe - Same Direction,0,No,1,Non-Junction,1,Not an Intersection,0,None,,,1,On Roadway,1,Daylight,1,Clear,0,No Additional Atmospheric Conditions,1,Clear,0,No,0000000,Not Applicable,11,11:00am-11:59am,44,44,11,11:00am-11:59am,53,53,12,12:00pm-12:59pm,16,16,0,None,0,None,0,None,1,0
2018,29,290423,Missouri,1,1,0,0,0,2,2,67,DOUGLAS (67),0,NOT APPLICABLE,16,16,7,July,2018,2,Monday,10,10:00am-10:59am,19,19,0,This section IS NOT on the NHS,1,Rural,5,Major Collector,1,State Highway Agency,3,State Highway,SR-76,,133,133,36.91888889,36.91888889,-92.719083330,-92.719083330,0,No Special Jurisdiction,32,Culvert,0,Not a Collision with Motor Vehicle In-Transport,0,No,1,Non-Junction,1,Not an Intersection,0,None,,,4,On Roadside,1,Daylight,1,Clear,0,No Additional Atmospheric Conditions,1,Clear,0,No,0000000,Not Applicable,99,Unknown,98,Unknown if Notified,99,Unknown EMS Scene Arrival Hour,98,Unknown if Arrived,88,Not Applicable (Not Transported),88,Not Applicable (Not Transported),0,None,0,None,0,None,1,0
2018,29,290424,Missouri,1,1,0,1,1,2,2,189,ST. LOUIS (189),4900,MAPLEWOOD,16,16,7,July,2018,2,Monday,13,1:00pm-1:59pm,54,54,0,This section IS NOT on the NHS,2,Urban,4,Minor Arterial,2,County Highway Agency,4,County Road,CR-BIG BEND BLVD,,43,43,38.61280000,38.61280000,-90.322958330,-90.322958330,0,No Special Jurisdiction,8,Pedestrian,0,Not a Collision with Motor Vehicle In-Transport,0,No,1,Non-Junction,1,Not an Intersection,0,None,,,1,On Roadway,1,Daylight,1,Clear,0,No Additional Atmospheric Conditions,1,Clear,0,No,0000000,Not Applicable,13,1:00pm-1:59pm,58,58,14,2:00pm-2:59pm,9,9,88,Not Applicable (Not Transported),88,Not Applicable (Not Transported),0,None,0,None,0,None,1,0