caseyear,state,st_case,statename,ve_total,ve_forms,pvh_invl,peds,pernotmvit,permvit,persons,county,countyname,city,cityname,day,dayname,month,monthname,year,day_week,day_weekname,hour,hourname,minute,minutename,nhs,nhsname,rur_urb,rur_urbname,func_sys,func_sysname,rd_owner,rd_ownername,route,routename,tway_id,tway_id2,milept,mileptname,latitude,latitudename,longitud,longitudname,sp_jur,sp_jurname,harm_ev,harm_evname,man_coll,man_collname,reljct1,reljct1name,reljct2,reljct2name,typ_int,typ_intname,wrk_zone,wrk_zonename,road_fnc,road_fncname,rel_road,rel_roadname,lgt_cond,lgt_condname,weather1,weather1name,weather2,weather2name,weather,weathername,sch_bus,sch_busname,rail,railname,not_hour,not_hourname,not_min,not_minname,arr_hour,arr_hourname,arr_min,arr_minname,hosp_hr,hosp_hrname,hosp_mn,hosp_mnname,cf1,cf1name,cf2,cf2name,cf3,cf3name,fatals,drunk_dr
2018,29,290425,Missouri,1,1,0,0,0,1,1,113,LINCOLN (113),0,NOT APPLICABLE,16,16,7,July,2018,2,Monday,15,3:00pm-3:59pm,45,45,0,This section IS NOT on the NHS,1,Rural,6,Minor Collector,1,State Highway Agency,3,State Highway,SR-PP,,13,13,39.14336111,39.14336111,-91.185305560,-91.185305560,0,No Special Jurisdiction,35,Embankment,0,Not a Collision with Motor Vehicle In-Transport,0,No,1,Non-Junction,1,Not an Intersection,0,None,,,4,On Roadside,1,Daylight,1,Clear,0,No Additional Atmospheric Conditions,1,Clear,0,No,0000000,Not Applicable,15,3:00pm-3:59pm,48,48,16,4:00pm-4:59pm,15,15,17,5:00pm-5:59pm,7,7,0,None,0,None,0,None,1,0
2018,29,290426,Missouri,1,1,0,0,0,1,1,195,SALINE (195),0,NOT APPLICABLE,18,18,7,July,2018,4,Wednesday,9,9:00am-9:59am,35,35,0,This section IS NOT on the NHS,1,Rural,3,Principal Arterial - Other,1,State Highway Agency,2,U.S. Highway,US-65,,17,17,39.20402778,39.20402778,-93.450777780,-93.450777780,0,No Special Jurisdiction,30,Utility Pole/Light Support,0,Not a Collision with Motor Vehicle In-Transport,0,No,1,Non-Junction,1,Not an Intersection,0,None,,,4,On Roadside,1,Daylight,10,Cloudy,0,No Additional Atmospheric Conditions,10,Cloudy,0,No,0000000,Not Applicable,9,9:00am-9:59am,38,38,9,9:00am-9:59am,49,49,88,Not Applicable (Not Transported),88,Not Applicable (Not Transported),0,None,0,None,0,None,1,0
2018,29,290427,Missouri,2,2,0,0,0,3,3,51,COLE (51),0,NOT APPLICABLE,19,19,7,July,2018,5,Thursday,16,4:00pm-4:59pm,57,57,1,This section IS ON the NHS,1,Rural,3,Principal Arterial - Other,1,State Highway Agency,2,U.S. Highway,US-54,CR-OLD BASS RD,142,142,38.43127778,38.43127778,-92.321916670,-92.321916670,0,No Special Jurisdiction,12,Motor Vehicle In-Transport,6,Angle,0,No,2,Intersection,2,Four-Way Intersection,0,None,,,1,On Roadway,1,Daylight,10,Cloudy,0,No Additional Atmospheric Conditions,10,Cloudy,0,No,0000000,Not Applicable,17,5:00pm-5:59pm,4,4,17,5:00pm-5:59pm,33,33,18,6:00pm-6:59pm,5,5,0,None,0,None,0,None,1,0
2018,29,290428,Missouri,1,1,0,0,0,1,1,67,DOUGLAS (67),0,NOT APPLICABLE,19,19,7,July,2018,5,Thursday,20,8:00pm-8:59pm,30,30,0,This section IS NOT on the NHS,1,Rural,4,Minor Arterial,1,State Highway Agency,3,State Highway,SR-5,,141,141,36.89286111,36.89286111,-92.683777780,-92.683777780,0,No Special Jurisdiction,32,Culvert,0,Not a Collision with Motor Vehicle In-Transport,0,No,1,Non-Junction,1,Not an Intersection,0,None,,,4,On Roadside,2,Dark - Not Lighted,10,Cloudy,0,No Additional Atmospheric Conditions,10,Cloudy,0,No,0000000,Not Applicable,99,Unknown,98,Unknown if Notified,99,Unknown EMS Scene Arrival Hour,98,Unknown if Arrived,88,Not Applicable (Not Transported),88,Not Applicable (Not Transported),0,None,0,None,0,None,1,1
2018,29,290429,Missouri,1,1,0,0,0,1,1,143,NEW MADRID (143),0,NOT APPLICABLE,19,19,7,July,2018,5,Thursday,15,3:00pm-3:59pm,28,28,0,This section IS NOT on the NHS,1,Rural,5,Major Collector,1,State Highway Agency,3,State Highway,SR-162,,239,239,36.42522222,36.42522222,-89.576444440,-89.576444440,0,No Special Jurisdiction,35,Embankment,0,Not a Collision with Motor Vehicle In-Transport,0,No,1,Non-Junction,1,Not an Intersection,0,None,,,4,On Roadside,1,Daylight,1,Clear,0,No Additional Atmospheric Conditions,1,Clear,0,No,0000000,Not Applicable,15,3:00pm-3:59pm,32,32,15,3:00pm-3:59pm,39,39,99,Unknown,99,Unknown EMS Hospital Arrival Time,0,None,0,None,0,None,1,0
2018,29,290430,Missouri,1,1,0,2,2,2,2,95,JACKSON (95),4120,KANSAS CITY,20,20,7,July,2018,6,Friday,15,3:00pm-3:59pm,19,19,0,This section IS NOT on the NHS,2,Urban,4,Minor Arterial,4,City or Municipal Highway Agency,6,Local Street - Municipality,MAIN ST,43RD ST,39,39,39.04936111,39.04936111,-94.586472220,-94.586472220,0,No Special Jurisdiction,8,Pedestrian,0,Not a Collision with Motor Vehicle In-Transport,0,No,2,Intersection,2,Four-Way Intersection,0,None,,,1,On Roadway,1,Daylight,10,Cloudy,0,No Additional Atmospheric Conditions,10,Cloudy,0,No,0000000,Not Applicable,15,3:00pm-3:59pm,20,20,15,3:00pm-3:59pm,23,23,15,3:00pm-3:59pm,38,38,0,None,0,None,0,None,1,0
2018,29,290431,Missouri,2,2,0,0,0,2,2,133,MISSISSIPPI (133),0,NOT APPLICABLE,21,21,7,July,2018,7,Saturday,8,8:00am-8:59am,22,22,0,This section IS NOT on the NHS,1,Rural,5,Major Collector,1,State Highway Agency,3,State Highway,SR-B,,67,67,36.81044444,36.81044444,-89.454472220,-89.454472220,0,No Special Jurisdiction,12,Motor Vehicle In-Transport,2,Front-to-Front,0,No,1,Non-Junction,1,Not an Intersection,0,None,,,1,On Roadway,1,Daylight,1,Clear,0,No Additional Atmospheric Conditions,1,Clear,0,No,0000000,Not Applicable,8,8:00am-8:59am,26,26,8,8:00am-8:59am,35,35,88,Not Applicable (Not Transported),88,Not Applicable (Not Transported),0,None,0,None,0,None,1,0
2018,29,290432,Missouri,2,2,0,0,0,2,2,101,JOHNSON (101),0,NOT APPLICABLE,21,21,7,July,2018,7,Saturday,17,5:00pm-5:59pm,30,30,1,This section IS ON the NHS,1,Rural,3,Principal Arterial - Other,1,State Highway Agency,2,U.S. Highway,US-50,CR-NW 1601,315,315,38.85733333,38.85733333,-94.041388890,-94.041388890,0,No Special Jurisdiction,12,Motor Vehicle In-Transport,6,Angle,0,No,2,Intersection,2,Four-Way Intersection,0,None,,,1,On Roadway,1,Daylight,1,Clear,0,No Additional Atmospheric Conditions,1,Clear,0,No,0000000,Not Applicable,17,5:00pm-5:59pm,32,32,17,5:00pm-5:59pm,55,55,18,6:00pm-6:59pm,23,23,0,None,0,None,0,None,1,0
2018,29,290433,Missouri,1,1,0,0,0,3,3,95,JACKSON (95),0,NOT APPLICABLE,24,24,1,January,2018,4,Wednesday,21,9:00pm-9:59pm,30,30,0,This section IS NOT on the NHS,1,Rural,7,Local,2,County Highway Agency,4,County Road,CR-MABEL ST,,2,2,39.18595000,39.18595000,-94.302852780,-94.302852780,0,No Special Jurisdiction,10,Railway Vehicle,0,Not a Collision with Motor Vehicle In-Transport,0,No,6,Railway Grade Crossing,1,Not an Intersection,0,None,,,1,On Roadway,2,Dark - Not Lighted,1,Clear,0,No Additional Atmospheric Conditions,1,Clear,0,No,005372J,005372J,99,Unknown,99,Unknown,99,Unknown EMS Scene Arrival Hour,99,Unknown EMS Scene Arrival Minutes,99,Unknown,99,Unknown EMS Hospital Arrival Time,0,None,0,None,0,None,1,0
2018,29,290434,Missouri,2,1,1,0,0,1,1,95,JACKSON (95),4120,KANSAS CITY,3,3,6,June,2018,1,Sunday,10,10:00am-10:59am,3,3,1,This section IS ON the NHS,2,Urban,3,Principal Arterial - Other,1,State Highway Agency,6,Local Street - Municipality,BLUE PKWY,,36,36,38.97250556,38.97250556,-94.438786110,-94.438786110,0,No Special Jurisdiction,14,Parked Motor Vehicle,0,Not a Collision with Motor Vehicle In-Transport,0,No,1,Non-Junction,1,Not an Intersection,0,None,,,4,On Roadside,1,Daylight,1,Clear,0,No Additional Atmospheric Conditions,1,Clear,0,No,0000000,Not Applicable,10,10:00am-10:59am,5,5,10,10:00am-10:59am,15,15,10,10:00am-10:59am,38,38,0,None,0,None,0,None,1,0
2018,29,290435,Missouri,1,1,0,0,0,2,2,19,BOONE (19),1800,COLUMBIA,14,14,7,July,2018,7,Saturday,2,2:00am-2:59am,46,46,1,This section IS ON the NHS,2,Urban,2,Principal Arterial - Other Freeways and Expressways,1,State Highway Agency,2,U.S. Highway,US-63,,208,208,38.93360833,38.93360833,-92.294788890,-92.294788890,0,No Special Jurisdiction,18,Other Object (not fixed),0,Not a Collision with Motor Vehicle In-Transport,0,No,1,Non-Junction,1,Not an Intersection,0,None,,,1,On Roadway,3,Dark - Lighted,10,Cloudy,0,No Additional Atmospheric Conditions,10,Cloudy,0,No,0000000,Not Applicable,99,Unknown,99,Unknown,99,Unknown EMS Scene Arrival Hour,99,Unknown EMS Scene Arrival Minutes,99,Unknown,99,Unknown EMS Hospital Arrival Time,0,None,0,None,0,None,1,1
2018,29,290436,Missouri,3,3,0,0,0,7,7,213,TANEY (213),0,NOT APPLICABLE,16,16,7,July,2018,2,Monday,17,5:00pm-5:59pm,47,47,0,This section IS NOT on the NHS,2,Urban,4,Minor Arterial,1,State Highway Agency,3,State Highway,SR-76,,111,111,36.63138889,36.63138889,-93.172527780,-93.172527780,0,No Special Jurisdiction,12,Motor Vehicle In-Transport,8,Sideswipe - Opposite Direction,0,No,1,Non-Junction,1,Not an Intersection,0,None,,,1,On Roadway,1,Daylight,10,Cloudy,0,No Additional Atmospheric Conditions,10,Cloudy,0,No,0000000,Not Applicable,17,5:00pm-5:59pm,50,50,18,6:00pm-6:59pm,5,5,18,6:00pm-6:59pm,59,59,14,"Motor Vehicle struck by falling cargo,or something that came loose from or something that was set in motion by a vehicle",0,None,0,None,2,1
2018,29,290437,Missouri,1,1,0,0,0,2,2,213,TANEY (213),0,NOT APPLICABLE,16,16,7,July,2018,2,Monday,22,10:00pm-10:59pm,25,25,0,This section IS NOT on the NHS,1,Rural,5,Major Collector,1,State Highway Agency,3,State Highway,SR-M,,32,32,36.62130556,36.62130556,-92.983305560,-92.983305560,0,No Special Jurisdiction,1,Rollover/Overturn,0,Not a Collision with Motor Vehicle In-Transport,0,No,1,Non-Junction,1,Not an Intersection,0,None,,,4,On Roadside,2,Dark - Not Lighted,10,Cloudy,0,No Additional Atmospheric Conditions,10,Cloudy,0,No,0000000,Not Applicable,22,10:00pm-10:59pm,30,30,23,11:00pm-11:59pm,0,0,0,0:00am-0:59am,24,24,0,None,0,None,0,None,1,0
2018,29,290438,Missouri,2,2,0,0,0,3,3,29,CAMDEN (29),0,NOT APPLICABLE,18,18,7,July,2018,4,Wednesday,8,8:00am-8:59am,55,55,1,This section IS ON the NHS,1,Rural,3,Principal Arterial - Other,1,State Highway Agency,3,State Highway,SR-5,,214,214,37.96302778,37.96302778,-92.714833330,-92.714833330,0,No Special Jurisdiction,12,Motor Vehicle In-Transport,6,Angle,0,No,1,Non-Junction,1,Not an Intersection,0,None,,,1,On Roadway,1,Daylight,2,Rain,0,No Additional Atmospheric Conditions,2,Rain,0,No,0000000,Not Applicable,8,8:00am-8:59am,58,58,9,9:00am-9:59am,7,7,9,9:00am-9:59am,39,39,0,None,0,None,0,None,2,0
2018,29,290439,Missouri,1,1,0,0,0,2,2,186,STE. GENEVIEVE (186),0,NOT APPLICABLE,18,18,7,July,2018,4,Wednesday,19,7:00pm-7:59pm,6,6,1,This section IS ON the NHS,1,Rural,1,Interstate,1,State Highway Agency,1,Interstate,I-55,,20,20,38.06344444,38.06344444,-90.283861110,-90.283861110,0,No Special Jurisdiction,35,Embankment,0,Not a Collision with Motor Vehicle In-Transport,0,No,1,Non-Junction,1,Not an Intersection,0,None,,,4,On Roadside,1,Daylight,10,Cloudy,0,No Additional Atmospheric Conditions,10,Cloudy,0,No,0000000,Not Applicable,19,7:00pm-7:59pm,7,7,19,7:00pm-7:59pm,18,18,20,8:00pm-8:59pm,20,20,0,None,0,None,0,None,1,0
2018,29,290440,Missouri,1,1,0,0,0,1,1,71,FRANKLIN (71),0,NOT APPLICABLE,21,21,7,July,2018,7,Saturday,13,1:00pm-1:59pm,15,15,0,This section IS NOT on the NHS,1,Rural,7,Local,2,County Highway Agency,4,County Road,CR-DRY BRANCH RD,,20,20,38.33880556,38.33880556,-91.062361110,-91.062361110,0,No Special Jurisdiction,30,Utility Pole/Light Support,0,Not a Collision with Motor Vehicle In-Transport,0,No,1,Non-Junction,1,Not an Intersection,0,None,,,4,On Roadside,1,Daylight,1,Clear,0,No Additional Atmospheric Conditions,1,Clear,0,No,0000000,Not Applicable,13,1:00pm-1:59pm,27,27,13,1:00pm-1:59pm,36,36,88,Not Applicable (Not Transported),88,Not Applicable (Not Transported),0,None,0,None,0,None,1,1
2018,29,290441,Missouri,1,1,0,1,1,3,3,53,COOPER (53),0,NOT APPLICABLE,21,21,7,July,2018,7,Saturday,13,1:00pm-1:59pm,10,10,0,This section IS NOT on the NHS,1,Rural,5,Major Collector,1,State Highway Agency,3,State Highway,SR-41,,50,50,38.98466667,38.98466667,-92.940000000,-92.940000000,0,No Special Jurisdiction,18,Other Object (not fixed),0,Not a Collision with Motor Vehicle In-Transport,0,No,1,Non-Junction,1,Not an Intersection,0,None,,,6,Off Roadway-Location Unknown,1,Daylight,1,Clear,0,No Additional Atmospheric Conditions,1,Clear,0,No,0000000,Not Applicable,13,1:00pm-1:59pm,9,9,13,1:00pm-1:59pm,22,22,88,Not Applicable (Not Transported),88,Not Applicable (Not Transported),0,None,0,None,0,None,1,0
2018,29,290442,Missouri,1,1,0,0,0,1,1,510,ST. LOUIS (CITY) (510),7080,ST LOUIS,22,22,7,July,2018,1,Sunday,4,4:00am-4:59am,11,11,0,This section IS NOT on the NHS,2,Urban,4,Minor Arterial,4,City or Municipal Highway Agency,6,Local Street - Municipality,BROADWAY,,43,43,38.67334167,38.67334167,-90.203669440,-90.203669440,0,No Special Jurisdiction,18,Other Object (not fixed),0,Not a Collision with Motor Vehicle In-Transport,0,No,1,Non-Junction,1,Not an Intersection,0,None,,,4,On Roadside,3,Dark - Lighted,1,Clear,0,No Additional Atmospheric Conditions,1,Clear,0,No,0000000,Not Applicable,4,4:00am-4:59am,2,2,4,4:00am-4:59am,10,10,4,4:00am-4:59am,33,33,0,None,0,None,0,None,1,1
2018,29,290443,Missouri,1,1,0,0,0,1,1,221,WASHINGTON (221),0,NOT APPLICABLE,22,22,7,July,2018,1,Sunday,18,6:00pm-6:59pm,35,35,0,This section IS NOT on the NHS,1,Rural,5,Major Collector,1,State Highway Agency,3,State Highway,SR-H,,7,7,38.16438889,38.16438889,-90.802194440,-90.802194440,0,No Special Jurisdiction,58,Ground,0,Not a Collision with Motor Vehicle In-Transport,0,No,1,Non-Junction,1,Not an Intersection,0,None,,,4,On Roadside,1,Daylight,1,Clear,0,No Additional Atmospheric Conditions,1,Clear,0,No,0000000,Not Applicable,17,5:00pm-5:59pm,53,53,18,6:00pm-6:59pm,7,7,99,Unknown,99,Unknown EMS Hospital Arrival Time,0,None,0,None,0,None,1,0
2018,29,290444,Missouri,1,1,0,2,2,1,1,37,CASS (37),2330,DREXEL,22,22,7,July,2018,1,Sunday,21,9:00pm-9:59pm,8,8,0,This section IS NOT on the NHS,1,Rural,5,Major Collector,1,State Highway Agency,3,State Highway,SR-D,,234,234,38.51411111,38.51411111,-94.601805560,-94.601805560,0,No Special Jurisdiction,8,Pedestrian,0,Not a Collision with Motor Vehicle In-Transport,0,No,1,Non-Junction,1,Not an Intersection,0,None,,,1,On Roadway,2,Dark - Not Lighted,1,Clear,0,No Additional Atmospheric Conditions,1,Clear,0,No,0000000,Not Applicable,21,9:00pm-9:59pm,17,17,21,9:00pm-9:59pm,41,41,22,10:00pm-10:59pm,32,32,0,None,0,None,0,None,1,0
2018,29,290445,Missouri,3,3,0,0,0,3,3,77,GREENE (77),7460,SPRINGFIELD,14,14,6,June,2018,5,Thursday,14,2:00pm-2:59pm,35,35,1,This section IS ON the NHS,2,Urban,2,Principal Arterial - Other Freeways and Expressways,1,State Highway Agency,2,U.S. Highway,US-60,,84,84,37.15996944,37.15996944,-93.386325000,-93.386325000,0,No Special Jurisdiction,12,Motor Vehicle In-Transport,7,Sideswipe - Same Direction,0,No,1,Non-Junction,1,Not an Intersection,0,None,,,1,On Roadway,1,Daylight,1,Clear,0,No Additional Atmospheric Conditions,1,Clear,0,No,0000000,Not Applicable,14,2:00pm-2:59pm,38,38,14,2:00pm-2:59pm,52,52,15,3:00pm-3:59pm,10,10,0,None,0,None,0,None,1,0
2018,29,290446,Missouri,1,1,0,0,0,1,1,213,TANEY (213),0,NOT APPLICABLE,23,23,7,July,2018,2,Monday,15,3:00pm-3:59pm,27,27,1,This section IS ON the NHS,1,Rural,2,Principal Arterial - Other Freeways and Expressways,1,State Highway Agency,3,State Highway,SR-465,,38,38,36.71727778,36.71727778,-93.283416670,-93.283416670,0,No Special Jurisdiction,17,Boulder,0,Not a Collision with Motor Vehicle In-Transport,0,No,1,Non-Junction,1,Not an Intersection,0,None,,,4,On Roadside,1,Daylight,1,Clear,0,No Additional Atmospheric Conditions,1,Clear,0,No,0000000,Not Applicable,99,Unknown,98,Unknown if Notified,99,Unknown EMS Scene Arrival Hour,98,Unknown if Arrived,88,Not Applicable (Not Transported),88,Not Applicable (Not Transported),0,None,0,None,0,None,1,0
2018,29,290447,Missouri,2,2,0,0,0,3,3,157,PERRY (157),0,NOT APPLICABLE,24,24,7,July,2018,3,Tuesday,14,2:00pm-2:59pm,20,20,0,This section IS NOT on the NHS,1,Rural,4,Minor Arterial,1,State Highway Agency,3,State Highway,SR-51,,73,73,37.80325000,37.80325000,-89.849805560,-89.849805560,0,No Special Jurisdiction,12,Motor Vehicle In-Transport,2,Front-to-Front,0,No,1,Non-Junction,1,Not an Intersection,0,None,,,1,On Roadway,1,Daylight,10,Cloudy,0,No Additional Atmospheric Conditions,10,Cloudy,0,No,0000000,Not Applicable,14,2:00pm-2:59pm,22,22,14,2:00pm-2:59pm,30,30,15,3:00pm-3:59pm,10,10,0,None,0,None,0,None,2,0
2018,29,290448,Missouri,1,1,0,0,0,1,1,19,BOONE (19),0,NOT APPLICABLE,25,25,7,July,2018,4,Wednesday,17,5:00pm-5:59pm,45,45,0,This section IS NOT on the NHS,1,Rural,5,Major Collector,1,State Highway Agency,3,State Highway,SR-Z,,189,189,38.97800000,38.97800000,-92.202333330,-92.202333330,0,No Special Jurisdiction,35,Embankment,0,Not a Collision with Motor Vehicle In-Transport,0,No,1,Non-Junction,1,Not an Intersection,0,None,,,4,On Roadside,1,Daylight,1,Clear,0,No Additional Atmospheric Conditions,1,Clear,0,No,0000000,Not Applicable,17,5:00pm-5:59pm,50,50,17,5:00pm-5:59pm,58,58,18,6:00pm-6:59pm,19,19,0,None,0,None,0,None,1,0
2018,29,290449,Missouri,1,1,0,0,0,1,1,211,SULLIVAN (211),0,NOT APPLICABLE,26,26,7,July,2018,5,Thursday,16,4:00pm-4:59pm,0,0,0,This section IS NOT on the NHS,1,Rural,5,Major Collector,1,State Highway Agency,3,State Highway,SR-E,,79,79,40.25758333,40.25758333,-93.272472220,-93.272472220,0,No Special Jurisdiction,1,Rollover/Overturn,0,Not a Collision with Motor Vehicle In-Transport,0,No,1,Non-Junction,1,Not an Intersection,0,None,,,4,On Roadside,1,Daylight,1,Clear,0,No Additional Atmospheric Conditions,1,Clear,0,No,0000000,Not Applicable,16,4:00pm-4:59pm,8,8,16,4:00pm-4:59pm,19,19,88,Not Applicable (Not Transported),88,Not Applicable (Not Transported),0,None,0,None,0,None,1,0
2018,29,290450,Missouri,1,1,0,0,0,1,1,95,JACKSON (95),4120,KANSAS CITY,29,29,7,July,2018,1,Sunday,22,10:00pm-10:59pm,26,26,1,This section IS ON the NHS,2,Urban,1,Interstate,1,State Highway Agency,1,Interstate,I-470,,158,158,38.93356111,38.93356111,-94.522183330,-94.522183330,0,No Special Jurisdiction,20,Impact Attenuator/Crash Cushion,0,Not a Collision with Motor Vehicle In-Transport,1,Yes,19,Other location within Interchange Area,1,Not an Intersection,0,None,,,4,On Roadside,3,Dark - Lighted,10,Cloudy,0,No Additional Atmospheric Conditions,10,Cloudy,0,No,0000000,Not Applicable,99,Unknown,98,Unknown if Notified,99,Unknown EMS Scene Arrival Hour,98,Unknown if Arrived,88,Not Applicable (Not Transported),88,Not Applicable (Not Transported),0,None,0,None,0,None,1,1
2018,29,290451,Missouri,1,1,0,0,0,2,2,19,BOONE (19),0,NOT APPLICABLE,30,30,7,July,2018,2,Monday,16,4:00pm-4:59pm,15,15,1,This section IS ON the NHS,1,Rural,2,Principal Arterial - Other Freeways and Expressways,1,State Highway Agency,2,U.S. Highway,US-63,,277,277,38.87791667,38.87791667,-92.256166670,-92.256166670,0,No Special Jurisdiction,35,Embankment,0,Not a Collision with Motor Vehicle In-Transport,0,No,1,Non-Junction,1,Not an Intersection,0,None,,,4,On Roadside,1,Daylight,1,Clear,0,No Additional Atmospheric Conditions,1,Clear,0,No,0000000,Not Applicable,16,4:00pm-4:59pm,18,18,16,4:00pm-4:59pm,25,25,16,4:00pm-4:59pm,54,54,0,None,0,None,0,None,1,0
2018,29,290452,Missouri,1,1,0,0,0,3,3,55,CRAWFORD (55),2040,CUBA,31,31,7,July,2018,3,Tuesday,1,1:00am-1:59am,45,45,0,This section IS NOT on the NHS,1,Rural,5,Major Collector,1,State Highway Agency,3,State Highway,SR-DD,,45,45,38.06516667,38.06516667,-91.427166670,-91.427166670,0,No Special Jurisdiction,58,Ground,0,Not a Collision with Motor Vehicle In-Transport,0,No,1,Non-Junction,1,Not an Intersection,0,None,,,4,On Roadside,2,Dark - Not Lighted,10,Cloudy,0,No Additional Atmospheric Conditions,10,Cloudy,0,No,0000000,Not Applicable,2,2:00am-2:59am,1,1,2,2:00am-2:59am,27,27,3,3:00am-3:59am,20,20,0,None,0,None,0,None,1,0
2018,29,290453,Missouri,2,2,0,0,0,2,2,203,SHANNON (203),0,NOT APPLICABLE,31,31,7,July,2018,3,Tuesday,5,5:00am-5:59am,15,15,1,This section IS ON the NHS,1,Rural,3,Principal Arterial - Other,1,State Highway Agency,2,U.S. Highway,US-60,CR-642,75,75,36.99080556,36.99080556,-91.524555560,-91.524555560,0,No Special Jurisdiction,12,Motor Vehicle In-Transport,6,Angle,0,No,2,Intersection,3,T-Intersection,0,None,,,1,On Roadway,2,Dark - Not Lighted,5,"Fog, Smog, Smoke",10,Cloudy,5,"Fog, Smog, Smoke",0,No,0000000,Not Applicable,99,Unknown,98,Unknown if Notified,99,Unknown EMS Scene Arrival Hour,98,Unknown if Arrived,88,Not Applicable (Not Transported),88,Not Applicable (Not Transported),0,None,0,None,0,None,1,0
2018,29,290454,Missouri,1,1,0,0,0,1,1,105,LACLEDE (105),0,NOT APPLICABLE,31,31,7,July,2018,3,Tuesday,16,4:00pm-4:59pm,0,0,0,This section IS NOT on the NHS,1,Rural,5,Major Collector,1,State Highway Agency,3,State Highway,SR-64,,66,66,37.69800000,37.69800000,-92.762083330,-92.762083330,0,No Special Jurisdiction,1,Rollover/Overturn,0,Not a Collision with Motor Vehicle In-Transport,0,No,1,Non-Junction,1,Not an Intersection,0,None,,,4,On Roadside,1,Daylight,10,Cloudy,0,No Additional Atmospheric Conditions,10,Cloudy,0,No,0000000,Not Applicable,99,Unknown,98,Unknown if Notified,99,Unknown EMS Scene Arrival Hour,98,Unknown if Arrived,88,Not Applicable (Not Transported),88,Not Applicable (Not Transported),0,None,0,None,0,None,1,0
2018,29,290455,Missouri,1,1,0,0,0,1,1,510,ST. LOUIS (CITY) (510),7080,ST LOUIS,27,27,5,May,2018,1,Sunday,21,9:00pm-9:59pm,53,53,1,This section IS ON the NHS,2,Urban,1,Interstate,1,State Highway Agency,1,Interstate,I-70,,10,10,38.69013889,38.69013889,-90.255166670,-90.255166670,0,No Special Jurisdiction,33,Curb,0,Not a Collision with Motor Vehicle In-Transport,0,No,1,Non-Junction,1,Not an Intersection,0,None,,,4,On Roadside,3,Dark - Lighted,1,Clear,0,No Additional Atmospheric Conditions,1,Clear,0,No,0000000,Not Applicable,21,9:00pm-9:59pm,50,50,22,10:00pm-10:59pm,3,3,22,10:00pm-10:59pm,28,28,0,None,0,None,0,None,1,0
2018,29,290456,Missouri,1,1,0,0,0,2,2,165,PLATTE (165),0,NOT APPLICABLE,24,24,6,June,2018,1,Sunday,21,9:00pm-9:59pm,50,50,0,This section IS NOT on the NHS,1,Rural,5,Major Collector,1,State Highway Agency,3,State Highway,SR-E,,49,49,39.44834444,39.44834444,-94.698188890,-94.698188890,0,No Special Jurisdiction,30,Utility Pole/Light Support,0,Not a Collision with Motor Vehicle In-Transport,0,No,1,Non-Junction,1,Not an Intersection,0,None,,,4,On Roadside,2,Dark - Not Lighted,1,Clear,0,No Additional Atmospheric Conditions,1,Clear,0,No,0000000,Not Applicable,21,9:00pm-9:59pm,50,50,21,9:00pm-9:59pm,59,59,22,10:00pm-10:59pm,44,44,0,None,0,None,0,None,1,1
2018,29,290457,Missouri,3,2,1,1,2,3,4,165,PLATTE (165),4120,KANSAS CITY,29,29,6,June,2018,6,Friday,17,5:00pm-5:59pm,11,11,1,This section IS ON the NHS,2,Urban,1,Interstate,1,State Highway Agency,1,Interstate,I-29,,227,227,39.24550000,39.24550000,-94.658538890,-94.658538890,0,No Special Jurisdiction,12,Motor Vehicle In-Transport,1,Front-to-Rear,1,Yes,18,Through Roadway,1,Not an Intersection,0,None,,,1,On Roadway,1,Daylight,1,Clear,0,No Additional Atmospheric Conditions,1,Clear,0,No,0000000,Not Applicable,17,5:00pm-5:59pm,12,12,17,5:00pm-5:59pm,19,19,17,5:00pm-5:59pm,36,36,0,None,0,None,0,None,1,0
2018,29,290458,Missouri,2,2,0,0,0,2,2,183,ST. CHARLES (183),7100,ST PETERS,9,9,7,July,2018,2,Monday,0,0:00am-0:59am,29,29,0,This section IS NOT on the NHS,2,Urban,5,Major Collector,1,State Highway Agency,6,Local Street - Municipality,N ST PETERS PKWY,WOODSTREAM DR,30,30,38.74685278,38.74685278,-90.598902780,-90.598902780,0,No Special Jurisdiction,12,Motor Vehicle In-Transport,1,Front-to-Rear,0,No,3,Intersection-Related,3,T-Intersection,0,None,,,1,On Roadway,2,Dark - Not Lighted,1,Clear,0,No Additional Atmospheric Conditions,1,Clear,0,No,0000000,Not Applicable,0,0:00am-0:59am,32,32,0,0:00am-0:59am,42,42,88,Not Applicable (Not Transported),88,Not Applicable (Not Transported),0,None,0,None,0,None,1,1
2018,29,290459,Missouri,1,1,0,0,0,1,1,9,BARRY (9),0,NOT APPLICABLE,10,10,7,July,2018,3,Tuesday,13,1:00pm-1:59pm,50,50,0,This section IS NOT on the NHS,1,Rural,5,Major Collector,1,State Highway Agency,3,State Highway,SR-86,,258,258,36.63658333,36.63658333,-93.797361110,-93.797361110,0,No Special Jurisdiction,53,Mail Box,0,Not a Collision with Motor Vehicle In-Transport,0,No,1,Non-Junction,1,Not an Intersection,0,None,,,4,On Roadside,1,Daylight,10,Cloudy,0,No Additional Atmospheric Conditions,10,Cloudy,0,No,0000000,Not Applicable,99,Unknown,98,Unknown if Notified,99,Unknown EMS Scene Arrival Hour,98,Unknown if Arrived,88,Not Applicable (Not Transported),88,Not Applicable (Not Transported),0,None,0,None,0,None,1,0