caseyear,state,st_case,statename,ve_total,ve_forms,pvh_invl,peds,pernotmvit,permvit,persons,county,countyname,city,cityname,day,dayname,month,monthname,year,day_week,day_weekname,hour,hourname,minute,minutename,nhs,nhsname,rur_urb,rur_urbname,func_sys,func_sysname,rd_owner,rd_ownername,route,routename,tway_id,tway_id2,milept,mileptname,latitude,latitudename,longitud,longitudname,sp_jur,sp_jurname,harm_ev,harm_evname,man_coll,man_collname,reljct1,reljct1name,reljct2,reljct2name,typ_int,typ_intname,wrk_zone,wrk_zonename,road_fnc,road_fncname,rel_road,rel_roadname,lgt_cond,lgt_condname,weather1,weather1name,weather2,weather2name,weather,weathername,sch_bus,sch_busname,rail,railname,not_hour,not_hourname,not_min,not_minname,arr_hour,arr_hourname,arr_min,arr_minname,hosp_hr,hosp_hrname,hosp_mn,hosp_mnname,cf1,cf1name,cf2,cf2name,cf3,cf3name,fatals,drunk_dr
2018,29,290532,Missouri,1,1,0,0,0,7,7,157,PERRY (157),0,NOT APPLICABLE,19,19,8,August,2018,1,Sunday,15,3:00pm-3:59pm,0,0,0,This section IS NOT on the NHS,1,Rural,7,Local,26,Private (other than Railroad),8,Other,LAKEVIEW DR,,4,4,37.64581944,37.64581944,-89.996416670,-89.996416670,0,No Special Jurisdiction,5,Fell/Jumped from Vehicle,0,Not a Collision with Motor Vehicle In-Transport,0,No,1,Non-Junction,1,Not an Intersection,0,None,,,1,On Roadway,1,Daylight,1,Clear,0,No Additional Atmospheric Conditions,1,Clear,0,No,0000000,Not Applicable,15,3:00pm-3:59pm,51,51,16,4:00pm-4:59pm,19,19,17,5:00pm-5:59pm,20,20,0,None,0,None,0,None,1,0
2018,29,290533,Missouri,2,2,0,0,0,3,3,101,JOHNSON (101),0,NOT APPLICABLE,19,19,8,August,2018,1,Sunday,15,3:00pm-3:59pm,54,54,1,This section IS ON the NHS,1,Rural,3,Principal Arterial - Other,1,State Highway Agency,3,State Highway,SR-13,,182,182,38.71091667,38.71091667,-93.726666670,-93.726666670,0,No Special Jurisdiction,12,Motor Vehicle In-Transport,6,Angle,0,No,1,Non-Junction,1,Not an Intersection,0,None,,,1,On Roadway,1,Daylight,2,Rain,10,Cloudy,2,Rain,0,No,0000000,Not Applicable,17,5:00pm-5:59pm,10,10,17,5:00pm-5:59pm,10,10,19,7:00pm-7:59pm,7,7,0,None,0,None,0,None,2,0
2018,29,290534,Missouri,2,2,0,0,0,2,2,161,PHELPS (161),0,NOT APPLICABLE,20,20,8,August,2018,2,Monday,13,1:00pm-1:59pm,35,35,0,This section IS NOT on the NHS,1,Rural,5,Major Collector,1,State Highway Agency,3,State Highway,SR-68,,168,168,37.85141667,37.85141667,-91.555194440,-91.555194440,0,No Special Jurisdiction,12,Motor Vehicle In-Transport,2,Front-to-Front,0,No,1,Non-Junction,1,Not an Intersection,0,None,,,1,On Roadway,1,Daylight,1,Clear,0,No Additional Atmospheric Conditions,1,Clear,0,No,0000000,Not Applicable,13,1:00pm-1:59pm,54,54,14,2:00pm-2:59pm,15,15,15,3:00pm-3:59pm,11,11,0,None,0,None,0,None,1,0
2018,29,290535,Missouri,1,1,0,1,1,2,2,47,CLAY (47),3114,GLADSTONE,4,4,8,August,2018,7,Saturday,13,1:00pm-1:59pm,21,21,0,This section IS NOT on the NHS,2,Urban,7,Local,4,City or Municipal Highway Agency,6,Local Street - Municipality,73RD TER,SR-1,3,3,39.22645833,39.22645833,-94.547730560,-94.547730560,0,No Special Jurisdiction,8,Pedestrian,0,Not a Collision with Motor Vehicle In-Transport,0,No,3,Intersection-Related,2,Four-Way Intersection,0,None,,,1,On Roadway,1,Daylight,1,Clear,0,No Additional Atmospheric Conditions,1,Clear,0,No,0000000,Not Applicable,13,1:00pm-1:59pm,25,25,13,1:00pm-1:59pm,27,27,88,Not Applicable (Not Transported),88,Not Applicable (Not Transported),0,None,0,None,0,None,1,0
2018,29,290536,Missouri,1,1,0,0,0,2,2,189,ST. LOUIS (189),650,BERKELEY,10,10,8,August,2018,6,Friday,21,9:00pm-9:59pm,37,37,0,This section IS NOT on the NHS,2,Urban,3,Principal Arterial - Other,4,City or Municipal Highway Agency,6,Local Street - Municipality,AIRPORT RD,,11,11,38.74988889,38.74988889,-90.327694440,-90.327694440,0,No Special Jurisdiction,59,Traffic Sign Support,0,Not a Collision with Motor Vehicle In-Transport,0,No,1,Non-Junction,1,Not an Intersection,0,None,,,4,On Roadside,3,Dark - Lighted,1,Clear,0,No Additional Atmospheric Conditions,1,Clear,0,No,0000000,Not Applicable,21,9:00pm-9:59pm,40,40,21,9:00pm-9:59pm,43,43,88,Not Applicable (Not Transported),88,Not Applicable (Not Transported),20,Police Pursuit Involved,0,None,0,None,2,0
2018,29,290537,Missouri,1,1,0,0,0,1,1,95,JACKSON (95),4120,KANSAS CITY,11,11,8,August,2018,7,Saturday,9,9:00am-9:59am,27,27,1,This section IS ON the NHS,2,Urban,1,Interstate,1,State Highway Agency,1,Interstate,I-435,,85,85,38.99886667,38.99886667,-94.502130560,-94.502130560,0,No Special Jurisdiction,1,Rollover/Overturn,0,Not a Collision with Motor Vehicle In-Transport,0,No,1,Non-Junction,1,Not an Intersection,0,None,,,1,On Roadway,1,Daylight,1,Clear,0,No Additional Atmospheric Conditions,1,Clear,0,No,0000000,Not Applicable,99,Unknown,98,Unknown if Notified,99,Unknown EMS Scene Arrival Hour,98,Unknown if Arrived,88,Not Applicable (Not Transported),88,Not Applicable (Not Transported),0,None,0,None,0,None,1,0
2018,29,290538,Missouri,2,2,0,0,0,2,2,95,JACKSON (95),4120,KANSAS CITY,11,11,8,August,2018,7,Saturday,21,9:00pm-9:59pm,28,28,0,This section IS NOT on the NHS,2,Urban,7,Local,4,City or Municipal Highway Agency,6,Local Street - Municipality,SMART AVE,MONROE AVE,5,5,39.10948333,39.10948333,-94.537488890,-94.537488890,0,No Special Jurisdiction,12,Motor Vehicle In-Transport,6,Angle,0,No,2,Intersection,2,Four-Way Intersection,0,None,,,1,On Roadway,3,Dark - Lighted,1,Clear,0,No Additional Atmospheric Conditions,1,Clear,0,No,0000000,Not Applicable,21,9:00pm-9:59pm,28,28,21,9:00pm-9:59pm,51,51,22,10:00pm-10:59pm,35,35,20,Police Pursuit Involved,0,None,0,None,1,0
2018,29,290539,Missouri,1,1,0,0,0,1,1,95,JACKSON (95),4120,KANSAS CITY,14,14,8,August,2018,3,Tuesday,10,10:00am-10:59am,48,48,0,This section IS NOT on the NHS,2,Urban,5,Major Collector,1,State Highway Agency,7,Local Street - Frontage Road,EOR 49,,1,1,38.85899722,38.85899722,-94.527150000,-94.527150000,0,No Special Jurisdiction,1,Rollover/Overturn,0,Not a Collision with Motor Vehicle In-Transport,0,No,1,Non-Junction,1,Not an Intersection,0,None,,,1,On Roadway,1,Daylight,2,Rain,0,No Additional Atmospheric Conditions,2,Rain,0,No,0000000,Not Applicable,99,Unknown,98,Unknown if Notified,99,Unknown EMS Scene Arrival Hour,98,Unknown if Arrived,88,Not Applicable (Not Transported),88,Not Applicable (Not Transported),0,None,0,None,0,None,1,0
2018,29,290540,Missouri,3,3,0,0,0,3,3,77,GREENE (77),0,NOT APPLICABLE,17,17,8,August,2018,6,Friday,12,12:00pm-12:59pm,10,10,1,This section IS ON the NHS,1,Rural,1,Interstate,1,State Highway Agency,1,Interstate,I-44,,59,59,37.18497222,37.18497222,-93.499583330,-93.499583330,0,No Special Jurisdiction,12,Motor Vehicle In-Transport,7,Sideswipe - Same Direction,0,No,1,Non-Junction,1,Not an Intersection,0,None,,,1,On Roadway,1,Daylight,1,Clear,0,No Additional Atmospheric Conditions,1,Clear,0,No,0000000,Not Applicable,12,12:00pm-12:59pm,16,16,12,12:00pm-12:59pm,39,39,13,1:00pm-1:59pm,1,1,0,None,0,None,0,None,1,0
2018,29,290541,Missouri,1,1,0,1,1,1,1,95,JACKSON (95),4120,KANSAS CITY,18,18,8,August,2018,7,Saturday,22,10:00pm-10:59pm,23,23,0,This section IS NOT on the NHS,2,Urban,4,Minor Arterial,4,City or Municipal Highway Agency,6,Local Street - Municipality,PROSPECT AVE,38TH ST,34,34,39.05726111,39.05726111,-94.553497220,-94.553497220,0,No Special Jurisdiction,8,Pedestrian,0,Not a Collision with Motor Vehicle In-Transport,0,No,2,Intersection,2,Four-Way Intersection,0,None,,,1,On Roadway,3,Dark - Lighted,10,Cloudy,0,No Additional Atmospheric Conditions,10,Cloudy,0,No,0000000,Not Applicable,22,10:00pm-10:59pm,25,25,22,10:00pm-10:59pm,33,33,88,Not Applicable (Not Transported),88,Not Applicable (Not Transported),0,None,0,None,0,None,1,0
2018,29,290542,Missouri,1,1,0,1,1,1,1,95,JACKSON (95),4120,KANSAS CITY,20,20,8,August,2018,2,Monday,22,10:00pm-10:59pm,51,51,1,This section IS ON the NHS,2,Urban,1,Interstate,1,State Highway Agency,1,Interstate,I-435,,95,95,39.02050000,39.02050000,-94.501108330,-94.501108330,0,No Special Jurisdiction,8,Pedestrian,0,Not a Collision with Motor Vehicle In-Transport,1,Yes,18,Through Roadway,1,Not an Intersection,0,None,,,1,On Roadway,3,Dark - Lighted,10,Cloudy,0,No Additional Atmospheric Conditions,10,Cloudy,0,No,0000000,Not Applicable,22,10:00pm-10:59pm,52,52,22,10:00pm-10:59pm,59,59,88,Not Applicable (Not Transported),88,Not Applicable (Not Transported),0,None,0,None,0,None,1,0
2018,29,290543,Missouri,3,3,0,1,1,4,4,71,FRANKLIN (71),3321,GRAY SUMMIT,21,21,8,August,2018,3,Tuesday,23,11:00pm-11:59pm,37,37,1,This section IS ON the NHS,2,Urban,1,Interstate,1,State Highway Agency,1,Interstate,I-44,,61,61,38.48186111,38.48186111,-90.844500000,-90.844500000,0,No Special Jurisdiction,12,Motor Vehicle In-Transport,1,Front-to-Rear,0,No,1,Non-Junction,1,Not an Intersection,0,None,,,1,On Roadway,2,Dark - Not Lighted,1,Clear,0,No Additional Atmospheric Conditions,1,Clear,0,No,0000000,Not Applicable,23,11:00pm-11:59pm,38,38,23,11:00pm-11:59pm,48,48,1,1:00am-1:59am,5,5,23,Indication of a Stalled/Disabled Vehicle,0,None,0,None,1,0
2018,29,290544,Missouri,1,1,0,0,0,1,1,37,CASS (37),0,NOT APPLICABLE,22,22,8,August,2018,4,Wednesday,1,1:00am-1:59am,0,0,0,This section IS NOT on the NHS,1,Rural,7,Local,2,County Highway Agency,4,County Road,CR-343RD,CR-AUSTIN RD,7,7,38.49247222,38.49247222,-94.270000000,-94.270000000,0,No Special Jurisdiction,34,Ditch,0,Not a Collision with Motor Vehicle In-Transport,0,No,3,Intersection-Related,3,T-Intersection,0,None,,,4,On Roadside,2,Dark - Not Lighted,1,Clear,0,No Additional Atmospheric Conditions,1,Clear,0,No,0000000,Not Applicable,6,6:00am-6:59am,35,35,6,6:00am-6:59am,54,54,88,Not Applicable (Not Transported),88,Not Applicable (Not Transported),0,None,0,None,0,None,1,1
2018,29,290545,Missouri,1,1,0,0,0,2,2,75,GENTRY (75),0,NOT APPLICABLE,15,15,8,August,2018,4,Wednesday,15,3:00pm-3:59pm,30,30,0,This section IS NOT on the NHS,1,Rural,7,Local,2,County Highway Agency,4,County Road,CR-450 ST,,56,56,40.06800000,40.06800000,-94.501805560,-94.501805560,0,No Special Jurisdiction,35,Embankment,0,Not a Collision with Motor Vehicle In-Transport,0,No,1,Non-Junction,1,Not an Intersection,0,None,,,4,On Roadside,1,Daylight,1,Clear,0,No Additional Atmospheric Conditions,1,Clear,0,No,0000000,Not Applicable,16,4:00pm-4:59pm,0,0,16,4:00pm-4:59pm,11,11,17,5:00pm-5:59pm,34,34,0,None,0,None,0,None,1,0
2018,29,290546,Missouri,1,1,0,0,0,3,3,227,WORTH (227),0,NOT APPLICABLE,18,18,8,August,2018,7,Saturday,20,8:00pm-8:59pm,45,45,0,This section IS NOT on the NHS,1,Rural,7,Local,2,County Highway Agency,4,County Road,CR-LYON AVE,CR-170TH ST,5,5,40.47061111,40.47061111,-94.413722220,-94.413722220,0,No Special Jurisdiction,1,Rollover/Overturn,0,Not a Collision with Motor Vehicle In-Transport,0,No,3,Intersection-Related,2,Four-Way Intersection,0,None,,,4,On Roadside,2,Dark - Not Lighted,1,Clear,0,No Additional Atmospheric Conditions,1,Clear,0,No,0000000,Not Applicable,20,8:00pm-8:59pm,58,58,21,9:00pm-9:59pm,7,7,21,9:00pm-9:59pm,25,25,0,None,0,None,0,None,1,0
2018,29,290547,Missouri,1,1,0,0,0,2,2,9,BARRY (9),0,NOT APPLICABLE,22,22,8,August,2018,4,Wednesday,13,1:00pm-1:59pm,38,38,0,This section IS NOT on the NHS,1,Rural,4,Minor Arterial,1,State Highway Agency,3,State Highway,SR-76,,294,294,36.67377778,36.67377778,-93.664694440,-93.664694440,0,No Special Jurisdiction,42,Tree (Standing Only),0,Not a Collision with Motor Vehicle In-Transport,0,No,1,Non-Junction,1,Not an Intersection,0,None,,,4,On Roadside,1,Daylight,10,Cloudy,0,No Additional Atmospheric Conditions,10,Cloudy,0,No,0000000,Not Applicable,13,1:00pm-1:59pm,41,41,14,2:00pm-2:59pm,6,6,14,2:00pm-2:59pm,39,39,0,None,0,None,0,None,1,0
2018,29,290548,Missouri,1,1,0,0,0,1,1,177,RAY (177),0,NOT APPLICABLE,23,23,8,August,2018,5,Thursday,7,7:00am-7:59am,10,10,0,This section IS NOT on the NHS,2,Urban,5,Major Collector,1,State Highway Agency,3,State Highway,SR-Y,,25,25,39.35766667,39.35766667,-94.201916670,-94.201916670,0,No Special Jurisdiction,32,Culvert,0,Not a Collision with Motor Vehicle In-Transport,0,No,1,Non-Junction,1,Not an Intersection,0,None,,,4,On Roadside,1,Daylight,1,Clear,0,No Additional Atmospheric Conditions,1,Clear,0,No,0000000,Not Applicable,7,7:00am-7:59am,25,25,7,7:00am-7:59am,40,40,8,8:00am-8:59am,13,13,0,None,0,None,0,None,1,0
2018,29,290549,Missouri,2,2,0,0,0,6,6,143,NEW MADRID (143),0,NOT APPLICABLE,23,23,8,August,2018,5,Thursday,15,3:00pm-3:59pm,20,20,1,This section IS ON the NHS,1,Rural,1,Interstate,1,State Highway Agency,1,Interstate,I-55,,306,306,36.45238889,36.45238889,-89.661944440,-89.661944440,0,No Special Jurisdiction,12,Motor Vehicle In-Transport,1,Front-to-Rear,0,No,1,Non-Junction,1,Not an Intersection,0,None,,,1,On Roadway,1,Daylight,1,Clear,0,No Additional Atmospheric Conditions,1,Clear,0,No,0000000,Not Applicable,15,3:00pm-3:59pm,32,32,15,3:00pm-3:59pm,40,40,16,4:00pm-4:59pm,17,17,0,None,0,None,0,None,1,1
2018,29,290550,Missouri,2,2,0,0,0,4,4,91,HOWELL (91),0,NOT APPLICABLE,23,23,8,August,2018,5,Thursday,16,4:00pm-4:59pm,18,18,1,This section IS ON the NHS,1,Rural,3,Principal Arterial - Other,1,State Highway Agency,2,U.S. Highway,US-63,,319,319,36.68966667,36.68966667,-91.794611110,-91.794611110,0,No Special Jurisdiction,12,Motor Vehicle In-Transport,1,Front-to-Rear,0,No,1,Non-Junction,1,Not an Intersection,0,None,,,1,On Roadway,1,Daylight,10,Cloudy,0,No Additional Atmospheric Conditions,10,Cloudy,0,No,0000000,Not Applicable,16,4:00pm-4:59pm,19,19,16,4:00pm-4:59pm,27,27,16,4:00pm-4:59pm,53,53,0,None,0,None,0,None,1,0
2018,29,290551,Missouri,1,1,0,0,0,1,1,101,JOHNSON (101),0,NOT APPLICABLE,23,23,8,August,2018,5,Thursday,21,9:00pm-9:59pm,30,30,0,This section IS NOT on the NHS,1,Rural,7,Local,2,County Highway Agency,4,County Road,CR-SW 1871,,36,36,38.66491667,38.66491667,-94.105361110,-94.105361110,0,No Special Jurisdiction,1,Rollover/Overturn,0,Not a Collision with Motor Vehicle In-Transport,0,No,1,Non-Junction,1,Not an Intersection,0,None,,,4,On Roadside,2,Dark - Not Lighted,2,Rain,0,No Additional Atmospheric Conditions,2,Rain,0,No,0000000,Not Applicable,21,9:00pm-9:59pm,34,34,22,10:00pm-10:59pm,2,2,88,Not Applicable (Not Transported),88,Not Applicable (Not Transported),0,None,0,None,0,None,1,1
2018,29,290552,Missouri,3,3,0,0,0,6,6,47,CLAY (47),4120,KANSAS CITY,24,24,8,August,2018,6,Friday,23,11:00pm-11:59pm,14,14,1,This section IS ON the NHS,2,Urban,1,Interstate,1,State Highway Agency,1,Interstate,I-35,,223,223,39.18214167,39.18214167,-94.523686110,-94.523686110,0,No Special Jurisdiction,57,Cable Barrier,0,Not a Collision with Motor Vehicle In-Transport,0,No,1,Non-Junction,1,Not an Intersection,0,None,,,3,On Median,2,Dark - Not Lighted,1,Clear,0,No Additional Atmospheric Conditions,1,Clear,0,No,0000000,Not Applicable,23,11:00pm-11:59pm,13,13,23,11:00pm-11:59pm,22,22,99,Unknown,99,Unknown EMS Hospital Arrival Time,0,None,0,None,0,None,2,1
2018,29,290553,Missouri,1,1,0,0,0,1,1,71,FRANKLIN (71),0,NOT APPLICABLE,24,24,8,August,2018,6,Friday,10,10:00am-10:59am,25,25,0,This section IS NOT on the NHS,1,Rural,4,Minor Arterial,1,State Highway Agency,3,State Highway,SR-165,,81,81,38.48858333,38.48858333,-91.173472220,-91.173472220,0,No Special Jurisdiction,19,Building,0,Not a Collision with Motor Vehicle In-Transport,0,No,1,Non-Junction,1,Not an Intersection,0,None,,,5,Outside Trafficway,1,Daylight,10,Cloudy,0,No Additional Atmospheric Conditions,10,Cloudy,0,No,0000000,Not Applicable,10,10:00am-10:59am,39,39,10,10:00am-10:59am,41,41,88,Not Applicable (Not Transported),88,Not Applicable (Not Transported),0,None,0,None,0,None,1,0
2018,29,290554,Missouri,4,4,0,0,0,5,5,189,ST. LOUIS (189),0,NOT APPLICABLE,24,24,8,August,2018,6,Friday,7,7:00am-7:59am,10,10,1,This section IS ON the NHS,2,Urban,3,Principal Arterial - Other,1,State Highway Agency,3,State Highway,SR-180,,79,79,38.69277778,38.69277778,-90.316694440,-90.316694440,0,No Special Jurisdiction,12,Motor Vehicle In-Transport,6,Angle,0,No,8,Driveway Access Related,1,Not an Intersection,0,None,,,1,On Roadway,1,Daylight,2,Rain,10,Cloudy,2,Rain,0,No,0000000,Not Applicable,7,7:00am-7:59am,15,15,7,7:00am-7:59am,18,18,88,Not Applicable (Not Transported),88,Not Applicable (Not Transported),0,None,0,None,0,None,1,0
2018,29,290555,Missouri,1,1,0,1,1,1,1,213,TANEY (213),980,BRANSON,24,24,8,August,2018,6,Friday,20,8:00pm-8:59pm,29,29,1,This section IS ON the NHS,2,Urban,2,Principal Arterial - Other Freeways and Expressways,1,State Highway Agency,2,U.S. Highway,US-65,,120,120,36.65197222,36.65197222,-93.222722220,-93.222722220,0,No Special Jurisdiction,8,Pedestrian,0,Not a Collision with Motor Vehicle In-Transport,0,No,1,Non-Junction,1,Not an Intersection,0,None,,,1,On Roadway,2,Dark - Not Lighted,1,Clear,0,No Additional Atmospheric Conditions,1,Clear,0,No,0000000,Not Applicable,99,Unknown,98,Unknown if Notified,99,Unknown EMS Scene Arrival Hour,98,Unknown if Arrived,88,Not Applicable (Not Transported),88,Not Applicable (Not Transported),0,None,0,None,0,None,1,0
2018,29,290556,Missouri,1,1,0,0,0,1,1,161,PHELPS (161),0,NOT APPLICABLE,25,25,8,August,2018,7,Saturday,8,8:00am-8:59am,0,0,0,This section IS NOT on the NHS,1,Rural,5,Major Collector,1,State Highway Agency,3,State Highway,SR-68,,95,95,37.94827778,37.94827778,-91.566416670,-91.566416670,0,No Special Jurisdiction,38,Fence,0,Not a Collision with Motor Vehicle In-Transport,0,No,1,Non-Junction,1,Not an Intersection,0,None,,,4,On Roadside,1,Daylight,10,Cloudy,0,No Additional Atmospheric Conditions,10,Cloudy,0,No,0000000,Not Applicable,8,8:00am-8:59am,16,16,8,8:00am-8:59am,25,25,88,Not Applicable (Not Transported),88,Not Applicable (Not Transported),0,None,0,None,0,None,1,0
2018,29,290557,Missouri,2,2,0,0,0,4,4,131,MILLER (131),0,NOT APPLICABLE,25,25,8,August,2018,7,Saturday,22,10:00pm-10:59pm,15,15,1,This section IS ON the NHS,1,Rural,3,Principal Arterial - Other,1,State Highway Agency,2,U.S. Highway,US-54,CR-ALLEN RD,66,66,38.24508333,38.24508333,-92.597166670,-92.597166670,0,No Special Jurisdiction,12,Motor Vehicle In-Transport,6,Angle,0,No,7,Crossover-Related,1,Not an Intersection,0,None,,,1,On Roadway,3,Dark - Lighted,1,Clear,0,No Additional Atmospheric Conditions,1,Clear,0,No,0000000,Not Applicable,99,Unknown,98,Unknown if Notified,99,Unknown EMS Scene Arrival Hour,98,Unknown if Arrived,88,Not Applicable (Not Transported),88,Not Applicable (Not Transported),0,None,0,None,0,None,2,0
2018,29,290558,Missouri,2,2,0,0,0,3,3,183,ST. CHARLES (183),8280,WENTZVILLE,26,26,8,August,2018,1,Sunday,21,9:00pm-9:59pm,25,25,0,This section IS NOT on the NHS,2,Urban,5,Major Collector,4,City or Municipal Highway Agency,6,Local Street - Municipality,W PEARCE BLVD,,31,31,38.80450000,38.80450000,-90.898861110,-90.898861110,0,No Special Jurisdiction,12,Motor Vehicle In-Transport,2,Front-to-Front,0,No,1,Non-Junction,1,Not an Intersection,0,None,,,1,On Roadway,3,Dark - Lighted,1,Clear,0,No Additional Atmospheric Conditions,1,Clear,0,No,0000000,Not Applicable,21,9:00pm-9:59pm,32,32,21,9:00pm-9:59pm,42,42,22,10:00pm-10:59pm,29,29,0,None,0,None,0,None,1,1
2018,29,290559,Missouri,1,1,0,0,0,2,2,189,ST. LOUIS (189),0,NOT APPLICABLE,26,26,8,August,2018,1,Sunday,20,8:00pm-8:59pm,0,0,0,This section IS NOT on the NHS,2,Urban,4,Minor Arterial,2,County Highway Agency,4,County Road,CR-SAPPINGTON RD,,40,40,38.51435556,38.51435556,-90.380119440,-90.380119440,0,No Special Jurisdiction,30,Utility Pole/Light Support,0,Not a Collision with Motor Vehicle In-Transport,0,No,1,Non-Junction,1,Not an Intersection,0,None,,,4,On Roadside,3,Dark - Lighted,1,Clear,0,No Additional Atmospheric Conditions,1,Clear,0,No,0000000,Not Applicable,20,8:00pm-8:59pm,6,6,20,8:00pm-8:59pm,10,10,20,8:00pm-8:59pm,19,19,0,None,0,None,0,None,1,1
2018,29,290560,Missouri,2,2,0,0,0,2,2,510,ST. LOUIS (CITY) (510),7080,ST LOUIS,27,27,8,August,2018,2,Monday,14,2:00pm-2:59pm,7,7,0,This section IS NOT on the NHS,2,Urban,4,Minor Arterial,4,City or Municipal Highway Agency,6,Local Street - Municipality,BROADWAY,ETHLONE AVE,34,34,38.68255556,38.68255556,-90.214816670,-90.214816670,0,No Special Jurisdiction,12,Motor Vehicle In-Transport,6,Angle,0,No,2,Intersection,3,T-Intersection,0,None,,,1,On Roadway,1,Daylight,1,Clear,0,No Additional Atmospheric Conditions,1,Clear,0,No,0000000,Not Applicable,14,2:00pm-2:59pm,6,6,14,2:00pm-2:59pm,16,16,14,2:00pm-2:59pm,34,34,0,None,0,None,0,None,1,0
2018,29,290561,Missouri,1,1,0,0,0,1,1,137,MONROE (137),0,NOT APPLICABLE,27,27,8,August,2018,2,Monday,0,0:00am-0:59am,1,1,0,This section IS NOT on the NHS,1,Rural,7,Local,2,County Highway Agency,4,County Road,CR-583,,1,1,39.59900000,39.59900000,-91.748916670,-91.748916670,0,No Special Jurisdiction,35,Embankment,0,Not a Collision with Motor Vehicle In-Transport,0,No,1,Non-Junction,1,Not an Intersection,0,None,,,4,On Roadside,2,Dark - Not Lighted,10,Cloudy,0,No Additional Atmospheric Conditions,10,Cloudy,0,No,0000000,Not Applicable,0,0:00am-0:59am,10,10,0,0:00am-0:59am,15,15,88,Not Applicable (Not Transported),88,Not Applicable (Not Transported),0,None,0,None,0,None,1,0
2018,29,290562,Missouri,1,1,0,0,0,1,1,95,JACKSON (95),4120,KANSAS CITY,29,29,8,August,2018,4,Wednesday,23,11:00pm-11:59pm,19,19,0,This section IS NOT on the NHS,2,Urban,7,Local,4,City or Municipal Highway Agency,6,Local Street - Municipality,E 57 ST,,1,1,39.02221389,39.02221389,-94.544291670,-94.544291670,0,No Special Jurisdiction,40,Fire Hydrant,0,Not a Collision with Motor Vehicle In-Transport,0,No,1,Non-Junction,1,Not an Intersection,0,None,,,4,On Roadside,3,Dark - Lighted,10,Cloudy,0,No Additional Atmospheric Conditions,10,Cloudy,0,No,0000000,Not Applicable,23,11:00pm-11:59pm,18,18,23,11:00pm-11:59pm,24,24,23,11:00pm-11:59pm,46,46,0,None,0,None,0,None,1,0
2018,29,290563,Missouri,2,2,0,0,0,2,2,99,JEFFERSON (99),0,NOT APPLICABLE,29,29,8,August,2018,4,Wednesday,10,10:00am-10:59am,20,20,0,This section IS NOT on the NHS,1,Rural,3,Principal Arterial - Other,1,State Highway Agency,3,State Highway,SR-110,,55,55,38.13855556,38.13855556,-90.485388890,-90.485388890,0,No Special Jurisdiction,12,Motor Vehicle In-Transport,2,Front-to-Front,0,No,1,Non-Junction,1,Not an Intersection,0,None,,,1,On Roadway,1,Daylight,2,Rain,10,Cloudy,2,Rain,0,No,0000000,Not Applicable,10,10:00am-10:59am,29,29,10,10:00am-10:59am,30,30,11,11:00am-11:59am,0,0,0,None,0,None,0,None,1,0
2018,29,290564,Missouri,2,2,0,0,0,2,2,117,LIVINGSTON (117),0,NOT APPLICABLE,30,30,8,August,2018,5,Thursday,18,6:00pm-6:59pm,53,53,1,This section IS ON the NHS,1,Rural,3,Principal Arterial - Other,1,State Highway Agency,2,U.S. Highway,US-65,,168,168,39.72561111,39.72561111,-93.555500000,-93.555500000,0,No Special Jurisdiction,12,Motor Vehicle In-Transport,2,Front-to-Front,0,No,1,Non-Junction,1,Not an Intersection,0,None,,,1,On Roadway,1,Daylight,1,Clear,0,No Additional Atmospheric Conditions,1,Clear,0,No,0000000,Not Applicable,18,6:00pm-6:59pm,55,55,19,7:00pm-7:59pm,0,0,19,7:00pm-7:59pm,18,18,0,None,0,None,0,None,2,1
2018,29,290565,Missouri,2,2,0,0,0,2,2,63,DEKALB (63),0,NOT APPLICABLE,30,30,8,August,2018,5,Thursday,19,7:00pm-7:59pm,0,0,0,This section IS NOT on the NHS,1,Rural,5,Major Collector,1,State Highway Agency,3,State Highway,SR-6,,11,11,39.76900000,39.76900000,-94.580972220,-94.580972220,0,No Special Jurisdiction,12,Motor Vehicle In-Transport,1,Front-to-Rear,0,No,1,Non-Junction,1,Not an Intersection,0,None,,,1,On Roadway,1,Daylight,1,Clear,0,No Additional Atmospheric Conditions,1,Clear,0,No,0000000,Not Applicable,19,7:00pm-7:59pm,1,1,19,7:00pm-7:59pm,22,22,19,7:00pm-7:59pm,38,38,0,None,0,None,0,None,1,0
2018,29,290566,Missouri,1,1,0,0,0,1,1,211,SULLIVAN (211),0,NOT APPLICABLE,31,31,8,August,2018,6,Friday,11,11:00am-11:59am,0,0,1,This section IS ON the NHS,1,Rural,3,Principal Arterial - Other,1,State Highway Agency,3,State Highway,SR-6,,185,185,40.21191667,40.21191667,-93.103000000,-93.103000000,0,No Special Jurisdiction,35,Embankment,0,Not a Collision with Motor Vehicle In-Transport,0,No,1,Non-Junction,1,Not an Intersection,0,None,,,4,On Roadside,1,Daylight,2,Rain,0,No Additional Atmospheric Conditions,2,Rain,0,No,0000000,Not Applicable,99,Unknown,98,Unknown if Notified,99,Unknown EMS Scene Arrival Hour,98,Unknown if Arrived,88,Not Applicable (Not Transported),88,Not Applicable (Not Transported),0,None,0,None,0,None,1,0