caseyear,state,st_case,statename,ve_total,ve_forms,pvh_invl,peds,pernotmvit,permvit,persons,county,countyname,city,cityname,day,dayname,month,monthname,year,day_week,day_weekname,hour,hourname,minute,minutename,nhs,nhsname,rur_urb,rur_urbname,func_sys,func_sysname,rd_owner,rd_ownername,route,routename,tway_id,tway_id2,milept,mileptname,latitude,latitudename,longitud,longitudname,sp_jur,sp_jurname,harm_ev,harm_evname,man_coll,man_collname,reljct1,reljct1name,reljct2,reljct2name,typ_int,typ_intname,wrk_zone,wrk_zonename,road_fnc,road_fncname,rel_road,rel_roadname,lgt_cond,lgt_condname,weather1,weather1name,weather2,weather2name,weather,weathername,sch_bus,sch_busname,rail,railname,not_hour,not_hourname,not_min,not_minname,arr_hour,arr_hourname,arr_min,arr_minname,hosp_hr,hosp_hrname,hosp_mn,hosp_mnname,cf1,cf1name,cf2,cf2name,cf3,cf3name,fatals,drunk_dr
2018,29,290601,Missouri,1,1,0,0,0,1,1,149,OREGON (149),0,NOT APPLICABLE,14,14,9,September,2018,6,Friday,0,0:00am-0:59am,25,25,0,This section IS NOT on the NHS,1,Rural,5,Major Collector,1,State Highway Agency,3,State Highway,SR-AA,,62,62,36.71016667,36.71016667,-91.284750000,-91.284750000,0,No Special Jurisdiction,11,Live Animal,0,Not a Collision with Motor Vehicle In-Transport,0,No,1,Non-Junction,1,Not an Intersection,0,None,,,1,On Roadway,2,Dark - Not Lighted,1,Clear,0,No Additional Atmospheric Conditions,1,Clear,0,No,0000000,Not Applicable,99,Unknown,98,Unknown if Notified,99,Unknown EMS Scene Arrival Hour,98,Unknown if Arrived,88,Not Applicable (Not Transported),88,Not Applicable (Not Transported),0,None,0,None,0,None,1,1
2018,29,290602,Missouri,3,3,0,2,2,5,5,33,CARROLL (33),0,NOT APPLICABLE,15,15,9,September,2018,7,Saturday,20,8:00pm-8:59pm,10,10,1,This section IS ON the NHS,1,Rural,3,Principal Arterial - Other,1,State Highway Agency,2,U.S. Highway,US-24,,173,173,39.36700000,39.36700000,-93.354805560,-93.354805560,0,No Special Jurisdiction,12,Motor Vehicle In-Transport,1,Front-to-Rear,0,No,1,Non-Junction,1,Not an Intersection,0,None,,,1,On Roadway,2,Dark - Not Lighted,1,Clear,0,No Additional Atmospheric Conditions,1,Clear,0,No,0000000,Not Applicable,20,8:00pm-8:59pm,4,4,20,8:00pm-8:59pm,15,15,20,8:00pm-8:59pm,37,37,0,None,0,None,0,None,1,0
2018,29,290603,Missouri,1,1,0,0,0,1,1,33,CARROLL (33),0,NOT APPLICABLE,15,15,9,September,2018,7,Saturday,22,10:00pm-10:59pm,15,15,0,This section IS NOT on the NHS,1,Rural,7,Local,2,County Highway Agency,4,County Road,CR-331,,5,5,39.60852778,39.60852778,-93.329194440,-93.329194440,0,No Special Jurisdiction,1,Rollover/Overturn,0,Not a Collision with Motor Vehicle In-Transport,0,No,1,Non-Junction,1,Not an Intersection,0,None,,,4,On Roadside,2,Dark - Not Lighted,10,Cloudy,0,No Additional Atmospheric Conditions,10,Cloudy,0,No,0000000,Not Applicable,22,10:00pm-10:59pm,34,34,22,10:00pm-10:59pm,2,2,88,Not Applicable (Not Transported),88,Not Applicable (Not Transported),0,None,0,None,0,None,1,1
2018,29,290604,Missouri,1,1,0,0,0,2,2,29,CAMDEN (29),0,NOT APPLICABLE,16,16,9,September,2018,1,Sunday,11,11:00am-11:59am,36,36,0,This section IS NOT on the NHS,1,Rural,5,Major Collector,2,County Highway Agency,4,County Road,CR-HORSESHOE BEND PKWY,,13,13,38.19147222,38.19147222,-92.669638890,-92.669638890,0,No Special Jurisdiction,33,Curb,0,Not a Collision with Motor Vehicle In-Transport,0,No,1,Non-Junction,1,Not an Intersection,0,None,,,4,On Roadside,1,Daylight,1,Clear,0,No Additional Atmospheric Conditions,1,Clear,0,No,0000000,Not Applicable,11,11:00am-11:59am,42,42,11,11:00am-11:59am,47,47,12,12:00pm-12:59pm,22,22,0,None,0,None,0,None,1,0
2018,29,290605,Missouri,2,2,0,0,0,2,2,53,COOPER (53),0,NOT APPLICABLE,16,16,9,September,2018,1,Sunday,19,7:00pm-7:59pm,53,53,1,This section IS ON the NHS,1,Rural,1,Interstate,1,State Highway Agency,1,Interstate,I-70,,259,259,38.94094444,38.94094444,-92.574416670,-92.574416670,0,No Special Jurisdiction,5,Fell/Jumped from Vehicle,0,Not a Collision with Motor Vehicle In-Transport,0,No,1,Non-Junction,1,Not an Intersection,0,None,,,1,On Roadway,2,Dark - Not Lighted,1,Clear,0,No Additional Atmospheric Conditions,1,Clear,0,No,0000000,Not Applicable,99,Unknown,98,Unknown if Notified,99,Unknown EMS Scene Arrival Hour,98,Unknown if Arrived,88,Not Applicable (Not Transported),88,Not Applicable (Not Transported),0,None,0,None,0,None,1,0
2018,29,290606,Missouri,1,1,0,0,0,1,1,73,GASCONADE (73),0,NOT APPLICABLE,16,16,9,September,2018,1,Sunday,22,10:00pm-10:59pm,48,48,0,This section IS NOT on the NHS,1,Rural,5,Major Collector,1,State Highway Agency,3,State Highway,SR-B,SR-C,35,35,38.24805556,38.24805556,-91.620611110,-91.620611110,0,No Special Jurisdiction,34,Ditch,0,Not a Collision with Motor Vehicle In-Transport,0,No,3,Intersection-Related,3,T-Intersection,0,None,,,4,On Roadside,2,Dark - Not Lighted,1,Clear,0,No Additional Atmospheric Conditions,1,Clear,0,No,0000000,Not Applicable,22,10:00pm-10:59pm,53,53,23,11:00pm-11:59pm,3,3,88,Not Applicable (Not Transported),88,Not Applicable (Not Transported),0,None,0,None,0,None,1,0
2018,29,290607,Missouri,2,2,0,0,0,2,2,71,FRANKLIN (71),0,NOT APPLICABLE,16,16,9,September,2018,1,Sunday,18,6:00pm-6:59pm,35,35,0,This section IS NOT on the NHS,1,Rural,5,Major Collector,1,State Highway Agency,3,State Highway,SR-H,,147,147,38.23850000,38.23850000,-91.293166670,-91.293166670,0,No Special Jurisdiction,12,Motor Vehicle In-Transport,2,Front-to-Front,0,No,1,Non-Junction,1,Not an Intersection,0,None,,,1,On Roadway,1,Daylight,1,Clear,0,No Additional Atmospheric Conditions,1,Clear,0,No,0000000,Not Applicable,99,Unknown,99,Unknown,99,Unknown EMS Scene Arrival Hour,99,Unknown EMS Scene Arrival Minutes,99,Unknown,99,Unknown EMS Hospital Arrival Time,0,None,0,None,0,None,1,0
2018,29,290608,Missouri,1,1,0,1,1,1,1,183,ST. CHARLES (183),8280,WENTZVILLE,16,16,9,September,2018,1,Sunday,15,3:00pm-3:59pm,44,44,0,This section IS NOT on the NHS,2,Urban,7,Local,4,City or Municipal Highway Agency,6,Local Street - Municipality,SUMMER RAIN DR,,1,1,38.81936111,38.81936111,-90.890138890,-90.890138890,0,No Special Jurisdiction,8,Pedestrian,0,Not a Collision with Motor Vehicle In-Transport,0,No,1,Non-Junction,1,Not an Intersection,0,None,,,1,On Roadway,1,Daylight,10,Cloudy,0,No Additional Atmospheric Conditions,10,Cloudy,0,No,0000000,Not Applicable,15,3:00pm-3:59pm,45,45,15,3:00pm-3:59pm,53,53,16,4:00pm-4:59pm,13,13,0,None,0,None,0,None,1,0
2018,29,290609,Missouri,2,2,0,0,0,2,2,77,GREENE (77),0,NOT APPLICABLE,17,17,9,September,2018,2,Monday,19,7:00pm-7:59pm,52,52,0,This section IS NOT on the NHS,1,Rural,4,Minor Arterial,1,State Highway Agency,2,U.S. Highway,US-160,,171,171,37.25730556,37.25730556,-93.364861110,-93.364861110,0,No Special Jurisdiction,12,Motor Vehicle In-Transport,2,Front-to-Front,0,No,1,Non-Junction,1,Not an Intersection,0,None,,,1,On Roadway,2,Dark - Not Lighted,1,Clear,0,No Additional Atmospheric Conditions,1,Clear,0,No,0000000,Not Applicable,7,7:00am-7:59am,25,25,7,7:00am-7:59am,31,31,99,Unknown,99,Unknown EMS Hospital Arrival Time,0,None,0,None,0,None,1,0
2018,29,290610,Missouri,2,2,0,0,0,3,3,219,WARREN (219),7820,Truesdale,17,17,9,September,2018,2,Monday,7,7:00am-7:59am,20,20,0,This section IS NOT on the NHS,2,Urban,5,Major Collector,1,State Highway Agency,7,Local Street - Frontage Road,SOR 70,,5,5,38.81800000,38.81800000,-91.122277780,-91.122277780,0,No Special Jurisdiction,12,Motor Vehicle In-Transport,6,Angle,0,No,8,Driveway Access Related,1,Not an Intersection,0,None,,,1,On Roadway,1,Daylight,1,Clear,0,No Additional Atmospheric Conditions,1,Clear,0,No,0000000,Not Applicable,7,7:00am-7:59am,25,25,7,7:00am-7:59am,31,31,8,8:00am-8:59am,21,21,0,None,0,None,0,None,1,0
2018,29,290611,Missouri,2,2,0,0,0,3,3,97,JASPER (97),0,NOT APPLICABLE,18,18,9,September,2018,3,Tuesday,7,7:00am-7:59am,30,30,0,This section IS NOT on the NHS,1,Rural,5,Major Collector,2,County Highway Agency,4,County Road,CR-CHESTNUT,,1,1,37.17272222,37.17272222,-94.289444440,-94.289444440,0,No Special Jurisdiction,12,Motor Vehicle In-Transport,1,Front-to-Rear,0,No,1,Non-Junction,1,Not an Intersection,0,None,,,1,On Roadway,1,Daylight,1,Clear,0,No Additional Atmospheric Conditions,1,Clear,0,No,0000000,Not Applicable,7,7:00am-7:59am,29,29,7,7:00am-7:59am,39,39,8,8:00am-8:59am,1,1,0,None,0,None,0,None,1,0
2018,29,290612,Missouri,2,2,0,0,0,4,4,89,HOWARD (89),0,NOT APPLICABLE,18,18,9,September,2018,3,Tuesday,15,3:00pm-3:59pm,33,33,0,This section IS NOT on the NHS,1,Rural,5,Major Collector,1,State Highway Agency,3,State Highway,SR-87,,70,70,39.12772222,39.12772222,-92.845000000,-92.845000000,0,No Special Jurisdiction,12,Motor Vehicle In-Transport,2,Front-to-Front,0,No,1,Non-Junction,1,Not an Intersection,0,None,,,1,On Roadway,1,Daylight,10,Cloudy,0,No Additional Atmospheric Conditions,10,Cloudy,0,No,0000000,Not Applicable,15,3:00pm-3:59pm,37,37,15,3:00pm-3:59pm,55,55,17,5:00pm-5:59pm,30,30,0,None,0,None,0,None,2,0
2018,29,290613,Missouri,1,1,0,0,0,7,7,167,POLK (167),880,BOLIVAR,18,18,9,September,2018,3,Tuesday,0,0:00am-0:59am,27,27,1,This section IS ON the NHS,1,Rural,2,Principal Arterial - Other Freeways and Expressways,1,State Highway Agency,3,State Highway,SR-13,,233,233,37.55098611,37.55098611,-93.386222220,-93.386222220,0,No Special Jurisdiction,18,Other Object (not fixed),0,Not a Collision with Motor Vehicle In-Transport,0,No,1,Non-Junction,1,Not an Intersection,0,None,,,4,On Roadside,2,Dark - Not Lighted,1,Clear,0,No Additional Atmospheric Conditions,1,Clear,0,No,0000000,Not Applicable,99,Unknown,99,Unknown,99,Unknown EMS Scene Arrival Hour,99,Unknown EMS Scene Arrival Minutes,99,Unknown,99,Unknown EMS Hospital Arrival Time,0,None,0,None,0,None,1,0
2018,29,290614,Missouri,2,2,0,0,0,2,2,159,PETTIS (159),0,NOT APPLICABLE,18,18,9,September,2018,3,Tuesday,5,5:00am-5:59am,45,45,0,This section IS NOT on the NHS,1,Rural,6,Minor Collector,1,State Highway Agency,3,State Highway,SR-E,,13,13,38.62369444,38.62369444,-93.332027780,-93.332027780,0,No Special Jurisdiction,12,Motor Vehicle In-Transport,2,Front-to-Front,0,No,1,Non-Junction,1,Not an Intersection,0,None,,,1,On Roadway,2,Dark - Not Lighted,1,Clear,0,No Additional Atmospheric Conditions,1,Clear,0,No,0000000,Not Applicable,99,Unknown,98,Unknown if Notified,99,Unknown EMS Scene Arrival Hour,98,Unknown if Arrived,88,Not Applicable (Not Transported),88,Not Applicable (Not Transported),0,None,0,None,0,None,1,0
2018,29,290615,Missouri,2,2,0,0,0,2,2,183,ST. CHARLES (183),4328,LAKE SAINT LOUIS,18,18,9,September,2018,3,Tuesday,19,7:00pm-7:59pm,23,23,0,This section IS NOT on the NHS,2,Urban,4,Minor Arterial,4,City or Municipal Highway Agency,6,Local Street - Municipality,LAKE ST LOUIS BLVD,,47,47,38.79758333,38.79758333,-90.758638890,-90.758638890,0,No Special Jurisdiction,12,Motor Vehicle In-Transport,2,Front-to-Front,0,No,1,Non-Junction,1,Not an Intersection,0,None,,,1,On Roadway,2,Dark - Not Lighted,1,Clear,0,No Additional Atmospheric Conditions,1,Clear,0,No,0000000,Not Applicable,99,Unknown,99,Unknown,99,Unknown EMS Scene Arrival Hour,99,Unknown EMS Scene Arrival Minutes,99,Unknown,99,Unknown EMS Hospital Arrival Time,0,None,0,None,0,None,1,0
2018,29,290616,Missouri,2,2,0,0,0,2,2,510,ST. LOUIS (CITY) (510),7080,ST LOUIS,21,21,9,September,2018,6,Friday,22,10:00pm-10:59pm,43,43,1,This section IS ON the NHS,2,Urban,3,Principal Arterial - Other,4,City or Municipal Highway Agency,6,Local Street - Municipality,GRAVOIS AVE,RUSSELL BLVD,57,57,38.60828333,38.60828333,-90.212813890,-90.212813890,0,No Special Jurisdiction,12,Motor Vehicle In-Transport,1,Front-to-Rear,0,No,3,Intersection-Related,2,Four-Way Intersection,0,None,,,1,On Roadway,3,Dark - Lighted,1,Clear,0,No Additional Atmospheric Conditions,1,Clear,0,No,0000000,Not Applicable,22,10:00pm-10:59pm,41,41,22,10:00pm-10:59pm,49,49,23,11:00pm-11:59pm,16,16,0,None,0,None,0,None,1,1
2018,29,290617,Missouri,1,1,0,1,1,1,1,201,SCOTT (201),7310,SIKESTON,21,21,9,September,2018,6,Friday,19,7:00pm-7:59pm,41,41,0,This section IS NOT on the NHS,2,Urban,4,Minor Arterial,1,State Highway Agency,2,U.S. Highway,US-61,GREER AVE,280,280,36.87791111,36.87791111,-89.579691670,-89.579691670,0,No Special Jurisdiction,8,Pedestrian,0,Not a Collision with Motor Vehicle In-Transport,0,No,1,Non-Junction,1,Not an Intersection,0,None,,,1,On Roadway,1,Daylight,1,Clear,0,No Additional Atmospheric Conditions,1,Clear,0,No,0000000,Not Applicable,19,7:00pm-7:59pm,43,43,19,7:00pm-7:59pm,45,45,19,7:00pm-7:59pm,57,57,0,None,0,None,0,None,1,0
2018,29,290618,Missouri,1,1,0,0,0,2,2,183,ST. CHARLES (183),0,NOT APPLICABLE,22,22,9,September,2018,7,Saturday,4,4:00am-4:59am,10,10,0,This section IS NOT on the NHS,1,Rural,6,Minor Collector,1,State Highway Agency,3,State Highway,SR-C,,19,19,38.84341667,38.84341667,-90.620472220,-90.620472220,0,No Special Jurisdiction,34,Ditch,0,Not a Collision with Motor Vehicle In-Transport,0,No,1,Non-Junction,1,Not an Intersection,0,None,,,4,On Roadside,2,Dark - Not Lighted,10,Cloudy,0,No Additional Atmospheric Conditions,10,Cloudy,0,No,0000000,Not Applicable,4,4:00am-4:59am,12,12,4,4:00am-4:59am,23,23,4,4:00am-4:59am,42,42,0,None,0,None,0,None,1,1
2018,29,290619,Missouri,1,1,0,1,1,1,1,47,CLAY (47),4570,LIBERTY,22,22,9,September,2018,7,Saturday,17,5:00pm-5:59pm,43,43,0,This section IS NOT on the NHS,2,Urban,7,Local,4,City or Municipal Highway Agency,6,Local Street - Municipality,SOUTHVIEW DR,SHERRILL AVE,8,8,39.22103333,39.22103333,-94.410825000,-94.410825000,0,No Special Jurisdiction,9,Pedalcyclist,0,Not a Collision with Motor Vehicle In-Transport,0,No,2,Intersection,3,T-Intersection,0,None,,,1,On Roadway,1,Daylight,1,Clear,0,No Additional Atmospheric Conditions,1,Clear,0,No,0000000,Not Applicable,17,5:00pm-5:59pm,44,44,17,5:00pm-5:59pm,46,46,18,6:00pm-6:59pm,4,4,0,None,0,None,0,None,1,0
2018,29,290620,Missouri,1,1,0,0,0,1,1,203,SHANNON (203),8450,WINONA,22,22,9,September,2018,7,Saturday,20,8:00pm-8:59pm,15,15,0,This section IS NOT on the NHS,1,Rural,7,Local,4,City or Municipal Highway Agency,6,Local Street - Municipality,JF NORTON PKWY,,18,18,37.00325000,37.00325000,-91.320027780,-91.320027780,0,No Special Jurisdiction,18,Other Object (not fixed),0,Not a Collision with Motor Vehicle In-Transport,0,No,1,Non-Junction,1,Not an Intersection,0,None,,,4,On Roadside,2,Dark - Not Lighted,10,Cloudy,0,No Additional Atmospheric Conditions,10,Cloudy,0,No,0000000,Not Applicable,20,8:00pm-8:59pm,40,40,21,9:00pm-9:59pm,7,7,22,10:00pm-10:59pm,46,46,0,None,0,None,0,None,1,1
2018,29,290621,Missouri,1,1,0,0,0,1,1,189,ST. LOUIS (189),5810,NORWOOD COURT,22,22,9,September,2018,7,Saturday,7,7:00am-7:59am,45,45,1,This section IS ON the NHS,2,Urban,1,Interstate,1,State Highway Agency,1,Interstate,I-70,,114,114,38.71236111,38.71236111,-90.288500000,-90.288500000,0,No Special Jurisdiction,35,Embankment,0,Not a Collision with Motor Vehicle In-Transport,0,No,1,Non-Junction,1,Not an Intersection,0,None,,,4,On Roadside,1,Daylight,10,Cloudy,0,No Additional Atmospheric Conditions,10,Cloudy,0,No,0000000,Not Applicable,7,7:00am-7:59am,49,49,7,7:00am-7:59am,53,53,88,Not Applicable (Not Transported),88,Not Applicable (Not Transported),0,None,0,None,0,None,1,1
2018,29,290622,Missouri,1,1,0,0,0,1,1,43,CHRISTIAN (43),0,NOT APPLICABLE,23,23,9,September,2018,1,Sunday,23,11:00pm-11:59pm,15,15,0,This section IS NOT on the NHS,2,Urban,5,Major Collector,1,State Highway Agency,3,State Highway,SR-M,,25,25,37.02413889,37.02413889,-93.329555560,-93.329555560,0,No Special Jurisdiction,59,Traffic Sign Support,0,Not a Collision with Motor Vehicle In-Transport,0,No,1,Non-Junction,1,Not an Intersection,4,"Work Zone, Type Unknown",,,4,On Roadside,2,Dark - Not Lighted,10,Cloudy,0,No Additional Atmospheric Conditions,10,Cloudy,0,No,0000000,Not Applicable,23,11:00pm-11:59pm,21,21,23,11:00pm-11:59pm,26,26,0,0:00am-0:59am,4,4,0,None,0,None,0,None,1,1
2018,29,290623,Missouri,1,1,0,0,0,2,2,19,BOONE (19),1800,COLUMBIA,23,23,9,September,2018,1,Sunday,1,1:00am-1:59am,57,57,0,This section IS NOT on the NHS,2,Urban,4,Minor Arterial,4,City or Municipal Highway Agency,6,Local Street - Municipality,OLD HWY 63,,28,28,38.92543611,38.92543611,-92.310716670,-92.310716670,0,No Special Jurisdiction,42,Tree (Standing Only),0,Not a Collision with Motor Vehicle In-Transport,0,No,1,Non-Junction,1,Not an Intersection,0,None,,,4,On Roadside,2,Dark - Not Lighted,1,Clear,0,No Additional Atmospheric Conditions,1,Clear,0,No,0000000,Not Applicable,99,Unknown,99,Unknown,99,Unknown EMS Scene Arrival Hour,99,Unknown EMS Scene Arrival Minutes,99,Unknown,99,Unknown EMS Hospital Arrival Time,0,None,0,None,0,None,1,1
2018,29,290624,Missouri,2,2,0,2,2,1,1,107,LAFAYETTE (107),0,NOT APPLICABLE,24,24,9,September,2018,2,Monday,23,11:00pm-11:59pm,45,45,1,This section IS ON the NHS,1,Rural,1,Interstate,1,State Highway Agency,1,Interstate,I-70,,319,319,38.98830556,38.98830556,-93.521333330,-93.521333330,0,No Special Jurisdiction,12,Motor Vehicle In-Transport,1,Front-to-Rear,0,No,1,Non-Junction,1,Not an Intersection,0,None,,,1,On Roadway,2,Dark - Not Lighted,1,Clear,0,No Additional Atmospheric Conditions,1,Clear,0,No,0000000,Not Applicable,23,11:00pm-11:59pm,42,42,23,11:00pm-11:59pm,50,50,99,Unknown,99,Unknown EMS Hospital Arrival Time,19,Recent/Previous Crash scene Nearby,0,None,0,None,1,0
2018,29,290625,Missouri,2,2,0,0,0,2,2,119,MCDONALD (119),0,NOT APPLICABLE,24,24,9,September,2018,2,Monday,7,7:00am-7:59am,25,25,0,This section IS NOT on the NHS,1,Rural,5,Major Collector,1,State Highway Agency,3,State Highway,SR-E,,131,131,36.52247222,36.52247222,-94.179444440,-94.179444440,0,No Special Jurisdiction,12,Motor Vehicle In-Transport,2,Front-to-Front,0,No,1,Non-Junction,1,Not an Intersection,0,None,,,1,On Roadway,1,Daylight,5,"Fog, Smog, Smoke",0,No Additional Atmospheric Conditions,5,"Fog, Smog, Smoke",0,No,0000000,Not Applicable,99,Unknown,99,Unknown,99,Unknown EMS Scene Arrival Hour,99,Unknown EMS Scene Arrival Minutes,99,Unknown,99,Unknown EMS Hospital Arrival Time,0,None,0,None,0,None,1,0
2018,29,290626,Missouri,1,1,0,0,0,1,1,209,STONE (209),0,NOT APPLICABLE,24,24,9,September,2018,2,Monday,16,4:00pm-4:59pm,55,55,0,This section IS NOT on the NHS,1,Rural,5,Major Collector,1,State Highway Agency,3,State Highway,SR-176,,44,44,36.82505556,36.82505556,-93.394833330,-93.394833330,0,No Special Jurisdiction,1,Rollover/Overturn,0,Not a Collision with Motor Vehicle In-Transport,0,No,1,Non-Junction,1,Not an Intersection,0,None,,,4,On Roadside,1,Daylight,10,Cloudy,0,No Additional Atmospheric Conditions,10,Cloudy,0,No,0000000,Not Applicable,99,Unknown,98,Unknown if Notified,99,Unknown EMS Scene Arrival Hour,98,Unknown if Arrived,88,Not Applicable (Not Transported),88,Not Applicable (Not Transported),0,None,0,None,0,None,1,0
2018,29,290627,Missouri,1,1,0,0,0,1,1,37,CASS (37),0,NOT APPLICABLE,25,25,9,September,2018,3,Tuesday,5,5:00am-5:59am,0,0,1,This section IS ON the NHS,1,Rural,1,Interstate,1,State Highway Agency,1,Interstate,I-49,,177,177,38.51641667,38.51641667,-94.345777780,-94.345777780,0,No Special Jurisdiction,1,Rollover/Overturn,0,Not a Collision with Motor Vehicle In-Transport,0,No,1,Non-Junction,1,Not an Intersection,1,Construction,,,4,On Roadside,9,Reported as Unknown,5,"Fog, Smog, Smoke",0,No Additional Atmospheric Conditions,5,"Fog, Smog, Smoke",0,No,0000000,Not Applicable,99,Unknown,98,Unknown if Notified,99,Unknown EMS Scene Arrival Hour,98,Unknown if Arrived,88,Not Applicable (Not Transported),88,Not Applicable (Not Transported),0,None,0,None,0,None,1,0
2018,29,290628,Missouri,1,1,0,0,0,1,1,29,CAMDEN (29),0,NOT APPLICABLE,25,25,9,September,2018,3,Tuesday,21,9:00pm-9:59pm,20,20,0,This section IS NOT on the NHS,1,Rural,5,Major Collector,1,State Highway Agency,3,State Highway,SR-T,,46,46,37.85122222,37.85122222,-92.534861110,-92.534861110,0,No Special Jurisdiction,42,Tree (Standing Only),0,Not a Collision with Motor Vehicle In-Transport,0,No,1,Non-Junction,1,Not an Intersection,0,None,,,4,On Roadside,2,Dark - Not Lighted,2,Rain,10,Cloudy,2,Rain,0,No,0000000,Not Applicable,99,Unknown,98,Unknown if Notified,99,Unknown EMS Scene Arrival Hour,98,Unknown if Arrived,88,Not Applicable (Not Transported),88,Not Applicable (Not Transported),0,None,0,None,0,None,1,0
2018,29,290629,Missouri,1,1,0,0,0,1,1,189,ST. LOUIS (189),1690,CLAYTON,26,26,9,September,2018,4,Wednesday,9,9:00am-9:59am,14,14,1,This section IS ON the NHS,2,Urban,1,Interstate,1,State Highway Agency,1,Interstate,I-170,,99,99,38.64608889,38.64608889,-90.348627780,-90.348627780,0,No Special Jurisdiction,5,Fell/Jumped from Vehicle,0,Not a Collision with Motor Vehicle In-Transport,0,No,1,Non-Junction,1,Not an Intersection,0,None,,,1,On Roadway,1,Daylight,1,Clear,0,No Additional Atmospheric Conditions,1,Clear,0,No,0000000,Not Applicable,9,9:00am-9:59am,15,15,9,9:00am-9:59am,23,23,9,9:00am-9:59am,40,40,0,None,0,None,0,None,1,0
2018,29,290630,Missouri,1,1,0,0,0,1,1,215,TEXAS (215),0,NOT APPLICABLE,26,26,9,September,2018,4,Wednesday,23,11:00pm-11:59pm,50,50,1,This section IS ON the NHS,1,Rural,3,Principal Arterial - Other,1,State Highway Agency,2,U.S. Highway,US-63,,259,259,37.26161111,37.26161111,-91.995055560,-91.995055560,0,No Special Jurisdiction,24,Guardrail Face,0,Not a Collision with Motor Vehicle In-Transport,0,No,1,Non-Junction,1,Not an Intersection,0,None,,,4,On Roadside,2,Dark - Not Lighted,1,Clear,0,No Additional Atmospheric Conditions,1,Clear,0,No,0000000,Not Applicable,23,11:00pm-11:59pm,7,7,23,11:00pm-11:59pm,15,15,88,Not Applicable (Not Transported),88,Not Applicable (Not Transported),0,None,0,None,0,None,1,1
2018,29,290632,Missouri,3,3,0,0,0,7,7,63,DEKALB (63),0,NOT APPLICABLE,30,30,8,August,2018,5,Thursday,6,6:00am-6:59am,54,54,0,This section IS NOT on the NHS,1,Rural,5,Major Collector,1,State Highway Agency,3,State Highway,SR-33,,12,12,39.87111111,39.87111111,-94.360916670,-94.360916670,0,No Special Jurisdiction,12,Motor Vehicle In-Transport,1,Front-to-Rear,0,No,1,Non-Junction,1,Not an Intersection,0,None,,,1,On Roadway,1,Daylight,10,Cloudy,0,No Additional Atmospheric Conditions,10,Cloudy,0,No,0000000,Not Applicable,6,6:00am-6:59am,54,54,7,7:00am-7:59am,5,5,7,7:00am-7:59am,27,27,0,None,0,None,0,None,1,0
2018,29,290633,Missouri,2,2,0,0,0,2,2,187,ST. FRANCOIS (187),0,NOT APPLICABLE,4,4,9,September,2018,3,Tuesday,21,9:00pm-9:59pm,36,36,1,This section IS ON the NHS,2,Urban,3,Principal Arterial - Other,1,State Highway Agency,2,U.S. Highway,US-67,,69,69,37.95002778,37.95002778,-90.550888890,-90.550888890,0,No Special Jurisdiction,12,Motor Vehicle In-Transport,2,Front-to-Front,0,No,1,Non-Junction,1,Not an Intersection,0,None,,,1,On Roadway,2,Dark - Not Lighted,1,Clear,0,No Additional Atmospheric Conditions,1,Clear,0,No,0000000,Not Applicable,21,9:00pm-9:59pm,48,48,22,10:00pm-10:59pm,12,12,22,10:00pm-10:59pm,53,53,0,None,0,None,0,None,1,0
2018,29,290634,Missouri,3,3,0,0,0,4,4,135,MONITEAU (135),0,NOT APPLICABLE,25,25,9,September,2018,3,Tuesday,12,12:00pm-12:59pm,49,49,1,This section IS ON the NHS,1,Rural,3,Principal Arterial - Other,1,State Highway Agency,2,U.S. Highway,US-50,,144,144,38.61663889,38.61663889,-92.595166670,-92.595166670,0,No Special Jurisdiction,12,Motor Vehicle In-Transport,1,Front-to-Rear,0,No,1,Non-Junction,1,Not an Intersection,0,None,,,1,On Roadway,1,Daylight,1,Clear,0,No Additional Atmospheric Conditions,1,Clear,0,No,0000000,Not Applicable,12,12:00pm-12:59pm,55,55,13,1:00pm-1:59pm,21,21,13,1:00pm-1:59pm,44,44,0,None,0,None,0,None,1,1
2018,29,290635,Missouri,1,1,0,0,0,2,2,47,CLAY (47),4570,LIBERTY,26,26,9,September,2018,4,Wednesday,9,9:00am-9:59am,43,43,0,This section IS NOT on the NHS,2,Urban,7,Local,4,City or Municipal Highway Agency,6,Local Street - Municipality,LIBERTY BEND RD,,0,None,39.20067222,39.20067222,-94.395030560,-94.395030560,0,No Special Jurisdiction,10,Railway Vehicle,0,Not a Collision with Motor Vehicle In-Transport,0,No,6,Railway Grade Crossing,1,Not an Intersection,0,None,,,1,On Roadway,1,Daylight,1,Clear,0,No Additional Atmospheric Conditions,1,Clear,0,No,483881W,483881W,9,9:00am-9:59am,42,42,9,9:00am-9:59am,48,48,10,10:00am-10:59am,3,3,0,None,0,None,0,None,1,0
2018,29,290636,Missouri,4,4,0,0,0,7,7,161,PHELPS (161),0,NOT APPLICABLE,26,26,9,September,2018,4,Wednesday,11,11:00am-11:59am,20,20,0,This section IS NOT on the NHS,1,Rural,5,Major Collector,1,State Highway Agency,3,State Highway,SR-KK,SR-U,45,45,38.02602778,38.02602778,-91.542861110,-91.542861110,0,No Special Jurisdiction,12,Motor Vehicle In-Transport,6,Angle,0,No,3,Intersection-Related,3,T-Intersection,0,None,,,1,On Roadway,1,Daylight,1,Clear,0,No Additional Atmospheric Conditions,1,Clear,0,No,0000000,Not Applicable,11,11:00am-11:59am,24,24,11,11:00am-11:59am,45,45,12,12:00pm-12:59pm,43,43,0,None,0,None,0,None,1,0