caseyear,state,st_case,statename,ve_total,ve_forms,pvh_invl,peds,pernotmvit,permvit,persons,county,countyname,city,cityname,day,dayname,month,monthname,year,day_week,day_weekname,hour,hourname,minute,minutename,nhs,nhsname,rur_urb,rur_urbname,func_sys,func_sysname,rd_owner,rd_ownername,route,routename,tway_id,tway_id2,milept,mileptname,latitude,latitudename,longitud,longitudname,sp_jur,sp_jurname,harm_ev,harm_evname,man_coll,man_collname,reljct1,reljct1name,reljct2,reljct2name,typ_int,typ_intname,wrk_zone,wrk_zonename,road_fnc,road_fncname,rel_road,rel_roadname,lgt_cond,lgt_condname,weather1,weather1name,weather2,weather2name,weather,weathername,sch_bus,sch_busname,rail,railname,not_hour,not_hourname,not_min,not_minname,arr_hour,arr_hourname,arr_min,arr_minname,hosp_hr,hosp_hrname,hosp_mn,hosp_mnname,cf1,cf1name,cf2,cf2name,cf3,cf3name,fatals,drunk_dr
2018,29,290672,Missouri,6,2,4,0,0,5,5,97,JASPER (97),4100,JOPLIN,4,4,10,October,2018,5,Thursday,16,4:00pm-4:59pm,43,43,0,This section IS NOT on the NHS,2,Urban,4,Minor Arterial,4,City or Municipal Highway Agency,6,Local Street - Municipality,JOPLIN AVE,6TH ST,9,9,37.08707778,37.08707778,-94.514513890,-94.514513890,0,No Special Jurisdiction,14,Parked Motor Vehicle,0,Not a Collision with Motor Vehicle In-Transport,0,No,1,Non-Junction,1,Not an Intersection,0,None,,,4,On Roadside,1,Daylight,1,Clear,0,No Additional Atmospheric Conditions,1,Clear,0,No,0000000,Not Applicable,16,4:00pm-4:59pm,44,44,16,4:00pm-4:59pm,46,46,99,Unknown,99,Unknown EMS Hospital Arrival Time,14,"Motor Vehicle struck by falling cargo,or something that came loose from or something that was set in motion by a vehicle",0,None,0,None,1,0
2018,29,290673,Missouri,2,2,0,0,0,2,2,109,LAWRENCE (109),0,NOT APPLICABLE,5,5,10,October,2018,6,Friday,18,6:00pm-6:59pm,45,45,0,This section IS NOT on the NHS,1,Rural,7,Local,2,County Highway Agency,4,County Road,CR-2110,,64,64,37.11811111,37.11811111,-93.942083330,-93.942083330,0,No Special Jurisdiction,12,Motor Vehicle In-Transport,2,Front-to-Front,0,No,1,Non-Junction,1,Not an Intersection,0,None,,,1,On Roadway,1,Daylight,1,Clear,0,No Additional Atmospheric Conditions,1,Clear,0,No,0000000,Not Applicable,18,6:00pm-6:59pm,49,49,19,7:00pm-7:59pm,17,17,19,7:00pm-7:59pm,48,48,0,None,0,None,0,None,1,0
2018,29,290674,Missouri,2,2,0,0,0,2,2,71,FRANKLIN (71),8150,WASHINGTON,5,5,10,October,2018,6,Friday,18,6:00pm-6:59pm,20,20,0,This section IS NOT on the NHS,2,Urban,3,Principal Arterial - Other,1,State Highway Agency,3,State Highway,SR-100,SOUTHPOINT RD,248,248,38.53581944,38.53581944,-90.977527780,-90.977527780,0,No Special Jurisdiction,12,Motor Vehicle In-Transport,6,Angle,0,No,2,Intersection,2,Four-Way Intersection,0,None,,,1,On Roadway,1,Daylight,1,Clear,0,No Additional Atmospheric Conditions,1,Clear,0,No,0000000,Not Applicable,99,Unknown,99,Unknown,99,Unknown EMS Scene Arrival Hour,99,Unknown EMS Scene Arrival Minutes,99,Unknown,99,Unknown EMS Hospital Arrival Time,0,None,0,None,0,None,1,1
2018,29,290675,Missouri,1,1,0,0,0,1,1,95,JACKSON (95),0,NOT APPLICABLE,5,5,10,October,2018,6,Friday,12,12:00pm-12:59pm,33,33,1,This section IS ON the NHS,2,Urban,2,Principal Arterial - Other Freeways and Expressways,1,State Highway Agency,3,State Highway,SR-150,,253,253,38.88074167,38.88074167,-94.603188890,-94.603188890,0,No Special Jurisdiction,26,Other Traffic Barrier,0,Not a Collision with Motor Vehicle In-Transport,0,No,1,Non-Junction,1,Not an Intersection,0,None,,,4,On Roadside,1,Daylight,1,Clear,0,No Additional Atmospheric Conditions,1,Clear,0,No,0000000,Not Applicable,12,12:00pm-12:59pm,33,33,12,12:00pm-12:59pm,41,41,13,1:00pm-1:59pm,4,4,0,None,0,None,0,None,1,0
2018,29,290676,Missouri,2,2,0,0,0,2,2,7,AUDRAIN (7),5170,MEXICO,6,6,10,October,2018,7,Saturday,14,2:00pm-2:59pm,28,28,0,This section IS NOT on the NHS,2,Urban,5,Major Collector,4,City or Municipal Highway Agency,6,Local Street - Municipality,BRECKENRIDGE,GROVE ST,3,3,39.16679167,39.16679167,-91.891113890,-91.891113890,0,No Special Jurisdiction,1,Rollover/Overturn,0,Not a Collision with Motor Vehicle In-Transport,0,No,3,Intersection-Related,2,Four-Way Intersection,0,None,,,1,On Roadway,1,Daylight,10,Cloudy,0,No Additional Atmospheric Conditions,10,Cloudy,0,No,0000000,Not Applicable,14,2:00pm-2:59pm,29,29,14,2:00pm-2:59pm,36,36,14,2:00pm-2:59pm,55,55,0,None,0,None,0,None,1,0
2018,29,290677,Missouri,1,1,0,0,0,1,1,189,ST. LOUIS (189),0,NOT APPLICABLE,6,6,10,October,2018,7,Saturday,1,1:00am-1:59am,0,0,1,This section IS ON the NHS,1,Rural,1,Interstate,1,State Highway Agency,1,Interstate,I-44,,139,139,38.52480556,38.52480556,-90.544527780,-90.544527780,0,No Special Jurisdiction,24,Guardrail Face,0,Not a Collision with Motor Vehicle In-Transport,0,No,1,Non-Junction,1,Not an Intersection,0,None,,,4,On Roadside,2,Dark - Not Lighted,1,Clear,0,No Additional Atmospheric Conditions,1,Clear,0,No,0000000,Not Applicable,99,Unknown,98,Unknown if Notified,99,Unknown EMS Scene Arrival Hour,98,Unknown if Arrived,88,Not Applicable (Not Transported),88,Not Applicable (Not Transported),0,None,0,None,0,None,1,1
2018,29,290678,Missouri,1,1,0,1,1,1,1,95,JACKSON (95),4120,KANSAS CITY,6,6,10,October,2018,7,Saturday,21,9:00pm-9:59pm,56,56,0,This section IS NOT on the NHS,2,Urban,4,Minor Arterial,4,City or Municipal Highway Agency,6,Local Street - Municipality,BLUE RIDGE BLVD,,61,61,38.93608611,38.93608611,-94.508441670,-94.508441670,0,No Special Jurisdiction,15,Non-Motorist on Personal Conveyance,0,Not a Collision with Motor Vehicle In-Transport,0,No,1,Non-Junction,1,Not an Intersection,0,None,,,1,On Roadway,3,Dark - Lighted,2,Rain,0,No Additional Atmospheric Conditions,2,Rain,0,No,0000000,Not Applicable,21,9:00pm-9:59pm,57,57,22,10:00pm-10:59pm,3,3,22,10:00pm-10:59pm,31,31,0,None,0,None,0,None,1,0
2018,29,290679,Missouri,1,1,0,0,0,3,3,9,BARRY (9),0,NOT APPLICABLE,6,6,10,October,2018,7,Saturday,14,2:00pm-2:59pm,21,21,0,This section IS NOT on the NHS,1,Rural,5,Major Collector,1,State Highway Agency,3,State Highway,SR-112,,67,67,36.55141667,36.55141667,-93.843555560,-93.843555560,0,No Special Jurisdiction,42,Tree (Standing Only),0,Not a Collision with Motor Vehicle In-Transport,0,No,1,Non-Junction,1,Not an Intersection,0,None,,,4,On Roadside,1,Daylight,1,Clear,0,No Additional Atmospheric Conditions,1,Clear,0,No,0000000,Not Applicable,14,2:00pm-2:59pm,25,25,14,2:00pm-2:59pm,58,58,16,4:00pm-4:59pm,21,21,0,None,0,None,0,None,1,0
2018,29,290680,Missouri,3,3,0,0,0,9,9,9,BARRY (9),0,NOT APPLICABLE,6,6,10,October,2018,7,Saturday,19,7:00pm-7:59pm,0,0,1,This section IS ON the NHS,1,Rural,3,Principal Arterial - Other,2,County Highway Agency,2,U.S. Highway,US-60,CR-1100,100,100,36.91344444,36.91344444,-93.882666670,-93.882666670,0,No Special Jurisdiction,12,Motor Vehicle In-Transport,6,Angle,0,No,2,Intersection,2,Four-Way Intersection,0,None,,,1,On Roadway,2,Dark - Not Lighted,10,Cloudy,0,No Additional Atmospheric Conditions,10,Cloudy,0,No,0000000,Not Applicable,19,7:00pm-7:59pm,13,13,19,7:00pm-7:59pm,20,20,20,8:00pm-8:59pm,20,20,0,None,0,None,0,None,1,0
2018,29,290681,Missouri,2,2,0,0,0,2,2,97,JASPER (97),0,NOT APPLICABLE,6,6,10,October,2018,7,Saturday,14,2:00pm-2:59pm,3,3,0,This section IS NOT on the NHS,1,Rural,4,Minor Arterial,2,County Highway Agency,3,State Highway,SR-96,,178,178,37.19822222,37.19822222,-94.276222220,-94.276222220,0,No Special Jurisdiction,12,Motor Vehicle In-Transport,1,Front-to-Rear,0,No,1,Non-Junction,1,Not an Intersection,0,None,,,1,On Roadway,1,Daylight,2,Rain,0,No Additional Atmospheric Conditions,2,Rain,0,No,0000000,Not Applicable,14,2:00pm-2:59pm,7,7,14,2:00pm-2:59pm,17,17,15,3:00pm-3:59pm,9,9,0,None,0,None,0,None,1,0
2018,29,290682,Missouri,2,1,1,0,0,1,1,209,STONE (209),0,NOT APPLICABLE,6,6,10,October,2018,7,Saturday,0,0:00am-0:59am,34,34,1,This section IS ON the NHS,1,Rural,3,Principal Arterial - Other,1,State Highway Agency,3,State Highway,SR-13,,199,199,36.57119444,36.57119444,-93.429055560,-93.429055560,0,No Special Jurisdiction,35,Embankment,0,Not a Collision with Motor Vehicle In-Transport,0,No,1,Non-Junction,1,Not an Intersection,0,None,,,4,On Roadside,2,Dark - Not Lighted,1,Clear,0,No Additional Atmospheric Conditions,1,Clear,0,No,0000000,Not Applicable,99,Unknown,98,Unknown if Notified,99,Unknown EMS Scene Arrival Hour,98,Unknown if Arrived,88,Not Applicable (Not Transported),88,Not Applicable (Not Transported),0,None,0,None,0,None,1,1
2018,29,290683,Missouri,3,2,1,0,0,3,3,91,HOWELL (91),0,NOT APPLICABLE,7,7,10,October,2018,1,Sunday,17,5:00pm-5:59pm,35,35,0,This section IS NOT on the NHS,1,Rural,7,Local,2,County Highway Agency,4,County Road,CR-8530,,59,59,36.62775000,36.62775000,-91.834888890,-91.834888890,0,No Special Jurisdiction,12,Motor Vehicle In-Transport,2,Front-to-Front,0,No,1,Non-Junction,1,Not an Intersection,3,Utility,,,4,On Roadside,1,Daylight,1,Clear,0,No Additional Atmospheric Conditions,1,Clear,0,No,0000000,Not Applicable,17,5:00pm-5:59pm,44,44,18,6:00pm-6:59pm,2,2,19,7:00pm-7:59pm,9,9,14,"Motor Vehicle struck by falling cargo,or something that came loose from or something that was set in motion by a vehicle",0,None,0,None,1,1
2018,29,290684,Missouri,2,2,0,0,0,3,3,510,ST. LOUIS (CITY) (510),2355,EARTH CITY,8,8,10,October,2018,2,Monday,18,6:00pm-6:59pm,52,52,1,This section IS ON the NHS,2,Urban,3,Principal Arterial - Other,1,State Highway Agency,6,Local Street - Municipality,RIVERVIEW DR,SCRANTON AVE,29,29,38.73421111,38.73421111,-90.212713890,-90.212713890,0,No Special Jurisdiction,12,Motor Vehicle In-Transport,6,Angle,0,No,2,Intersection,3,T-Intersection,0,None,,,1,On Roadway,6,Dark - Unknown Lighting,1,Clear,0,No Additional Atmospheric Conditions,1,Clear,0,No,0000000,Not Applicable,18,6:00pm-6:59pm,50,50,18,6:00pm-6:59pm,57,57,19,7:00pm-7:59pm,46,46,0,None,0,None,0,None,1,0
2018,29,290685,Missouri,1,1,0,0,0,1,1,65,DENT (65),0,NOT APPLICABLE,7,7,10,October,2018,1,Sunday,22,10:00pm-10:59pm,15,15,0,This section IS NOT on the NHS,1,Rural,4,Minor Arterial,1,State Highway Agency,3,State Highway,SR-32,,186,186,37.63697222,37.63697222,-91.480083330,-91.480083330,0,No Special Jurisdiction,1,Rollover/Overturn,0,Not a Collision with Motor Vehicle In-Transport,0,No,1,Non-Junction,1,Not an Intersection,0,None,,,4,On Roadside,2,Dark - Not Lighted,10,Cloudy,0,No Additional Atmospheric Conditions,10,Cloudy,0,No,0000000,Not Applicable,99,Unknown,98,Unknown if Notified,99,Unknown EMS Scene Arrival Hour,98,Unknown if Arrived,88,Not Applicable (Not Transported),88,Not Applicable (Not Transported),0,None,0,None,0,None,1,0
2018,29,290686,Missouri,3,3,0,0,0,3,3,183,ST. CHARLES (183),7100,ST PETERS,15,15,8,August,2018,4,Wednesday,9,9:00am-9:59am,46,46,1,This section IS ON the NHS,2,Urban,3,Principal Arterial - Other,4,City or Municipal Highway Agency,6,Local Street - Municipality,MEXICO RD,SALT LICK RD,42,42,38.78724444,38.78724444,-90.661966670,-90.661966670,0,No Special Jurisdiction,12,Motor Vehicle In-Transport,1,Front-to-Rear,0,No,3,Intersection-Related,2,Four-Way Intersection,0,None,,,1,On Roadway,1,Daylight,2,Rain,10,Cloudy,2,Rain,0,No,0000000,Not Applicable,9,9:00am-9:59am,51,51,9,9:00am-9:59am,58,58,10,10:00am-10:59am,25,25,0,None,0,None,0,None,1,0
2018,29,290687,Missouri,1,1,0,0,0,1,1,95,JACKSON (95),4120,KANSAS CITY,15,15,10,October,2018,2,Monday,3,3:00am-3:59am,26,26,1,This section IS ON the NHS,2,Urban,2,Principal Arterial - Other Freeways and Expressways,1,State Highway Agency,2,U.S. Highway,US-71,,101,101,38.98397222,38.98397222,-94.550591670,-94.550591670,0,No Special Jurisdiction,42,Tree (Standing Only),0,Not a Collision with Motor Vehicle In-Transport,0,No,1,Non-Junction,1,Not an Intersection,0,None,,,4,On Roadside,3,Dark - Lighted,1,Clear,0,No Additional Atmospheric Conditions,1,Clear,0,No,0000000,Not Applicable,99,Unknown,99,Unknown,99,Unknown EMS Scene Arrival Hour,99,Unknown EMS Scene Arrival Minutes,88,Not Applicable (Not Transported),88,Not Applicable (Not Transported),0,None,0,None,0,None,1,1
2018,29,290688,Missouri,3,3,0,0,0,3,3,47,CLAY (47),4120,KANSAS CITY,18,18,10,October,2018,5,Thursday,17,5:00pm-5:59pm,58,58,1,This section IS ON the NHS,2,Urban,1,Interstate,1,State Highway Agency,1,Interstate,I-435,,93,93,39.28268333,39.28268333,-94.510011110,-94.510011110,0,No Special Jurisdiction,12,Motor Vehicle In-Transport,8,Sideswipe - Opposite Direction,0,No,1,Non-Junction,1,Not an Intersection,0,None,,,1,On Roadway,1,Daylight,1,Clear,0,No Additional Atmospheric Conditions,1,Clear,0,No,0000000,Not Applicable,99,Unknown,99,Unknown,99,Unknown EMS Scene Arrival Hour,99,Unknown EMS Scene Arrival Minutes,88,Not Applicable (Not Transported),88,Not Applicable (Not Transported),14,"Motor Vehicle struck by falling cargo,or something that came loose from or something that was set in motion by a vehicle",0,None,0,None,1,0
2018,29,290689,Missouri,2,2,0,0,0,3,3,510,ST. LOUIS (CITY) (510),7080,ST LOUIS,19,19,10,October,2018,6,Friday,18,6:00pm-6:59pm,9,9,0,This section IS NOT on the NHS,2,Urban,3,Principal Arterial - Other,1,State Highway Agency,3,State Highway,SR-366,WATSON RD,9,9,38.59236111,38.59236111,-90.301941670,-90.301941670,0,No Special Jurisdiction,12,Motor Vehicle In-Transport,2,Front-to-Front,0,No,2,Intersection,7,"Five Point, or More",0,None,,,1,On Roadway,9,Reported as Unknown,1,Clear,0,No Additional Atmospheric Conditions,1,Clear,0,No,0000000,Not Applicable,18,6:00pm-6:59pm,8,8,18,6:00pm-6:59pm,12,12,18,6:00pm-6:59pm,45,45,0,None,0,None,0,None,1,0
2018,29,290690,Missouri,2,2,0,0,0,24,24,73,GASCONADE (73),0,NOT APPLICABLE,20,20,10,October,2018,7,Saturday,13,1:00pm-1:59pm,35,35,0,This section IS NOT on the NHS,1,Rural,5,Major Collector,1,State Highway Agency,3,State Highway,SR-100,,141,141,38.68325000,38.68325000,-91.452750000,-91.452750000,0,No Special Jurisdiction,12,Motor Vehicle In-Transport,6,Angle,0,No,8,Driveway Access Related,1,Not an Intersection,0,None,,,1,On Roadway,1,Daylight,1,Clear,0,No Additional Atmospheric Conditions,1,Clear,0,No,0000000,Not Applicable,13,1:00pm-1:59pm,46,46,14,2:00pm-2:59pm,8,8,15,3:00pm-3:59pm,24,24,0,None,0,None,0,None,1,0
2018,29,290691,Missouri,1,1,0,0,0,2,2,85,HICKORY (85),0,NOT APPLICABLE,20,20,10,October,2018,7,Saturday,17,5:00pm-5:59pm,45,45,0,This section IS NOT on the NHS,1,Rural,5,Major Collector,1,State Highway Agency,3,State Highway,SR-64,,12,12,37.89552778,37.89552778,-93.285472220,-93.285472220,0,No Special Jurisdiction,35,Embankment,0,Not a Collision with Motor Vehicle In-Transport,0,No,1,Non-Junction,1,Not an Intersection,0,None,,,4,On Roadside,1,Daylight,1,Clear,0,No Additional Atmospheric Conditions,1,Clear,0,No,0000000,Not Applicable,18,6:00pm-6:59pm,0,0,18,6:00pm-6:59pm,21,21,19,7:00pm-7:59pm,1,1,0,None,0,None,0,None,1,0
2018,29,290692,Missouri,4,4,0,0,0,10,10,95,JACKSON (95),4120,KANSAS CITY,21,21,10,October,2018,1,Sunday,16,4:00pm-4:59pm,5,5,1,This section IS ON the NHS,2,Urban,1,Interstate,1,State Highway Agency,1,Interstate,I-435,,118,118,39.04554722,39.04554722,-94.499600000,-94.499600000,0,No Special Jurisdiction,12,Motor Vehicle In-Transport,1,Front-to-Rear,0,No,1,Non-Junction,1,Not an Intersection,0,None,,,1,On Roadway,1,Daylight,1,Clear,0,No Additional Atmospheric Conditions,1,Clear,0,No,0000000,Not Applicable,16,4:00pm-4:59pm,5,5,16,4:00pm-4:59pm,21,21,16,4:00pm-4:59pm,31,31,0,None,0,None,0,None,1,0
2018,29,290693,Missouri,1,1,0,1,1,1,1,510,ST. LOUIS (CITY) (510),7080,ST LOUIS,21,21,10,October,2018,1,Sunday,12,12:00pm-12:59pm,45,45,0,This section IS NOT on the NHS,2,Urban,3,Principal Arterial - Other,1,State Highway Agency,3,State Highway,SR-366,,12,12,38.59401389,38.59401389,-90.297438890,-90.297438890,0,No Special Jurisdiction,8,Pedestrian,0,Not a Collision with Motor Vehicle In-Transport,0,No,4,Driveway Access,1,Not an Intersection,0,None,,,1,On Roadway,1,Daylight,1,Clear,0,No Additional Atmospheric Conditions,1,Clear,0,No,0000000,Not Applicable,12,12:00pm-12:59pm,45,45,12,12:00pm-12:59pm,50,50,13,1:00pm-1:59pm,10,10,0,None,0,None,0,None,1,0
2018,29,290694,Missouri,2,2,0,0,0,2,2,510,ST. LOUIS (CITY) (510),7080,ST LOUIS,22,22,10,October,2018,2,Monday,16,4:00pm-4:59pm,20,20,0,This section IS NOT on the NHS,2,Urban,4,Minor Arterial,4,City or Municipal Highway Agency,6,Local Street - Municipality,MORGANFORD RD,GERMANIA ST,34,34,38.56015833,38.56015833,-90.282602780,-90.282602780,0,No Special Jurisdiction,12,Motor Vehicle In-Transport,6,Angle,0,No,2,Intersection,2,Four-Way Intersection,0,None,,,1,On Roadway,1,Daylight,1,Clear,0,No Additional Atmospheric Conditions,1,Clear,0,No,0000000,Not Applicable,16,4:00pm-4:59pm,19,19,16,4:00pm-4:59pm,30,30,88,Not Applicable (Not Transported),88,Not Applicable (Not Transported),0,None,0,None,0,None,1,0
2018,29,290695,Missouri,1,1,0,0,0,2,2,119,MCDONALD (119),0,NOT APPLICABLE,22,22,10,October,2018,2,Monday,22,10:00pm-10:59pm,20,20,0,This section IS NOT on the NHS,1,Rural,4,Minor Arterial,1,State Highway Agency,3,State Highway,SR-59,,139,139,36.58625000,36.58625000,-94.463444440,-94.463444440,0,No Special Jurisdiction,24,Guardrail Face,0,Not a Collision with Motor Vehicle In-Transport,0,No,1,Non-Junction,1,Not an Intersection,0,None,,,4,On Roadside,2,Dark - Not Lighted,1,Clear,0,No Additional Atmospheric Conditions,1,Clear,0,No,0000000,Not Applicable,99,Unknown,98,Unknown if Notified,99,Unknown EMS Scene Arrival Hour,98,Unknown if Arrived,88,Not Applicable (Not Transported),88,Not Applicable (Not Transported),0,None,0,None,0,None,1,0
2018,29,290696,Missouri,2,2,0,0,0,3,3,107,LAFAYETTE (107),0,NOT APPLICABLE,23,23,10,October,2018,3,Tuesday,23,11:00pm-11:59pm,20,20,1,This section IS ON the NHS,1,Rural,3,Principal Arterial - Other,1,State Highway Agency,2,U.S. Highway,US-24,,121,121,39.15763889,39.15763889,-93.899416670,-93.899416670,0,No Special Jurisdiction,12,Motor Vehicle In-Transport,2,Front-to-Front,0,No,1,Non-Junction,1,Not an Intersection,0,None,,,1,On Roadway,2,Dark - Not Lighted,1,Clear,0,No Additional Atmospheric Conditions,1,Clear,0,No,0000000,Not Applicable,23,11:00pm-11:59pm,44,44,0,0:00am-0:59am,13,13,0,0:00am-0:59am,48,48,0,None,0,None,0,None,2,1
2018,29,290697,Missouri,1,1,0,0,0,3,3,33,CARROLL (33),0,NOT APPLICABLE,23,23,10,October,2018,3,Tuesday,19,7:00pm-7:59pm,38,38,1,This section IS ON the NHS,1,Rural,3,Principal Arterial - Other,1,State Highway Agency,3,State Highway,SR-10,,39,39,39.26405556,39.26405556,-93.684416670,-93.684416670,0,No Special Jurisdiction,59,Traffic Sign Support,0,Not a Collision with Motor Vehicle In-Transport,0,No,1,Non-Junction,1,Not an Intersection,1,Construction,,,4,On Roadside,2,Dark - Not Lighted,1,Clear,0,No Additional Atmospheric Conditions,1,Clear,0,No,0000000,Not Applicable,19,7:00pm-7:59pm,42,42,20,8:00pm-8:59pm,0,0,88,Not Applicable (Not Transported),88,Not Applicable (Not Transported),0,None,0,None,0,None,2,0
2018,29,290698,Missouri,3,3,0,0,0,4,4,199,SCOTLAND (199),0,NOT APPLICABLE,26,26,10,October,2018,6,Friday,14,2:00pm-2:59pm,0,0,0,This section IS NOT on the NHS,1,Rural,4,Minor Arterial,1,State Highway Agency,3,State Highway,SR-15,,146,146,40.41558333,40.41558333,-92.193194440,-92.193194440,0,No Special Jurisdiction,12,Motor Vehicle In-Transport,1,Front-to-Rear,0,No,1,Non-Junction,1,Not an Intersection,0,None,,,1,On Roadway,1,Daylight,1,Clear,0,No Additional Atmospheric Conditions,1,Clear,0,No,0000000,Not Applicable,13,1:00pm-1:59pm,54,54,14,2:00pm-2:59pm,33,33,15,3:00pm-3:59pm,17,17,0,None,0,None,0,None,2,0
2018,29,290699,Missouri,1,1,0,0,0,1,1,177,RAY (177),0,NOT APPLICABLE,26,26,10,October,2018,6,Friday,22,10:00pm-10:59pm,3,3,0,This section IS NOT on the NHS,1,Rural,7,Local,2,County Highway Agency,4,County Road,CR-W 158TH ST,,6,6,39.37808333,39.37808333,-94.200138890,-94.200138890,0,No Special Jurisdiction,53,Mail Box,0,Not a Collision with Motor Vehicle In-Transport,0,No,1,Non-Junction,1,Not an Intersection,0,None,,,4,On Roadside,2,Dark - Not Lighted,1,Clear,0,No Additional Atmospheric Conditions,1,Clear,0,No,0000000,Not Applicable,99,Unknown,98,Unknown if Notified,99,Unknown EMS Scene Arrival Hour,98,Unknown if Arrived,88,Not Applicable (Not Transported),88,Not Applicable (Not Transported),0,None,0,None,0,None,1,1
2018,29,290700,Missouri,1,1,0,0,0,1,1,145,NEWTON (145),0,NOT APPLICABLE,27,27,10,October,2018,7,Saturday,16,4:00pm-4:59pm,26,26,0,This section IS NOT on the NHS,1,Rural,5,Major Collector,1,State Highway Agency,3,State Highway,SR-86,,27,27,37.00483333,37.00483333,-94.531666670,-94.531666670,0,No Special Jurisdiction,59,Traffic Sign Support,0,Not a Collision with Motor Vehicle In-Transport,0,No,1,Non-Junction,1,Not an Intersection,0,None,,,4,On Roadside,1,Daylight,1,Clear,0,No Additional Atmospheric Conditions,1,Clear,0,No,0000000,Not Applicable,99,Unknown,98,Unknown if Notified,99,Unknown EMS Scene Arrival Hour,98,Unknown if Arrived,88,Not Applicable (Not Transported),88,Not Applicable (Not Transported),0,None,0,None,0,None,1,1
2018,29,290701,Missouri,4,4,0,0,0,4,4,95,JACKSON (95),4120,KANSAS CITY,19,19,9,September,2018,4,Wednesday,11,11:00am-11:59am,7,7,0,This section IS NOT on the NHS,2,Urban,4,Minor Arterial,1,State Highway Agency,6,Local Street - Municipality,BANNISTER RD,WORNALL RD,7,7,38.95602778,38.95602778,-94.595847220,-94.595847220,0,No Special Jurisdiction,12,Motor Vehicle In-Transport,6,Angle,0,No,2,Intersection,2,Four-Way Intersection,0,None,,,1,On Roadway,1,Daylight,1,Clear,0,No Additional Atmospheric Conditions,1,Clear,0,No,0000000,Not Applicable,11,11:00am-11:59am,7,7,11,11:00am-11:59am,16,16,11,11:00am-11:59am,34,34,14,"Motor Vehicle struck by falling cargo,or something that came loose from or something that was set in motion by a vehicle",0,None,0,None,1,0
2018,29,290702,Missouri,1,1,0,1,1,1,1,95,JACKSON (95),4120,KANSAS CITY,2,2,10,October,2018,3,Tuesday,4,4:00am-4:59am,17,17,1,This section IS ON the NHS,2,Urban,1,Interstate,1,State Highway Agency,1,Interstate,I-70,,27,27,39.09622500,39.09622500,-94.569361110,-94.569361110,0,No Special Jurisdiction,8,Pedestrian,0,Not a Collision with Motor Vehicle In-Transport,1,Yes,18,Through Roadway,1,Not an Intersection,0,None,,,1,On Roadway,3,Dark - Lighted,10,Cloudy,0,No Additional Atmospheric Conditions,10,Cloudy,0,No,0000000,Not Applicable,4,4:00am-4:59am,17,17,4,4:00am-4:59am,28,28,88,Not Applicable (Not Transported),88,Not Applicable (Not Transported),19,Recent/Previous Crash scene Nearby,0,None,0,None,1,0
2018,29,290703,Missouri,2,2,0,0,0,3,3,3,ANDREW (3),0,NOT APPLICABLE,17,17,10,October,2018,4,Wednesday,18,6:00pm-6:59pm,34,34,1,This section IS ON the NHS,2,Urban,1,Interstate,1,State Highway Agency,1,Interstate,I-29,US-71,97,97,39.88513889,39.88513889,-94.857305560,-94.857305560,0,No Special Jurisdiction,12,Motor Vehicle In-Transport,2,Front-to-Front,1,Yes,18,Through Roadway,1,Not an Intersection,0,None,,,1,On Roadway,1,Daylight,1,Clear,0,No Additional Atmospheric Conditions,1,Clear,0,No,0000000,Not Applicable,19,7:00pm-7:59pm,19,19,19,7:00pm-7:59pm,40,40,20,8:00pm-8:59pm,23,23,20,Police Pursuit Involved,0,None,0,None,1,1
2018,29,290704,Missouri,3,3,0,0,0,4,4,95,JACKSON (95),4120,KANSAS CITY,20,20,10,October,2018,7,Saturday,13,1:00pm-1:59pm,43,43,0,This section IS NOT on the NHS,2,Urban,4,Minor Arterial,4,City or Municipal Highway Agency,6,Local Street - Municipality,23RD ST,BRIGHTON AVE,15,15,39.08342778,39.08342778,-94.524519440,-94.524519440,0,No Special Jurisdiction,12,Motor Vehicle In-Transport,6,Angle,0,No,2,Intersection,2,Four-Way Intersection,0,None,,,1,On Roadway,1,Daylight,1,Clear,0,No Additional Atmospheric Conditions,1,Clear,0,No,0000000,Not Applicable,13,1:00pm-1:59pm,44,44,13,1:00pm-1:59pm,50,50,14,2:00pm-2:59pm,7,7,0,None,0,None,0,None,1,1
2018,29,290705,Missouri,1,1,0,0,0,1,1,63,DEKALB (63),0,NOT APPLICABLE,27,27,10,October,2018,7,Saturday,11,11:00am-11:59am,25,25,1,This section IS ON the NHS,1,Rural,2,Principal Arterial - Other Freeways and Expressways,1,State Highway Agency,2,U.S. Highway,US-36,,71,71,39.76194444,39.76194444,-94.472638890,-94.472638890,0,No Special Jurisdiction,35,Embankment,0,Not a Collision with Motor Vehicle In-Transport,0,No,1,Non-Junction,1,Not an Intersection,0,None,,,3,On Median,1,Daylight,1,Clear,0,No Additional Atmospheric Conditions,1,Clear,0,No,0000000,Not Applicable,99,Unknown,98,Unknown if Notified,99,Unknown EMS Scene Arrival Hour,98,Unknown if Arrived,88,Not Applicable (Not Transported),88,Not Applicable (Not Transported),0,None,0,None,0,None,1,0
2018,29,290706,Missouri,1,1,0,0,0,1,1,117,LIVINGSTON (117),0,NOT APPLICABLE,27,27,10,October,2018,7,Saturday,13,1:00pm-1:59pm,30,30,0,This section IS NOT on the NHS,1,Rural,7,Local,2,County Highway Agency,4,County Road,CR-451,,8,8,39.61730556,39.61730556,-93.497138890,-93.497138890,0,No Special Jurisdiction,34,Ditch,0,Not a Collision with Motor Vehicle In-Transport,0,No,8,Driveway Access Related,1,Not an Intersection,0,None,,,4,On Roadside,1,Daylight,1,Clear,0,No Additional Atmospheric Conditions,1,Clear,0,No,0000000,Not Applicable,13,1:00pm-1:59pm,49,49,14,2:00pm-2:59pm,3,3,14,2:00pm-2:59pm,27,27,0,None,0,None,0,None,1,0