caseyear,state,st_case,statename,ve_total,ve_forms,pvh_invl,peds,pernotmvit,permvit,persons,county,countyname,city,cityname,day,dayname,month,monthname,year,day_week,day_weekname,hour,hourname,minute,minutename,nhs,nhsname,rur_urb,rur_urbname,func_sys,func_sysname,rd_owner,rd_ownername,route,routename,tway_id,tway_id2,milept,mileptname,latitude,latitudename,longitud,longitudname,sp_jur,sp_jurname,harm_ev,harm_evname,man_coll,man_collname,reljct1,reljct1name,reljct2,reljct2name,typ_int,typ_intname,wrk_zone,wrk_zonename,road_fnc,road_fncname,rel_road,rel_roadname,lgt_cond,lgt_condname,weather1,weather1name,weather2,weather2name,weather,weathername,sch_bus,sch_busname,rail,railname,not_hour,not_hourname,not_min,not_minname,arr_hour,arr_hourname,arr_min,arr_minname,hosp_hr,hosp_hrname,hosp_mn,hosp_mnname,cf1,cf1name,cf2,cf2name,cf3,cf3name,fatals,drunk_dr
2018,29,290707,Missouri,2,2,0,0,0,4,4,95,JACKSON (95),4120,KANSAS CITY,28,28,10,October,2018,1,Sunday,0,0:00am-0:59am,45,45,0,This section IS NOT on the NHS,2,Urban,7,Local,4,City or Municipal Highway Agency,6,Local Street - Municipality,45TH ST,PASEO BLVD,4,4,39.04511944,39.04511944,-94.568077780,-94.568077780,0,No Special Jurisdiction,12,Motor Vehicle In-Transport,6,Angle,0,No,2,Intersection,2,Four-Way Intersection,0,None,,,1,On Roadway,3,Dark - Lighted,1,Clear,0,No Additional Atmospheric Conditions,1,Clear,0,No,0000000,Not Applicable,0,0:00am-0:59am,45,45,1,1:00am-1:59am,3,3,1,1:00am-1:59am,15,15,20,Police Pursuit Involved,0,None,0,None,1,0
2018,29,290708,Missouri,1,1,0,0,0,1,1,95,JACKSON (95),3940,INDEPENDENCE,28,28,10,October,2018,1,Sunday,23,11:00pm-11:59pm,42,42,0,This section IS NOT on the NHS,2,Urban,4,Minor Arterial,4,City or Municipal Highway Agency,6,Local Street - Municipality,BLUE RIDGE BLVD,,31,31,39.06848056,39.06848056,-94.468441670,-94.468441670,0,No Special Jurisdiction,42,Tree (Standing Only),0,Not a Collision with Motor Vehicle In-Transport,0,No,1,Non-Junction,1,Not an Intersection,0,None,,,4,On Roadside,3,Dark - Lighted,1,Clear,0,No Additional Atmospheric Conditions,1,Clear,0,No,0000000,Not Applicable,23,11:00pm-11:59pm,46,46,23,11:00pm-11:59pm,50,50,0,0:00am-0:59am,16,16,0,None,0,None,0,None,1,0
2018,29,290711,Missouri,1,1,0,0,0,1,1,105,LACLEDE (105),0,NOT APPLICABLE,1,1,11,November,2018,5,Thursday,23,11:00pm-11:59pm,18,18,0,This section IS NOT on the NHS,1,Rural,4,Minor Arterial,1,State Highway Agency,3,State Highway,SR-5,,265,265,37.54355556,37.54355556,-92.599444440,-92.599444440,0,No Special Jurisdiction,1,Rollover/Overturn,0,Not a Collision with Motor Vehicle In-Transport,0,No,1,Non-Junction,1,Not an Intersection,0,None,,,4,On Roadside,2,Dark - Not Lighted,10,Cloudy,0,No Additional Atmospheric Conditions,10,Cloudy,0,No,0000000,Not Applicable,99,Unknown,98,Unknown if Notified,99,Unknown EMS Scene Arrival Hour,98,Unknown if Arrived,88,Not Applicable (Not Transported),88,Not Applicable (Not Transported),0,None,0,None,0,None,1,0
2018,29,290712,Missouri,2,2,0,0,0,2,2,97,JASPER (97),0,NOT APPLICABLE,2,2,11,November,2018,6,Friday,11,11:00am-11:59am,55,55,0,This section IS NOT on the NHS,1,Rural,5,Major Collector,1,State Highway Agency,3,State Highway,SR-M,CR-138,169,169,37.29616667,37.29616667,-94.304861110,-94.304861110,0,No Special Jurisdiction,12,Motor Vehicle In-Transport,6,Angle,0,No,2,Intersection,2,Four-Way Intersection,0,None,,,1,On Roadway,1,Daylight,10,Cloudy,0,No Additional Atmospheric Conditions,10,Cloudy,0,No,0000000,Not Applicable,12,12:00pm-12:59pm,3,3,12,12:00pm-12:59pm,13,13,12,12:00pm-12:59pm,52,52,0,None,0,None,0,None,1,0
2018,29,290713,Missouri,2,2,0,0,0,3,3,189,ST. LOUIS (189),650,BERKELEY,2,2,11,November,2018,6,Friday,9,9:00am-9:59am,35,35,0,This section IS NOT on the NHS,2,Urban,4,Minor Arterial,2,County Highway Agency,6,Local Street - Municipality,NORTH HANLEY RD,,13,13,38.75777778,38.75777778,-90.336055560,-90.336055560,0,No Special Jurisdiction,12,Motor Vehicle In-Transport,2,Front-to-Front,0,No,1,Non-Junction,1,Not an Intersection,0,None,,,1,On Roadway,1,Daylight,5,"Fog, Smog, Smoke",10,Cloudy,5,"Fog, Smog, Smoke",0,No,0000000,Not Applicable,9,9:00am-9:59am,45,45,9,9:00am-9:59am,57,57,10,10:00am-10:59am,18,18,0,None,0,None,0,None,1,0
2018,29,290714,Missouri,1,1,0,0,0,1,1,201,SCOTT (201),0,NOT APPLICABLE,3,3,11,November,2018,7,Saturday,17,5:00pm-5:59pm,50,50,0,This section IS NOT on the NHS,1,Rural,5,Major Collector,1,State Highway Agency,3,State Highway,SR-77,,206,206,37.06627778,37.06627778,-89.502250000,-89.502250000,0,No Special Jurisdiction,1,Rollover/Overturn,0,Not a Collision with Motor Vehicle In-Transport,0,No,1,Non-Junction,1,Not an Intersection,0,None,,,4,On Roadside,2,Dark - Not Lighted,10,Cloudy,0,No Additional Atmospheric Conditions,10,Cloudy,0,No,0000000,Not Applicable,99,Unknown,98,Unknown if Notified,99,Unknown EMS Scene Arrival Hour,98,Unknown if Arrived,88,Not Applicable (Not Transported),88,Not Applicable (Not Transported),0,None,0,None,0,None,1,1
2018,29,290715,Missouri,2,2,0,0,0,3,3,175,RANDOLPH (175),0,NOT APPLICABLE,4,4,11,November,2018,1,Sunday,20,8:00pm-8:59pm,5,5,1,This section IS ON the NHS,1,Rural,4,Minor Arterial,1,State Highway Agency,2,U.S. Highway,US-24,,83,83,39.42511111,39.42511111,-92.554777780,-92.554777780,0,No Special Jurisdiction,12,Motor Vehicle In-Transport,2,Front-to-Front,0,No,1,Non-Junction,1,Not an Intersection,0,None,,,1,On Roadway,2,Dark - Not Lighted,10,Cloudy,0,No Additional Atmospheric Conditions,10,Cloudy,0,No,0000000,Not Applicable,20,8:00pm-8:59pm,12,12,20,8:00pm-8:59pm,22,22,21,9:00pm-9:59pm,41,41,0,None,0,None,0,None,2,0
2018,29,290716,Missouri,1,1,0,0,0,1,1,189,ST. LOUIS (189),0,NOT APPLICABLE,16,16,9,September,2018,1,Sunday,15,3:00pm-3:59pm,10,10,1,This section IS ON the NHS,2,Urban,1,Interstate,1,State Highway Agency,1,Interstate,I-55,,1,1,38.55130556,38.55130556,-90.281694440,-90.281694440,0,No Special Jurisdiction,25,Concrete Traffic Barrier,0,Not a Collision with Motor Vehicle In-Transport,0,No,1,Non-Junction,1,Not an Intersection,0,None,,,3,On Median,1,Daylight,1,Clear,0,No Additional Atmospheric Conditions,1,Clear,0,No,0000000,Not Applicable,15,3:00pm-3:59pm,14,14,15,3:00pm-3:59pm,22,22,15,3:00pm-3:59pm,37,37,0,None,0,None,0,None,1,1
2018,29,290717,Missouri,1,1,0,0,0,1,1,189,ST. LOUIS (189),0,NOT APPLICABLE,7,7,10,October,2018,1,Sunday,0,0:00am-0:59am,50,50,1,This section IS ON the NHS,2,Urban,2,Principal Arterial - Other Freeways and Expressways,1,State Highway Agency,3,State Highway,SR-367,,65,65,38.81513889,38.81513889,-90.229966670,-90.229966670,0,No Special Jurisdiction,39,Wall,0,Not a Collision with Motor Vehicle In-Transport,0,No,1,Non-Junction,1,Not an Intersection,0,None,,,4,On Roadside,3,Dark - Lighted,5,"Fog, Smog, Smoke",0,No Additional Atmospheric Conditions,5,"Fog, Smog, Smoke",0,No,0000000,Not Applicable,0,0:00am-0:59am,55,55,1,1:00am-1:59am,6,6,1,1:00am-1:59am,37,37,0,None,0,None,0,None,1,1
2018,29,290718,Missouri,1,1,0,0,0,1,1,510,ST. LOUIS (CITY) (510),7080,ST LOUIS,16,16,10,October,2018,3,Tuesday,2,2:00am-2:59am,34,34,1,This section IS ON the NHS,2,Urban,1,Interstate,1,State Highway Agency,1,Interstate,I-70,,50,50,38.68315000,38.68315000,-90.238888890,-90.238888890,0,No Special Jurisdiction,33,Curb,0,Not a Collision with Motor Vehicle In-Transport,0,No,1,Non-Junction,1,Not an Intersection,0,None,,,4,On Roadside,3,Dark - Lighted,1,Clear,0,No Additional Atmospheric Conditions,1,Clear,0,No,0000000,Not Applicable,2,2:00am-2:59am,34,34,2,2:00am-2:59am,42,42,88,Not Applicable (Not Transported),88,Not Applicable (Not Transported),0,None,0,None,0,None,1,1
2018,29,290719,Missouri,2,2,0,0,0,3,3,51,COLE (51),0,NOT APPLICABLE,20,20,10,October,2018,7,Saturday,18,6:00pm-6:59pm,39,39,1,This section IS ON the NHS,2,Urban,3,Principal Arterial - Other,1,State Highway Agency,2,U.S. Highway,US-50,CR-LOOKOUT TRL,231,231,38.61019444,38.61019444,-92.371222220,-92.371222220,0,No Special Jurisdiction,12,Motor Vehicle In-Transport,6,Angle,0,No,2,Intersection,2,Four-Way Intersection,0,None,,,1,On Roadway,1,Daylight,1,Clear,0,No Additional Atmospheric Conditions,1,Clear,0,No,0000000,Not Applicable,99,Unknown,98,Unknown if Notified,99,Unknown EMS Scene Arrival Hour,98,Unknown if Arrived,88,Not Applicable (Not Transported),88,Not Applicable (Not Transported),0,None,0,None,0,None,1,0
2018,29,290720,Missouri,1,1,0,1,1,1,1,189,ST. LOUIS (189),650,BERKELEY,22,22,10,October,2018,2,Monday,21,9:00pm-9:59pm,33,33,0,This section IS NOT on the NHS,2,Urban,5,Major Collector,4,City or Municipal Highway Agency,6,Local Street - Municipality,JAMES S MCDONNELL BLVD,,42,42,38.74163889,38.74163889,-90.341944440,-90.341944440,0,No Special Jurisdiction,8,Pedestrian,0,Not a Collision with Motor Vehicle In-Transport,0,No,1,Non-Junction,1,Not an Intersection,0,None,,,1,On Roadway,2,Dark - Not Lighted,1,Clear,0,No Additional Atmospheric Conditions,1,Clear,0,No,0000000,Not Applicable,21,9:00pm-9:59pm,40,40,21,9:00pm-9:59pm,45,45,88,Not Applicable (Not Transported),88,Not Applicable (Not Transported),0,None,0,None,0,None,1,0
2018,29,290721,Missouri,2,2,0,0,0,7,7,187,ST. FRANCOIS (187),0,NOT APPLICABLE,27,27,10,October,2018,7,Saturday,23,11:00pm-11:59pm,30,30,1,This section IS ON the NHS,1,Rural,3,Principal Arterial - Other,1,State Highway Agency,2,U.S. Highway,US-67,CR-BERRY RD,7,7,38.01700000,38.01700000,-90.483527780,-90.483527780,0,No Special Jurisdiction,12,Motor Vehicle In-Transport,6,Angle,0,No,2,Intersection,2,Four-Way Intersection,0,None,,,1,On Roadway,2,Dark - Not Lighted,1,Clear,0,No Additional Atmospheric Conditions,1,Clear,0,No,0000000,Not Applicable,23,11:00pm-11:59pm,32,32,23,11:00pm-11:59pm,43,43,99,Unknown,99,Unknown EMS Hospital Arrival Time,0,None,0,None,0,None,1,1
2018,29,290722,Missouri,2,2,0,0,0,2,2,99,JEFFERSON (99),0,NOT APPLICABLE,29,29,10,October,2018,2,Monday,11,11:00am-11:59am,46,46,0,This section IS NOT on the NHS,2,Urban,4,Minor Arterial,1,State Highway Agency,3,State Highway,SR-A,,68,68,38.22552778,38.22552778,-90.450138890,-90.450138890,0,No Special Jurisdiction,12,Motor Vehicle In-Transport,2,Front-to-Front,0,No,1,Non-Junction,1,Not an Intersection,0,None,,,1,On Roadway,1,Daylight,1,Clear,0,No Additional Atmospheric Conditions,1,Clear,0,No,0000000,Not Applicable,11,11:00am-11:59am,51,51,11,11:00am-11:59am,55,55,12,12:00pm-12:59pm,37,37,0,None,0,None,0,None,1,0
2018,29,290723,Missouri,2,2,0,0,0,2,2,7,AUDRAIN (7),0,NOT APPLICABLE,30,30,10,October,2018,3,Tuesday,17,5:00pm-5:59pm,0,0,1,This section IS ON the NHS,1,Rural,3,Principal Arterial - Other,1,State Highway Agency,3,State Highway,SR-19,SR-J,29,29,39.28100000,39.28100000,-91.644111110,-91.644111110,0,No Special Jurisdiction,12,Motor Vehicle In-Transport,6,Angle,0,No,3,Intersection-Related,2,Four-Way Intersection,0,None,,,1,On Roadway,1,Daylight,2,Rain,10,Cloudy,2,Rain,0,No,0000000,Not Applicable,99,Unknown,98,Unknown if Notified,99,Unknown EMS Scene Arrival Hour,98,Unknown if Arrived,88,Not Applicable (Not Transported),88,Not Applicable (Not Transported),0,None,0,None,0,None,1,0
2018,29,290724,Missouri,1,1,0,0,0,1,1,211,SULLIVAN (211),0,NOT APPLICABLE,4,4,11,November,2018,1,Sunday,15,3:00pm-3:59pm,5,5,1,This section IS ON the NHS,1,Rural,3,Principal Arterial - Other,1,State Highway Agency,3,State Highway,SR-6,,15,15,40.13316667,40.13316667,-93.340027780,-93.340027780,0,No Special Jurisdiction,58,Ground,0,Not a Collision with Motor Vehicle In-Transport,0,No,1,Non-Junction,1,Not an Intersection,0,None,,,4,On Roadside,1,Daylight,10,Cloudy,0,No Additional Atmospheric Conditions,10,Cloudy,0,No,0000000,Not Applicable,15,3:00pm-3:59pm,2,2,15,3:00pm-3:59pm,17,17,15,3:00pm-3:59pm,59,59,0,None,0,None,0,None,1,0
2018,29,290725,Missouri,1,1,0,1,1,1,1,21,BUCHANAN (21),7070,ST JOSEPH,5,5,11,November,2018,2,Monday,19,7:00pm-7:59pm,8,8,1,This section IS ON the NHS,2,Urban,3,Principal Arterial - Other,1,State Highway Agency,6,Local Street - Municipality,RIVERSIDE RD,,19,19,39.75392500,39.75392500,-94.768025000,-94.768025000,0,No Special Jurisdiction,8,Pedestrian,0,Not a Collision with Motor Vehicle In-Transport,0,No,1,Non-Junction,1,Not an Intersection,0,None,,,1,On Roadway,2,Dark - Not Lighted,10,Cloudy,0,No Additional Atmospheric Conditions,10,Cloudy,0,No,0000000,Not Applicable,19,7:00pm-7:59pm,9,9,19,7:00pm-7:59pm,16,16,19,7:00pm-7:59pm,29,29,0,None,0,None,0,None,1,0
2018,29,290726,Missouri,1,1,0,0,0,1,1,51,COLE (51),0,NOT APPLICABLE,17,17,11,November,2018,7,Saturday,0,0:00am-0:59am,29,29,1,This section IS ON the NHS,1,Rural,2,Principal Arterial - Other Freeways and Expressways,1,State Highway Agency,2,U.S. Highway,US-54,,14,14,38.38808333,38.38808333,-92.385861110,-92.385861110,0,No Special Jurisdiction,58,Ground,0,Not a Collision with Motor Vehicle In-Transport,0,No,1,Non-Junction,1,Not an Intersection,0,None,,,3,On Median,2,Dark - Not Lighted,1,Clear,0,No Additional Atmospheric Conditions,1,Clear,0,No,0000000,Not Applicable,99,Unknown,98,Unknown if Notified,99,Unknown EMS Scene Arrival Hour,98,Unknown if Arrived,88,Not Applicable (Not Transported),88,Not Applicable (Not Transported),0,None,0,None,0,None,1,1
2018,29,290727,Missouri,6,6,0,0,0,15,15,143,NEW MADRID (143),0,NOT APPLICABLE,17,17,11,November,2018,7,Saturday,17,5:00pm-5:59pm,5,5,1,This section IS ON the NHS,1,Rural,1,Interstate,1,State Highway Agency,1,Interstate,I-55,,14,14,36.84897222,36.84897222,-89.532861110,-89.532861110,0,No Special Jurisdiction,12,Motor Vehicle In-Transport,1,Front-to-Rear,0,No,1,Non-Junction,1,Not an Intersection,0,None,,,1,On Roadway,1,Daylight,1,Clear,0,No Additional Atmospheric Conditions,1,Clear,0,No,0000000,Not Applicable,17,5:00pm-5:59pm,8,8,17,5:00pm-5:59pm,15,15,99,Unknown,99,Unknown EMS Hospital Arrival Time,19,Recent/Previous Crash scene Nearby,27,Backup Due to Prior Crash,0,None,1,0
2018,29,290728,Missouri,1,1,0,0,0,1,1,59,DALLAS (59),0,NOT APPLICABLE,17,17,11,November,2018,7,Saturday,23,11:00pm-11:59pm,25,25,0,This section IS NOT on the NHS,1,Rural,5,Major Collector,1,State Highway Agency,3,State Highway,SR-H,SR-M,80,80,37.51655556,37.51655556,-93.038500000,-93.038500000,0,No Special Jurisdiction,38,Fence,0,Not a Collision with Motor Vehicle In-Transport,0,No,3,Intersection-Related,3,T-Intersection,0,None,,,5,Outside Trafficway,2,Dark - Not Lighted,1,Clear,0,No Additional Atmospheric Conditions,1,Clear,0,No,0000000,Not Applicable,23,11:00pm-11:59pm,35,35,23,11:00pm-11:59pm,58,58,1,1:00am-1:59am,16,16,0,None,0,None,0,None,1,0
2018,29,290729,Missouri,2,2,0,0,0,8,8,161,PHELPS (161),0,NOT APPLICABLE,18,18,11,November,2018,1,Sunday,9,9:00am-9:59am,12,12,0,This section IS NOT on the NHS,1,Rural,5,Major Collector,1,State Highway Agency,3,State Highway,SR-O,,52,52,37.85961111,37.85961111,-91.748666670,-91.748666670,0,No Special Jurisdiction,12,Motor Vehicle In-Transport,2,Front-to-Front,0,No,1,Non-Junction,1,Not an Intersection,0,None,,,1,On Roadway,1,Daylight,10,Cloudy,0,No Additional Atmospheric Conditions,10,Cloudy,0,No,0000000,Not Applicable,9,9:00am-9:59am,15,15,9,9:00am-9:59am,23,23,9,9:00am-9:59am,55,55,0,None,0,None,0,None,4,1
2018,29,290730,Missouri,1,1,0,0,0,1,1,115,LINN (115),0,NOT APPLICABLE,18,18,11,November,2018,1,Sunday,1,1:00am-1:59am,0,0,0,This section IS NOT on the NHS,1,Rural,7,Local,26,Private (other than Railroad),4,County Road,CR-JOEL DR,,2,2,39.79147222,39.79147222,-93.031250000,-93.031250000,0,No Special Jurisdiction,42,Tree (Standing Only),0,Not a Collision with Motor Vehicle In-Transport,0,No,1,Non-Junction,1,Not an Intersection,0,None,,,4,On Roadside,2,Dark - Not Lighted,10,Cloudy,0,No Additional Atmospheric Conditions,10,Cloudy,0,No,0000000,Not Applicable,6,6:00am-6:59am,57,57,7,7:00am-7:59am,4,4,88,Not Applicable (Not Transported),88,Not Applicable (Not Transported),0,None,0,None,0,None,1,1
2018,29,290733,Missouri,2,2,0,0,0,2,2,213,TANEY (213),0,NOT APPLICABLE,19,19,11,November,2018,2,Monday,12,12:00pm-12:59pm,15,15,0,This section IS NOT on the NHS,1,Rural,4,Minor Arterial,1,State Highway Agency,3,State Highway,SR-86,,17,17,36.52516667,36.52516667,-93.287222220,-93.287222220,0,No Special Jurisdiction,12,Motor Vehicle In-Transport,2,Front-to-Front,0,No,1,Non-Junction,1,Not an Intersection,0,None,,,1,On Roadway,1,Daylight,10,Cloudy,0,No Additional Atmospheric Conditions,10,Cloudy,0,No,0000000,Not Applicable,99,Unknown,98,Unknown if Notified,99,Unknown EMS Scene Arrival Hour,98,Unknown if Arrived,88,Not Applicable (Not Transported),88,Not Applicable (Not Transported),0,None,0,None,0,None,1,0
2018,29,290734,Missouri,2,2,0,0,0,2,2,189,ST. LOUIS (189),2575,EUREKA,21,21,11,November,2018,4,Wednesday,20,8:00pm-8:59pm,45,45,0,This section IS NOT on the NHS,2,Urban,4,Minor Arterial,1,State Highway Agency,3,State Highway,SR-LP 44,,35,35,38.50275000,38.50275000,-90.685666670,-90.685666670,0,No Special Jurisdiction,12,Motor Vehicle In-Transport,2,Front-to-Front,0,No,1,Non-Junction,1,Not an Intersection,0,None,,,1,On Roadway,2,Dark - Not Lighted,1,Clear,0,No Additional Atmospheric Conditions,1,Clear,0,No,0000000,Not Applicable,20,8:00pm-8:59pm,45,45,20,8:00pm-8:59pm,49,49,21,9:00pm-9:59pm,30,30,0,None,0,None,0,None,1,0
2018,29,290735,Missouri,1,1,0,0,0,1,1,21,BUCHANAN (21),7070,ST JOSEPH,21,21,11,November,2018,4,Wednesday,21,9:00pm-9:59pm,20,20,1,This section IS ON the NHS,2,Urban,1,Interstate,1,State Highway Agency,1,Interstate,I-29,,21,21,39.79188889,39.79188889,-94.796333330,-94.796333330,0,No Special Jurisdiction,35,Embankment,0,Not a Collision with Motor Vehicle In-Transport,0,No,1,Non-Junction,1,Not an Intersection,0,None,,,4,On Roadside,2,Dark - Not Lighted,1,Clear,0,No Additional Atmospheric Conditions,1,Clear,0,No,0000000,Not Applicable,21,9:00pm-9:59pm,20,20,21,9:00pm-9:59pm,36,36,22,10:00pm-10:59pm,2,2,0,None,0,None,0,None,1,0
2018,29,290736,Missouri,1,1,0,1,1,2,2,183,ST. CHARLES (183),5880,OFALLON,21,21,11,November,2018,4,Wednesday,23,11:00pm-11:59pm,28,28,1,This section IS ON the NHS,1,Rural,1,Interstate,1,State Highway Agency,1,Interstate,I-70 RP 7642,,1,1,38.80272222,38.80272222,-90.697861110,-90.697861110,0,No Special Jurisdiction,8,Pedestrian,0,Not a Collision with Motor Vehicle In-Transport,1,Yes,20,Entrance/Exit Ramp,1,Not an Intersection,0,None,,,1,On Roadway,3,Dark - Lighted,10,Cloudy,0,No Additional Atmospheric Conditions,10,Cloudy,0,No,0000000,Not Applicable,23,11:00pm-11:59pm,31,31,23,11:00pm-11:59pm,41,41,88,Not Applicable (Not Transported),88,Not Applicable (Not Transported),0,None,0,None,0,None,1,1
2018,29,290737,Missouri,1,1,0,0,0,1,1,89,HOWARD (89),0,NOT APPLICABLE,23,23,11,November,2018,6,Friday,14,2:00pm-2:59pm,2,2,0,This section IS NOT on the NHS,1,Rural,4,Minor Arterial,1,State Highway Agency,2,U.S. Highway,US-40,,18,18,39.00205556,39.00205556,-92.732916670,-92.732916670,0,No Special Jurisdiction,58,Ground,0,Not a Collision with Motor Vehicle In-Transport,0,No,1,Non-Junction,1,Not an Intersection,0,None,,,4,On Roadside,1,Daylight,2,Rain,0,No Additional Atmospheric Conditions,2,Rain,0,No,0000000,Not Applicable,99,Unknown,98,Unknown if Notified,99,Unknown EMS Scene Arrival Hour,98,Unknown if Arrived,88,Not Applicable (Not Transported),88,Not Applicable (Not Transported),0,None,0,None,0,None,1,0
2018,29,290738,Missouri,1,1,0,0,0,2,2,113,LINCOLN (113),0,NOT APPLICABLE,23,23,11,November,2018,6,Friday,22,10:00pm-10:59pm,39,39,0,This section IS NOT on the NHS,1,Rural,7,Local,2,County Highway Agency,4,County Road,CR-SOUTH ETHLYN RD,,13,13,38.97600000,38.97600000,-90.820638890,-90.820638890,0,No Special Jurisdiction,23,Bridge Rail (Includes parapet),0,Not a Collision with Motor Vehicle In-Transport,0,No,1,Non-Junction,1,Not an Intersection,0,None,,,4,On Roadside,2,Dark - Not Lighted,2,Rain,0,No Additional Atmospheric Conditions,2,Rain,0,No,0000000,Not Applicable,22,10:00pm-10:59pm,40,40,22,10:00pm-10:59pm,53,53,23,11:00pm-11:59pm,58,58,0,None,0,None,0,None,1,1
2018,29,290739,Missouri,1,1,0,0,0,2,2,91,HOWELL (91),0,NOT APPLICABLE,23,23,11,November,2018,6,Friday,2,2:00am-2:59am,10,10,1,This section IS ON the NHS,1,Rural,3,Principal Arterial - Other,1,State Highway Agency,2,U.S. Highway,US-63,,363,363,36.66902778,36.66902778,-91.726638890,-91.726638890,0,No Special Jurisdiction,42,Tree (Standing Only),0,Not a Collision with Motor Vehicle In-Transport,0,No,1,Non-Junction,1,Not an Intersection,0,None,,,4,On Roadside,2,Dark - Not Lighted,1,Clear,0,No Additional Atmospheric Conditions,1,Clear,0,No,0000000,Not Applicable,2,2:00am-2:59am,21,21,2,2:00am-2:59am,58,58,4,4:00am-4:59am,4,4,0,None,0,None,0,None,1,0
2018,29,290740,Missouri,2,2,0,0,0,3,3,183,ST. CHARLES (183),7100,ST PETERS,24,24,11,November,2018,7,Saturday,18,6:00pm-6:59pm,35,35,1,This section IS ON the NHS,2,Urban,2,Principal Arterial - Other Freeways and Expressways,1,State Highway Agency,3,State Highway,SR-364,,293,293,38.75144444,38.75144444,-90.560305560,-90.560305560,0,No Special Jurisdiction,25,Concrete Traffic Barrier,0,Not a Collision with Motor Vehicle In-Transport,0,No,1,Non-Junction,1,Not an Intersection,0,None,,,3,On Median,2,Dark - Not Lighted,10,Cloudy,0,No Additional Atmospheric Conditions,10,Cloudy,0,No,0000000,Not Applicable,18,6:00pm-6:59pm,33,33,18,6:00pm-6:59pm,42,42,19,7:00pm-7:59pm,9,9,0,None,0,None,0,None,1,0
2018,29,290741,Missouri,1,1,0,0,0,1,1,189,ST. LOUIS (189),0,NOT APPLICABLE,6,6,11,November,2018,3,Tuesday,16,4:00pm-4:59pm,11,11,1,This section IS ON the NHS,2,Urban,1,Interstate,1,State Highway Agency,1,Interstate,I-55,,79,79,38.54445000,38.54445000,-90.295372220,-90.295372220,0,No Special Jurisdiction,38,Fence,0,Not a Collision with Motor Vehicle In-Transport,0,No,1,Non-Junction,1,Not an Intersection,0,None,,,5,Outside Trafficway,1,Daylight,10,Cloudy,0,No Additional Atmospheric Conditions,10,Cloudy,0,No,0000000,Not Applicable,16,4:00pm-4:59pm,11,11,16,4:00pm-4:59pm,19,19,16,4:00pm-4:59pm,41,41,0,None,0,None,0,None,1,0
2018,29,290742,Missouri,1,1,0,0,0,1,1,95,JACKSON (95),840,BLUE SPRINGS,8,8,11,November,2018,5,Thursday,13,1:00pm-1:59pm,30,30,1,This section IS ON the NHS,2,Urban,2,Principal Arterial - Other Freeways and Expressways,1,State Highway Agency,2,U.S. Highway,US-40,,107,107,39.01011944,39.01011944,-94.303836110,-94.303836110,0,No Special Jurisdiction,42,Tree (Standing Only),0,Not a Collision with Motor Vehicle In-Transport,0,No,1,Non-Junction,1,Not an Intersection,0,None,,,4,On Roadside,1,Daylight,4,Snow,0,No Additional Atmospheric Conditions,4,Snow,0,No,0000000,Not Applicable,13,1:00pm-1:59pm,30,30,13,1:00pm-1:59pm,38,38,13,1:00pm-1:59pm,52,52,0,None,0,None,0,None,1,0
2018,29,290743,Missouri,2,2,0,0,0,6,6,183,ST. CHARLES (183),7100,ST PETERS,9,9,11,November,2018,6,Friday,22,10:00pm-10:59pm,17,17,0,This section IS NOT on the NHS,2,Urban,4,Minor Arterial,4,City or Municipal Highway Agency,6,Local Street - Municipality,SALT RIVER RD,,34,34,38.80971111,38.80971111,-90.599819440,-90.599819440,0,No Special Jurisdiction,12,Motor Vehicle In-Transport,2,Front-to-Front,0,No,1,Non-Junction,1,Not an Intersection,0,None,,,1,On Roadway,3,Dark - Lighted,98,Not Reported,0,No Additional Atmospheric Conditions,98,Not Reported,0,No,0000000,Not Applicable,22,10:00pm-10:59pm,19,19,22,10:00pm-10:59pm,26,26,22,10:00pm-10:59pm,46,46,0,None,0,None,0,None,1,0
2018,29,290744,Missouri,1,1,0,0,0,2,2,127,MARION (127),0,NOT APPLICABLE,9,9,11,November,2018,6,Friday,15,3:00pm-3:59pm,2,2,1,This section IS ON the NHS,1,Rural,2,Principal Arterial - Other Freeways and Expressways,1,State Highway Agency,2,U.S. Highway,US-61,,173,173,39.76533333,39.76533333,-91.519222220,-91.519222220,0,No Special Jurisdiction,24,Guardrail Face,0,Not a Collision with Motor Vehicle In-Transport,0,No,1,Non-Junction,1,Not an Intersection,0,None,,,4,On Roadside,1,Daylight,4,Snow,0,No Additional Atmospheric Conditions,4,Snow,0,No,0000000,Not Applicable,15,3:00pm-3:59pm,30,30,15,3:00pm-3:59pm,42,42,16,4:00pm-4:59pm,20,20,0,None,0,None,0,None,1,0
2018,29,290745,Missouri,1,1,0,0,0,1,1,183,ST. CHARLES (183),5880,OFALLON,12,12,11,November,2018,2,Monday,0,0:00am-0:59am,15,15,1,This section IS ON the NHS,2,Urban,3,Principal Arterial - Other,1,State Highway Agency,3,State Highway,SR-79,IS-70 RAMP,103,103,38.80261111,38.80261111,-90.651305560,-90.651305560,0,No Special Jurisdiction,46,Traffic Signal Support,0,Not a Collision with Motor Vehicle In-Transport,0,No,3,Intersection-Related,2,Four-Way Intersection,0,None,,,4,On Roadside,3,Dark - Lighted,1,Clear,0,No Additional Atmospheric Conditions,1,Clear,0,No,0000000,Not Applicable,0,0:00am-0:59am,16,16,0,0:00am-0:59am,24,24,88,Not Applicable (Not Transported),88,Not Applicable (Not Transported),0,None,0,None,0,None,1,0