caseyear,state,st_case,statename,ve_total,ve_forms,pvh_invl,peds,pernotmvit,permvit,persons,county,countyname,city,cityname,day,dayname,month,monthname,year,day_week,day_weekname,hour,hourname,minute,minutename,nhs,nhsname,rur_urb,rur_urbname,func_sys,func_sysname,rd_owner,rd_ownername,route,routename,tway_id,tway_id2,milept,mileptname,latitude,latitudename,longitud,longitudname,sp_jur,sp_jurname,harm_ev,harm_evname,man_coll,man_collname,reljct1,reljct1name,reljct2,reljct2name,typ_int,typ_intname,wrk_zone,wrk_zonename,road_fnc,road_fncname,rel_road,rel_roadname,lgt_cond,lgt_condname,weather1,weather1name,weather2,weather2name,weather,weathername,sch_bus,sch_busname,rail,railname,not_hour,not_hourname,not_min,not_minname,arr_hour,arr_hourname,arr_min,arr_minname,hosp_hr,hosp_hrname,hosp_mn,hosp_mnname,cf1,cf1name,cf2,cf2name,cf3,cf3name,fatals,drunk_dr
2019,29,290025,Missouri,2,2,0,0,0,4,4,189,ST. LOUIS (189),1030,BRECKENRIDGE HILLS,19,19,1,January,2019,7,Saturday,18,6:00pm-6:59pm,30,30,1,This section IS ON the NHS,2,Urban,3,Principal Arterial - Other,1,State Highway Agency,3,State Highway,SR-180,,45,45,38.72097222,38.72097222,-90.369388890,-90.369388890,0,No Special Jurisdiction,12,Motor Vehicle In-Transport,2,Front-to-Front,0,No,1,Non-Junction,1,Not an Intersection,0,None,,,1,On Roadway,3,Dark - Lighted,10,Cloudy,0,No Additional Atmospheric Conditions,10,Cloudy,0,No,0000000,Not Applicable,18,6:00pm-6:59pm,25,25,18,6:00pm-6:59pm,29,29,18,6:00pm-6:59pm,59,59,20,Police Pursuit Involved,0,None,0,None,1,0
2019,29,290026,Missouri,1,1,0,0,0,1,1,99,JEFFERSON (99),4180,KIMMSWICK,19,19,1,January,2019,7,Saturday,22,10:00pm-10:59pm,5,5,0,This section IS NOT on the NHS,1,Rural,6,Minor Collector,2,County Highway Agency,4,County Road,CR-RIDGE RD,,16,16,38.30966667,38.30966667,-90.687969440,-90.687969440,0,No Special Jurisdiction,1,Rollover/Overturn,0,The First Harmful Event was Not a Collision with a Motor Vehicle in Transport,0,No,1,Non-Junction,1,Not an Intersection,0,None,,,1,On Roadway,2,Dark - Not Lighted,2,Rain,4,Snow,4,Snow,0,No,0000000,Not Applicable,99,Unknown,98,Unknown if Notified,99,Unknown EMS Scene Arrival Hour,98,Unknown if Arrived,88,Not Applicable (Not Transported),88,Not Applicable (Not Transported),0,None,0,None,0,None,1,1
2019,29,290027,Missouri,2,2,0,0,0,2,2,47,CLAY (47),7370,SMITHVILLE,19,19,1,January,2019,7,Saturday,16,4:00pm-4:59pm,30,30,0,This section IS NOT on the NHS,1,Rural,4,Minor Arterial,1,State Highway Agency,2,U.S. Highway,US-169,,6,6,39.45251667,39.45251667,-94.567844440,-94.567844440,0,No Special Jurisdiction,12,Motor Vehicle In-Transport,6,Angle,0,No,1,Non-Junction,1,Not an Intersection,0,None,,,1,On Roadway,1,Daylight,1,Clear,0,No Additional Atmospheric Conditions,1,Clear,0,No,0000000,Not Applicable,16,4:00pm-4:59pm,30,30,16,4:00pm-4:59pm,39,39,17,5:00pm-5:59pm,15,15,0,None,0,None,0,None,1,1
2019,29,290028,Missouri,1,1,0,0,0,1,1,27,CALLAWAY (27),0,NOT APPLICABLE,19,19,1,January,2019,7,Saturday,23,11:00pm-11:59pm,20,20,0,This section IS NOT on the NHS,1,Rural,7,Local,2,County Highway Agency,4,County Road,CR-410,,1,1,38.78430556,38.78430556,-91.987305560,-91.987305560,0,No Special Jurisdiction,42,Tree (Standing Only),0,The First Harmful Event was Not a Collision with a Motor Vehicle in Transport,0,No,1,Non-Junction,1,Not an Intersection,0,None,,,4,On Roadside,2,Dark - Not Lighted,1,Clear,0,No Additional Atmospheric Conditions,1,Clear,0,No,0000000,Not Applicable,99,Unknown,98,Unknown if Notified,99,Unknown EMS Scene Arrival Hour,98,Unknown if Arrived,88,Not Applicable (Not Transported),88,Not Applicable (Not Transported),0,None,0,None,0,None,1,1
2019,29,290030,Missouri,1,1,0,0,0,1,1,51,COLE (51),0,NOT APPLICABLE,20,20,1,January,2019,1,Sunday,9,9:00am-9:59am,39,39,0,This section IS NOT on the NHS,1,Rural,6,Minor Collector,1,State Highway Agency,3,State Highway,SR-H,,59,59,38.35594444,38.35594444,-92.321888890,-92.321888890,0,No Special Jurisdiction,42,Tree (Standing Only),0,The First Harmful Event was Not a Collision with a Motor Vehicle in Transport,0,No,1,Non-Junction,1,Not an Intersection,0,None,,,4,On Roadside,9,Reported as Unknown,10,Cloudy,0,No Additional Atmospheric Conditions,10,Cloudy,0,No,0000000,Not Applicable,99,Unknown,98,Unknown if Notified,99,Unknown EMS Scene Arrival Hour,98,Unknown if Arrived,88,Not Applicable (Not Transported),88,Not Applicable (Not Transported),0,None,0,None,0,None,1,0
2019,29,290031,Missouri,2,2,0,0,0,2,2,207,STODDARD (207),20,ADVANCE,19,19,1,January,2019,7,Saturday,15,3:00pm-3:59pm,0,0,0,This section IS NOT on the NHS,1,Rural,5,Major Collector,1,State Highway Agency,3,State Highway,SR-C,,18,18,37.09783333,37.09783333,-89.927027780,-89.927027780,0,No Special Jurisdiction,12,Motor Vehicle In-Transport,2,Front-to-Front,0,No,1,Non-Junction,1,Not an Intersection,0,None,,,1,On Roadway,1,Daylight,4,Snow,0,No Additional Atmospheric Conditions,4,Snow,0,No,0000000,Not Applicable,15,3:00pm-3:59pm,4,4,15,3:00pm-3:59pm,42,42,16,4:00pm-4:59pm,41,41,0,None,0,None,0,None,1,0
2019,29,290032,Missouri,3,3,0,0,0,4,4,189,ST. LOUIS (189),2210,DES PERES,20,20,1,January,2019,1,Sunday,15,3:00pm-3:59pm,8,8,1,This section IS ON the NHS,2,Urban,1,Interstate,1,State Highway Agency,1,Interstate,I-270,,96,96,38.59352778,38.59352778,-90.449361110,-90.449361110,0,No Special Jurisdiction,25,Concrete Traffic Barrier,0,The First Harmful Event was Not a Collision with a Motor Vehicle in Transport,0,No,1,Non-Junction,1,Not an Intersection,0,None,,,3,On Median,1,Daylight,4,Snow,10,Cloudy,4,Snow,0,No,0000000,Not Applicable,15,3:00pm-3:59pm,14,14,15,3:00pm-3:59pm,21,21,16,4:00pm-4:59pm,5,5,0,None,0,None,0,None,1,0
2019,29,290033,Missouri,1,1,0,1,1,1,1,183,ST. CHARLES (183),4328,LAKE SAINT LOUIS,21,21,1,January,2019,2,Monday,5,5:00am-5:59am,5,5,1,This section IS ON the NHS,2,Urban,1,Interstate,1,State Highway Agency,1,Interstate,I-70,,102,102,38.80425000,38.80425000,-90.781250000,-90.781250000,0,No Special Jurisdiction,8,Pedestrian,0,The First Harmful Event was Not a Collision with a Motor Vehicle in Transport,0,No,1,Non-Junction,1,Not an Intersection,0,None,,,1,On Roadway,2,Dark - Not Lighted,10,Cloudy,0,No Additional Atmospheric Conditions,10,Cloudy,0,No,0000000,Not Applicable,99,Unknown,99,Unknown,99,Unknown EMS Scene Arrival Hour,99,Unknown EMS Scene Arrival Minutes,99,Unknown,99,Unknown EMS Hospital Arrival Time,0,None,0,None,0,None,1,0
2019,29,290035,Missouri,1,1,0,0,0,1,1,175,RANDOLPH (175),0,NOT APPLICABLE,21,21,1,January,2019,2,Monday,14,2:00pm-2:59pm,49,49,1,This section IS ON the NHS,1,Rural,2,Principal Arterial - Other Freeways and Expressways,1,State Highway Agency,2,U.S. Highway,US-63,,57,57,39.31586111,39.31586111,-92.374750000,-92.374750000,0,No Special Jurisdiction,35,Embankment,0,The First Harmful Event was Not a Collision with a Motor Vehicle in Transport,0,No,1,Non-Junction,1,Not an Intersection,0,None,,,3,On Median,1,Daylight,10,Cloudy,0,No Additional Atmospheric Conditions,10,Cloudy,0,No,0000000,Not Applicable,14,2:00pm-2:59pm,54,54,15,3:00pm-3:59pm,3,3,16,4:00pm-4:59pm,1,1,0,None,0,None,0,None,1,0
2019,29,290036,Missouri,2,2,0,0,0,6,6,49,CLINTON (49),0,NOT APPLICABLE,21,21,1,January,2019,2,Monday,20,8:00pm-8:59pm,21,21,0,This section IS NOT on the NHS,1,Rural,4,Minor Arterial,1,State Highway Agency,3,State Highway,SR-116,US-69,204,204,39.55280556,39.55280556,-94.235750000,-94.235750000,0,No Special Jurisdiction,12,Motor Vehicle In-Transport,6,Angle,0,No,2,Intersection,2,Four-Way Intersection,0,None,,,1,On Roadway,2,Dark - Not Lighted,10,Cloudy,0,No Additional Atmospheric Conditions,10,Cloudy,0,No,0000000,Not Applicable,20,8:00pm-8:59pm,36,36,20,8:00pm-8:59pm,49,49,21,9:00pm-9:59pm,20,20,0,None,0,None,0,None,1,0
2019,29,290037,Missouri,2,2,0,0,0,2,2,187,ST. FRANCOIS (187),2190,DESLOGE,24,24,1,January,2019,5,Thursday,19,7:00pm-7:59pm,3,3,0,This section IS NOT on the NHS,2,Urban,5,Major Collector,4,City or Municipal Highway Agency,6,Local Street - Municipality,CHESTNUT ST,,4,4,37.87211944,37.87211944,-90.521633330,-90.521633330,0,No Special Jurisdiction,12,Motor Vehicle In-Transport,2,Front-to-Front,0,No,1,Non-Junction,1,Not an Intersection,0,None,,,1,On Roadway,3,Dark - Lighted,1,Clear,0,No Additional Atmospheric Conditions,1,Clear,0,No,0000000,Not Applicable,19,7:00pm-7:59pm,4,4,19,7:00pm-7:59pm,10,10,19,7:00pm-7:59pm,58,58,0,None,0,None,0,None,1,0
2019,29,290038,Missouri,2,2,0,0,0,2,2,211,SULLIVAN (211),0,NOT APPLICABLE,24,24,1,January,2019,5,Thursday,21,9:00pm-9:59pm,20,20,1,This section IS ON the NHS,1,Rural,3,Principal Arterial - Other,1,State Highway Agency,3,State Highway,SR-6,,231,231,40.23780556,40.23780556,-93.022222220,-93.022222220,0,No Special Jurisdiction,12,Motor Vehicle In-Transport,6,Angle,0,No,1,Non-Junction,1,Not an Intersection,0,None,,,1,On Roadway,2,Dark - Not Lighted,10,Cloudy,0,No Additional Atmospheric Conditions,10,Cloudy,0,No,0000000,Not Applicable,21,9:00pm-9:59pm,27,27,21,9:00pm-9:59pm,33,33,22,10:00pm-10:59pm,36,36,0,None,0,None,0,None,1,0
2019,29,290039,Missouri,2,2,0,0,0,2,2,71,FRANKLIN (71),0,NOT APPLICABLE,24,24,1,January,2019,5,Thursday,9,9:00am-9:59am,17,17,0,This section IS NOT on the NHS,1,Rural,3,Principal Arterial - Other,1,State Highway Agency,3,State Highway,SR-30,,44,44,38.32377778,38.32377778,-90.925111110,-90.925111110,0,No Special Jurisdiction,12,Motor Vehicle In-Transport,8,Sideswipe - Opposite Direction,0,No,1,Non-Junction,1,Not an Intersection,0,None,,,1,On Roadway,1,Daylight,10,Cloudy,0,No Additional Atmospheric Conditions,10,Cloudy,0,No,0000000,Not Applicable,99,Unknown,98,Unknown if Notified,99,Unknown EMS Scene Arrival Hour,98,Unknown if Arrived,88,Not Applicable (Not Transported),88,Not Applicable (Not Transported),0,None,0,None,0,None,1,0
2019,29,290040,Missouri,1,1,0,0,0,1,1,99,JEFFERSON (99),0,NOT APPLICABLE,25,25,1,January,2019,6,Friday,17,5:00pm-5:59pm,50,50,0,This section IS NOT on the NHS,1,Rural,5,Major Collector,1,State Highway Agency,3,State Highway,SR-P,,77,77,38.16791667,38.16791667,-90.533722220,-90.533722220,0,No Special Jurisdiction,42,Tree (Standing Only),0,The First Harmful Event was Not a Collision with a Motor Vehicle in Transport,0,No,1,Non-Junction,1,Not an Intersection,0,None,,,4,On Roadside,2,Dark - Not Lighted,1,Clear,0,No Additional Atmospheric Conditions,1,Clear,0,No,0000000,Not Applicable,99,Unknown,98,Unknown if Notified,99,Unknown EMS Scene Arrival Hour,98,Unknown if Arrived,88,Not Applicable (Not Transported),88,Not Applicable (Not Transported),0,None,0,None,0,None,1,1
2019,29,290041,Missouri,1,1,0,1,1,1,1,189,ST. LOUIS (189),0,NOT APPLICABLE,25,25,1,January,2019,6,Friday,14,2:00pm-2:59pm,40,40,1,This section IS ON the NHS,2,Urban,3,Principal Arterial - Other,1,State Highway Agency,3,State Highway,SR-141,,218,218,38.76208333,38.76208333,-90.455583330,-90.455583330,0,No Special Jurisdiction,8,Pedestrian,0,The First Harmful Event was Not a Collision with a Motor Vehicle in Transport,0,No,1,Non-Junction,1,Not an Intersection,0,None,,,1,On Roadway,1,Daylight,1,Clear,0,No Additional Atmospheric Conditions,1,Clear,0,No,0000000,Not Applicable,14,2:00pm-2:59pm,43,43,14,2:00pm-2:59pm,49,49,15,3:00pm-3:59pm,3,3,0,None,0,None,0,None,1,0
2019,29,290042,Missouri,1,1,0,0,0,1,1,71,FRANKLIN (71),0,NOT APPLICABLE,26,26,1,January,2019,7,Saturday,6,6:00am-6:59am,27,27,0,This section IS NOT on the NHS,1,Rural,7,Local,2,County Highway Agency,4,County Road,CR-MOSELLE RD,,13,13,38.37394444,38.37394444,-90.908805560,-90.908805560,0,No Special Jurisdiction,42,Tree (Standing Only),0,The First Harmful Event was Not a Collision with a Motor Vehicle in Transport,0,No,1,Non-Junction,1,Not an Intersection,0,None,,,4,On Roadside,2,Dark - Not Lighted,1,Clear,0,No Additional Atmospheric Conditions,1,Clear,0,No,0000000,Not Applicable,99,Unknown,98,Unknown if Notified,99,Unknown EMS Scene Arrival Hour,98,Unknown if Arrived,88,Not Applicable (Not Transported),88,Not Applicable (Not Transported),0,None,0,None,0,None,1,1
2019,29,290043,Missouri,1,1,0,0,0,1,1,101,JOHNSON (101),0,NOT APPLICABLE,26,26,1,January,2019,7,Saturday,22,10:00pm-10:59pm,42,42,0,This section IS NOT on the NHS,1,Rural,5,Major Collector,1,State Highway Agency,3,State Highway,SR-131,,109,109,38.78391667,38.78391667,-93.994555560,-93.994555560,0,No Special Jurisdiction,35,Embankment,0,The First Harmful Event was Not a Collision with a Motor Vehicle in Transport,0,No,1,Non-Junction,1,Not an Intersection,0,None,,,4,On Roadside,2,Dark - Not Lighted,1,Clear,0,No Additional Atmospheric Conditions,1,Clear,0,No,0000000,Not Applicable,99,Unknown,98,Unknown if Notified,99,Unknown EMS Scene Arrival Hour,98,Unknown if Arrived,88,Not Applicable (Not Transported),88,Not Applicable (Not Transported),0,None,0,None,0,None,1,0
2019,29,290044,Missouri,1,1,0,1,1,1,1,145,NEWTON (145),0,NOT APPLICABLE,27,27,1,January,2019,1,Sunday,18,6:00pm-6:59pm,20,20,0,This section IS NOT on the NHS,1,Rural,4,Minor Arterial,1,State Highway Agency,3,State Highway,SR-86,,263,263,36.87819444,36.87819444,-94.282722220,-94.282722220,0,No Special Jurisdiction,49,Ridden Animal or Animal Drawn Conveyance,0,The First Harmful Event was Not a Collision with a Motor Vehicle in Transport,0,No,1,Non-Junction,1,Not an Intersection,0,None,,,1,On Roadway,2,Dark - Not Lighted,1,Clear,0,No Additional Atmospheric Conditions,1,Clear,0,No,0000000,Not Applicable,18,6:00pm-6:59pm,24,24,18,6:00pm-6:59pm,35,35,19,7:00pm-7:59pm,10,10,0,None,0,None,0,None,1,0
2019,29,290045,Missouri,1,1,0,0,0,1,1,9,BARRY (9),0,NOT APPLICABLE,27,27,1,January,2019,1,Sunday,2,2:00am-2:59am,40,40,0,This section IS NOT on the NHS,1,Rural,7,Local,2,County Highway Agency,4,County Road,CR-1090,,1,1,36.89844444,36.89844444,-93.901027780,-93.901027780,0,No Special Jurisdiction,53,Mail Box,0,The First Harmful Event was Not a Collision with a Motor Vehicle in Transport,0,No,1,Non-Junction,1,Not an Intersection,0,None,,,4,On Roadside,2,Dark - Not Lighted,1,Clear,0,No Additional Atmospheric Conditions,1,Clear,0,No,0000000,Not Applicable,99,Unknown,98,Unknown if Notified,99,Unknown EMS Scene Arrival Hour,98,Unknown if Arrived,88,Not Applicable (Not Transported),88,Not Applicable (Not Transported),0,None,0,None,0,None,1,1
2019,29,290046,Missouri,2,2,0,0,0,2,2,37,CASS (37),6160,PECULIAR,29,29,1,January,2019,3,Tuesday,15,3:00pm-3:59pm,55,55,1,This section IS ON the NHS,2,Urban,1,Interstate,1,State Highway Agency,1,Interstate,I-49,,94,94,38.72475000,38.72475000,-94.456777780,-94.456777780,0,No Special Jurisdiction,12,Motor Vehicle In-Transport,1,Front-to-Rear,0,No,1,Non-Junction,1,Not an Intersection,0,None,,,1,On Roadway,1,Daylight,98,Not Reported,0,No Additional Atmospheric Conditions,98,Not Reported,0,No,0000000,Not Applicable,99,Unknown,98,Unknown if Notified,99,Unknown EMS Scene Arrival Hour,98,Unknown if Arrived,99,Unknown,98,Unknown if Transported,19,Recent/Previous Crash scene Nearby,27,Backup Due to Prior Crash,0,None,1,0
2019,29,290047,Missouri,2,2,0,0,0,2,2,183,ST. CHARLES (183),5880,O'FALLON,30,30,1,January,2019,4,Wednesday,5,5:00am-5:59am,35,35,1,This section IS ON the NHS,2,Urban,1,Interstate,1,State Highway Agency,1,Interstate,I-70,,148,148,38.80247222,38.80247222,-90.693694440,-90.693694440,0,No Special Jurisdiction,12,Motor Vehicle In-Transport,1,Front-to-Rear,0,No,1,Non-Junction,1,Not an Intersection,4,"Work Zone, Type Unknown",,,1,On Roadway,3,Dark - Lighted,98,Not Reported,0,No Additional Atmospheric Conditions,98,Not Reported,0,No,0000000,Not Applicable,3,3:00am-3:59am,59,59,4,4:00am-4:59am,12,12,88,Not Applicable (Not Transported),88,Not Applicable (Not Transported),0,None,0,None,0,None,1,0
2019,29,290049,Missouri,2,2,0,0,0,3,3,9,BARRY (9),0,NOT APPLICABLE,1,1,2,February,2019,6,Friday,16,4:00pm-4:59pm,0,0,0,This section IS NOT on the NHS,1,Rural,5,Major Collector,1,State Highway Agency,3,State Highway,SR-86,,423,423,36.50305556,36.50305556,-93.637416670,-93.637416670,0,No Special Jurisdiction,12,Motor Vehicle In-Transport,2,Front-to-Front,0,No,1,Non-Junction,1,Not an Intersection,0,None,,,1,On Roadway,1,Daylight,10,Cloudy,0,No Additional Atmospheric Conditions,10,Cloudy,0,No,0000000,Not Applicable,16,4:00pm-4:59pm,17,17,16,4:00pm-4:59pm,53,53,17,5:00pm-5:59pm,27,27,0,None,0,None,0,None,1,0
2019,29,290050,Missouri,1,1,0,0,0,1,1,189,ST. LOUIS (189),3580,HAZELWOOD,1,1,2,February,2019,6,Friday,1,1:00am-1:59am,40,40,1,This section IS ON the NHS,2,Urban,1,Interstate,1,State Highway Agency,1,Interstate,I-270,,83,83,38.77572222,38.77572222,-90.337166670,-90.337166670,0,No Special Jurisdiction,30,Utility Pole/Light Support,0,The First Harmful Event was Not a Collision with a Motor Vehicle in Transport,0,No,1,Non-Junction,1,Not an Intersection,0,None,,,4,On Roadside,3,Dark - Lighted,1,Clear,0,No Additional Atmospheric Conditions,1,Clear,0,No,0000000,Not Applicable,1,1:00am-1:59am,30,30,1,1:00am-1:59am,40,40,2,2:00am-2:59am,14,14,0,None,0,None,0,None,1,1
2019,29,290051,Missouri,2,2,0,0,0,3,3,143,NEW MADRID (143),0,NOT APPLICABLE,2,2,2,February,2019,7,Saturday,1,1:00am-1:59am,30,30,1,This section IS ON the NHS,1,Rural,1,Interstate,1,State Highway Agency,1,Interstate,I-55,,223,223,36.69980556,36.69980556,-89.537944440,-89.537944440,0,No Special Jurisdiction,12,Motor Vehicle In-Transport,1,Front-to-Rear,0,No,1,Non-Junction,1,Not an Intersection,0,None,,,1,On Roadway,2,Dark - Not Lighted,1,Clear,0,No Additional Atmospheric Conditions,1,Clear,0,No,0000000,Not Applicable,1,1:00am-1:59am,49,49,2,2:00am-2:59am,3,3,3,3:00am-3:59am,19,19,0,None,0,None,0,None,1,0
2019,29,290052,Missouri,1,1,0,0,0,1,1,143,NEW MADRID (143),4600,LILBOURN,4,4,2,February,2019,2,Monday,18,6:00pm-6:59pm,0,0,0,This section IS NOT on the NHS,1,Rural,5,Major Collector,1,State Highway Agency,3,State Highway,SR-U,,5,5,36.59802778,36.59802778,-89.609222220,-89.609222220,0,No Special Jurisdiction,32,Culvert,0,The First Harmful Event was Not a Collision with a Motor Vehicle in Transport,0,No,1,Non-Junction,1,Not an Intersection,0,None,,,4,On Roadside,2,Dark - Not Lighted,1,Clear,0,No Additional Atmospheric Conditions,1,Clear,0,No,0000000,Not Applicable,18,6:00pm-6:59pm,4,4,18,6:00pm-6:59pm,13,13,18,6:00pm-6:59pm,53,53,0,None,0,None,0,None,1,0
2019,29,290053,Missouri,2,2,0,0,0,3,3,225,WEBSTER (225),0,NOT APPLICABLE,5,5,2,February,2019,3,Tuesday,12,12:00pm-12:59pm,45,45,0,This section IS NOT on the NHS,1,Rural,7,Local,1,State Highway Agency,7,Local Street - Frontage Road,NOR 44,,14,14,37.27397222,37.27397222,-93.052305560,-93.052305560,0,No Special Jurisdiction,24,Guardrail Face,0,The First Harmful Event was Not a Collision with a Motor Vehicle in Transport,0,No,1,Non-Junction,1,Not an Intersection,0,None,,,4,On Roadside,1,Daylight,10,Cloudy,0,No Additional Atmospheric Conditions,10,Cloudy,0,No,0000000,Not Applicable,12,12:00pm-12:59pm,46,46,12,12:00pm-12:59pm,56,56,13,1:00pm-1:59pm,30,30,0,None,0,None,0,None,1,0
2019,29,290054,Missouri,2,2,0,0,0,3,3,177,RAY (177),0,NOT APPLICABLE,5,5,2,February,2019,3,Tuesday,14,2:00pm-2:59pm,10,10,0,This section IS NOT on the NHS,1,Rural,7,Local,2,County Highway Agency,4,County Road,CR-GARNER RD,,22,22,39.30716667,39.30716667,-93.997277780,-93.997277780,0,No Special Jurisdiction,12,Motor Vehicle In-Transport,2,Front-to-Front,0,No,1,Non-Junction,1,Not an Intersection,0,None,,,1,On Roadway,1,Daylight,3,Sleet or Hail,10,Cloudy,3,Sleet or Hail,0,No,0000000,Not Applicable,14,2:00pm-2:59pm,27,27,14,2:00pm-2:59pm,32,32,15,3:00pm-3:59pm,4,4,0,None,0,None,0,None,1,0
2019,29,290055,Missouri,1,1,0,0,0,1,1,15,BENTON (15),0,NOT APPLICABLE,12,12,2,February,2019,3,Tuesday,20,8:00pm-8:59pm,53,53,0,This section IS NOT on the NHS,1,Rural,7,Local,2,County Highway Agency,4,County Road,CR-FORDNEY RD,,7,7,38.38911111,38.38911111,-93.308833330,-93.308833330,0,No Special Jurisdiction,42,Tree (Standing Only),0,The First Harmful Event was Not a Collision with a Motor Vehicle in Transport,0,No,1,Non-Junction,1,Not an Intersection,0,None,,,4,On Roadside,2,Dark - Not Lighted,1,Clear,0,No Additional Atmospheric Conditions,1,Clear,0,No,0000000,Not Applicable,99,Unknown,98,Unknown if Notified,99,Unknown EMS Scene Arrival Hour,98,Unknown if Arrived,88,Not Applicable (Not Transported),88,Not Applicable (Not Transported),0,None,0,None,0,None,1,1
2019,29,290056,Missouri,1,1,0,0,0,1,1,225,WEBSTER (225),0,NOT APPLICABLE,13,13,2,February,2019,4,Wednesday,8,8:00am-8:59am,8,8,0,This section IS NOT on the NHS,1,Rural,5,Major Collector,1,State Highway Agency,3,State Highway,SR-BB,,42,42,37.10441667,37.10441667,-92.809750000,-92.809750000,0,No Special Jurisdiction,58,Ground,0,The First Harmful Event was Not a Collision with a Motor Vehicle in Transport,0,No,1,Non-Junction,1,Not an Intersection,0,None,,,5,Outside Trafficway,1,Daylight,1,Clear,0,No Additional Atmospheric Conditions,1,Clear,0,No,0000000,Not Applicable,99,Unknown,98,Unknown if Notified,99,Unknown EMS Scene Arrival Hour,98,Unknown if Arrived,88,Not Applicable (Not Transported),88,Not Applicable (Not Transported),0,None,0,None,0,None,1,0
2019,29,290057,Missouri,1,1,0,0,0,2,2,67,DOUGLAS (67),440,AVA,15,15,2,February,2019,6,Friday,21,9:00pm-9:59pm,40,40,0,This section IS NOT on the NHS,1,Rural,4,Minor Arterial,1,State Highway Agency,3,State Highway,SR-14,,166,166,36.96513889,36.96513889,-92.680055560,-92.680055560,0,No Special Jurisdiction,35,Embankment,0,The First Harmful Event was Not a Collision with a Motor Vehicle in Transport,0,No,1,Non-Junction,1,Not an Intersection,0,None,,,4,On Roadside,2,Dark - Not Lighted,10,Cloudy,0,No Additional Atmospheric Conditions,10,Cloudy,0,No,0000000,Not Applicable,21,9:00pm-9:59pm,43,43,21,9:00pm-9:59pm,55,55,23,11:00pm-11:59pm,13,13,0,None,0,None,0,None,1,1
2019,29,290059,Missouri,1,1,0,0,0,1,1,199,SCOTLAND (199),0,NOT APPLICABLE,16,16,1,January,2019,4,Wednesday,6,6:00am-6:59am,40,40,0,This section IS NOT on the NHS,1,Rural,4,Minor Arterial,1,State Highway Agency,3,State Highway,SR-15,,176,176,40.38111111,40.38111111,-92.208333330,-92.208333330,0,No Special Jurisdiction,1,Rollover/Overturn,0,The First Harmful Event was Not a Collision with a Motor Vehicle in Transport,0,No,1,Non-Junction,1,Not an Intersection,0,None,,,1,On Roadway,2,Dark - Not Lighted,10,Cloudy,0,No Additional Atmospheric Conditions,10,Cloudy,0,No,0000000,Not Applicable,6,6:00am-6:59am,53,53,7,7:00am-7:59am,6,6,7,7:00am-7:59am,25,25,0,None,0,None,0,None,1,0
2019,29,290060,Missouri,4,4,0,0,0,5,5,99,JEFFERSON (99),0,NOT APPLICABLE,23,23,1,January,2019,4,Wednesday,19,7:00pm-7:59pm,23,23,1,This section IS ON the NHS,2,Urban,2,Principal Arterial - Other Freeways and Expressways,1,State Highway Agency,2,U.S. Highway,US-67,,108,108,38.17277778,38.17277778,-90.446833330,-90.446833330,0,No Special Jurisdiction,12,Motor Vehicle In-Transport,7,Sideswipe - Same Direction,0,No,1,Non-Junction,1,Not an Intersection,0,None,,,1,On Roadway,3,Dark - Lighted,1,Clear,0,No Additional Atmospheric Conditions,1,Clear,0,No,0000000,Not Applicable,99,Unknown,99,Unknown,99,Unknown EMS Scene Arrival Hour,99,Unknown EMS Scene Arrival Minutes,99,Unknown,99,Unknown EMS Hospital Arrival Time,14,"Motor Vehicle struck by falling cargo,or something that came loose from or something that was set in motion by a vehicle",0,None,0,None,1,0
2019,29,290061,Missouri,1,1,0,0,0,2,2,101,JOHNSON (101),0,NOT APPLICABLE,26,26,1,January,2019,7,Saturday,16,4:00pm-4:59pm,29,29,0,This section IS NOT on the NHS,1,Rural,4,Minor Arterial,1,State Highway Agency,3,State Highway,SR-58,,179,179,38.71902778,38.71902778,-93.841722220,-93.841722220,0,No Special Jurisdiction,1,Rollover/Overturn,0,The First Harmful Event was Not a Collision with a Motor Vehicle in Transport,0,No,1,Non-Junction,1,Not an Intersection,0,None,,,4,On Roadside,1,Daylight,10,Cloudy,0,No Additional Atmospheric Conditions,10,Cloudy,0,No,0000000,Not Applicable,16,4:00pm-4:59pm,33,33,17,5:00pm-5:59pm,4,4,17,5:00pm-5:59pm,35,35,0,None,0,None,0,None,1,0
2019,29,290062,Missouri,2,2,0,0,0,2,2,187,ST. FRANCOIS (187),0,NOT APPLICABLE,30,30,1,January,2019,4,Wednesday,13,1:00pm-1:59pm,20,20,0,This section IS NOT on the NHS,1,Rural,5,Major Collector,2,County Highway Agency,4,County Road,CR-OLD BONNE TERRE RD,,9,9,37.89894444,37.89894444,-90.538388890,-90.538388890,0,No Special Jurisdiction,12,Motor Vehicle In-Transport,2,Front-to-Front,0,No,1,Non-Junction,1,Not an Intersection,0,None,,,1,On Roadway,1,Daylight,10,Cloudy,0,No Additional Atmospheric Conditions,10,Cloudy,0,No,0000000,Not Applicable,13,1:00pm-1:59pm,20,20,13,1:00pm-1:59pm,35,35,15,3:00pm-3:59pm,0,0,0,None,0,None,0,None,1,1