caseyear,state,st_case,statename,ve_total,ve_forms,pvh_invl,peds,pernotmvit,permvit,persons,county,countyname,city,cityname,day,dayname,month,monthname,year,day_week,day_weekname,hour,hourname,minute,minutename,nhs,nhsname,rur_urb,rur_urbname,func_sys,func_sysname,rd_owner,rd_ownername,route,routename,tway_id,tway_id2,milept,mileptname,latitude,latitudename,longitud,longitudname,sp_jur,sp_jurname,harm_ev,harm_evname,man_coll,man_collname,reljct1,reljct1name,reljct2,reljct2name,typ_int,typ_intname,wrk_zone,wrk_zonename,road_fnc,road_fncname,rel_road,rel_roadname,lgt_cond,lgt_condname,weather1,weather1name,weather2,weather2name,weather,weathername,sch_bus,sch_busname,rail,railname,not_hour,not_hourname,not_min,not_minname,arr_hour,arr_hourname,arr_min,arr_minname,hosp_hr,hosp_hrname,hosp_mn,hosp_mnname,cf1,cf1name,cf2,cf2name,cf3,cf3name,fatals,drunk_dr
2019,29,290240,Missouri,1,1,0,0,0,1,1,95,JACKSON (95),4120,KANSAS CITY,6,6,4,April,2019,7,Saturday,23,11:00pm-11:59pm,50,50,1,This section IS ON the NHS,2,Urban,3,Principal Arterial - Other,4,City or Municipal Highway Agency,6,Local Street - Municipality,WARD PKWY,,10,10,39.03214722,39.03214722,-94.605338890,-94.605338890,0,No Special Jurisdiction,58,Ground,0,The First Harmful Event was Not a Collision with a Motor Vehicle in Transport,0,No,1,Non-Junction,1,Not an Intersection,0,None,,,3,On Median,3,Dark - Lighted,2,Rain,10,Cloudy,2,Rain,0,No,0000000,Not Applicable,99,Unknown,99,Unknown,99,Unknown EMS Scene Arrival Hour,99,Unknown EMS Scene Arrival Minutes,99,Unknown,99,Unknown EMS Hospital Arrival Time,0,None,0,None,0,None,1,1
2019,29,290241,Missouri,2,2,0,0,0,4,4,95,JACKSON (95),4120,KANSAS CITY,9,9,4,April,2019,3,Tuesday,13,1:00pm-1:59pm,9,9,1,This section IS ON the NHS,2,Urban,3,Principal Arterial - Other,4,City or Municipal Highway Agency,6,Local Street - Municipality,FRONT ST,RIVER FRONT DR,30,30,39.11953056,39.11953056,-94.560866670,-94.560866670,0,No Special Jurisdiction,12,Motor Vehicle In-Transport,6,Angle,0,No,2,Intersection,3,T-Intersection,0,None,,,1,On Roadway,1,Daylight,1,Clear,0,No Additional Atmospheric Conditions,1,Clear,0,No,0000000,Not Applicable,13,1:00pm-1:59pm,9,9,13,1:00pm-1:59pm,19,19,13,1:00pm-1:59pm,32,32,0,None,0,None,0,None,1,0
2019,29,290242,Missouri,2,2,0,0,0,2,2,29,CAMDEN (29),0,NOT APPLICABLE,12,12,4,April,2019,6,Friday,12,12:00pm-12:59pm,23,23,0,This section IS NOT on the NHS,1,Rural,4,Minor Arterial,1,State Highway Agency,3,State Highway,SR-MM,,70,70,38.15668889,38.15668889,-92.733372220,-92.733372220,0,No Special Jurisdiction,12,Motor Vehicle In-Transport,2,Front-to-Front,0,No,1,Non-Junction,1,Not an Intersection,0,None,,,1,On Roadway,1,Daylight,1,Clear,0,No Additional Atmospheric Conditions,1,Clear,0,No,0000000,Not Applicable,12,12:00pm-12:59pm,28,28,12,12:00pm-12:59pm,38,38,13,1:00pm-1:59pm,13,13,0,None,0,None,0,None,1,0
2019,29,290243,Missouri,1,1,0,1,1,1,1,95,JACKSON (95),4120,KANSAS CITY,14,14,4,April,2019,1,Sunday,20,8:00pm-8:59pm,22,22,0,This section IS NOT on the NHS,2,Urban,7,Local,4,City or Municipal Highway Agency,6,Local Street - Municipality,HARDESTY AVE,,20,20,39.10802222,39.10802222,-94.518969440,-94.518969440,0,No Special Jurisdiction,8,Pedestrian,0,The First Harmful Event was Not a Collision with a Motor Vehicle in Transport,0,No,1,Non-Junction,1,Not an Intersection,0,None,,,1,On Roadway,3,Dark - Lighted,1,Clear,0,No Additional Atmospheric Conditions,1,Clear,0,No,0000000,Not Applicable,20,8:00pm-8:59pm,22,22,20,8:00pm-8:59pm,29,29,20,8:00pm-8:59pm,52,52,0,None,0,None,0,None,1,0
2019,29,290245,Missouri,1,1,0,0,0,2,2,169,PULASKI (169),0,NOT APPLICABLE,29,29,4,April,2019,2,Monday,16,4:00pm-4:59pm,15,15,0,This section IS NOT on the NHS,1,Rural,7,Local,2,County Highway Agency,4,County Road,CR-LEXINGTON RD,,50,50,37.85283333,37.85283333,-92.216000000,-92.216000000,0,No Special Jurisdiction,1,Rollover/Overturn,0,The First Harmful Event was Not a Collision with a Motor Vehicle in Transport,0,No,1,Non-Junction,1,Not an Intersection,0,None,,,4,On Roadside,1,Daylight,10,Cloudy,0,No Additional Atmospheric Conditions,10,Cloudy,0,No,0000000,Not Applicable,99,Unknown,98,Unknown if Notified,99,Unknown EMS Scene Arrival Hour,98,Unknown if Arrived,88,Not Applicable (Not Transported),88,Not Applicable (Not Transported),0,None,0,None,0,None,1,0
2019,29,290246,Missouri,1,1,0,1,1,4,4,189,ST. LOUIS (189),2780,FLORISSANT,7,7,5,May,2019,3,Tuesday,18,6:00pm-6:59pm,3,3,1,This section IS ON the NHS,2,Urban,1,Interstate,1,State Highway Agency,1,Interstate,I-270 RAMP,,0,None,38.77577778,38.77577778,-90.335861110,-90.335861110,0,No Special Jurisdiction,9,Pedalcyclist,0,The First Harmful Event was Not a Collision with a Motor Vehicle in Transport,1,Yes,20,Entrance/Exit Ramp,1,Not an Intersection,0,None,,,1,On Roadway,1,Daylight,1,Clear,0,No Additional Atmospheric Conditions,1,Clear,0,No,0000000,Not Applicable,18,6:00pm-6:59pm,5,5,18,6:00pm-6:59pm,12,12,18,6:00pm-6:59pm,27,27,0,None,0,None,0,None,1,0
2019,29,290247,Missouri,1,1,0,0,0,1,1,55,CRAWFORD (55),0,NOT APPLICABLE,14,14,5,May,2019,3,Tuesday,5,5:00am-5:59am,10,10,1,This section IS ON the NHS,1,Rural,1,Interstate,1,State Highway Agency,1,Interstate,I-44,,130,130,38.09366667,38.09366667,-91.368527780,-91.368527780,0,No Special Jurisdiction,24,Guardrail Face,0,The First Harmful Event was Not a Collision with a Motor Vehicle in Transport,1,Yes,19,Other location within Interchange Area,1,Not an Intersection,0,None,,,4,On Roadside,2,Dark - Not Lighted,1,Clear,0,No Additional Atmospheric Conditions,1,Clear,0,No,0000000,Not Applicable,5,5:00am-5:59am,28,28,5,5:00am-5:59am,32,32,5,5:00am-5:59am,43,43,0,None,0,None,0,None,1,0
2019,29,290248,Missouri,2,2,0,0,0,2,2,95,JACKSON (95),4120,KANSAS CITY,17,17,5,May,2019,6,Friday,14,2:00pm-2:59pm,40,40,1,This section IS ON the NHS,2,Urban,1,Interstate,1,State Highway Agency,1,Interstate,I-435,,40,40,39.09296944,39.09296944,-94.487869440,-94.487869440,0,No Special Jurisdiction,12,Motor Vehicle In-Transport,7,Sideswipe - Same Direction,0,No,1,Non-Junction,1,Not an Intersection,0,None,,,1,On Roadway,1,Daylight,1,Clear,0,No Additional Atmospheric Conditions,1,Clear,0,No,0000000,Not Applicable,14,2:00pm-2:59pm,41,41,14,2:00pm-2:59pm,46,46,15,3:00pm-3:59pm,1,1,0,None,0,None,0,None,1,0
2019,29,290249,Missouri,2,2,0,0,0,3,3,77,GREENE (77),0,NOT APPLICABLE,21,21,5,May,2019,3,Tuesday,11,11:00am-11:59am,26,26,0,This section IS NOT on the NHS,2,Urban,4,Minor Arterial,1,State Highway Agency,2,U.S. Highway,US-160,,170,170,37.25622222,37.25622222,-93.363472220,-93.363472220,0,No Special Jurisdiction,12,Motor Vehicle In-Transport,1,Front-to-Rear,0,No,1,Non-Junction,1,Not an Intersection,0,None,,,1,On Roadway,1,Daylight,2,Rain,10,Cloudy,2,Rain,0,No,0000000,Not Applicable,99,Unknown,98,Unknown if Notified,99,Unknown EMS Scene Arrival Hour,98,Unknown if Arrived,88,Not Applicable (Not Transported),88,Not Applicable (Not Transported),0,None,0,None,0,None,2,0
2019,29,290250,Missouri,2,2,0,0,0,4,4,510,ST. LOUIS (CITY) (510),7080,SAINT LOUIS,24,24,5,May,2019,6,Friday,9,9:00am-9:59am,0,0,1,This section IS ON the NHS,2,Urban,3,Principal Arterial - Other,1,State Highway Agency,6,Local Street - Municipality,NATURAL BRIDGE AVE,,10,10,38.68351389,38.68351389,-90.267380560,-90.267380560,0,No Special Jurisdiction,12,Motor Vehicle In-Transport,6,Angle,0,No,1,Non-Junction,1,Not an Intersection,0,None,,,1,On Roadway,1,Daylight,1,Clear,0,No Additional Atmospheric Conditions,1,Clear,0,No,0000000,Not Applicable,99,Unknown,98,Unknown if Notified,99,Unknown EMS Scene Arrival Hour,98,Unknown if Arrived,88,Not Applicable (Not Transported),88,Not Applicable (Not Transported),0,None,0,None,0,None,2,1
2019,29,290251,Missouri,1,1,0,0,0,1,1,215,TEXAS (215),0,NOT APPLICABLE,26,26,5,May,2019,1,Sunday,18,6:00pm-6:59pm,35,35,0,This section IS NOT on the NHS,1,Rural,7,Local,2,County Highway Agency,4,County Road,CR-PIGEON CREEK RD,,20,20,37.53341389,37.53341389,-91.793052780,-91.793052780,0,No Special Jurisdiction,38,Fence,0,The First Harmful Event was Not a Collision with a Motor Vehicle in Transport,0,No,1,Non-Junction,1,Not an Intersection,0,None,,,5,Outside Trafficway,1,Daylight,1,Clear,0,No Additional Atmospheric Conditions,1,Clear,0,No,0000000,Not Applicable,18,6:00pm-6:59pm,42,42,18,6:00pm-6:59pm,50,50,19,7:00pm-7:59pm,21,21,0,None,0,None,0,None,1,0
2019,29,290252,Missouri,1,1,0,0,0,1,1,189,ST. LOUIS (189),0,NOT APPLICABLE,27,27,5,May,2019,2,Monday,14,2:00pm-2:59pm,10,10,1,This section IS ON the NHS,2,Urban,3,Principal Arterial - Other,1,State Highway Agency,3,State Highway,SR-367,,60,60,38.81436111,38.81436111,-90.229416670,-90.229416670,0,No Special Jurisdiction,24,Guardrail Face,0,The First Harmful Event was Not a Collision with a Motor Vehicle in Transport,0,No,1,Non-Junction,1,Not an Intersection,0,None,,,3,On Median,1,Daylight,1,Clear,0,No Additional Atmospheric Conditions,1,Clear,0,No,0000000,Not Applicable,99,Unknown,98,Unknown if Notified,99,Unknown EMS Scene Arrival Hour,98,Unknown if Arrived,88,Not Applicable (Not Transported),88,Not Applicable (Not Transported),0,None,0,None,0,None,1,1
2019,29,290253,Missouri,1,1,0,0,0,1,1,29,CAMDEN (29),0,NOT APPLICABLE,31,31,5,May,2019,6,Friday,5,5:00am-5:59am,0,0,0,This section IS NOT on the NHS,1,Rural,7,Local,2,County Highway Agency,4,County Road,CR-KNOB HOLLOW RD,,10,10,38.06700000,38.06700000,-93.006555560,-93.006555560,0,No Special Jurisdiction,35,Embankment,0,The First Harmful Event was Not a Collision with a Motor Vehicle in Transport,0,No,1,Non-Junction,1,Not an Intersection,0,None,,,4,On Roadside,2,Dark - Not Lighted,1,Clear,0,No Additional Atmospheric Conditions,1,Clear,0,No,0000000,Not Applicable,99,Unknown,98,Unknown if Notified,99,Unknown EMS Scene Arrival Hour,98,Unknown if Arrived,88,Not Applicable (Not Transported),88,Not Applicable (Not Transported),0,None,0,None,0,None,1,1
2019,29,290254,Missouri,1,1,0,0,0,1,1,95,JACKSON (95),4120,KANSAS CITY,1,1,6,June,2019,7,Saturday,14,2:00pm-2:59pm,17,17,1,This section IS ON the NHS,2,Urban,1,Interstate,1,State Highway Agency,1,Interstate,I-470 RAMP,,10,10,38.94066944,38.94066944,-94.538075000,-94.538075000,0,No Special Jurisdiction,21,Bridge Pier or Support,0,The First Harmful Event was Not a Collision with a Motor Vehicle in Transport,1,Yes,5,Entrance/Exit Ramp Related,1,Not an Intersection,0,None,,,4,On Roadside,1,Daylight,1,Clear,0,No Additional Atmospheric Conditions,1,Clear,0,No,0000000,Not Applicable,99,Unknown,98,Unknown if Notified,99,Unknown EMS Scene Arrival Hour,98,Unknown if Arrived,88,Not Applicable (Not Transported),88,Not Applicable (Not Transported),0,None,0,None,0,None,1,0
2019,29,290255,Missouri,1,1,0,0,0,1,1,145,NEWTON (145),0,NOT APPLICABLE,4,4,6,June,2019,3,Tuesday,2,2:00am-2:59am,30,30,0,This section IS NOT on the NHS,1,Rural,7,Local,2,County Highway Agency,4,County Road,CR-SPURGEON,,10,10,36.98283333,36.98283333,-94.470361110,-94.470361110,0,No Special Jurisdiction,11,Live Animal,0,The First Harmful Event was Not a Collision with a Motor Vehicle in Transport,0,No,1,Non-Junction,1,Not an Intersection,0,None,,,1,On Roadway,2,Dark - Not Lighted,10,Cloudy,0,No Additional Atmospheric Conditions,10,Cloudy,0,No,0000000,Not Applicable,99,Unknown,98,Unknown if Notified,99,Unknown EMS Scene Arrival Hour,98,Unknown if Arrived,88,Not Applicable (Not Transported),88,Not Applicable (Not Transported),0,None,0,None,0,None,1,0
2019,29,290256,Missouri,2,2,0,0,0,3,3,149,OREGON (149),7720,THAYER,5,5,6,June,2019,4,Wednesday,11,11:00am-11:59am,50,50,0,This section IS NOT on the NHS,1,Rural,4,Minor Arterial,1,State Highway Agency,3,State Highway,SR-19,US-63,330,330,36.54146667,36.54146667,-91.546541670,-91.546541670,0,No Special Jurisdiction,12,Motor Vehicle In-Transport,6,Angle,0,No,2,Intersection,2,Four-Way Intersection,0,None,,,1,On Roadway,1,Daylight,1,Clear,0,No Additional Atmospheric Conditions,1,Clear,0,No,0000000,Not Applicable,11,11:00am-11:59am,50,50,11,11:00am-11:59am,57,57,12,12:00pm-12:59pm,42,42,0,None,0,None,0,None,1,0
2019,29,290257,Missouri,2,2,0,0,0,2,2,95,JACKSON (95),4120,KANSAS CITY,1,1,4,April,2019,2,Monday,1,1:00am-1:59am,43,43,1,This section IS ON the NHS,2,Urban,1,Interstate,1,State Highway Agency,1,Interstate,I-435,,60,60,38.96738889,38.96738889,-94.519658330,-94.519658330,0,No Special Jurisdiction,12,Motor Vehicle In-Transport,2,Front-to-Front,0,No,1,Non-Junction,1,Not an Intersection,0,None,,,1,On Roadway,3,Dark - Lighted,1,Clear,0,No Additional Atmospheric Conditions,1,Clear,0,No,0000000,Not Applicable,1,1:00am-1:59am,46,46,1,1:00am-1:59am,51,51,2,2:00am-2:59am,30,30,0,None,0,None,0,None,1,2
2019,29,290258,Missouri,1,1,0,1,1,1,1,145,NEWTON (145),4100,JOPLIN,1,1,5,May,2019,4,Wednesday,18,6:00pm-6:59pm,6,6,1,This section IS ON the NHS,2,Urban,1,Interstate,1,State Highway Agency,1,Interstate,I-44,,20,20,37.04693056,37.04693056,-94.473319440,-94.473319440,0,No Special Jurisdiction,8,Pedestrian,0,The First Harmful Event was Not a Collision with a Motor Vehicle in Transport,0,No,1,Non-Junction,1,Not an Intersection,0,None,,,1,On Roadway,1,Daylight,10,Cloudy,0,No Additional Atmospheric Conditions,10,Cloudy,0,No,0000000,Not Applicable,18,6:00pm-6:59pm,7,7,18,6:00pm-6:59pm,16,16,88,Not Applicable (Not Transported),88,Not Applicable (Not Transported),0,None,0,None,0,None,1,0
2019,29,290259,Missouri,1,1,0,1,1,1,1,95,JACKSON (95),4120,KANSAS CITY,13,13,5,May,2019,2,Monday,5,5:00am-5:59am,47,47,0,This section IS NOT on the NHS,2,Urban,4,Minor Arterial,4,City or Municipal Highway Agency,6,Local Street - Municipality,EASTWOOD TRFY,ARARAT DR,0,None,39.03088056,39.03088056,-94.503850000,-94.503850000,0,No Special Jurisdiction,8,Pedestrian,0,The First Harmful Event was Not a Collision with a Motor Vehicle in Transport,0,No,3,Intersection-Related,98,Not Reported,0,None,,,1,On Roadway,3,Dark - Lighted,5,"Fog, Smog, Smoke",0,No Additional Atmospheric Conditions,5,"Fog, Smog, Smoke",0,No,0000000,Not Applicable,5,5:00am-5:59am,48,48,5,5:00am-5:59am,57,57,6,6:00am-6:59am,20,20,0,None,0,None,0,None,1,0
2019,29,290260,Missouri,1,1,0,0,0,5,5,131,MILLER (131),0,NOT APPLICABLE,15,15,5,May,2019,4,Wednesday,19,7:00pm-7:59pm,15,15,1,This section IS ON the NHS,1,Rural,2,Principal Arterial - Other Freeways and Expressways,1,State Highway Agency,2,U.S. Highway,US-54,,100,100,38.33419444,38.33419444,-92.565194440,-92.565194440,0,No Special Jurisdiction,1,Rollover/Overturn,0,The First Harmful Event was Not a Collision with a Motor Vehicle in Transport,0,No,1,Non-Junction,1,Not an Intersection,4,"Work Zone, Type Unknown",,,1,On Roadway,1,Daylight,10,Cloudy,0,No Additional Atmospheric Conditions,10,Cloudy,0,No,0000000,Not Applicable,19,7:00pm-7:59pm,15,15,19,7:00pm-7:59pm,18,18,19,7:00pm-7:59pm,57,57,0,None,0,None,0,None,5,1
2019,29,290261,Missouri,1,1,0,0,0,1,1,99,JEFFERSON (99),0,NOT APPLICABLE,18,18,5,May,2019,7,Saturday,19,7:00pm-7:59pm,16,16,0,This section IS NOT on the NHS,1,Rural,7,Local,2,County Highway Agency,4,County Road,CR-LAGUNA PALMA RD,,20,20,38.06844444,38.06844444,-90.420861110,-90.420861110,0,No Special Jurisdiction,11,Live Animal,0,The First Harmful Event was Not a Collision with a Motor Vehicle in Transport,0,No,1,Non-Junction,1,Not an Intersection,0,None,,,1,On Roadway,1,Daylight,10,Cloudy,0,No Additional Atmospheric Conditions,10,Cloudy,0,No,0000000,Not Applicable,19,7:00pm-7:59pm,21,21,19,7:00pm-7:59pm,40,40,88,Not Applicable (Not Transported),88,Not Applicable (Not Transported),0,None,0,None,0,None,1,0
2019,29,290262,Missouri,2,2,0,0,0,2,2,189,ST. LOUIS (189),8393,WILDWOOD,27,27,5,May,2019,2,Monday,15,3:00pm-3:59pm,20,20,1,This section IS ON the NHS,2,Urban,3,Principal Arterial - Other,1,State Highway Agency,3,State Highway,SR-100,POND RD,60,60,38.58550000,38.58550000,-90.655444440,-90.655444440,0,No Special Jurisdiction,12,Motor Vehicle In-Transport,6,Angle,0,No,2,Intersection,2,Four-Way Intersection,0,None,,,1,On Roadway,1,Daylight,10,Cloudy,0,No Additional Atmospheric Conditions,10,Cloudy,0,No,0000000,Not Applicable,15,3:00pm-3:59pm,25,25,15,3:00pm-3:59pm,31,31,16,4:00pm-4:59pm,9,9,0,None,0,None,0,None,1,1
2019,29,290263,Missouri,1,1,0,0,0,1,1,37,CASS (37),6160,PECULIAR,29,29,5,May,2019,4,Wednesday,23,11:00pm-11:59pm,40,40,0,This section IS NOT on the NHS,1,Rural,5,Major Collector,1,State Highway Agency,3,State Highway,SR-C,,20,20,38.70197222,38.70197222,-94.460583330,-94.460583330,0,No Special Jurisdiction,35,Embankment,0,The First Harmful Event was Not a Collision with a Motor Vehicle in Transport,0,No,1,Non-Junction,1,Not an Intersection,0,None,,,4,On Roadside,2,Dark - Not Lighted,1,Clear,0,No Additional Atmospheric Conditions,1,Clear,0,No,0000000,Not Applicable,23,11:00pm-11:59pm,40,40,23,11:00pm-11:59pm,44,44,0,0:00am-0:59am,2,2,0,None,0,None,0,None,1,0
2019,29,290264,Missouri,2,2,0,0,0,3,3,37,CASS (37),9997,Other,1,1,6,June,2019,7,Saturday,21,9:00pm-9:59pm,30,30,0,This section IS NOT on the NHS,2,Urban,5,Major Collector,4,City or Municipal Highway Agency,6,Local Street - Municipality,155TH ST,VICIE AVE,10,10,38.84270000,38.84270000,-94.515108330,-94.515108330,0,No Special Jurisdiction,12,Motor Vehicle In-Transport,6,Angle,0,No,2,Intersection,3,T-Intersection,0,None,,,1,On Roadway,3,Dark - Lighted,1,Clear,0,No Additional Atmospheric Conditions,1,Clear,0,No,0000000,Not Applicable,21,9:00pm-9:59pm,37,37,21,9:00pm-9:59pm,43,43,22,10:00pm-10:59pm,25,25,0,None,0,None,0,None,1,1
2019,29,290265,Missouri,1,1,0,0,0,1,1,29,CAMDEN (29),0,NOT APPLICABLE,2,2,6,June,2019,1,Sunday,20,8:00pm-8:59pm,20,20,0,This section IS NOT on the NHS,1,Rural,6,Minor Collector,1,State Highway Agency,3,State Highway,SR-V,,40,40,38.00775000,38.00775000,-92.696750000,-92.696750000,0,No Special Jurisdiction,32,Culvert,0,The First Harmful Event was Not a Collision with a Motor Vehicle in Transport,0,No,1,Non-Junction,1,Not an Intersection,0,None,,,4,On Roadside,1,Daylight,1,Clear,0,No Additional Atmospheric Conditions,1,Clear,0,No,0000000,Not Applicable,99,Unknown,98,Unknown if Notified,99,Unknown EMS Scene Arrival Hour,98,Unknown if Arrived,88,Not Applicable (Not Transported),88,Not Applicable (Not Transported),0,None,0,None,0,None,1,1
2019,29,290266,Missouri,1,1,0,0,0,1,1,185,ST. CLAIR (185),0,NOT APPLICABLE,2,2,6,June,2019,1,Sunday,19,7:00pm-7:59pm,55,55,0,This section IS NOT on the NHS,1,Rural,5,Major Collector,1,State Highway Agency,3,State Highway,SR-B,,80,80,38.07011111,38.07011111,-93.912222220,-93.912222220,0,No Special Jurisdiction,11,Live Animal,0,The First Harmful Event was Not a Collision with a Motor Vehicle in Transport,0,No,1,Non-Junction,1,Not an Intersection,0,None,,,1,On Roadway,1,Daylight,1,Clear,0,No Additional Atmospheric Conditions,1,Clear,0,No,0000000,Not Applicable,19,7:00pm-7:59pm,57,57,20,8:00pm-8:59pm,31,31,21,9:00pm-9:59pm,15,15,0,None,0,None,0,None,1,0
2019,29,290267,Missouri,1,1,0,0,0,1,1,89,HOWARD (89),0,NOT APPLICABLE,8,8,6,June,2019,7,Saturday,19,7:00pm-7:59pm,44,44,0,This section IS NOT on the NHS,1,Rural,5,Major Collector,1,State Highway Agency,3,State Highway,SR-3,,60,60,39.23475000,39.23475000,-92.709166670,-92.709166670,0,No Special Jurisdiction,58,Ground,0,The First Harmful Event was Not a Collision with a Motor Vehicle in Transport,0,No,1,Non-Junction,1,Not an Intersection,0,None,,,4,On Roadside,1,Daylight,1,Clear,0,No Additional Atmospheric Conditions,1,Clear,0,No,0000000,Not Applicable,99,Unknown,98,Unknown if Notified,99,Unknown EMS Scene Arrival Hour,98,Unknown if Arrived,88,Not Applicable (Not Transported),88,Not Applicable (Not Transported),0,None,0,None,0,None,1,1
2019,29,290268,Missouri,1,1,0,0,0,2,2,119,MCDONALD (119),0,NOT APPLICABLE,4,4,5,May,2019,7,Saturday,2,2:00am-2:59am,0,0,0,This section IS NOT on the NHS,1,Rural,5,Major Collector,1,State Highway Agency,3,State Highway,SR-90,,200,200,36.54000000,36.54000000,-94.348166670,-94.348166670,0,No Special Jurisdiction,35,Embankment,0,The First Harmful Event was Not a Collision with a Motor Vehicle in Transport,0,No,1,Non-Junction,1,Not an Intersection,0,None,,,4,On Roadside,2,Dark - Not Lighted,10,Cloudy,0,No Additional Atmospheric Conditions,10,Cloudy,0,No,0000000,Not Applicable,2,2:00am-2:59am,9,9,2,2:00am-2:59am,25,25,3,3:00am-3:59am,10,10,0,None,0,None,0,None,1,1
2019,29,290269,Missouri,2,2,0,0,0,2,2,95,JACKSON (95),6639,RAYTOWN,13,13,5,May,2019,2,Monday,19,7:00pm-7:59pm,0,0,1,This section IS ON the NHS,2,Urban,2,Principal Arterial - Other Freeways and Expressways,1,State Highway Agency,3,State Highway,SR-350,,40,40,38.97758333,38.97758333,-94.449472220,-94.449472220,0,No Special Jurisdiction,12,Motor Vehicle In-Transport,2,Front-to-Front,0,No,1,Non-Junction,1,Not an Intersection,0,None,,,1,On Roadway,1,Daylight,1,Clear,0,No Additional Atmospheric Conditions,1,Clear,0,No,0000000,Not Applicable,19,7:00pm-7:59pm,12,12,19,7:00pm-7:59pm,15,15,19,7:00pm-7:59pm,46,46,0,None,0,None,0,None,1,1
2019,29,290270,Missouri,2,2,0,0,0,2,2,189,ST. LOUIS (189),553,BELLEFONTAINE NEIGHBORS,26,26,5,May,2019,1,Sunday,1,1:00am-1:59am,0,0,1,This section IS ON the NHS,2,Urban,1,Interstate,1,State Highway Agency,1,Interstate,I-270,,320,320,38.77061111,38.77061111,-90.235305560,-90.235305560,0,No Special Jurisdiction,12,Motor Vehicle In-Transport,1,Front-to-Rear,1,Yes,18,Through Roadway,1,Not an Intersection,0,None,,,1,On Roadway,2,Dark - Not Lighted,1,Clear,0,No Additional Atmospheric Conditions,1,Clear,0,No,0000000,Not Applicable,1,1:00am-1:59am,6,6,1,1:00am-1:59am,10,10,1,1:00am-1:59am,41,41,0,None,0,None,0,None,1,0
2019,29,290271,Missouri,1,1,0,0,0,1,1,77,GREENE (77),0,NOT APPLICABLE,30,30,5,May,2019,5,Thursday,20,8:00pm-8:59pm,40,40,0,This section IS NOT on the NHS,1,Rural,7,Local,2,County Highway Agency,4,County Road,CR-186,,50,50,37.10494444,37.10494444,-93.139888890,-93.139888890,0,No Special Jurisdiction,11,Live Animal,0,The First Harmful Event was Not a Collision with a Motor Vehicle in Transport,0,No,1,Non-Junction,1,Not an Intersection,0,None,,,1,On Roadway,2,Dark - Not Lighted,1,Clear,0,No Additional Atmospheric Conditions,1,Clear,0,No,0000000,Not Applicable,20,8:00pm-8:59pm,52,52,21,9:00pm-9:59pm,6,6,21,9:00pm-9:59pm,37,37,0,None,0,None,0,None,1,1
2019,29,290272,Missouri,1,1,0,0,0,1,1,35,CARTER (35),0,NOT APPLICABLE,1,1,6,June,2019,7,Saturday,11,11:00am-11:59am,30,30,0,This section IS NOT on the NHS,1,Rural,4,Minor Arterial,1,State Highway Agency,3,State Highway,SR-21,,10,10,36.82336111,36.82336111,-90.824111110,-90.824111110,0,No Special Jurisdiction,30,Utility Pole/Light Support,0,The First Harmful Event was Not a Collision with a Motor Vehicle in Transport,0,No,1,Non-Junction,1,Not an Intersection,0,None,,,4,On Roadside,1,Daylight,1,Clear,0,No Additional Atmospheric Conditions,1,Clear,0,No,0000000,Not Applicable,99,Unknown,98,Unknown if Notified,99,Unknown EMS Scene Arrival Hour,98,Unknown if Arrived,88,Not Applicable (Not Transported),88,Not Applicable (Not Transported),0,None,0,None,0,None,1,0
2019,29,290273,Missouri,1,1,0,0,0,2,2,510,ST. LOUIS (CITY) (510),7080,SAINT LOUIS,2,2,6,June,2019,1,Sunday,2,2:00am-2:59am,57,57,0,This section IS NOT on the NHS,2,Urban,7,Local,4,City or Municipal Highway Agency,6,Local Street - Municipality,SULPHUR AVE,,0,None,38.59225278,38.59225278,-90.291341670,-90.291341670,0,No Special Jurisdiction,33,Curb,0,The First Harmful Event was Not a Collision with a Motor Vehicle in Transport,0,No,1,Non-Junction,1,Not an Intersection,0,None,,,4,On Roadside,3,Dark - Lighted,1,Clear,0,No Additional Atmospheric Conditions,1,Clear,0,No,0000000,Not Applicable,2,2:00am-2:59am,58,58,3,3:00am-3:59am,3,3,3,3:00am-3:59am,37,37,0,None,0,None,0,None,1,1
2019,29,290274,Missouri,1,1,0,0,0,6,6,189,ST. LOUIS (189),1857,COOL VALLEY,10,10,5,May,2019,6,Friday,15,3:00pm-3:59pm,15,15,1,This section IS ON the NHS,2,Urban,1,Interstate,1,State Highway Agency,1,Interstate,I-70,,100,100,38.72055556,38.72055556,-90.309861110,-90.309861110,0,No Special Jurisdiction,30,Utility Pole/Light Support,0,The First Harmful Event was Not a Collision with a Motor Vehicle in Transport,1,Yes,19,Other location within Interchange Area,1,Not an Intersection,0,None,,,4,On Roadside,1,Daylight,1,Clear,0,No Additional Atmospheric Conditions,1,Clear,0,No,0000000,Not Applicable,15,3:00pm-3:59pm,27,27,15,3:00pm-3:59pm,29,29,15,3:00pm-3:59pm,50,50,0,None,0,None,0,None,2,0