caseyear,state,st_case,statename,ve_total,ve_forms,pvh_invl,peds,pernotmvit,permvit,persons,county,countyname,city,cityname,day,dayname,month,monthname,year,day_week,day_weekname,hour,hourname,minute,minutename,nhs,nhsname,rur_urb,rur_urbname,func_sys,func_sysname,rd_owner,rd_ownername,route,routename,tway_id,tway_id2,milept,mileptname,latitude,latitudename,longitud,longitudname,sp_jur,sp_jurname,harm_ev,harm_evname,man_coll,man_collname,reljct1,reljct1name,reljct2,reljct2name,typ_int,typ_intname,wrk_zone,wrk_zonename,road_fnc,road_fncname,rel_road,rel_roadname,lgt_cond,lgt_condname,weather1,weather1name,weather2,weather2name,weather,weathername,sch_bus,sch_busname,rail,railname,not_hour,not_hourname,not_min,not_minname,arr_hour,arr_hourname,arr_min,arr_minname,hosp_hr,hosp_hrname,hosp_mn,hosp_mnname,cf1,cf1name,cf2,cf2name,cf3,cf3name,fatals,drunk_dr
2019,29,290275,Missouri,1,1,0,0,0,4,4,169,PULASKI (169),0,NOT APPLICABLE,21,21,5,May,2019,3,Tuesday,18,6:00pm-6:59pm,0,0,0,This section IS NOT on the NHS,2,Urban,5,Major Collector,1,State Highway Agency,3,State Highway,SR-U,,80,80,38.00541667,38.00541667,-92.385027780,-92.385027780,0,No Special Jurisdiction,42,Tree (Standing Only),0,The First Harmful Event was Not a Collision with a Motor Vehicle in Transport,0,No,1,Non-Junction,1,Not an Intersection,0,None,,,4,On Roadside,1,Daylight,2,Rain,10,Cloudy,2,Rain,0,No,0000000,Not Applicable,18,6:00pm-6:59pm,48,48,19,7:00pm-7:59pm,8,8,20,8:00pm-8:59pm,17,17,0,None,0,None,0,None,1,1
2019,29,290276,Missouri,2,2,0,0,0,6,6,105,LACLEDE (105),0,NOT APPLICABLE,25,25,5,May,2019,7,Saturday,13,1:00pm-1:59pm,35,35,0,This section IS NOT on the NHS,1,Rural,4,Minor Arterial,1,State Highway Agency,3,State Highway,SR-32,CR-RED OAK DR,170,170,37.66722222,37.66722222,-92.594750000,-92.594750000,0,No Special Jurisdiction,12,Motor Vehicle In-Transport,2,Front-to-Front,0,No,3,Intersection-Related,98,Not Reported,0,None,,,1,On Roadway,1,Daylight,10,Cloudy,0,No Additional Atmospheric Conditions,10,Cloudy,0,No,0000000,Not Applicable,13,1:00pm-1:59pm,45,45,14,2:00pm-2:59pm,24,24,15,3:00pm-3:59pm,8,8,0,None,0,None,0,None,1,0
2019,29,290277,Missouri,1,1,0,0,0,2,2,183,ST. CHARLES (183),0,NOT APPLICABLE,25,25,5,May,2019,7,Saturday,20,8:00pm-8:59pm,30,30,0,This section IS NOT on the NHS,1,Rural,4,Minor Arterial,1,State Highway Agency,3,State Highway,SR-94,,120,120,38.61991667,38.61991667,-90.786916670,-90.786916670,0,No Special Jurisdiction,34,Ditch,0,The First Harmful Event was Not a Collision with a Motor Vehicle in Transport,0,No,1,Non-Junction,1,Not an Intersection,0,None,,,4,On Roadside,2,Dark - Not Lighted,1,Clear,0,No Additional Atmospheric Conditions,1,Clear,0,No,0000000,Not Applicable,21,9:00pm-9:59pm,22,22,21,9:00pm-9:59pm,43,43,22,10:00pm-10:59pm,40,40,0,None,0,None,0,None,1,1
2019,29,290278,Missouri,1,1,0,0,0,5,5,71,FRANKLIN (71),0,NOT APPLICABLE,2,2,6,June,2019,1,Sunday,18,6:00pm-6:59pm,24,24,1,This section IS ON the NHS,2,Urban,1,Interstate,1,State Highway Agency,1,Interstate,I-44,,20,20,38.22533333,38.22533333,-91.154694440,-91.154694440,0,No Special Jurisdiction,57,Cable Barrier,0,The First Harmful Event was Not a Collision with a Motor Vehicle in Transport,1,Yes,19,Other location within Interchange Area,1,Not an Intersection,0,None,,,3,On Median,1,Daylight,1,Clear,0,No Additional Atmospheric Conditions,1,Clear,0,No,0000000,Not Applicable,18,6:00pm-6:59pm,35,35,18,6:00pm-6:59pm,51,51,19,7:00pm-7:59pm,30,30,0,None,0,None,0,None,1,0
2019,29,290279,Missouri,2,2,0,0,0,2,2,23,BUTLER (23),0,NOT APPLICABLE,3,3,6,June,2019,2,Monday,8,8:00am-8:59am,15,15,0,This section IS NOT on the NHS,1,Rural,4,Minor Arterial,1,State Highway Agency,2,U.S. Highway,US-160,CR-488,20,20,36.66422222,36.66422222,-90.556055560,-90.556055560,0,No Special Jurisdiction,12,Motor Vehicle In-Transport,6,Angle,0,No,2,Intersection,2,Four-Way Intersection,0,None,,,1,On Roadway,1,Daylight,1,Clear,0,No Additional Atmospheric Conditions,1,Clear,0,No,0000000,Not Applicable,8,8:00am-8:59am,24,24,8,8:00am-8:59am,37,37,9,9:00am-9:59am,9,9,0,None,0,None,0,None,1,0
2019,29,290280,Missouri,2,2,0,0,0,5,5,71,FRANKLIN (71),7630,SULLIVAN,7,7,6,June,2019,6,Friday,23,11:00pm-11:59pm,57,57,1,This section IS ON the NHS,1,Rural,1,Interstate,1,State Highway Agency,1,Interstate,I-44,,330,330,38.21894444,38.21894444,-91.163333330,-91.163333330,0,No Special Jurisdiction,12,Motor Vehicle In-Transport,1,Front-to-Rear,0,No,1,Non-Junction,1,Not an Intersection,0,None,,,1,On Roadway,2,Dark - Not Lighted,10,Cloudy,0,No Additional Atmospheric Conditions,10,Cloudy,0,No,0000000,Not Applicable,0,0:00am-0:59am,3,3,0,0:00am-0:59am,18,18,1,1:00am-1:59am,1,1,18,Date of Crash and Date of EMS Notification were not the same day,0,None,0,None,3,0
2019,29,290281,Missouri,1,1,0,0,0,1,1,55,CRAWFORD (55),0,NOT APPLICABLE,9,9,6,June,2019,1,Sunday,11,11:00am-11:59am,0,0,0,This section IS NOT on the NHS,1,Rural,5,Major Collector,1,State Highway Agency,3,State Highway,SR-JJ,,10,10,38.14733333,38.14733333,-91.247888890,-91.247888890,0,No Special Jurisdiction,1,Rollover/Overturn,0,The First Harmful Event was Not a Collision with a Motor Vehicle in Transport,0,No,1,Non-Junction,1,Not an Intersection,0,None,,,4,On Roadside,1,Daylight,1,Clear,0,No Additional Atmospheric Conditions,1,Clear,0,No,0000000,Not Applicable,99,Unknown,98,Unknown if Notified,99,Unknown EMS Scene Arrival Hour,98,Unknown if Arrived,88,Not Applicable (Not Transported),88,Not Applicable (Not Transported),0,None,0,None,0,None,1,0
2019,29,290282,Missouri,1,1,0,1,1,2,2,77,GREENE (77),7460,SPRINGFIELD,9,9,6,June,2019,1,Sunday,0,0:00am-0:59am,9,9,1,This section IS ON the NHS,2,Urban,2,Principal Arterial - Other Freeways and Expressways,1,State Highway Agency,2,U.S. Highway,US-65,,50,50,37.16145278,37.16145278,-93.224275000,-93.224275000,0,No Special Jurisdiction,8,Pedestrian,0,The First Harmful Event was Not a Collision with a Motor Vehicle in Transport,0,No,1,Non-Junction,1,Not an Intersection,0,None,,,1,On Roadway,3,Dark - Lighted,1,Clear,0,No Additional Atmospheric Conditions,1,Clear,0,No,0000000,Not Applicable,99,Unknown,98,Unknown if Notified,99,Unknown EMS Scene Arrival Hour,98,Unknown if Arrived,88,Not Applicable (Not Transported),88,Not Applicable (Not Transported),0,None,0,None,0,None,1,0
2019,29,290283,Missouri,2,2,0,0,0,3,3,113,LINCOLN (113),0,NOT APPLICABLE,10,10,6,June,2019,2,Monday,9,9:00am-9:59am,15,15,1,This section IS ON the NHS,1,Rural,2,Principal Arterial - Other Freeways and Expressways,1,State Highway Agency,2,U.S. Highway,US-61,,150,150,39.01552778,39.01552778,-90.979277780,-90.979277780,0,No Special Jurisdiction,12,Motor Vehicle In-Transport,1,Front-to-Rear,0,No,7,Crossover-Related,1,Not an Intersection,4,"Work Zone, Type Unknown",,,1,On Roadway,1,Daylight,1,Clear,0,No Additional Atmospheric Conditions,1,Clear,0,No,0000000,Not Applicable,9,9:00am-9:59am,19,19,9,9:00am-9:59am,19,19,9,9:00am-9:59am,58,58,0,None,0,None,0,None,1,1
2019,29,290284,Missouri,1,1,0,0,0,1,1,21,BUCHANAN (21),7070,SAINT JOSEPH,31,31,5,May,2019,6,Friday,21,9:00pm-9:59pm,55,55,1,This section IS ON the NHS,2,Urban,1,Interstate,1,State Highway Agency,3,State Highway,SR-759 RP 904706,,0,None,39.75355556,39.75355556,-94.855019440,-94.855019440,0,No Special Jurisdiction,33,Curb,0,The First Harmful Event was Not a Collision with a Motor Vehicle in Transport,1,Yes,5,Entrance/Exit Ramp Related,1,Not an Intersection,0,None,,,4,On Roadside,3,Dark - Lighted,1,Clear,0,No Additional Atmospheric Conditions,1,Clear,0,No,0000000,Not Applicable,21,9:00pm-9:59pm,56,56,22,10:00pm-10:59pm,1,1,99,Unknown,99,Unknown EMS Hospital Arrival Time,0,None,0,None,0,None,1,1
2019,29,290285,Missouri,1,1,0,0,0,1,1,189,ST. LOUIS (189),7000,SAINT ANN,31,31,5,May,2019,6,Friday,20,8:00pm-8:59pm,5,5,1,This section IS ON the NHS,2,Urban,1,Interstate,1,State Highway Agency,1,Interstate,I-70,,70,70,38.74197222,38.74197222,-90.376250000,-90.376250000,0,No Special Jurisdiction,38,Fence,0,The First Harmful Event was Not a Collision with a Motor Vehicle in Transport,0,No,1,Non-Junction,1,Not an Intersection,0,None,,,4,On Roadside,2,Dark - Not Lighted,1,Clear,0,No Additional Atmospheric Conditions,1,Clear,0,No,0000000,Not Applicable,20,8:00pm-8:59pm,14,14,20,8:00pm-8:59pm,22,22,20,8:00pm-8:59pm,48,48,0,None,0,None,0,None,1,1
2019,29,290286,Missouri,2,2,0,0,0,2,2,13,BATES (13),0,NOT APPLICABLE,4,4,6,June,2019,3,Tuesday,16,4:00pm-4:59pm,35,35,0,This section IS NOT on the NHS,1,Rural,5,Major Collector,1,State Highway Agency,3,State Highway,SR-18,,310,310,38.41250000,38.41250000,-94.587583330,-94.587583330,0,No Special Jurisdiction,12,Motor Vehicle In-Transport,2,Front-to-Front,0,No,1,Non-Junction,1,Not an Intersection,0,None,,,1,On Roadway,1,Daylight,1,Clear,0,No Additional Atmospheric Conditions,1,Clear,0,No,0000000,Not Applicable,16,4:00pm-4:59pm,46,46,17,5:00pm-5:59pm,28,28,17,5:00pm-5:59pm,58,58,0,None,0,None,0,None,1,0
2019,29,290287,Missouri,2,2,0,0,0,2,2,75,GENTRY (75),0,NOT APPLICABLE,5,5,6,June,2019,4,Wednesday,12,12:00pm-12:59pm,0,0,0,This section IS NOT on the NHS,1,Rural,5,Major Collector,1,State Highway Agency,3,State Highway,SR-O,,40,40,40.32830556,40.32830556,-94.493833330,-94.493833330,0,No Special Jurisdiction,12,Motor Vehicle In-Transport,1,Front-to-Rear,0,No,1,Non-Junction,1,Not an Intersection,0,None,,,1,On Roadway,1,Daylight,10,Cloudy,0,No Additional Atmospheric Conditions,10,Cloudy,0,No,0000000,Not Applicable,99,Unknown,98,Unknown if Notified,99,Unknown EMS Scene Arrival Hour,98,Unknown if Arrived,88,Not Applicable (Not Transported),88,Not Applicable (Not Transported),0,None,0,None,0,None,1,0
2019,29,290288,Missouri,2,2,0,0,0,2,2,199,SCOTLAND (199),0,NOT APPLICABLE,7,7,6,June,2019,6,Friday,6,6:00am-6:59am,40,40,0,This section IS NOT on the NHS,1,Rural,4,Minor Arterial,1,State Highway Agency,2,U.S. Highway,US-136,,170,170,40.45183333,40.45183333,-92.252138890,-92.252138890,0,No Special Jurisdiction,12,Motor Vehicle In-Transport,2,Front-to-Front,0,No,1,Non-Junction,1,Not an Intersection,0,None,,,1,On Roadway,1,Daylight,1,Clear,0,No Additional Atmospheric Conditions,1,Clear,0,No,0000000,Not Applicable,7,7:00am-7:59am,0,0,7,7:00am-7:59am,8,8,7,7:00am-7:59am,29,29,0,None,0,None,0,None,1,0
2019,29,290289,Missouri,2,2,0,0,0,2,2,75,GENTRY (75),0,NOT APPLICABLE,8,8,6,June,2019,7,Saturday,10,10:00am-10:59am,39,39,1,This section IS ON the NHS,1,Rural,3,Principal Arterial - Other,1,State Highway Agency,2,U.S. Highway,US-136,,90,90,40.24169444,40.24169444,-94.491694440,-94.491694440,0,No Special Jurisdiction,12,Motor Vehicle In-Transport,6,Angle,0,No,8,Driveway Access Related,1,Not an Intersection,0,None,,,1,On Roadway,1,Daylight,1,Clear,0,No Additional Atmospheric Conditions,1,Clear,0,No,0000000,Not Applicable,10,10:00am-10:59am,39,39,10,10:00am-10:59am,44,44,11,11:00am-11:59am,14,14,0,None,0,None,0,None,1,0
2019,29,290290,Missouri,1,1,0,0,0,1,1,77,GREENE (77),0,NOT APPLICABLE,11,11,6,June,2019,3,Tuesday,13,1:00pm-1:59pm,10,10,0,This section IS NOT on the NHS,1,Rural,5,Major Collector,1,State Highway Agency,3,State Highway,SR-125,,200,200,37.35075000,37.35075000,-93.134388890,-93.134388890,0,No Special Jurisdiction,34,Ditch,0,The First Harmful Event was Not a Collision with a Motor Vehicle in Transport,0,No,1,Non-Junction,1,Not an Intersection,0,None,,,4,On Roadside,1,Daylight,1,Clear,0,No Additional Atmospheric Conditions,1,Clear,0,No,0000000,Not Applicable,99,Unknown,99,Unknown,99,Unknown EMS Scene Arrival Hour,99,Unknown EMS Scene Arrival Minutes,88,Not Applicable (Not Transported),88,Not Applicable (Not Transported),0,None,0,None,0,None,1,0
2019,29,290291,Missouri,1,1,0,0,0,1,1,79,GRUNDY (79),0,NOT APPLICABLE,11,11,6,June,2019,3,Tuesday,7,7:00am-7:59am,45,45,1,This section IS ON the NHS,1,Rural,3,Principal Arterial - Other,1,State Highway Agency,3,State Highway,SR-6,,230,230,40.02416667,40.02416667,-93.742638890,-93.742638890,0,No Special Jurisdiction,35,Embankment,0,The First Harmful Event was Not a Collision with a Motor Vehicle in Transport,0,No,1,Non-Junction,1,Not an Intersection,0,None,,,4,On Roadside,1,Daylight,1,Clear,0,No Additional Atmospheric Conditions,1,Clear,0,No,0000000,Not Applicable,7,7:00am-7:59am,46,46,7,7:00am-7:59am,58,58,8,8:00am-8:59am,48,48,0,None,0,None,0,None,1,0
2019,29,290292,Missouri,1,1,0,0,0,1,1,35,CARTER (35),0,NOT APPLICABLE,11,11,6,June,2019,3,Tuesday,18,6:00pm-6:59pm,0,0,0,This section IS NOT on the NHS,1,Rural,7,Local,2,County Highway Agency,4,County Road,CR-127,,0,None,37.01502778,37.01502778,-91.036111110,-91.036111110,0,No Special Jurisdiction,1,Rollover/Overturn,0,The First Harmful Event was Not a Collision with a Motor Vehicle in Transport,0,No,1,Non-Junction,1,Not an Intersection,0,None,,,4,On Roadside,1,Daylight,1,Clear,0,No Additional Atmospheric Conditions,1,Clear,0,No,0000000,Not Applicable,99,Unknown,98,Unknown if Notified,99,Unknown EMS Scene Arrival Hour,98,Unknown if Arrived,88,Not Applicable (Not Transported),88,Not Applicable (Not Transported),0,None,0,None,0,None,1,1
2019,29,290293,Missouri,2,2,0,0,0,3,3,71,FRANKLIN (71),0,NOT APPLICABLE,12,12,6,June,2019,4,Wednesday,16,4:00pm-4:59pm,10,10,1,This section IS ON the NHS,1,Rural,3,Principal Arterial - Other,1,State Highway Agency,2,U.S. Highway,US-50,,220,220,38.43463889,38.43463889,-91.094638890,-91.094638890,0,No Special Jurisdiction,12,Motor Vehicle In-Transport,2,Front-to-Front,0,No,1,Non-Junction,1,Not an Intersection,0,None,,,1,On Roadway,1,Daylight,10,Cloudy,0,No Additional Atmospheric Conditions,10,Cloudy,0,No,0000000,Not Applicable,16,4:00pm-4:59pm,9,9,16,4:00pm-4:59pm,16,16,16,4:00pm-4:59pm,43,43,0,None,0,None,0,None,2,0
2019,29,290294,Missouri,2,2,0,0,0,2,2,101,JOHNSON (101),8110,WARRENSBURG,1,1,6,June,2019,7,Saturday,12,12:00pm-12:59pm,59,59,0,This section IS NOT on the NHS,2,Urban,7,Local,1,State Highway Agency,3,State Highway,SR-13 BU,US-50 RAMP,50,50,38.77486111,38.77486111,-93.736000000,-93.736000000,0,No Special Jurisdiction,12,Motor Vehicle In-Transport,6,Angle,0,No,2,Intersection,2,Four-Way Intersection,0,None,,,1,On Roadway,1,Daylight,1,Clear,0,No Additional Atmospheric Conditions,1,Clear,0,No,0000000,Not Applicable,13,1:00pm-1:59pm,4,4,13,1:00pm-1:59pm,22,22,14,2:00pm-2:59pm,4,4,0,None,0,None,0,None,1,0
2019,29,290295,Missouri,2,2,0,0,0,2,2,53,COOPER (53),0,NOT APPLICABLE,14,14,6,June,2019,6,Friday,15,3:00pm-3:59pm,57,57,0,This section IS NOT on the NHS,1,Rural,7,Local,2,County Highway Agency,4,County Road,CR-OLD CONCORD RD,,0,None,38.89483333,38.89483333,-92.739916670,-92.739916670,0,No Special Jurisdiction,12,Motor Vehicle In-Transport,2,Front-to-Front,0,No,1,Non-Junction,1,Not an Intersection,0,None,,,1,On Roadway,1,Daylight,10,Cloudy,0,No Additional Atmospheric Conditions,10,Cloudy,0,No,0000000,Not Applicable,16,4:00pm-4:59pm,0,0,16,4:00pm-4:59pm,6,6,16,4:00pm-4:59pm,35,35,0,None,0,None,0,None,1,0
2019,29,290296,Missouri,1,1,0,0,0,1,1,131,MILLER (131),0,NOT APPLICABLE,15,15,6,June,2019,7,Saturday,16,4:00pm-4:59pm,28,28,0,This section IS NOT on the NHS,1,Rural,4,Minor Arterial,1,State Highway Agency,3,State Highway,SR-42,,40,40,38.12536111,38.12536111,-92.556138890,-92.556138890,0,No Special Jurisdiction,1,Rollover/Overturn,0,The First Harmful Event was Not a Collision with a Motor Vehicle in Transport,0,No,1,Non-Junction,1,Not an Intersection,0,None,,,4,On Roadside,1,Daylight,1,Clear,0,No Additional Atmospheric Conditions,1,Clear,0,No,0000000,Not Applicable,99,Unknown,98,Unknown if Notified,99,Unknown EMS Scene Arrival Hour,98,Unknown if Arrived,88,Not Applicable (Not Transported),88,Not Applicable (Not Transported),0,None,0,None,0,None,1,1
2019,29,290297,Missouri,1,1,0,0,0,1,1,145,NEWTON (145),0,NOT APPLICABLE,15,15,6,June,2019,7,Saturday,17,5:00pm-5:59pm,20,20,0,This section IS NOT on the NHS,1,Rural,5,Major Collector,1,State Highway Agency,3,State Highway,SR-O,,60,60,36.78472222,36.78472222,-94.200722220,-94.200722220,0,No Special Jurisdiction,1,Rollover/Overturn,0,The First Harmful Event was Not a Collision with a Motor Vehicle in Transport,0,No,1,Non-Junction,1,Not an Intersection,0,None,,,4,On Roadside,1,Daylight,10,Cloudy,0,No Additional Atmospheric Conditions,10,Cloudy,0,No,0000000,Not Applicable,99,Unknown,98,Unknown if Notified,99,Unknown EMS Scene Arrival Hour,98,Unknown if Arrived,88,Not Applicable (Not Transported),88,Not Applicable (Not Transported),0,None,0,None,0,None,1,1
2019,29,290298,Missouri,2,2,0,0,0,2,2,91,HOWELL (91),8330,WEST PLAINS,15,15,6,June,2019,7,Saturday,12,12:00pm-12:59pm,53,53,1,This section IS ON the NHS,2,Urban,3,Principal Arterial - Other,1,State Highway Agency,2,U.S. Highway,US-63,US-160,270,270,36.71795556,36.71795556,-91.872736110,-91.872736110,0,No Special Jurisdiction,12,Motor Vehicle In-Transport,6,Angle,0,No,2,Intersection,2,Four-Way Intersection,0,None,,,1,On Roadway,1,Daylight,1,Clear,0,No Additional Atmospheric Conditions,1,Clear,0,No,0000000,Not Applicable,99,Unknown,99,Unknown,99,Unknown EMS Scene Arrival Hour,99,Unknown EMS Scene Arrival Minutes,99,Unknown,99,Unknown EMS Hospital Arrival Time,0,None,0,None,0,None,1,0
2019,29,290299,Missouri,1,1,0,0,0,1,1,229,WRIGHT (229),0,NOT APPLICABLE,16,16,6,June,2019,1,Sunday,1,1:00am-1:59am,0,0,0,This section IS NOT on the NHS,1,Rural,7,Local,2,County Highway Agency,4,County Road,CR-PYATT RD,,30,30,37.27786111,37.27786111,-92.632277780,-92.632277780,0,No Special Jurisdiction,38,Fence,0,The First Harmful Event was Not a Collision with a Motor Vehicle in Transport,0,No,1,Non-Junction,1,Not an Intersection,0,None,,,5,Outside Trafficway,2,Dark - Not Lighted,1,Clear,0,No Additional Atmospheric Conditions,1,Clear,0,No,0000000,Not Applicable,99,Unknown,98,Unknown if Notified,99,Unknown EMS Scene Arrival Hour,98,Unknown if Arrived,88,Not Applicable (Not Transported),88,Not Applicable (Not Transported),0,None,0,None,0,None,1,0
2019,29,290300,Missouri,3,3,0,0,0,7,7,201,SCOTT (201),0,NOT APPLICABLE,18,18,6,June,2019,3,Tuesday,15,3:00pm-3:59pm,50,50,1,This section IS ON the NHS,1,Rural,1,Interstate,1,State Highway Agency,1,Interstate,I-55,,70,70,36.96950000,36.96950000,-89.534361110,-89.534361110,0,No Special Jurisdiction,57,Cable Barrier,0,The First Harmful Event was Not a Collision with a Motor Vehicle in Transport,0,No,1,Non-Junction,1,Not an Intersection,0,None,,,3,On Median,1,Daylight,1,Clear,0,No Additional Atmospheric Conditions,1,Clear,0,No,0000000,Not Applicable,15,3:00pm-3:59pm,52,52,16,4:00pm-4:59pm,4,4,16,4:00pm-4:59pm,41,41,0,None,0,None,0,None,1,0
2019,29,290302,Missouri,1,1,0,0,0,2,2,69,DUNKLIN (69),4150,KENNETT,20,20,6,June,2019,5,Thursday,8,8:00am-8:59am,29,29,1,This section IS ON the NHS,2,Urban,3,Principal Arterial - Other,1,State Highway Agency,2,U.S. Highway,US-412,,50,50,36.22626389,36.22626389,-90.052561110,-90.052561110,0,No Special Jurisdiction,35,Embankment,0,The First Harmful Event was Not a Collision with a Motor Vehicle in Transport,0,No,1,Non-Junction,1,Not an Intersection,0,None,,,4,On Roadside,1,Daylight,1,Clear,0,No Additional Atmospheric Conditions,1,Clear,0,No,0000000,Not Applicable,99,Unknown,99,Unknown,99,Unknown EMS Scene Arrival Hour,99,Unknown EMS Scene Arrival Minutes,99,Unknown,99,Unknown EMS Hospital Arrival Time,0,None,0,None,0,None,1,0
2019,29,290304,Missouri,2,2,0,0,0,2,2,95,JACKSON (95),4120,KANSAS CITY,6,6,6,June,2019,5,Thursday,15,3:00pm-3:59pm,26,26,0,This section IS NOT on the NHS,2,Urban,4,Minor Arterial,4,City or Municipal Highway Agency,6,Local Street - Municipality,39TH ST,TERRACE ST,0,None,39.05718611,39.05718611,-94.602661110,-94.602661110,0,No Special Jurisdiction,12,Motor Vehicle In-Transport,6,Angle,0,No,2,Intersection,2,Four-Way Intersection,0,None,,,1,On Roadway,1,Daylight,10,Cloudy,0,No Additional Atmospheric Conditions,10,Cloudy,0,No,0000000,Not Applicable,15,3:00pm-3:59pm,27,27,15,3:00pm-3:59pm,32,32,15,3:00pm-3:59pm,50,50,0,None,0,None,0,None,1,1
2019,29,290305,Missouri,2,2,0,0,0,3,3,127,MARION (127),5320,MONROE CITY,12,12,6,June,2019,4,Wednesday,14,2:00pm-2:59pm,37,37,1,This section IS ON the NHS,1,Rural,3,Principal Arterial - Other,1,State Highway Agency,2,U.S. Highway,US-36,BU 36,50,50,39.65838889,39.65838889,-91.750777780,-91.750777780,0,No Special Jurisdiction,12,Motor Vehicle In-Transport,6,Angle,0,No,2,Intersection,2,Four-Way Intersection,0,None,,,1,On Roadway,1,Daylight,2,Rain,10,Cloudy,2,Rain,0,No,0000000,Not Applicable,14,2:00pm-2:59pm,40,40,14,2:00pm-2:59pm,59,59,15,3:00pm-3:59pm,39,39,0,None,0,None,0,None,2,0
2019,29,290306,Missouri,1,1,0,0,0,1,1,11,BARTON (11),0,NOT APPLICABLE,14,14,6,June,2019,6,Friday,9,9:00am-9:59am,40,40,0,This section IS NOT on the NHS,1,Rural,7,Local,2,County Highway Agency,4,County Road,CR-NE 1ST LN,,10,10,37.53686111,37.53686111,-94.295638890,-94.295638890,0,No Special Jurisdiction,35,Embankment,0,The First Harmful Event was Not a Collision with a Motor Vehicle in Transport,0,No,1,Non-Junction,1,Not an Intersection,0,None,,,4,On Roadside,1,Daylight,10,Cloudy,0,No Additional Atmospheric Conditions,10,Cloudy,0,No,0000000,Not Applicable,9,9:00am-9:59am,42,42,9,9:00am-9:59am,48,48,99,Unknown,99,Unknown EMS Hospital Arrival Time,0,None,0,None,0,None,1,0
2019,29,290307,Missouri,3,3,0,0,0,4,4,189,ST. LOUIS (189),4060,JENNINGS,13,13,6,June,2019,5,Thursday,19,7:00pm-7:59pm,15,15,0,This section IS NOT on the NHS,2,Urban,4,Minor Arterial,4,City or Municipal Highway Agency,6,Local Street - Municipality,LUCAS AND HUNT RD,,40,40,38.73475000,38.73475000,-90.264805560,-90.264805560,0,No Special Jurisdiction,12,Motor Vehicle In-Transport,1,Front-to-Rear,0,No,1,Non-Junction,1,Not an Intersection,0,None,,,1,On Roadway,1,Daylight,1,Clear,0,No Additional Atmospheric Conditions,1,Clear,0,No,0000000,Not Applicable,99,Unknown,99,Unknown,99,Unknown EMS Scene Arrival Hour,99,Unknown EMS Scene Arrival Minutes,99,Unknown,99,Unknown EMS Hospital Arrival Time,0,None,0,None,0,None,1,1
2019,29,290308,Missouri,2,2,0,0,0,2,2,79,GRUNDY (79),0,NOT APPLICABLE,13,13,6,June,2019,5,Thursday,5,5:00am-5:59am,30,30,1,This section IS ON the NHS,1,Rural,3,Principal Arterial - Other,1,State Highway Agency,3,State Highway,SR-6,,60,60,40.06511111,40.06511111,-93.675416670,-93.675416670,0,No Special Jurisdiction,12,Motor Vehicle In-Transport,2,Front-to-Front,0,No,1,Non-Junction,1,Not an Intersection,0,None,,,1,On Roadway,1,Daylight,1,Clear,0,No Additional Atmospheric Conditions,1,Clear,0,No,0000000,Not Applicable,5,5:00am-5:59am,27,27,5,5:00am-5:59am,35,35,6,6:00am-6:59am,16,16,0,None,0,None,0,None,1,0
2019,29,290309,Missouri,1,1,0,0,0,1,1,189,ST. LOUIS (189),2700,FERGUSON,19,19,6,June,2019,4,Wednesday,11,11:00am-11:59am,50,50,1,This section IS ON the NHS,2,Urban,3,Principal Arterial - Other,2,County Highway Agency,4,County Road,CR-HEREFORD AVE,,0,None,38.74900556,38.74900556,-90.301211110,-90.301211110,0,No Special Jurisdiction,59,Traffic Sign Support,0,The First Harmful Event was Not a Collision with a Motor Vehicle in Transport,0,No,1,Non-Junction,1,Not an Intersection,0,None,,,4,On Roadside,1,Daylight,10,Cloudy,0,No Additional Atmospheric Conditions,10,Cloudy,0,No,0000000,Not Applicable,11,11:00am-11:59am,53,53,11,11:00am-11:59am,57,57,99,Unknown,99,Unknown EMS Hospital Arrival Time,0,None,0,None,0,None,1,0
2019,29,290310,Missouri,2,2,0,0,0,2,2,37,CASS (37),3510,HARRISONVILLE,11,11,6,June,2019,3,Tuesday,17,5:00pm-5:59pm,0,0,0,This section IS NOT on the NHS,2,Urban,4,Minor Arterial,1,State Highway Agency,3,State Highway,SR-2,,160,160,38.65091667,38.65091667,-94.370333330,-94.370333330,0,No Special Jurisdiction,12,Motor Vehicle In-Transport,6,Angle,0,No,8,Driveway Access Related,1,Not an Intersection,0,None,,,1,On Roadway,1,Daylight,1,Clear,0,No Additional Atmospheric Conditions,1,Clear,0,No,0000000,Not Applicable,17,5:00pm-5:59pm,3,3,17,5:00pm-5:59pm,6,6,17,5:00pm-5:59pm,24,24,0,None,0,None,0,None,1,0
2019,29,290311,Missouri,2,2,0,0,0,3,3,47,CLAY (47),4120,KANSAS CITY,9,9,6,June,2019,1,Sunday,2,2:00am-2:59am,27,27,1,This section IS ON the NHS,1,Rural,1,Interstate,1,State Highway Agency,1,Interstate,I-435,,30,30,39.18544167,39.18544167,-94.492988890,-94.492988890,0,No Special Jurisdiction,52,Guardrail End,0,The First Harmful Event was Not a Collision with a Motor Vehicle in Transport,0,No,1,Non-Junction,1,Not an Intersection,0,None,,,3,On Median,2,Dark - Not Lighted,1,Clear,0,No Additional Atmospheric Conditions,1,Clear,0,No,0000000,Not Applicable,2,2:00am-2:59am,27,27,2,2:00am-2:59am,37,37,2,2:00am-2:59am,55,55,0,None,0,None,0,None,1,1