caseyear,state,st_case,statename,ve_total,ve_forms,pvh_invl,peds,pernotmvit,permvit,persons,county,countyname,city,cityname,day,dayname,month,monthname,year,day_week,day_weekname,hour,hourname,minute,minutename,nhs,nhsname,rur_urb,rur_urbname,func_sys,func_sysname,rd_owner,rd_ownername,route,routename,tway_id,tway_id2,milept,mileptname,latitude,latitudename,longitud,longitudname,sp_jur,sp_jurname,harm_ev,harm_evname,man_coll,man_collname,reljct1,reljct1name,reljct2,reljct2name,typ_int,typ_intname,wrk_zone,wrk_zonename,road_fnc,road_fncname,rel_road,rel_roadname,lgt_cond,lgt_condname,weather1,weather1name,weather2,weather2name,weather,weathername,sch_bus,sch_busname,rail,railname,not_hour,not_hourname,not_min,not_minname,arr_hour,arr_hourname,arr_min,arr_minname,hosp_hr,hosp_hrname,hosp_mn,hosp_mnname,cf1,cf1name,cf2,cf2name,cf3,cf3name,fatals,drunk_dr
2019,29,290380,Missouri,1,1,0,0,0,2,2,99,JEFFERSON (99),0,NOT APPLICABLE,10,10,7,July,2019,4,Wednesday,22,10:00pm-10:59pm,45,45,0,This section IS NOT on the NHS,1,Rural,5,Major Collector,1,State Highway Agency,3,State Highway,SR-F,,30,30,38.43566667,38.43566667,-90.705305560,-90.705305560,0,No Special Jurisdiction,31,"Post, Pole or Other Supports",0,The First Harmful Event was Not a Collision with a Motor Vehicle in Transport,0,No,1,Non-Junction,1,Not an Intersection,0,None,,,4,On Roadside,2,Dark - Not Lighted,10,Cloudy,0,No Additional Atmospheric Conditions,10,Cloudy,0,No,0000000,Not Applicable,22,10:00pm-10:59pm,51,51,23,11:00pm-11:59pm,1,1,23,11:00pm-11:59pm,38,38,0,None,0,None,0,None,1,0
2019,29,290381,Missouri,1,1,0,0,0,1,1,189,ST. LOUIS (189),7665,SUNSET HILLS,10,10,7,July,2019,4,Wednesday,2,2:00am-2:59am,54,54,1,This section IS ON the NHS,2,Urban,3,Principal Arterial - Other,1,State Highway Agency,2,U.S. Highway,US-61,,200,200,38.55071667,38.55071667,-90.407038890,-90.407038890,0,No Special Jurisdiction,33,Curb,0,The First Harmful Event was Not a Collision with a Motor Vehicle in Transport,0,No,1,Non-Junction,1,Not an Intersection,0,None,,,4,On Roadside,3,Dark - Lighted,1,Clear,0,No Additional Atmospheric Conditions,1,Clear,0,No,0000000,Not Applicable,2,2:00am-2:59am,55,55,3,3:00am-3:59am,0,0,88,Not Applicable (Not Transported),88,Not Applicable (Not Transported),20,Police Pursuit Involved,0,None,0,None,1,1
2019,29,290382,Missouri,2,2,0,0,0,2,2,89,HOWARD (89),0,NOT APPLICABLE,10,10,7,July,2019,4,Wednesday,17,5:00pm-5:59pm,38,38,0,This section IS NOT on the NHS,1,Rural,7,Local,2,County Highway Agency,4,County Road,CR-318,,10,10,39.11361111,39.11361111,-92.785277780,-92.785277780,0,No Special Jurisdiction,12,Motor Vehicle In-Transport,2,Front-to-Front,0,No,1,Non-Junction,1,Not an Intersection,0,None,,,1,On Roadway,1,Daylight,1,Clear,0,No Additional Atmospheric Conditions,1,Clear,0,No,0000000,Not Applicable,99,Unknown,98,Unknown if Notified,99,Unknown EMS Scene Arrival Hour,98,Unknown if Arrived,88,Not Applicable (Not Transported),88,Not Applicable (Not Transported),0,None,0,None,0,None,1,1
2019,29,290383,Missouri,2,2,0,0,0,2,2,95,JACKSON (95),4490,LEES SUMMIT,7,7,5,May,2019,3,Tuesday,8,8:00am-8:59am,20,20,0,This section IS NOT on the NHS,2,Urban,4,Minor Arterial,4,City or Municipal Highway Agency,6,Local Street - Municipality,SW 3RD ST,SW ROGERS DR,20,20,38.91139444,38.91139444,-94.400013890,-94.400013890,0,No Special Jurisdiction,12,Motor Vehicle In-Transport,6,Angle,0,No,2,Intersection,3,T-Intersection,0,None,,,1,On Roadway,1,Daylight,2,Rain,10,Cloudy,2,Rain,0,No,0000000,Not Applicable,8,8:00am-8:59am,33,33,8,8:00am-8:59am,37,37,9,9:00am-9:59am,4,4,0,None,0,None,0,None,1,0
2019,29,290384,Missouri,2,2,0,0,0,2,2,213,TANEY (213),0,NOT APPLICABLE,10,10,7,July,2019,4,Wednesday,12,12:00pm-12:59pm,50,50,0,This section IS NOT on the NHS,1,Rural,4,Minor Arterial,1,State Highway Agency,3,State Highway,SR-76,,290,290,36.62541667,36.62541667,-93.139611110,-93.139611110,0,No Special Jurisdiction,12,Motor Vehicle In-Transport,6,Angle,0,No,1,Non-Junction,1,Not an Intersection,0,None,,,1,On Roadway,1,Daylight,10,Cloudy,0,No Additional Atmospheric Conditions,10,Cloudy,0,No,0000000,Not Applicable,99,Unknown,98,Unknown if Notified,99,Unknown EMS Scene Arrival Hour,98,Unknown if Arrived,88,Not Applicable (Not Transported),88,Not Applicable (Not Transported),0,None,0,None,0,None,1,0
2019,29,290385,Missouri,1,1,0,0,0,1,1,183,ST. CHARLES (183),7100,SAINT PETERS,12,12,7,July,2019,6,Friday,1,1:00am-1:59am,49,49,1,This section IS ON the NHS,2,Urban,3,Principal Arterial - Other,4,City or Municipal Highway Agency,6,Local Street - Municipality,MID RIVERS MALL DR,MID RIVERS MALL,10,10,38.79744444,38.79744444,-90.620769440,-90.620769440,0,No Special Jurisdiction,33,Curb,0,The First Harmful Event was Not a Collision with a Motor Vehicle in Transport,0,No,3,Intersection-Related,2,Four-Way Intersection,0,None,,,4,On Roadside,3,Dark - Lighted,1,Clear,0,No Additional Atmospheric Conditions,1,Clear,0,No,0000000,Not Applicable,1,1:00am-1:59am,52,52,1,1:00am-1:59am,57,57,2,2:00am-2:59am,17,17,0,None,0,None,0,None,1,0
2019,29,290386,Missouri,2,2,0,0,0,2,2,55,CRAWFORD (55),920,BOURBON,15,15,7,July,2019,2,Monday,12,12:00pm-12:59pm,25,25,1,This section IS ON the NHS,1,Rural,1,Interstate,1,State Highway Agency,1,Interstate,I-44,,70,70,38.14052778,38.14052778,-91.273027780,-91.273027780,0,No Special Jurisdiction,59,Traffic Sign Support,0,The First Harmful Event was Not a Collision with a Motor Vehicle in Transport,0,No,1,Non-Junction,1,Not an Intersection,0,None,,,10,Separator,1,Daylight,2,Rain,10,Cloudy,2,Rain,0,No,0000000,Not Applicable,12,12:00pm-12:59pm,41,41,12,12:00pm-12:59pm,56,56,13,1:00pm-1:59pm,13,13,0,None,0,None,0,None,1,0
2019,29,290387,Missouri,2,2,0,0,0,3,3,203,SHANNON (203),0,NOT APPLICABLE,15,15,7,July,2019,2,Monday,15,3:00pm-3:59pm,25,25,0,This section IS NOT on the NHS,1,Rural,4,Minor Arterial,1,State Highway Agency,3,State Highway,SR-19,,310,310,37.06816667,37.06816667,-91.344111110,-91.344111110,0,No Special Jurisdiction,12,Motor Vehicle In-Transport,2,Front-to-Front,0,No,1,Non-Junction,1,Not an Intersection,0,None,,,1,On Roadway,1,Daylight,2,Rain,10,Cloudy,2,Rain,0,No,0000000,Not Applicable,15,3:00pm-3:59pm,29,29,15,3:00pm-3:59pm,37,37,17,5:00pm-5:59pm,12,12,0,None,0,None,0,None,1,0
2019,29,290388,Missouri,1,1,0,1,1,1,1,145,NEWTON (145),0,NOT APPLICABLE,16,16,7,July,2019,3,Tuesday,21,9:00pm-9:59pm,43,43,1,This section IS ON the NHS,1,Rural,1,Interstate,1,State Highway Agency,1,Interstate,I-49,,90,90,36.88741667,36.88741667,-94.430750000,-94.430750000,0,No Special Jurisdiction,9,Pedalcyclist,0,The First Harmful Event was Not a Collision with a Motor Vehicle in Transport,0,No,1,Non-Junction,1,Not an Intersection,0,None,,,1,On Roadway,2,Dark - Not Lighted,1,Clear,0,No Additional Atmospheric Conditions,1,Clear,0,No,0000000,Not Applicable,99,Unknown,98,Unknown if Notified,99,Unknown EMS Scene Arrival Hour,98,Unknown if Arrived,88,Not Applicable (Not Transported),88,Not Applicable (Not Transported),0,None,0,None,0,None,1,0
2019,29,290389,Missouri,1,1,0,0,0,1,1,19,BOONE (19),0,NOT APPLICABLE,17,17,7,July,2019,4,Wednesday,7,7:00am-7:59am,30,30,0,This section IS NOT on the NHS,1,Rural,5,Major Collector,1,State Highway Agency,3,State Highway,SR-F,,110,110,39.16502778,39.16502778,-92.433611110,-92.433611110,0,No Special Jurisdiction,58,Ground,0,The First Harmful Event was Not a Collision with a Motor Vehicle in Transport,0,No,1,Non-Junction,1,Not an Intersection,0,None,,,4,On Roadside,1,Daylight,1,Clear,0,No Additional Atmospheric Conditions,1,Clear,0,No,0000000,Not Applicable,99,Unknown,98,Unknown if Notified,99,Unknown EMS Scene Arrival Hour,98,Unknown if Arrived,88,Not Applicable (Not Transported),88,Not Applicable (Not Transported),0,None,0,None,0,None,1,0
2019,29,290390,Missouri,2,2,0,0,0,10,10,77,GREENE (77),0,NOT APPLICABLE,18,18,7,July,2019,5,Thursday,14,2:00pm-2:59pm,35,35,1,This section IS ON the NHS,2,Urban,1,Interstate,1,State Highway Agency,1,Interstate,I-44,,180,180,37.21716667,37.21716667,-93.380194440,-93.380194440,0,No Special Jurisdiction,12,Motor Vehicle In-Transport,9,Rear-to-Side,0,No,1,Non-Junction,1,Not an Intersection,0,None,,,1,On Roadway,1,Daylight,1,Clear,0,No Additional Atmospheric Conditions,1,Clear,0,No,0000000,Not Applicable,14,2:00pm-2:59pm,39,39,14,2:00pm-2:59pm,52,52,15,3:00pm-3:59pm,28,28,0,None,0,None,0,None,3,0
2019,29,290391,Missouri,1,1,0,0,0,1,1,33,CARROLL (33),0,NOT APPLICABLE,20,20,7,July,2019,7,Saturday,17,5:00pm-5:59pm,40,40,1,This section IS ON the NHS,1,Rural,3,Principal Arterial - Other,1,State Highway Agency,2,U.S. Highway,US-65,,280,280,39.60655556,39.60655556,-93.477361110,-93.477361110,0,No Special Jurisdiction,38,Fence,0,The First Harmful Event was Not a Collision with a Motor Vehicle in Transport,0,No,1,Non-Junction,1,Not an Intersection,0,None,,,5,Outside Trafficway,1,Daylight,1,Clear,0,No Additional Atmospheric Conditions,1,Clear,0,No,0000000,Not Applicable,17,5:00pm-5:59pm,48,48,17,5:00pm-5:59pm,59,59,88,Not Applicable (Not Transported),88,Not Applicable (Not Transported),0,None,0,None,0,None,1,0
2019,29,290392,Missouri,2,2,0,0,0,2,2,71,FRANKLIN (71),0,NOT APPLICABLE,21,21,7,July,2019,1,Sunday,11,11:00am-11:59am,21,21,1,This section IS ON the NHS,1,Rural,3,Principal Arterial - Other,1,State Highway Agency,3,State Highway,SR-47,CR-SCHUCHART RD,190,190,38.39261111,38.39261111,-90.983638890,-90.983638890,0,No Special Jurisdiction,12,Motor Vehicle In-Transport,6,Angle,0,No,2,Intersection,2,Four-Way Intersection,0,None,,,1,On Roadway,1,Daylight,1,Clear,0,No Additional Atmospheric Conditions,1,Clear,0,No,0000000,Not Applicable,11,11:00am-11:59am,22,22,11,11:00am-11:59am,30,30,11,11:00am-11:59am,48,48,0,None,0,None,0,None,1,0
2019,29,290393,Missouri,1,1,0,1,1,1,1,95,JACKSON (95),4120,KANSAS CITY,11,11,6,June,2019,3,Tuesday,23,11:00pm-11:59pm,24,24,0,This section IS NOT on the NHS,2,Urban,4,Minor Arterial,4,City or Municipal Highway Agency,6,Local Street - Municipality,TROOST AVE,,70,70,39.00626944,39.00626944,-94.575022220,-94.575022220,0,No Special Jurisdiction,43,Other Fixed Object,0,The First Harmful Event was Not a Collision with a Motor Vehicle in Transport,0,No,1,Non-Junction,1,Not an Intersection,0,None,,,4,On Roadside,3,Dark - Lighted,2,Rain,0,No Additional Atmospheric Conditions,2,Rain,0,No,0000000,Not Applicable,23,11:00pm-11:59pm,24,24,23,11:00pm-11:59pm,32,32,23,11:00pm-11:59pm,43,43,31,Related to a Bus Stop,0,None,0,None,1,0
2019,29,290394,Missouri,2,2,0,0,0,4,4,95,JACKSON (95),4120,KANSAS CITY,30,30,6,June,2019,1,Sunday,1,1:00am-1:59am,16,16,1,This section IS ON the NHS,2,Urban,2,Principal Arterial - Other Freeways and Expressways,1,State Highway Agency,2,U.S. Highway,US-71,,40,40,39.07377778,39.07377778,-94.561138890,-94.561138890,0,No Special Jurisdiction,12,Motor Vehicle In-Transport,2,Front-to-Front,0,No,1,Non-Junction,1,Not an Intersection,1,Construction,,,1,On Roadway,3,Dark - Lighted,1,Clear,0,No Additional Atmospheric Conditions,1,Clear,0,No,0000000,Not Applicable,1,1:00am-1:59am,23,23,1,1:00am-1:59am,33,33,1,1:00am-1:59am,50,50,0,None,0,None,0,None,2,0
2019,29,290395,Missouri,2,2,0,0,0,2,2,95,JACKSON (95),4120,KANSAS CITY,30,30,6,June,2019,1,Sunday,12,12:00pm-12:59pm,3,3,1,This section IS ON the NHS,2,Urban,1,Interstate,1,State Highway Agency,1,Interstate,I-70,,200,200,39.05217222,39.05217222,-94.474941670,-94.474941670,0,No Special Jurisdiction,12,Motor Vehicle In-Transport,1,Front-to-Rear,0,No,1,Non-Junction,1,Not an Intersection,0,None,,,1,On Roadway,1,Daylight,1,Clear,0,No Additional Atmospheric Conditions,1,Clear,0,No,0000000,Not Applicable,99,Unknown,98,Unknown if Notified,99,Unknown EMS Scene Arrival Hour,98,Unknown if Arrived,88,Not Applicable (Not Transported),88,Not Applicable (Not Transported),0,None,0,None,0,None,1,0
2019,29,290396,Missouri,2,2,0,0,0,4,4,510,ST. LOUIS (CITY) (510),7080,SAINT LOUIS,7,7,7,July,2019,1,Sunday,1,1:00am-1:59am,40,40,0,This section IS NOT on the NHS,2,Urban,4,Minor Arterial,4,City or Municipal Highway Agency,6,Local Street - Municipality,WASHINGTON AVE,7TH ST,50,50,38.63047500,38.63047500,-90.190447220,-90.190447220,0,No Special Jurisdiction,12,Motor Vehicle In-Transport,6,Angle,0,No,2,Intersection,98,Not Reported,0,None,,,1,On Roadway,2,Dark - Not Lighted,1,Clear,0,No Additional Atmospheric Conditions,1,Clear,0,No,0000000,Not Applicable,1,1:00am-1:59am,35,35,1,1:00am-1:59am,56,56,2,2:00am-2:59am,30,30,0,None,0,None,0,None,1,2
2019,29,290397,Missouri,2,2,0,0,0,2,2,9,BARRY (9),0,NOT APPLICABLE,10,10,7,July,2019,4,Wednesday,15,3:00pm-3:59pm,0,0,0,This section IS NOT on the NHS,1,Rural,5,Major Collector,1,State Highway Agency,3,State Highway,SR-86,,60,60,36.50713889,36.50713889,-93.679944440,-93.679944440,0,No Special Jurisdiction,12,Motor Vehicle In-Transport,6,Angle,0,No,8,Driveway Access Related,1,Not an Intersection,0,None,,,1,On Roadway,1,Daylight,10,Cloudy,0,No Additional Atmospheric Conditions,10,Cloudy,0,No,0000000,Not Applicable,99,Unknown,98,Unknown if Notified,99,Unknown EMS Scene Arrival Hour,98,Unknown if Arrived,88,Not Applicable (Not Transported),88,Not Applicable (Not Transported),0,None,0,None,0,None,1,0
2019,29,290398,Missouri,1,1,0,0,0,1,1,95,JACKSON (95),4120,KANSAS CITY,13,13,7,July,2019,7,Saturday,14,2:00pm-2:59pm,50,50,0,This section IS NOT on the NHS,2,Urban,5,Major Collector,4,City or Municipal Highway Agency,6,Local Street - Municipality,THE PASEO,,10,10,38.98275278,38.98275278,-94.566913890,-94.566913890,0,No Special Jurisdiction,19,Building,0,The First Harmful Event was Not a Collision with a Motor Vehicle in Transport,0,No,1,Non-Junction,1,Not an Intersection,0,None,,,5,Outside Trafficway,1,Daylight,1,Clear,0,No Additional Atmospheric Conditions,1,Clear,0,No,0000000,Not Applicable,14,2:00pm-2:59pm,50,50,14,2:00pm-2:59pm,55,55,15,3:00pm-3:59pm,7,7,0,None,0,None,0,None,1,0
2019,29,290399,Missouri,1,1,0,0,0,4,4,155,PEMISCOT (155),0,NOT APPLICABLE,14,14,7,July,2019,1,Sunday,18,6:00pm-6:59pm,20,20,0,This section IS NOT on the NHS,1,Rural,5,Major Collector,1,State Highway Agency,3,State Highway,SR-B,,60,60,36.30625000,36.30625000,-89.826388890,-89.826388890,0,No Special Jurisdiction,34,Ditch,0,The First Harmful Event was Not a Collision with a Motor Vehicle in Transport,0,No,1,Non-Junction,1,Not an Intersection,0,None,,,4,On Roadside,1,Daylight,2,Rain,0,No Additional Atmospheric Conditions,2,Rain,0,No,0000000,Not Applicable,18,6:00pm-6:59pm,31,31,18,6:00pm-6:59pm,46,46,19,7:00pm-7:59pm,49,49,0,None,0,None,0,None,1,0
2019,29,290400,Missouri,1,1,0,1,1,2,2,95,JACKSON (95),4120,KANSAS CITY,18,18,7,July,2019,5,Thursday,18,6:00pm-6:59pm,39,39,0,This section IS NOT on the NHS,2,Urban,4,Minor Arterial,4,City or Municipal Highway Agency,6,Local Street - Municipality,23RD ST,,90,90,39.08368056,39.08368056,-94.531913890,-94.531913890,0,No Special Jurisdiction,8,Pedestrian,0,The First Harmful Event was Not a Collision with a Motor Vehicle in Transport,0,No,1,Non-Junction,1,Not an Intersection,0,None,,,1,On Roadway,1,Daylight,1,Clear,0,No Additional Atmospheric Conditions,1,Clear,0,No,0000000,Not Applicable,99,Unknown,98,Unknown if Notified,99,Unknown EMS Scene Arrival Hour,98,Unknown if Arrived,88,Not Applicable (Not Transported),88,Not Applicable (Not Transported),0,None,0,None,0,None,1,0
2019,29,290401,Missouri,2,2,0,0,0,3,3,95,JACKSON (95),4120,KANSAS CITY,18,18,7,July,2019,5,Thursday,23,11:00pm-11:59pm,0,0,0,This section IS NOT on the NHS,2,Urban,4,Minor Arterial,4,City or Municipal Highway Agency,6,Local Street - Municipality,CLEVELAND AVE,55TH ST,50,50,39.02607778,39.02607778,-94.541327780,-94.541327780,0,No Special Jurisdiction,12,Motor Vehicle In-Transport,6,Angle,0,No,2,Intersection,98,Not Reported,0,None,,,1,On Roadway,3,Dark - Lighted,1,Clear,0,No Additional Atmospheric Conditions,1,Clear,0,No,0000000,Not Applicable,23,11:00pm-11:59pm,2,2,23,11:00pm-11:59pm,15,15,23,11:00pm-11:59pm,37,37,0,None,0,None,0,None,1,2
2019,29,290402,Missouri,2,2,0,0,0,4,4,510,ST. LOUIS (CITY) (510),7080,SAINT LOUIS,22,22,7,July,2019,2,Monday,19,7:00pm-7:59pm,15,15,0,This section IS NOT on the NHS,2,Urban,7,Local,4,City or Municipal Highway Agency,6,Local Street - Municipality,FINNEY AVE,SARAH AVE,10,10,38.64891389,38.64891389,-90.239980560,-90.239980560,0,No Special Jurisdiction,12,Motor Vehicle In-Transport,6,Angle,0,No,2,Intersection,98,Not Reported,0,None,,,1,On Roadway,1,Daylight,1,Clear,0,No Additional Atmospheric Conditions,1,Clear,0,No,0000000,Not Applicable,99,Unknown,99,Unknown,99,Unknown EMS Scene Arrival Hour,99,Unknown EMS Scene Arrival Minutes,99,Unknown,99,Unknown EMS Hospital Arrival Time,0,None,0,None,0,None,1,0
2019,29,290403,Missouri,1,1,0,0,0,1,1,77,GREENE (77),0,NOT APPLICABLE,22,22,7,July,2019,2,Monday,23,11:00pm-11:59pm,10,10,1,This section IS ON the NHS,1,Rural,1,Interstate,1,State Highway Agency,1,Interstate,I-44,,210,210,37.20161111,37.20161111,-93.418361110,-93.418361110,0,No Special Jurisdiction,35,Embankment,0,The First Harmful Event was Not a Collision with a Motor Vehicle in Transport,0,No,1,Non-Junction,1,Not an Intersection,0,None,,,4,On Roadside,2,Dark - Not Lighted,1,Clear,0,No Additional Atmospheric Conditions,1,Clear,0,No,0000000,Not Applicable,99,Unknown,98,Unknown if Notified,99,Unknown EMS Scene Arrival Hour,98,Unknown if Arrived,88,Not Applicable (Not Transported),88,Not Applicable (Not Transported),0,None,0,None,0,None,1,1
2019,29,290404,Missouri,3,3,0,0,0,3,3,77,GREENE (77),7460,SPRINGFIELD,18,18,7,July,2019,5,Thursday,18,6:00pm-6:59pm,54,54,1,This section IS ON the NHS,2,Urban,3,Principal Arterial - Other,4,City or Municipal Highway Agency,6,Local Street - Municipality,CAMPBELL AVE,,40,40,37.14010278,37.14010278,-93.296186110,-93.296186110,0,No Special Jurisdiction,12,Motor Vehicle In-Transport,7,Sideswipe - Same Direction,0,No,1,Non-Junction,1,Not an Intersection,0,None,,,1,On Roadway,1,Daylight,1,Clear,0,No Additional Atmospheric Conditions,1,Clear,0,No,0000000,Not Applicable,18,6:00pm-6:59pm,54,54,18,6:00pm-6:59pm,59,59,19,7:00pm-7:59pm,13,13,0,None,0,None,0,None,1,0
2019,29,290405,Missouri,1,1,0,0,0,1,1,85,HICKORY (85),0,NOT APPLICABLE,19,19,7,July,2019,6,Friday,22,10:00pm-10:59pm,55,55,0,This section IS NOT on the NHS,1,Rural,7,Local,2,County Highway Agency,4,County Road,CR-189,,10,10,37.92072222,37.92072222,-93.396694440,-93.396694440,0,No Special Jurisdiction,1,Rollover/Overturn,0,The First Harmful Event was Not a Collision with a Motor Vehicle in Transport,0,No,1,Non-Junction,1,Not an Intersection,0,None,,,4,On Roadside,2,Dark - Not Lighted,1,Clear,0,No Additional Atmospheric Conditions,1,Clear,0,No,0000000,Not Applicable,99,Unknown,98,Unknown if Notified,99,Unknown EMS Scene Arrival Hour,98,Unknown if Arrived,88,Not Applicable (Not Transported),88,Not Applicable (Not Transported),0,None,0,None,0,None,1,1
2019,29,290406,Missouri,2,2,0,0,0,6,6,119,MCDONALD (119),6300,PINEVILLE,22,22,7,July,2019,2,Monday,0,0:00am-0:59am,10,10,1,This section IS ON the NHS,1,Rural,1,Interstate,1,State Highway Agency,1,Interstate,I-49,,120,120,36.58761944,36.58761944,-94.398530560,-94.398530560,0,No Special Jurisdiction,12,Motor Vehicle In-Transport,6,Angle,0,No,1,Non-Junction,1,Not an Intersection,0,None,,,1,On Roadway,2,Dark - Not Lighted,2,Rain,0,No Additional Atmospheric Conditions,2,Rain,0,No,0000000,Not Applicable,99,Unknown,99,Unknown,99,Unknown EMS Scene Arrival Hour,99,Unknown EMS Scene Arrival Minutes,99,Unknown,99,Unknown EMS Hospital Arrival Time,19,Recent/Previous Crash scene Nearby,0,None,0,None,2,0
2019,29,290407,Missouri,1,1,0,1,1,1,1,157,PERRY (157),6210,PERRYVILLE,23,23,7,July,2019,3,Tuesday,16,4:00pm-4:59pm,27,27,0,This section IS NOT on the NHS,2,Urban,5,Major Collector,1,State Highway Agency,2,U.S. Highway,US-61,,120,120,37.71837500,37.71837500,-89.840116670,-89.840116670,0,No Special Jurisdiction,15,Non-Motorist on Personal Conveyance,0,The First Harmful Event was Not a Collision with a Motor Vehicle in Transport,0,No,8,Driveway Access Related,1,Not an Intersection,0,None,,,1,On Roadway,1,Daylight,1,Clear,0,No Additional Atmospheric Conditions,1,Clear,0,No,0000000,Not Applicable,16,4:00pm-4:59pm,26,26,16,4:00pm-4:59pm,30,30,16,4:00pm-4:59pm,47,47,0,None,0,None,0,None,1,0
2019,29,290408,Missouri,1,1,0,0,0,6,6,95,JACKSON (95),4120,KANSAS CITY,24,24,7,July,2019,4,Wednesday,11,11:00am-11:59am,34,34,0,This section IS NOT on the NHS,2,Urban,4,Minor Arterial,4,City or Municipal Highway Agency,6,Local Street - Municipality,S CLEAVER II LBVD,,40,40,39.04391111,39.04391111,-94.525627780,-94.525627780,0,No Special Jurisdiction,42,Tree (Standing Only),0,The First Harmful Event was Not a Collision with a Motor Vehicle in Transport,0,No,1,Non-Junction,1,Not an Intersection,0,None,,,3,On Median,1,Daylight,1,Clear,0,No Additional Atmospheric Conditions,1,Clear,0,No,0000000,Not Applicable,11,11:00am-11:59am,36,36,11,11:00am-11:59am,44,44,12,12:00pm-12:59pm,3,3,0,None,0,None,0,None,1,1
2019,29,290409,Missouri,1,1,0,0,0,2,2,109,LAWRENCE (109),0,NOT APPLICABLE,25,25,7,July,2019,5,Thursday,12,12:00pm-12:59pm,45,45,1,This section IS ON the NHS,1,Rural,1,Interstate,1,State Highway Agency,1,Interstate,I-44,,30,30,37.17508333,37.17508333,-93.662722220,-93.662722220,0,No Special Jurisdiction,1,Rollover/Overturn,0,The First Harmful Event was Not a Collision with a Motor Vehicle in Transport,0,No,1,Non-Junction,1,Not an Intersection,0,None,,,4,On Roadside,1,Daylight,1,Clear,0,No Additional Atmospheric Conditions,1,Clear,0,No,0000000,Not Applicable,12,12:00pm-12:59pm,47,47,13,1:00pm-1:59pm,3,3,13,1:00pm-1:59pm,41,41,0,None,0,None,0,None,1,0
2019,29,290411,Missouri,2,2,0,0,0,3,3,101,JOHNSON (101),0,NOT APPLICABLE,26,26,7,July,2019,6,Friday,15,3:00pm-3:59pm,42,42,0,This section IS NOT on the NHS,1,Rural,7,Local,2,County Highway Agency,4,County Road,CR-SW 1821,,20,20,38.72950000,38.72950000,-94.097166670,-94.097166670,0,No Special Jurisdiction,12,Motor Vehicle In-Transport,2,Front-to-Front,0,No,1,Non-Junction,1,Not an Intersection,0,None,,,1,On Roadway,1,Daylight,1,Clear,0,No Additional Atmospheric Conditions,1,Clear,0,No,0000000,Not Applicable,15,3:00pm-3:59pm,49,49,16,4:00pm-4:59pm,0,0,17,5:00pm-5:59pm,25,25,0,None,0,None,0,None,1,0
2019,29,290412,Missouri,1,1,0,0,0,1,1,161,PHELPS (161),2300,DOOLITTLE,26,26,7,July,2019,6,Friday,11,11:00am-11:59am,30,30,0,This section IS NOT on the NHS,1,Rural,5,Major Collector,1,State Highway Agency,3,State Highway,SR-T,,10,10,37.93736111,37.93736111,-91.881444440,-91.881444440,0,No Special Jurisdiction,53,Mail Box,0,The First Harmful Event was Not a Collision with a Motor Vehicle in Transport,0,No,1,Non-Junction,1,Not an Intersection,0,None,,,4,On Roadside,1,Daylight,1,Clear,0,No Additional Atmospheric Conditions,1,Clear,0,No,0000000,Not Applicable,99,Unknown,98,Unknown if Notified,99,Unknown EMS Scene Arrival Hour,98,Unknown if Arrived,88,Not Applicable (Not Transported),88,Not Applicable (Not Transported),0,None,0,None,0,None,1,0
2019,29,290413,Missouri,1,1,0,0,0,1,1,109,LAWRENCE (109),0,NOT APPLICABLE,27,27,7,July,2019,7,Saturday,23,11:00pm-11:59pm,10,10,0,This section IS NOT on the NHS,1,Rural,5,Major Collector,1,State Highway Agency,3,State Highway,SR-174,,90,90,37.12063889,37.12063889,-93.668722220,-93.668722220,0,No Special Jurisdiction,35,Embankment,0,The First Harmful Event was Not a Collision with a Motor Vehicle in Transport,0,No,1,Non-Junction,1,Not an Intersection,0,None,,,4,On Roadside,2,Dark - Not Lighted,1,Clear,0,No Additional Atmospheric Conditions,1,Clear,0,No,0000000,Not Applicable,99,Unknown,98,Unknown if Notified,99,Unknown EMS Scene Arrival Hour,98,Unknown if Arrived,88,Not Applicable (Not Transported),88,Not Applicable (Not Transported),0,None,0,None,0,None,1,1
2019,29,290414,Missouri,1,1,0,0,0,1,1,37,CASS (37),3510,HARRISONVILLE,8,8,6,June,2019,7,Saturday,21,9:00pm-9:59pm,55,55,1,This section IS ON the NHS,2,Urban,3,Principal Arterial - Other,1,State Highway Agency,3,State Highway,SR-291,RP 6002,0,None,38.66144444,38.66144444,-94.367972220,-94.367972220,0,No Special Jurisdiction,30,Utility Pole/Light Support,0,The First Harmful Event was Not a Collision with a Motor Vehicle in Transport,1,Yes,3,Intersection-Related,2,Four-Way Intersection,0,None,,,4,On Roadside,3,Dark - Lighted,1,Clear,0,No Additional Atmospheric Conditions,1,Clear,0,No,0000000,Not Applicable,22,10:00pm-10:59pm,30,30,22,10:00pm-10:59pm,47,47,23,11:00pm-11:59pm,24,24,0,None,0,None,0,None,1,0
2019,29,290415,Missouri,1,1,0,0,0,2,2,9,BARRY (9),0,NOT APPLICABLE,24,24,7,July,2019,4,Wednesday,1,1:00am-1:59am,30,30,0,This section IS NOT on the NHS,1,Rural,4,Minor Arterial,1,State Highway Agency,3,State Highway,SR-39,,90,90,36.66563889,36.66563889,-93.672111110,-93.672111110,0,No Special Jurisdiction,1,Rollover/Overturn,0,The First Harmful Event was Not a Collision with a Motor Vehicle in Transport,0,No,1,Non-Junction,1,Not an Intersection,0,None,,,4,On Roadside,3,Dark - Lighted,1,Clear,0,No Additional Atmospheric Conditions,1,Clear,0,No,0000000,Not Applicable,1,1:00am-1:59am,34,34,2,2:00am-2:59am,3,3,3,3:00am-3:59am,29,29,0,None,0,None,0,None,2,1