caseyear,state,st_case,statename,ve_total,ve_forms,pvh_invl,peds,pernotmvit,permvit,persons,county,countyname,city,cityname,day,dayname,month,monthname,year,day_week,day_weekname,hour,hourname,minute,minutename,nhs,nhsname,rur_urb,rur_urbname,func_sys,func_sysname,rd_owner,rd_ownername,route,routename,tway_id,tway_id2,milept,mileptname,latitude,latitudename,longitud,longitudname,sp_jur,sp_jurname,harm_ev,harm_evname,man_coll,man_collname,reljct1,reljct1name,reljct2,reljct2name,typ_int,typ_intname,wrk_zone,wrk_zonename,road_fnc,road_fncname,rel_road,rel_roadname,lgt_cond,lgt_condname,weather1,weather1name,weather2,weather2name,weather,weathername,sch_bus,sch_busname,rail,railname,not_hour,not_hourname,not_min,not_minname,arr_hour,arr_hourname,arr_min,arr_minname,hosp_hr,hosp_hrname,hosp_mn,hosp_mnname,cf1,cf1name,cf2,cf2name,cf3,cf3name,fatals,drunk_dr
2019,29,290416,Missouri,1,1,0,0,0,1,1,179,REYNOLDS (179),0,NOT APPLICABLE,27,27,7,July,2019,7,Saturday,2,2:00am-2:59am,0,0,0,This section IS NOT on the NHS,1,Rural,7,Local,2,County Highway Agency,4,County Road,CR-468,,20,20,37.21800000,37.21800000,-90.770361110,-90.770361110,0,No Special Jurisdiction,1,Rollover/Overturn,0,The First Harmful Event was Not a Collision with a Motor Vehicle in Transport,0,No,1,Non-Junction,1,Not an Intersection,0,None,,,4,On Roadside,2,Dark - Not Lighted,1,Clear,0,No Additional Atmospheric Conditions,1,Clear,0,No,0000000,Not Applicable,99,Unknown,98,Unknown if Notified,99,Unknown EMS Scene Arrival Hour,98,Unknown if Arrived,88,Not Applicable (Not Transported),88,Not Applicable (Not Transported),0,None,0,None,0,None,1,1
2019,29,290417,Missouri,1,1,0,0,0,1,1,99,JEFFERSON (99),0,NOT APPLICABLE,27,27,7,July,2019,7,Saturday,10,10:00am-10:59am,20,20,0,This section IS NOT on the NHS,1,Rural,6,Minor Collector,2,County Highway Agency,4,County Road,CR-MAPAVILLE HEMATITE RD,,0,None,38.24111111,38.24111111,-90.485555560,-90.485555560,0,No Special Jurisdiction,42,Tree (Standing Only),0,The First Harmful Event was Not a Collision with a Motor Vehicle in Transport,0,No,1,Non-Junction,1,Not an Intersection,0,None,,,4,On Roadside,1,Daylight,1,Clear,0,No Additional Atmospheric Conditions,1,Clear,0,No,0000000,Not Applicable,10,10:00am-10:59am,24,24,10,10:00am-10:59am,41,41,11,11:00am-11:59am,26,26,0,None,0,None,0,None,1,1
2019,29,290418,Missouri,1,1,0,0,0,2,2,213,TANEY (213),0,NOT APPLICABLE,27,27,7,July,2019,7,Saturday,14,2:00pm-2:59pm,55,55,0,This section IS NOT on the NHS,1,Rural,5,Major Collector,1,State Highway Agency,3,State Highway,SR-76,,10,10,36.80013889,36.80013889,-92.832194440,-92.832194440,0,No Special Jurisdiction,38,Fence,0,The First Harmful Event was Not a Collision with a Motor Vehicle in Transport,0,No,1,Non-Junction,1,Not an Intersection,0,None,,,5,Outside Trafficway,1,Daylight,1,Clear,0,No Additional Atmospheric Conditions,1,Clear,0,No,0000000,Not Applicable,99,Unknown,98,Unknown if Notified,99,Unknown EMS Scene Arrival Hour,98,Unknown if Arrived,88,Not Applicable (Not Transported),88,Not Applicable (Not Transported),0,None,0,None,0,None,1,0
2019,29,290419,Missouri,1,1,0,0,0,1,1,47,CLAY (47),4570,LIBERTY,28,28,7,July,2019,1,Sunday,23,11:00pm-11:59pm,20,20,0,This section IS NOT on the NHS,1,Rural,7,Local,2,County Highway Agency,4,County Road,CR-MISSOURI CITY RD,,10,10,39.24058333,39.24058333,-94.334875000,-94.334875000,0,No Special Jurisdiction,42,Tree (Standing Only),0,The First Harmful Event was Not a Collision with a Motor Vehicle in Transport,0,No,1,Non-Junction,1,Not an Intersection,0,None,,,4,On Roadside,2,Dark - Not Lighted,1,Clear,0,No Additional Atmospheric Conditions,1,Clear,0,No,0000000,Not Applicable,23,11:00pm-11:59pm,29,29,23,11:00pm-11:59pm,41,41,23,11:00pm-11:59pm,57,57,0,None,0,None,0,None,1,0
2019,29,290420,Missouri,1,1,0,0,0,1,1,161,PHELPS (161),0,NOT APPLICABLE,29,29,7,July,2019,2,Monday,15,3:00pm-3:59pm,32,32,1,This section IS ON the NHS,1,Rural,1,Interstate,1,State Highway Agency,1,Interstate,I-44,,260,260,37.93219444,37.93219444,-91.961555560,-91.961555560,0,No Special Jurisdiction,1,Rollover/Overturn,0,The First Harmful Event was Not a Collision with a Motor Vehicle in Transport,0,No,1,Non-Junction,1,Not an Intersection,0,None,,,4,On Roadside,1,Daylight,2,Rain,10,Cloudy,2,Rain,0,No,0000000,Not Applicable,99,Unknown,98,Unknown if Notified,99,Unknown EMS Scene Arrival Hour,98,Unknown if Arrived,88,Not Applicable (Not Transported),88,Not Applicable (Not Transported),0,None,0,None,0,None,1,0
2019,29,290421,Missouri,1,1,0,0,0,1,1,31,CAPE GIRARDEAU (31),0,NOT APPLICABLE,29,29,7,July,2019,2,Monday,12,12:00pm-12:59pm,49,49,0,This section IS NOT on the NHS,1,Rural,5,Major Collector,1,State Highway Agency,3,State Highway,SR-Y,,40,40,37.42480556,37.42480556,-89.598833330,-89.598833330,0,No Special Jurisdiction,42,Tree (Standing Only),0,The First Harmful Event was Not a Collision with a Motor Vehicle in Transport,0,No,1,Non-Junction,1,Not an Intersection,0,None,,,4,On Roadside,1,Daylight,1,Clear,0,No Additional Atmospheric Conditions,1,Clear,0,No,0000000,Not Applicable,99,Unknown,98,Unknown if Notified,99,Unknown EMS Scene Arrival Hour,98,Unknown if Arrived,88,Not Applicable (Not Transported),88,Not Applicable (Not Transported),0,None,0,None,0,None,1,0
2019,29,290422,Missouri,2,2,0,0,0,3,3,59,DALLAS (59),0,NOT APPLICABLE,31,31,7,July,2019,4,Wednesday,14,2:00pm-2:59pm,59,59,1,This section IS ON the NHS,1,Rural,3,Principal Arterial - Other,1,State Highway Agency,2,U.S. Highway,US-65,CR-NEILL RD,140,140,37.61163889,37.61163889,-93.114583330,-93.114583330,0,No Special Jurisdiction,12,Motor Vehicle In-Transport,6,Angle,0,No,2,Intersection,2,Four-Way Intersection,0,None,,,1,On Roadway,1,Daylight,10,Cloudy,0,No Additional Atmospheric Conditions,10,Cloudy,0,No,0000000,Not Applicable,15,3:00pm-3:59pm,7,7,15,3:00pm-3:59pm,26,26,16,4:00pm-4:59pm,0,0,0,None,0,None,0,None,1,0
2019,29,290423,Missouri,1,1,0,0,0,2,2,35,CARTER (35),0,NOT APPLICABLE,2,2,8,August,2019,6,Friday,13,1:00pm-1:59pm,0,0,0,This section IS NOT on the NHS,1,Rural,6,Minor Collector,1,State Highway Agency,3,State Highway,SR-V,,40,40,36.94466667,36.94466667,-90.745888890,-90.745888890,0,No Special Jurisdiction,53,Mail Box,0,The First Harmful Event was Not a Collision with a Motor Vehicle in Transport,0,No,1,Non-Junction,1,Not an Intersection,0,None,,,4,On Roadside,1,Daylight,1,Clear,0,No Additional Atmospheric Conditions,1,Clear,0,No,0000000,Not Applicable,13,1:00pm-1:59pm,26,26,13,1:00pm-1:59pm,51,51,15,3:00pm-3:59pm,36,36,0,None,0,None,0,None,1,0
2019,29,290424,Missouri,1,1,0,1,1,2,2,37,CASS (37),600,BELTON,5,5,8,August,2019,2,Monday,21,9:00pm-9:59pm,42,42,1,This section IS ON the NHS,2,Urban,1,Interstate,1,State Highway Agency,1,Interstate,I-49 RP 227933,,0,None,38.83897222,38.83897222,-94.529111110,-94.529111110,0,No Special Jurisdiction,8,Pedestrian,0,The First Harmful Event was Not a Collision with a Motor Vehicle in Transport,1,Yes,20,Entrance/Exit Ramp,1,Not an Intersection,0,None,,,1,On Roadway,3,Dark - Lighted,1,Clear,0,No Additional Atmospheric Conditions,1,Clear,0,No,0000000,Not Applicable,99,Unknown,98,Unknown if Notified,99,Unknown EMS Scene Arrival Hour,98,Unknown if Arrived,88,Not Applicable (Not Transported),88,Not Applicable (Not Transported),0,None,0,None,0,None,1,0
2019,29,290425,Missouri,1,1,0,1,1,1,1,189,ST. LOUIS (189),2780,FLORISSANT,7,7,8,August,2019,4,Wednesday,22,10:00pm-10:59pm,31,31,0,This section IS NOT on the NHS,2,Urban,4,Minor Arterial,2,County Highway Agency,4,County Road,CR-ST FERDINAND ST,,10,10,38.79354444,38.79354444,-90.332772220,-90.332772220,0,No Special Jurisdiction,8,Pedestrian,0,The First Harmful Event was Not a Collision with a Motor Vehicle in Transport,0,No,1,Non-Junction,1,Not an Intersection,0,None,,,1,On Roadway,3,Dark - Lighted,1,Clear,0,No Additional Atmospheric Conditions,1,Clear,0,No,0000000,Not Applicable,22,10:00pm-10:59pm,32,32,22,10:00pm-10:59pm,34,34,22,10:00pm-10:59pm,46,46,0,None,0,None,0,None,1,0
2019,29,290426,Missouri,2,2,0,0,0,5,5,71,FRANKLIN (71),8150,WASHINGTON,10,10,8,August,2019,7,Saturday,18,6:00pm-6:59pm,15,15,0,This section IS NOT on the NHS,2,Urban,4,Minor Arterial,1,State Highway Agency,3,State Highway,SR-47,EIGHTH ST,10,10,38.55037222,38.55037222,-91.003397220,-91.003397220,0,No Special Jurisdiction,12,Motor Vehicle In-Transport,6,Angle,0,No,2,Intersection,2,Four-Way Intersection,0,None,,,1,On Roadway,1,Daylight,1,Clear,0,No Additional Atmospheric Conditions,1,Clear,0,No,0000000,Not Applicable,99,Unknown,98,Unknown if Notified,99,Unknown EMS Scene Arrival Hour,98,Unknown if Arrived,88,Not Applicable (Not Transported),88,Not Applicable (Not Transported),0,None,0,None,0,None,1,0
2019,29,290427,Missouri,2,2,0,0,0,2,2,71,FRANKLIN (71),0,NOT APPLICABLE,13,13,7,July,2019,7,Saturday,19,7:00pm-7:59pm,17,17,0,This section IS NOT on the NHS,1,Rural,5,Major Collector,1,State Highway Agency,3,State Highway,SR-K,,130,130,38.31436111,38.31436111,-90.948888890,-90.948888890,0,No Special Jurisdiction,12,Motor Vehicle In-Transport,2,Front-to-Front,0,No,1,Non-Junction,1,Not an Intersection,0,None,,,1,On Roadway,1,Daylight,1,Clear,0,No Additional Atmospheric Conditions,1,Clear,0,No,0000000,Not Applicable,19,7:00pm-7:59pm,25,25,19,7:00pm-7:59pm,45,45,20,8:00pm-8:59pm,22,22,0,None,0,None,0,None,1,0
2019,29,290428,Missouri,1,1,0,0,0,1,1,151,OSAGE (151),0,NOT APPLICABLE,23,23,7,July,2019,3,Tuesday,14,2:00pm-2:59pm,20,20,1,This section IS ON the NHS,1,Rural,3,Principal Arterial - Other,1,State Highway Agency,2,U.S. Highway,US-50,,140,140,38.47144444,38.47144444,-91.780250000,-91.780250000,0,No Special Jurisdiction,1,Rollover/Overturn,0,The First Harmful Event was Not a Collision with a Motor Vehicle in Transport,0,No,1,Non-Junction,1,Not an Intersection,0,None,,,4,On Roadside,1,Daylight,1,Clear,0,No Additional Atmospheric Conditions,1,Clear,0,No,0000000,Not Applicable,14,2:00pm-2:59pm,27,27,14,2:00pm-2:59pm,33,33,15,3:00pm-3:59pm,56,56,0,None,0,None,0,None,1,0
2019,29,290429,Missouri,1,1,0,0,0,2,2,141,MORGAN (141),0,NOT APPLICABLE,5,5,8,August,2019,2,Monday,23,11:00pm-11:59pm,55,55,0,This section IS NOT on the NHS,1,Rural,7,Local,2,County Highway Agency,4,County Road,CR-BEE STING DR,,0,None,38.49452778,38.49452778,-92.920444440,-92.920444440,0,No Special Jurisdiction,34,Ditch,0,The First Harmful Event was Not a Collision with a Motor Vehicle in Transport,0,No,1,Non-Junction,1,Not an Intersection,0,None,,,4,On Roadside,2,Dark - Not Lighted,1,Clear,0,No Additional Atmospheric Conditions,1,Clear,0,No,0000000,Not Applicable,0,0:00am-0:59am,0,0,0,0:00am-0:59am,10,10,1,1:00am-1:59am,30,30,0,None,0,None,0,None,1,1
2019,29,290430,Missouri,1,1,0,0,0,1,1,179,REYNOLDS (179),0,NOT APPLICABLE,8,8,8,August,2019,5,Thursday,5,5:00am-5:59am,15,15,0,This section IS NOT on the NHS,1,Rural,5,Major Collector,1,State Highway Agency,3,State Highway,SR-KK,,50,50,37.53411111,37.53411111,-91.115194440,-91.115194440,0,No Special Jurisdiction,42,Tree (Standing Only),0,The First Harmful Event was Not a Collision with a Motor Vehicle in Transport,0,No,1,Non-Junction,1,Not an Intersection,0,None,,,4,On Roadside,2,Dark - Not Lighted,5,"Fog, Smog, Smoke",0,No Additional Atmospheric Conditions,5,"Fog, Smog, Smoke",0,No,0000000,Not Applicable,5,5:00am-5:59am,15,15,5,5:00am-5:59am,37,37,6,6:00am-6:59am,52,52,0,None,0,None,0,None,1,0
2019,29,290431,Missouri,1,1,0,0,0,1,1,207,STODDARD (207),0,NOT APPLICABLE,11,11,8,August,2019,1,Sunday,6,6:00am-6:59am,15,15,0,This section IS NOT on the NHS,1,Rural,5,Major Collector,1,State Highway Agency,3,State Highway,SR-114,,80,80,36.81411111,36.81411111,-89.847527780,-89.847527780,0,No Special Jurisdiction,35,Embankment,0,The First Harmful Event was Not a Collision with a Motor Vehicle in Transport,0,No,1,Non-Junction,1,Not an Intersection,0,None,,,4,On Roadside,1,Daylight,1,Clear,0,No Additional Atmospheric Conditions,1,Clear,0,No,0000000,Not Applicable,99,Unknown,98,Unknown if Notified,99,Unknown EMS Scene Arrival Hour,98,Unknown if Arrived,88,Not Applicable (Not Transported),88,Not Applicable (Not Transported),0,None,0,None,0,None,1,0
2019,29,290432,Missouri,2,2,0,0,0,2,2,145,NEWTON (145),0,NOT APPLICABLE,30,30,6,June,2019,1,Sunday,0,0:00am-0:59am,20,20,0,This section IS NOT on the NHS,1,Rural,5,Major Collector,1,State Highway Agency,3,State Highway,SR-43,,220,220,36.76744444,36.76744444,-94.609194440,-94.609194440,0,No Special Jurisdiction,12,Motor Vehicle In-Transport,6,Angle,0,No,1,Non-Junction,1,Not an Intersection,0,None,,,1,On Roadway,2,Dark - Not Lighted,1,Clear,0,No Additional Atmospheric Conditions,1,Clear,0,No,0000000,Not Applicable,1,1:00am-1:59am,7,7,1,1:00am-1:59am,7,7,1,1:00am-1:59am,32,32,0,None,0,None,0,None,1,1
2019,29,290433,Missouri,2,2,0,0,0,5,5,21,BUCHANAN (21),7070,SAINT JOSEPH,2,2,8,August,2019,6,Friday,16,4:00pm-4:59pm,23,23,0,This section IS NOT on the NHS,2,Urban,5,Major Collector,4,City or Municipal Highway Agency,6,Local Street - Municipality,6TH ST,OAK ST,10,10,39.74333889,39.74333889,-94.852861110,-94.852861110,0,No Special Jurisdiction,12,Motor Vehicle In-Transport,6,Angle,0,No,2,Intersection,3,T-Intersection,0,None,,,1,On Roadway,1,Daylight,10,Cloudy,0,No Additional Atmospheric Conditions,10,Cloudy,0,No,0000000,Not Applicable,16,4:00pm-4:59pm,26,26,16,4:00pm-4:59pm,27,27,16,4:00pm-4:59pm,42,42,0,None,0,None,0,None,1,1
2019,29,290434,Missouri,3,3,0,0,0,4,4,97,JASPER (97),0,NOT APPLICABLE,7,7,8,August,2019,4,Wednesday,17,5:00pm-5:59pm,30,30,0,This section IS NOT on the NHS,1,Rural,4,Minor Arterial,1,State Highway Agency,3,State Highway,SR-96,,170,170,37.19594444,37.19594444,-94.281555560,-94.281555560,0,No Special Jurisdiction,12,Motor Vehicle In-Transport,6,Angle,0,No,1,Non-Junction,1,Not an Intersection,0,None,,,1,On Roadway,1,Daylight,10,Cloudy,0,No Additional Atmospheric Conditions,10,Cloudy,0,No,0000000,Not Applicable,99,Unknown,99,Unknown,99,Unknown EMS Scene Arrival Hour,99,Unknown EMS Scene Arrival Minutes,99,Unknown,99,Unknown EMS Hospital Arrival Time,14,"Motor Vehicle struck by falling cargo,or something that came loose from or something that was set in motion by a vehicle",0,None,0,None,1,0
2019,29,290435,Missouri,1,1,0,0,0,1,1,187,ST. FRANCOIS (187),2670,FARMINGTON,10,10,8,August,2019,7,Saturday,3,3:00am-3:59am,43,43,0,This section IS NOT on the NHS,2,Urban,5,Major Collector,1,State Highway Agency,3,State Highway,SR-EE,,20,20,37.79847222,37.79847222,-90.400194440,-90.400194440,0,No Special Jurisdiction,59,Traffic Sign Support,0,The First Harmful Event was Not a Collision with a Motor Vehicle in Transport,0,No,1,Non-Junction,1,Not an Intersection,0,None,,,4,On Roadside,2,Dark - Not Lighted,1,Clear,0,No Additional Atmospheric Conditions,1,Clear,0,No,0000000,Not Applicable,99,Unknown,98,Unknown if Notified,99,Unknown EMS Scene Arrival Hour,98,Unknown if Arrived,88,Not Applicable (Not Transported),88,Not Applicable (Not Transported),0,None,0,None,0,None,1,1
2019,29,290436,Missouri,2,2,0,0,0,3,3,213,TANEY (213),0,NOT APPLICABLE,11,11,8,August,2019,1,Sunday,13,1:00pm-1:59pm,10,10,1,This section IS ON the NHS,1,Rural,3,Principal Arterial - Other,1,State Highway Agency,2,U.S. Highway,US-65,BRANSON CREEK BLVD,70,70,36.58811111,36.58811111,-93.231333330,-93.231333330,0,No Special Jurisdiction,12,Motor Vehicle In-Transport,6,Angle,0,No,2,Intersection,3,T-Intersection,0,None,,,1,On Roadway,1,Daylight,10,Cloudy,0,No Additional Atmospheric Conditions,10,Cloudy,0,No,0000000,Not Applicable,99,Unknown,98,Unknown if Notified,99,Unknown EMS Scene Arrival Hour,98,Unknown if Arrived,88,Not Applicable (Not Transported),88,Not Applicable (Not Transported),0,None,0,None,0,None,1,0
2019,29,290437,Missouri,2,2,0,0,0,3,3,95,JACKSON (95),3280,GRANDVIEW,27,27,6,June,2019,5,Thursday,15,3:00pm-3:59pm,30,30,1,This section IS ON the NHS,2,Urban,1,Interstate,1,State Highway Agency,1,Interstate,I-49,,50,50,38.87087778,38.87087778,-94.526525000,-94.526525000,0,No Special Jurisdiction,12,Motor Vehicle In-Transport,1,Front-to-Rear,0,No,1,Non-Junction,1,Not an Intersection,0,None,,,1,On Roadway,1,Daylight,1,Clear,0,No Additional Atmospheric Conditions,1,Clear,0,No,0000000,Not Applicable,15,3:00pm-3:59pm,37,37,15,3:00pm-3:59pm,42,42,15,3:00pm-3:59pm,57,57,0,None,0,None,0,None,1,0
2019,29,290438,Missouri,2,2,0,0,0,3,3,510,ST. LOUIS (CITY) (510),7080,SAINT LOUIS,24,24,7,July,2019,4,Wednesday,16,4:00pm-4:59pm,22,22,1,This section IS ON the NHS,2,Urban,3,Principal Arterial - Other,4,City or Municipal Highway Agency,6,Local Street - Municipality,PAGE BLVD,PRAIRIE AVE,40,40,38.64761111,38.64761111,-90.231194440,-90.231194440,0,No Special Jurisdiction,12,Motor Vehicle In-Transport,6,Angle,0,No,2,Intersection,2,Four-Way Intersection,0,None,,,1,On Roadway,1,Daylight,1,Clear,0,No Additional Atmospheric Conditions,1,Clear,0,No,0000000,Not Applicable,16,4:00pm-4:59pm,23,23,16,4:00pm-4:59pm,31,31,99,Unknown,99,Unknown EMS Hospital Arrival Time,0,None,0,None,0,None,1,0
2019,29,290439,Missouri,2,2,0,0,0,3,3,109,LAWRENCE (109),0,NOT APPLICABLE,25,25,7,July,2019,5,Thursday,16,4:00pm-4:59pm,15,15,0,This section IS NOT on the NHS,1,Rural,4,Minor Arterial,1,State Highway Agency,3,State Highway,SR-96,,150,150,37.18988889,37.18988889,-93.898916670,-93.898916670,0,No Special Jurisdiction,12,Motor Vehicle In-Transport,6,Angle,0,No,1,Non-Junction,1,Not an Intersection,0,None,,,1,On Roadway,1,Daylight,1,Clear,0,No Additional Atmospheric Conditions,1,Clear,0,No,0000000,Not Applicable,99,Unknown,99,Unknown,99,Unknown EMS Scene Arrival Hour,99,Unknown EMS Scene Arrival Minutes,99,Unknown,99,Unknown EMS Hospital Arrival Time,0,None,0,None,0,None,1,0
2019,29,290440,Missouri,1,1,0,0,0,4,4,67,DOUGLAS (67),0,NOT APPLICABLE,30,30,7,July,2019,3,Tuesday,15,3:00pm-3:59pm,29,29,0,This section IS NOT on the NHS,1,Rural,5,Major Collector,1,State Highway Agency,3,State Highway,SR-181,,190,190,36.95255556,36.95255556,-92.107916670,-92.107916670,0,No Special Jurisdiction,1,Rollover/Overturn,0,The First Harmful Event was Not a Collision with a Motor Vehicle in Transport,0,No,1,Non-Junction,1,Not an Intersection,0,None,,,1,On Roadway,1,Daylight,1,Clear,0,No Additional Atmospheric Conditions,1,Clear,0,No,0000000,Not Applicable,15,3:00pm-3:59pm,38,38,15,3:00pm-3:59pm,49,49,88,Not Applicable (Not Transported),88,Not Applicable (Not Transported),0,None,0,None,0,None,2,0
2019,29,290441,Missouri,1,1,0,1,1,1,1,201,SCOTT (201),5245,MINER,5,5,8,August,2019,2,Monday,6,6:00am-6:59am,37,37,0,This section IS NOT on the NHS,2,Urban,4,Minor Arterial,1,State Highway Agency,2,U.S. Highway,US-62,,30,30,36.88868333,36.88868333,-89.546677780,-89.546677780,0,No Special Jurisdiction,9,Pedalcyclist,0,The First Harmful Event was Not a Collision with a Motor Vehicle in Transport,0,No,1,Non-Junction,1,Not an Intersection,0,None,,,1,On Roadway,1,Daylight,1,Clear,0,No Additional Atmospheric Conditions,1,Clear,0,No,0000000,Not Applicable,6,6:00am-6:59am,40,40,6,6:00am-6:59am,42,42,88,Not Applicable (Not Transported),88,Not Applicable (Not Transported),0,None,0,None,0,None,1,1
2019,29,290442,Missouri,1,1,0,1,1,1,1,99,JEFFERSON (99),3675,HIGH RIDGE,10,10,8,August,2019,7,Saturday,14,2:00pm-2:59pm,0,0,0,This section IS NOT on the NHS,2,Urban,7,Local,26,Private (other than Railroad),8,Other,PVT BRINRIDGE DR,,0,None,38.46361944,38.46361944,-90.519688890,-90.519688890,0,No Special Jurisdiction,53,Mail Box,0,The First Harmful Event was Not a Collision with a Motor Vehicle in Transport,0,No,1,Non-Junction,1,Not an Intersection,0,None,,,4,On Roadside,1,Daylight,1,Clear,0,No Additional Atmospheric Conditions,1,Clear,0,No,0000000,Not Applicable,14,2:00pm-2:59pm,49,49,14,2:00pm-2:59pm,55,55,88,Not Applicable (Not Transported),88,Not Applicable (Not Transported),0,None,0,None,0,None,1,0
2019,29,290443,Missouri,1,1,0,0,0,1,1,37,CASS (37),0,NOT APPLICABLE,13,13,8,August,2019,3,Tuesday,17,5:00pm-5:59pm,15,15,0,This section IS NOT on the NHS,1,Rural,5,Major Collector,1,State Highway Agency,3,State Highway,SR-YY,,10,10,38.72694444,38.72694444,-94.524333330,-94.524333330,0,No Special Jurisdiction,58,Ground,0,The First Harmful Event was Not a Collision with a Motor Vehicle in Transport,0,No,1,Non-Junction,1,Not an Intersection,0,None,,,4,On Roadside,1,Daylight,1,Clear,0,No Additional Atmospheric Conditions,1,Clear,0,No,0000000,Not Applicable,17,5:00pm-5:59pm,23,23,17,5:00pm-5:59pm,28,28,88,Not Applicable (Not Transported),88,Not Applicable (Not Transported),0,None,0,None,0,None,1,1
2019,29,290444,Missouri,1,1,0,2,2,1,1,19,BOONE (19),1800,COLUMBIA,1,1,6,June,2019,7,Saturday,0,0:00am-0:59am,33,33,0,This section IS NOT on the NHS,2,Urban,7,Local,4,City or Municipal Highway Agency,6,Local Street - Municipality,ASH ST,8TH ST,30,30,38.95360278,38.95360278,-92.328319440,-92.328319440,0,No Special Jurisdiction,8,Pedestrian,0,The First Harmful Event was Not a Collision with a Motor Vehicle in Transport,0,No,2,Intersection,2,Four-Way Intersection,0,None,,,1,On Roadway,3,Dark - Lighted,1,Clear,0,No Additional Atmospheric Conditions,1,Clear,0,No,0000000,Not Applicable,0,0:00am-0:59am,35,35,0,0:00am-0:59am,40,40,0,0:00am-0:59am,56,56,0,None,0,None,0,None,1,0
2019,29,290445,Missouri,1,1,0,1,1,1,1,105,LACLEDE (105),0,NOT APPLICABLE,30,30,7,July,2019,3,Tuesday,22,10:00pm-10:59pm,10,10,0,This section IS NOT on the NHS,2,Urban,5,Major Collector,1,State Highway Agency,3,State Highway,SR-MM,,90,90,37.69858333,37.69858333,-92.625277780,-92.625277780,0,No Special Jurisdiction,9,Pedalcyclist,0,The First Harmful Event was Not a Collision with a Motor Vehicle in Transport,0,No,1,Non-Junction,1,Not an Intersection,0,None,,,1,On Roadway,3,Dark - Lighted,1,Clear,0,No Additional Atmospheric Conditions,1,Clear,0,No,0000000,Not Applicable,22,10:00pm-10:59pm,17,17,22,10:00pm-10:59pm,24,24,22,10:00pm-10:59pm,51,51,0,None,0,None,0,None,1,0
2019,29,290446,Missouri,1,1,0,0,0,2,2,53,COOPER (53),0,NOT APPLICABLE,6,6,8,August,2019,3,Tuesday,23,11:00pm-11:59pm,15,15,0,This section IS NOT on the NHS,1,Rural,6,Minor Collector,2,County Highway Agency,4,County Road,CR-CALIFORNIA DR,,10,10,38.69583333,38.69583333,-92.653055560,-92.653055560,0,No Special Jurisdiction,5,Fell/Jumped from Vehicle,0,The First Harmful Event was Not a Collision with a Motor Vehicle in Transport,0,No,1,Non-Junction,1,Not an Intersection,0,None,,,1,On Roadway,2,Dark - Not Lighted,1,Clear,0,No Additional Atmospheric Conditions,1,Clear,0,No,0000000,Not Applicable,23,11:00pm-11:59pm,25,25,23,11:00pm-11:59pm,39,39,0,0:00am-0:59am,18,18,0,None,0,None,0,None,1,1
2019,29,290447,Missouri,2,2,0,0,0,3,3,171,PUTNAM (171),0,NOT APPLICABLE,7,7,8,August,2019,4,Wednesday,6,6:00am-6:59am,57,57,0,This section IS NOT on the NHS,1,Rural,7,Local,2,County Highway Agency,4,County Road,CR-230TH ST,,0,None,40.39763889,40.39763889,-93.358694440,-93.358694440,0,No Special Jurisdiction,12,Motor Vehicle In-Transport,2,Front-to-Front,0,No,1,Non-Junction,1,Not an Intersection,0,None,,,1,On Roadway,1,Daylight,1,Clear,0,No Additional Atmospheric Conditions,1,Clear,0,No,0000000,Not Applicable,7,7:00am-7:59am,4,4,7,7:00am-7:59am,35,35,88,Not Applicable (Not Transported),88,Not Applicable (Not Transported),0,None,0,None,0,None,1,0
2019,29,290448,Missouri,3,3,0,0,0,3,3,53,COOPER (53),0,NOT APPLICABLE,9,9,8,August,2019,6,Friday,3,3:00am-3:59am,20,20,1,This section IS ON the NHS,1,Rural,1,Interstate,1,State Highway Agency,1,Interstate,I-70,,120,120,38.93508333,38.93508333,-92.839388890,-92.839388890,0,No Special Jurisdiction,12,Motor Vehicle In-Transport,1,Front-to-Rear,0,No,1,Non-Junction,1,Not an Intersection,0,None,,,1,On Roadway,2,Dark - Not Lighted,1,Clear,0,No Additional Atmospheric Conditions,1,Clear,0,No,0000000,Not Applicable,3,3:00am-3:59am,24,24,3,3:00am-3:59am,32,32,4,4:00am-4:59am,14,14,0,None,0,None,0,None,1,0
2019,29,290449,Missouri,4,4,0,0,0,5,5,189,ST. LOUIS (189),0,NOT APPLICABLE,3,3,6,June,2019,2,Monday,21,9:00pm-9:59pm,5,5,1,This section IS ON the NHS,2,Urban,1,Interstate,1,State Highway Agency,1,Interstate,I-270,,310,310,38.77080000,38.77080000,-90.255886110,-90.255886110,0,No Special Jurisdiction,12,Motor Vehicle In-Transport,1,Front-to-Rear,0,No,1,Non-Junction,1,Not an Intersection,0,None,,,1,On Roadway,3,Dark - Lighted,1,Clear,0,No Additional Atmospheric Conditions,1,Clear,0,No,0000000,Not Applicable,21,9:00pm-9:59pm,13,13,21,9:00pm-9:59pm,26,26,22,10:00pm-10:59pm,4,4,23,Indication of a Stalled/Disabled Vehicle,0,None,0,None,1,0