caseyear,state,st_case,statename,ve_total,ve_forms,pvh_invl,peds,pernotmvit,permvit,persons,county,countyname,city,cityname,day,dayname,month,monthname,year,day_week,day_weekname,hour,hourname,minute,minutename,nhs,nhsname,rur_urb,rur_urbname,func_sys,func_sysname,rd_owner,rd_ownername,route,routename,tway_id,tway_id2,milept,mileptname,latitude,latitudename,longitud,longitudname,sp_jur,sp_jurname,harm_ev,harm_evname,man_coll,man_collname,reljct1,reljct1name,reljct2,reljct2name,typ_int,typ_intname,wrk_zone,wrk_zonename,road_fnc,road_fncname,rel_road,rel_roadname,lgt_cond,lgt_condname,weather1,weather1name,weather2,weather2name,weather,weathername,sch_bus,sch_busname,rail,railname,not_hour,not_hourname,not_min,not_minname,arr_hour,arr_hourname,arr_min,arr_minname,hosp_hr,hosp_hrname,hosp_mn,hosp_mnname,cf1,cf1name,cf2,cf2name,cf3,cf3name,fatals,drunk_dr
2019,29,290620,Missouri,2,2,0,0,0,6,6,189,ST. LOUIS (189),2700,FERGUSON,6,6,10,October,2019,1,Sunday,20,8:00pm-8:59pm,30,30,1,This section IS ON the NHS,2,Urban,3,Principal Arterial - Other,2,County Highway Agency,6,Local Street - Municipality,WEST FLORISSANT AVE,,20,20,38.73877778,38.73877778,-90.278416670,-90.278416670,0,No Special Jurisdiction,12,Motor Vehicle In-Transport,7,Sideswipe - Same Direction,0,No,1,Non-Junction,1,Not an Intersection,0,None,,,1,On Roadway,3,Dark - Lighted,1,Clear,0,No Additional Atmospheric Conditions,1,Clear,0,No,0000000,Not Applicable,20,8:00pm-8:59pm,33,33,20,8:00pm-8:59pm,37,37,21,9:00pm-9:59pm,6,6,0,None,0,None,0,None,1,0
2019,29,290621,Missouri,1,1,0,0,0,1,1,95,JACKSON (95),4120,KANSAS CITY,6,6,10,October,2019,1,Sunday,0,0:00am-0:59am,58,58,0,This section IS NOT on the NHS,2,Urban,4,Minor Arterial,4,City or Municipal Highway Agency,6,Local Street - Municipality,E TRUMAN RD,,20,20,39.09424722,39.09424722,-94.539852780,-94.539852780,0,No Special Jurisdiction,21,Bridge Pier or Support,0,The First Harmful Event was Not a Collision with a Motor Vehicle in Transport,0,No,1,Non-Junction,1,Not an Intersection,0,None,,,3,On Median,3,Dark - Lighted,10,Cloudy,0,No Additional Atmospheric Conditions,10,Cloudy,0,No,0000000,Not Applicable,0,0:00am-0:59am,58,58,1,1:00am-1:59am,3,3,1,1:00am-1:59am,23,23,0,None,0,None,0,None,1,1
2019,29,290622,Missouri,1,1,0,0,0,1,1,71,FRANKLIN (71),0,NOT APPLICABLE,6,6,10,October,2019,1,Sunday,0,0:00am-0:59am,0,0,0,This section IS NOT on the NHS,1,Rural,6,Minor Collector,1,State Highway Agency,3,State Highway,SR-HH,,70,70,38.39005556,38.39005556,-90.756833330,-90.756833330,0,No Special Jurisdiction,59,Traffic Sign Support,0,The First Harmful Event was Not a Collision with a Motor Vehicle in Transport,0,No,1,Non-Junction,1,Not an Intersection,0,None,,,4,On Roadside,2,Dark - Not Lighted,10,Cloudy,0,No Additional Atmospheric Conditions,10,Cloudy,0,No,0000000,Not Applicable,0,0:00am-0:59am,2,2,0,0:00am-0:59am,13,13,88,Not Applicable (Not Transported),88,Not Applicable (Not Transported),0,None,0,None,0,None,1,1
2019,29,290623,Missouri,1,1,0,0,0,1,1,91,HOWELL (91),8410,WILLOW SPRINGS,7,7,10,October,2019,2,Monday,23,11:00pm-11:59pm,34,34,0,This section IS NOT on the NHS,1,Rural,5,Major Collector,4,City or Municipal Highway Agency,6,Local Street - Municipality,BU 63,,10,10,36.97678889,36.97678889,-91.946027780,-91.946027780,0,No Special Jurisdiction,11,Live Animal,0,The First Harmful Event was Not a Collision with a Motor Vehicle in Transport,0,No,1,Non-Junction,1,Not an Intersection,0,None,,,1,On Roadway,3,Dark - Lighted,1,Clear,0,No Additional Atmospheric Conditions,1,Clear,0,No,0000000,Not Applicable,23,11:00pm-11:59pm,37,37,23,11:00pm-11:59pm,39,39,0,0:00am-0:59am,20,20,0,None,0,None,0,None,1,0
2019,29,290624,Missouri,2,2,0,0,0,3,3,179,REYNOLDS (179),0,NOT APPLICABLE,8,8,10,October,2019,3,Tuesday,11,11:00am-11:59am,55,55,0,This section IS NOT on the NHS,1,Rural,4,Minor Arterial,1,State Highway Agency,3,State Highway,SR-49,,90,90,37.50180556,37.50180556,-90.922888890,-90.922888890,0,No Special Jurisdiction,12,Motor Vehicle In-Transport,2,Front-to-Front,0,No,1,Non-Junction,1,Not an Intersection,0,None,,,1,On Roadway,1,Daylight,1,Clear,0,No Additional Atmospheric Conditions,1,Clear,0,No,0000000,Not Applicable,11,11:00am-11:59am,57,57,12,12:00pm-12:59pm,7,7,13,1:00pm-1:59pm,0,0,0,None,0,None,0,None,2,0
2019,29,290625,Missouri,1,1,0,0,0,1,1,77,GREENE (77),7460,SPRINGFIELD,9,9,10,October,2019,4,Wednesday,21,9:00pm-9:59pm,56,56,1,This section IS ON the NHS,2,Urban,3,Principal Arterial - Other,4,City or Municipal Highway Agency,6,Local Street - Municipality,KEARNEY ST,RP 2104,80,80,37.23890000,37.23890000,-93.225730560,-93.225730560,0,No Special Jurisdiction,33,Curb,0,The First Harmful Event was Not a Collision with a Motor Vehicle in Transport,0,No,3,Intersection-Related,2,Four-Way Intersection,0,None,,,12,Pedestrian Refuge Island or Traffic Island,3,Dark - Lighted,10,Cloudy,0,No Additional Atmospheric Conditions,10,Cloudy,0,No,0000000,Not Applicable,21,9:00pm-9:59pm,59,59,22,10:00pm-10:59pm,6,6,22,10:00pm-10:59pm,24,24,0,None,0,None,0,None,1,0
2019,29,290626,Missouri,1,1,0,0,0,2,2,95,JACKSON (95),4120,KANSAS CITY,10,10,10,October,2019,5,Thursday,12,12:00pm-12:59pm,56,56,1,This section IS ON the NHS,2,Urban,7,Local,4,City or Municipal Highway Agency,6,Local Street - Municipality,E INDEPENDENCE AVE,,30,30,39.10500556,39.10500556,-94.512919440,-94.512919440,0,No Special Jurisdiction,21,Bridge Pier or Support,0,The First Harmful Event was Not a Collision with a Motor Vehicle in Transport,0,No,1,Non-Junction,1,Not an Intersection,0,None,,,3,On Median,1,Daylight,1,Clear,0,No Additional Atmospheric Conditions,1,Clear,0,No,0000000,Not Applicable,12,12:00pm-12:59pm,57,57,13,1:00pm-1:59pm,3,3,13,1:00pm-1:59pm,24,24,0,None,0,None,0,None,1,1
2019,29,290627,Missouri,2,2,0,0,0,4,4,183,ST. CHARLES (183),7010,SAINT CHARLES,21,21,8,August,2019,4,Wednesday,8,8:00am-8:59am,28,28,0,This section IS NOT on the NHS,2,Urban,5,Major Collector,4,City or Municipal Highway Agency,6,Local Street - Municipality,RANDOLPH ST,DUCHESNE DR,10,10,38.80090833,38.80090833,-90.488238890,-90.488238890,0,No Special Jurisdiction,12,Motor Vehicle In-Transport,6,Angle,0,No,2,Intersection,2,Four-Way Intersection,0,None,,,1,On Roadway,1,Daylight,10,Cloudy,0,No Additional Atmospheric Conditions,10,Cloudy,0,No,0000000,Not Applicable,99,Unknown,99,Unknown,99,Unknown EMS Scene Arrival Hour,99,Unknown EMS Scene Arrival Minutes,99,Unknown,99,Unknown EMS Hospital Arrival Time,0,None,0,None,0,None,1,0
2019,29,290628,Missouri,1,1,0,1,1,1,1,189,ST. LOUIS (189),0,NOT APPLICABLE,19,19,9,September,2019,5,Thursday,2,2:00am-2:59am,30,30,1,This section IS ON the NHS,2,Urban,3,Principal Arterial - Other,2,County Highway Agency,4,County Road,CR-CHAMBERS RD,CR-BON OAK DR,20,20,38.74936944,38.74936944,-90.269944440,-90.269944440,0,No Special Jurisdiction,8,Pedestrian,0,The First Harmful Event was Not a Collision with a Motor Vehicle in Transport,0,No,2,Intersection,3,T-Intersection,0,None,,,1,On Roadway,2,Dark - Not Lighted,1,Clear,0,No Additional Atmospheric Conditions,1,Clear,0,No,0000000,Not Applicable,99,Unknown,98,Unknown if Notified,99,Unknown EMS Scene Arrival Hour,98,Unknown if Arrived,88,Not Applicable (Not Transported),88,Not Applicable (Not Transported),0,None,0,None,0,None,1,0
2019,29,290629,Missouri,1,1,0,0,0,1,1,97,JASPER (97),0,NOT APPLICABLE,26,26,9,September,2019,5,Thursday,19,7:00pm-7:59pm,0,0,0,This section IS NOT on the NHS,1,Rural,7,Local,2,County Highway Agency,4,County Road,CR-JACKPINE RD,,20,20,37.19477778,37.19477778,-94.346027780,-94.346027780,0,No Special Jurisdiction,42,Tree (Standing Only),0,The First Harmful Event was Not a Collision with a Motor Vehicle in Transport,0,No,1,Non-Junction,1,Not an Intersection,0,None,,,4,On Roadside,1,Daylight,1,Clear,0,No Additional Atmospheric Conditions,1,Clear,0,No,0000000,Not Applicable,99,Unknown,98,Unknown if Notified,99,Unknown EMS Scene Arrival Hour,98,Unknown if Arrived,88,Not Applicable (Not Transported),88,Not Applicable (Not Transported),0,None,0,None,0,None,1,0
2019,29,290630,Missouri,1,1,0,0,0,1,1,105,LACLEDE (105),0,NOT APPLICABLE,5,5,10,October,2019,7,Saturday,4,4:00am-4:59am,0,0,0,This section IS NOT on the NHS,1,Rural,5,Major Collector,1,State Highway Agency,3,State Highway,SR-F,,0,None,37.74802778,37.74802778,-92.592583330,-92.592583330,0,No Special Jurisdiction,34,Ditch,0,The First Harmful Event was Not a Collision with a Motor Vehicle in Transport,0,No,1,Non-Junction,1,Not an Intersection,0,None,,,4,On Roadside,2,Dark - Not Lighted,10,Cloudy,0,No Additional Atmospheric Conditions,10,Cloudy,0,No,0000000,Not Applicable,99,Unknown,98,Unknown if Notified,99,Unknown EMS Scene Arrival Hour,98,Unknown if Arrived,88,Not Applicable (Not Transported),88,Not Applicable (Not Transported),0,None,0,None,0,None,1,0
2019,29,290631,Missouri,1,1,0,0,0,1,1,95,JACKSON (95),4120,KANSAS CITY,16,16,10,October,2019,4,Wednesday,17,5:00pm-5:59pm,38,38,1,This section IS ON the NHS,2,Urban,1,Interstate,1,State Highway Agency,1,Interstate,I-470,,40,40,38.93745556,38.93745556,-94.468075000,-94.468075000,0,No Special Jurisdiction,59,Traffic Sign Support,0,The First Harmful Event was Not a Collision with a Motor Vehicle in Transport,0,No,1,Non-Junction,1,Not an Intersection,0,None,,,4,On Roadside,1,Daylight,1,Clear,0,No Additional Atmospheric Conditions,1,Clear,0,No,0000000,Not Applicable,17,5:00pm-5:59pm,39,39,17,5:00pm-5:59pm,53,53,18,6:00pm-6:59pm,20,20,0,None,0,None,0,None,1,0
2019,29,290632,Missouri,1,1,0,0,0,1,1,77,GREENE (77),0,NOT APPLICABLE,19,19,10,October,2019,7,Saturday,7,7:00am-7:59am,50,50,1,This section IS ON the NHS,1,Rural,2,Principal Arterial - Other Freeways and Expressways,1,State Highway Agency,2,U.S. Highway,US-60,,230,230,37.11919167,37.11919167,-93.146205560,-93.146205560,0,No Special Jurisdiction,35,Embankment,0,The First Harmful Event was Not a Collision with a Motor Vehicle in Transport,0,No,1,Non-Junction,1,Not an Intersection,0,None,,,3,On Median,1,Daylight,10,Cloudy,0,No Additional Atmospheric Conditions,10,Cloudy,0,No,0000000,Not Applicable,7,7:00am-7:59am,51,51,8,8:00am-8:59am,1,1,8,8:00am-8:59am,29,29,0,None,0,None,0,None,1,0
2019,29,290633,Missouri,1,1,0,0,0,2,2,109,LAWRENCE (109),0,NOT APPLICABLE,22,22,10,October,2019,3,Tuesday,3,3:00am-3:59am,0,0,0,This section IS NOT on the NHS,1,Rural,7,Local,2,County Highway Agency,4,County Road,CR-2130,,70,70,37.08930556,37.08930556,-93.951888890,-93.951888890,0,No Special Jurisdiction,23,Bridge Rail (Includes parapet),0,The First Harmful Event was Not a Collision with a Motor Vehicle in Transport,0,No,1,Non-Junction,1,Not an Intersection,0,None,,,4,On Roadside,2,Dark - Not Lighted,1,Clear,0,No Additional Atmospheric Conditions,1,Clear,0,No,0000000,Not Applicable,3,3:00am-3:59am,1,1,3,3:00am-3:59am,40,40,4,4:00am-4:59am,8,8,0,None,0,None,0,None,1,0
2019,29,290634,Missouri,2,2,0,0,0,2,2,99,JEFFERSON (99),0,NOT APPLICABLE,3,3,10,October,2019,5,Thursday,6,6:00am-6:59am,20,20,0,This section IS NOT on the NHS,1,Rural,4,Minor Arterial,1,State Highway Agency,3,State Highway,SR-O,,0,None,38.45194444,38.45194444,-90.730416670,-90.730416670,0,No Special Jurisdiction,12,Motor Vehicle In-Transport,6,Angle,0,No,8,Driveway Access Related,1,Not an Intersection,0,None,,,1,On Roadway,2,Dark - Not Lighted,10,Cloudy,0,No Additional Atmospheric Conditions,10,Cloudy,0,No,0000000,Not Applicable,6,6:00am-6:59am,22,22,6,6:00am-6:59am,31,31,88,Not Applicable (Not Transported),88,Not Applicable (Not Transported),0,None,0,None,0,None,1,0
2019,29,290635,Missouri,1,1,0,0,0,2,2,69,DUNKLIN (69),0,NOT APPLICABLE,10,10,10,October,2019,5,Thursday,20,8:00pm-8:59pm,40,40,0,This section IS NOT on the NHS,1,Rural,5,Major Collector,1,State Highway Agency,3,State Highway,SR-J,,90,90,36.57288889,36.57288889,-90.133416670,-90.133416670,0,No Special Jurisdiction,35,Embankment,0,The First Harmful Event was Not a Collision with a Motor Vehicle in Transport,0,No,1,Non-Junction,1,Not an Intersection,0,None,,,4,On Roadside,2,Dark - Not Lighted,10,Cloudy,0,No Additional Atmospheric Conditions,10,Cloudy,0,No,0000000,Not Applicable,20,8:00pm-8:59pm,50,50,21,9:00pm-9:59pm,3,3,21,9:00pm-9:59pm,59,59,0,None,0,None,0,None,1,1
2019,29,290636,Missouri,1,1,0,0,0,2,2,71,FRANKLIN (71),0,NOT APPLICABLE,14,14,10,October,2019,2,Monday,2,2:00am-2:59am,53,53,0,This section IS NOT on the NHS,1,Rural,3,Principal Arterial - Other,1,State Highway Agency,3,State Highway,SR-30,,130,130,38.30644444,38.30644444,-90.779250000,-90.779250000,0,No Special Jurisdiction,30,Utility Pole/Light Support,0,The First Harmful Event was Not a Collision with a Motor Vehicle in Transport,0,No,1,Non-Junction,1,Not an Intersection,0,None,,,4,On Roadside,2,Dark - Not Lighted,1,Clear,0,No Additional Atmospheric Conditions,1,Clear,0,No,0000000,Not Applicable,2,2:00am-2:59am,54,54,3,3:00am-3:59am,2,2,88,Not Applicable (Not Transported),88,Not Applicable (Not Transported),0,None,0,None,0,None,1,0
2019,29,290637,Missouri,2,2,0,0,0,2,2,99,JEFFERSON (99),0,NOT APPLICABLE,10,10,9,September,2019,3,Tuesday,9,9:00am-9:59am,50,50,0,This section IS NOT on the NHS,1,Rural,4,Minor Arterial,1,State Highway Agency,3,State Highway,SR-V,VALLES MINES RD,60,60,38.04463889,38.04463889,-90.503888890,-90.503888890,0,No Special Jurisdiction,12,Motor Vehicle In-Transport,6,Angle,0,No,2,Intersection,4,Y-Intersection,0,None,,,1,On Roadway,1,Daylight,1,Clear,0,No Additional Atmospheric Conditions,1,Clear,0,No,0000000,Not Applicable,9,9:00am-9:59am,55,55,10,10:00am-10:59am,5,5,11,11:00am-11:59am,13,13,0,None,0,None,0,None,1,0
2019,29,290638,Missouri,1,1,0,0,0,1,1,61,DAVIESS (61),0,NOT APPLICABLE,24,24,9,September,2019,3,Tuesday,9,9:00am-9:59am,55,55,1,This section IS ON the NHS,1,Rural,1,Interstate,1,State Highway Agency,1,Interstate,I-35,,150,150,39.99150000,39.99150000,-94.095194440,-94.095194440,0,No Special Jurisdiction,5,Fell/Jumped from Vehicle,0,The First Harmful Event was Not a Collision with a Motor Vehicle in Transport,0,No,1,Non-Junction,1,Not an Intersection,0,None,,,4,On Roadside,1,Daylight,1,Clear,0,No Additional Atmospheric Conditions,1,Clear,0,No,0000000,Not Applicable,9,9:00am-9:59am,56,56,10,10:00am-10:59am,13,13,99,Unknown,99,Unknown EMS Hospital Arrival Time,0,None,0,None,0,None,1,0
2019,29,290639,Missouri,2,2,0,0,0,3,3,159,PETTIS (159),0,NOT APPLICABLE,16,16,9,September,2019,2,Monday,14,2:00pm-2:59pm,33,33,0,This section IS NOT on the NHS,2,Urban,7,Local,2,County Highway Agency,4,County Road,CR-MARSHALL AVE,,0,None,38.67783333,38.67783333,-93.195694440,-93.195694440,0,No Special Jurisdiction,1,Rollover/Overturn,0,The First Harmful Event was Not a Collision with a Motor Vehicle in Transport,0,No,1,Non-Junction,1,Not an Intersection,0,None,,,1,On Roadway,1,Daylight,1,Clear,0,No Additional Atmospheric Conditions,1,Clear,0,No,0000000,Not Applicable,99,Unknown,99,Unknown,99,Unknown EMS Scene Arrival Hour,99,Unknown EMS Scene Arrival Minutes,99,Unknown,99,Unknown EMS Hospital Arrival Time,0,None,0,None,0,None,1,0
2019,29,290640,Missouri,1,1,0,1,1,1,1,19,BOONE (19),1800,COLUMBIA,16,16,9,September,2019,2,Monday,22,10:00pm-10:59pm,18,18,0,This section IS NOT on the NHS,2,Urban,4,Minor Arterial,1,State Highway Agency,3,State Highway,SR-PP,,0,None,38.96394444,38.96394444,-92.283930560,-92.283930560,0,No Special Jurisdiction,8,Pedestrian,0,The First Harmful Event was Not a Collision with a Motor Vehicle in Transport,0,No,1,Non-Junction,1,Not an Intersection,0,None,,,1,On Roadway,2,Dark - Not Lighted,1,Clear,0,No Additional Atmospheric Conditions,1,Clear,0,No,0000000,Not Applicable,99,Unknown,98,Unknown if Notified,99,Unknown EMS Scene Arrival Hour,98,Unknown if Arrived,88,Not Applicable (Not Transported),88,Not Applicable (Not Transported),0,None,0,None,0,None,1,0
2019,29,290641,Missouri,2,2,0,0,0,2,2,189,ST. LOUIS (189),553,BELLEFONTAINE NEIGHBORS,30,30,9,September,2019,2,Monday,15,3:00pm-3:59pm,40,40,0,This section IS NOT on the NHS,2,Urban,4,Minor Arterial,4,City or Municipal Highway Agency,4,County Road,CR-BELLEFONTAINE RD,,30,30,38.76633333,38.76633333,-90.221361110,-90.221361110,0,No Special Jurisdiction,12,Motor Vehicle In-Transport,2,Front-to-Front,0,No,1,Non-Junction,1,Not an Intersection,0,None,,,1,On Roadway,1,Daylight,1,Clear,0,No Additional Atmospheric Conditions,1,Clear,0,No,0000000,Not Applicable,15,3:00pm-3:59pm,43,43,15,3:00pm-3:59pm,52,52,16,4:00pm-4:59pm,33,33,0,None,0,None,0,None,1,1
2019,29,290642,Missouri,1,1,0,3,3,1,1,189,ST. LOUIS (189),9999,Unknown,4,4,10,October,2019,6,Friday,21,9:00pm-9:59pm,20,20,1,This section IS ON the NHS,2,Urban,3,Principal Arterial - Other,2,County Highway Agency,4,County Road,CR-CHAMBERS RD,CR-CLAIRMONT DR,40,40,38.74935833,38.74935833,-90.268530560,-90.268530560,0,No Special Jurisdiction,8,Pedestrian,0,The First Harmful Event was Not a Collision with a Motor Vehicle in Transport,0,No,2,Intersection,3,T-Intersection,0,None,,,1,On Roadway,2,Dark - Not Lighted,1,Clear,0,No Additional Atmospheric Conditions,1,Clear,0,No,0000000,Not Applicable,21,9:00pm-9:59pm,23,23,21,9:00pm-9:59pm,23,23,21,9:00pm-9:59pm,48,48,0,None,0,None,0,None,1,0
2019,29,290643,Missouri,4,4,0,0,0,5,5,99,JEFFERSON (99),0,NOT APPLICABLE,8,8,10,October,2019,3,Tuesday,14,2:00pm-2:59pm,28,28,1,This section IS ON the NHS,2,Urban,2,Principal Arterial - Other Freeways and Expressways,1,State Highway Agency,2,U.S. Highway,US-67,,120,120,38.18930556,38.18930556,-90.432888890,-90.432888890,0,No Special Jurisdiction,58,Ground,0,The First Harmful Event was Not a Collision with a Motor Vehicle in Transport,0,No,1,Non-Junction,1,Not an Intersection,0,None,,,4,On Roadside,1,Daylight,1,Clear,0,No Additional Atmospheric Conditions,1,Clear,0,No,0000000,Not Applicable,14,2:00pm-2:59pm,35,35,14,2:00pm-2:59pm,51,51,15,3:00pm-3:59pm,26,26,14,"Motor Vehicle struck by falling cargo,or something that came loose from or something that was set in motion by a vehicle",0,None,0,None,1,0
2019,29,290644,Missouri,2,2,0,0,0,5,5,53,COOPER (53),0,NOT APPLICABLE,12,12,10,October,2019,7,Saturday,10,10:00am-10:59am,0,0,0,This section IS NOT on the NHS,1,Rural,6,Minor Collector,1,State Highway Agency,3,State Highway,SR-U,,10,10,38.81841667,38.81841667,-92.661777780,-92.661777780,0,No Special Jurisdiction,12,Motor Vehicle In-Transport,2,Front-to-Front,0,No,1,Non-Junction,1,Not an Intersection,0,None,,,1,On Roadway,1,Daylight,1,Clear,0,No Additional Atmospheric Conditions,1,Clear,0,No,0000000,Not Applicable,10,10:00am-10:59am,24,24,10,10:00am-10:59am,41,41,99,Unknown,99,Unknown EMS Hospital Arrival Time,0,None,0,None,0,None,2,0
2019,29,290645,Missouri,1,1,0,0,0,3,3,125,MARIES (125),0,NOT APPLICABLE,12,12,10,October,2019,7,Saturday,2,2:00am-2:59am,30,30,0,This section IS NOT on the NHS,1,Rural,6,Minor Collector,1,State Highway Agency,3,State Highway,SR-E,,0,None,38.05288889,38.05288889,-91.868833330,-91.868833330,0,No Special Jurisdiction,42,Tree (Standing Only),0,The First Harmful Event was Not a Collision with a Motor Vehicle in Transport,0,No,1,Non-Junction,1,Not an Intersection,0,None,,,4,On Roadside,2,Dark - Not Lighted,1,Clear,0,No Additional Atmospheric Conditions,1,Clear,0,No,0000000,Not Applicable,4,4:00am-4:59am,54,54,5,5:00am-5:59am,17,17,99,Unknown,99,Unknown EMS Hospital Arrival Time,0,None,0,None,0,None,1,1
2019,29,290646,Missouri,2,2,0,0,0,5,5,31,CAPE GIRARDEAU (31),0,NOT APPLICABLE,18,18,10,October,2019,6,Friday,18,6:00pm-6:59pm,10,10,0,This section IS NOT on the NHS,1,Rural,5,Major Collector,1,State Highway Agency,3,State Highway,SR-25,,180,180,37.28494444,37.28494444,-89.668583330,-89.668583330,0,No Special Jurisdiction,12,Motor Vehicle In-Transport,6,Angle,0,No,1,Non-Junction,1,Not an Intersection,0,None,,,1,On Roadway,1,Daylight,1,Clear,0,No Additional Atmospheric Conditions,1,Clear,0,No,0000000,Not Applicable,18,6:00pm-6:59pm,13,13,18,6:00pm-6:59pm,25,25,19,7:00pm-7:59pm,10,10,0,None,0,None,0,None,1,0
2019,29,290647,Missouri,1,1,0,0,0,1,1,95,JACKSON (95),3940,INDEPENDENCE,12,12,9,September,2019,5,Thursday,17,5:00pm-5:59pm,10,10,0,This section IS NOT on the NHS,2,Urban,7,Local,4,City or Municipal Highway Agency,6,Local Street - Municipality,COLLEGE ST,PEARL DR,10,10,39.09807778,39.09807778,-94.409019440,-94.409019440,0,No Special Jurisdiction,18,Other Object (not fixed),0,The First Harmful Event was Not a Collision with a Motor Vehicle in Transport,0,No,3,Intersection-Related,2,Four-Way Intersection,0,None,,,4,On Roadside,1,Daylight,10,Cloudy,0,No Additional Atmospheric Conditions,10,Cloudy,0,No,0000000,Not Applicable,17,5:00pm-5:59pm,11,11,17,5:00pm-5:59pm,17,17,17,5:00pm-5:59pm,46,46,0,None,0,None,0,None,1,1
2019,29,290648,Missouri,1,1,0,1,1,1,1,189,ST. LOUIS (189),2690,FENTON,3,3,10,October,2019,5,Thursday,23,11:00pm-11:59pm,20,20,1,This section IS ON the NHS,2,Urban,2,Principal Arterial - Other Freeways and Expressways,1,State Highway Agency,3,State Highway,SR-30,,100,100,38.50236111,38.50236111,-90.458972220,-90.458972220,0,No Special Jurisdiction,8,Pedestrian,0,The First Harmful Event was Not a Collision with a Motor Vehicle in Transport,0,No,1,Non-Junction,1,Not an Intersection,0,None,,,1,On Roadway,2,Dark - Not Lighted,1,Clear,0,No Additional Atmospheric Conditions,1,Clear,0,No,0000000,Not Applicable,23,11:00pm-11:59pm,22,22,23,11:00pm-11:59pm,27,27,88,Not Applicable (Not Transported),88,Not Applicable (Not Transported),0,None,0,None,0,None,1,0
2019,29,290649,Missouri,2,2,0,0,0,2,2,51,COLE (51),4040,JEFFERSON CITY,18,18,10,October,2019,6,Friday,22,10:00pm-10:59pm,23,23,1,This section IS ON the NHS,2,Urban,3,Principal Arterial - Other,1,State Highway Agency,3,State Highway,SR-179,RP 7067,40,40,38.58103333,38.58103333,-92.231311110,-92.231311110,0,No Special Jurisdiction,12,Motor Vehicle In-Transport,6,Angle,1,Yes,2,Intersection,2,Four-Way Intersection,0,None,,,1,On Roadway,3,Dark - Lighted,1,Clear,0,No Additional Atmospheric Conditions,1,Clear,0,No,0000000,Not Applicable,99,Unknown,98,Unknown if Notified,99,Unknown EMS Scene Arrival Hour,98,Unknown if Arrived,88,Not Applicable (Not Transported),88,Not Applicable (Not Transported),0,None,0,None,0,None,1,1
2019,29,290650,Missouri,1,1,0,0,0,5,5,127,MARION (127),0,NOT APPLICABLE,19,19,10,October,2019,7,Saturday,19,7:00pm-7:59pm,0,0,1,This section IS ON the NHS,1,Rural,2,Principal Arterial - Other Freeways and Expressways,1,State Highway Agency,2,U.S. Highway,US-61,,190,190,39.74561111,39.74561111,-91.514944440,-91.514944440,0,No Special Jurisdiction,1,Rollover/Overturn,0,The First Harmful Event was Not a Collision with a Motor Vehicle in Transport,0,No,1,Non-Junction,1,Not an Intersection,0,None,,,3,On Median,2,Dark - Not Lighted,10,Cloudy,0,No Additional Atmospheric Conditions,10,Cloudy,0,No,0000000,Not Applicable,19,7:00pm-7:59pm,5,5,19,7:00pm-7:59pm,11,11,19,7:00pm-7:59pm,35,35,0,None,0,None,0,None,1,1
2019,29,290651,Missouri,1,1,0,0,0,1,1,99,JEFFERSON (99),0,NOT APPLICABLE,20,20,10,October,2019,1,Sunday,23,11:00pm-11:59pm,18,18,1,This section IS ON the NHS,2,Urban,2,Principal Arterial - Other Freeways and Expressways,1,State Highway Agency,2,U.S. Highway,US-67,,240,240,38.16730556,38.16730556,-90.451027780,-90.451027780,0,No Special Jurisdiction,1,Rollover/Overturn,0,The First Harmful Event was Not a Collision with a Motor Vehicle in Transport,0,No,1,Non-Junction,1,Not an Intersection,0,None,,,4,On Roadside,2,Dark - Not Lighted,1,Clear,0,No Additional Atmospheric Conditions,1,Clear,0,No,0000000,Not Applicable,23,11:00pm-11:59pm,21,21,23,11:00pm-11:59pm,25,25,88,Not Applicable (Not Transported),88,Not Applicable (Not Transported),0,None,0,None,0,None,1,1
2019,29,290652,Missouri,2,2,0,0,0,4,4,95,JACKSON (95),4120,KANSAS CITY,23,23,10,October,2019,4,Wednesday,21,9:00pm-9:59pm,15,15,1,This section IS ON the NHS,2,Urban,2,Principal Arterial - Other Freeways and Expressways,1,State Highway Agency,2,U.S. Highway,US-71,,120,120,38.95238889,38.95238889,-94.539780560,-94.539780560,0,No Special Jurisdiction,24,Guardrail Face,0,The First Harmful Event was Not a Collision with a Motor Vehicle in Transport,0,No,1,Non-Junction,1,Not an Intersection,0,None,,,3,On Median,3,Dark - Lighted,1,Clear,0,No Additional Atmospheric Conditions,1,Clear,0,No,0000000,Not Applicable,21,9:00pm-9:59pm,16,16,21,9:00pm-9:59pm,23,23,21,9:00pm-9:59pm,50,50,0,None,0,None,0,None,1,0