caseyear,state,st_case,statename,ve_total,ve_forms,pvh_invl,peds,pernotmvit,permvit,persons,county,countyname,city,cityname,day,dayname,month,monthname,year,day_week,day_weekname,hour,hourname,minute,minutename,nhs,nhsname,rur_urb,rur_urbname,func_sys,func_sysname,rd_owner,rd_ownername,route,routename,tway_id,tway_id2,milept,mileptname,latitude,latitudename,longitud,longitudname,sp_jur,sp_jurname,harm_ev,harm_evname,man_coll,man_collname,reljct1,reljct1name,reljct2,reljct2name,typ_int,typ_intname,wrk_zone,wrk_zonename,road_fnc,road_fncname,rel_road,rel_roadname,lgt_cond,lgt_condname,weather1,weather1name,weather2,weather2name,weather,weathername,sch_bus,sch_busname,rail,railname,not_hour,not_hourname,not_min,not_minname,arr_hour,arr_hourname,arr_min,arr_minname,hosp_hr,hosp_hrname,hosp_mn,hosp_mnname,cf1,cf1name,cf2,cf2name,cf3,cf3name,fatals,drunk_dr
2019,29,290723,Missouri,1,1,0,1,1,1,1,183,ST. CHARLES (183),8280,WENTZVILLE,11,11,11,November,2019,2,Monday,19,7:00pm-7:59pm,35,35,0,This section IS NOT on the NHS,2,Urban,5,Major Collector,4,City or Municipal Highway Agency,6,Local Street - Municipality,E PITMAN AVE,,10,10,38.80533333,38.80533333,-90.787305560,-90.787305560,0,No Special Jurisdiction,8,Pedestrian,0,The First Harmful Event was Not a Collision with a Motor Vehicle in Transport,0,No,1,Non-Junction,1,Not an Intersection,0,None,,,1,On Roadway,2,Dark - Not Lighted,4,Snow,10,Cloudy,4,Snow,0,No,0000000,Not Applicable,99,Unknown,99,Unknown,99,Unknown EMS Scene Arrival Hour,99,Unknown EMS Scene Arrival Minutes,99,Unknown,99,Unknown EMS Hospital Arrival Time,0,None,0,None,0,None,1,0
2019,29,290724,Missouri,2,2,0,0,0,2,2,71,FRANKLIN (71),6030,PACIFIC,11,11,11,November,2019,2,Monday,11,11:00am-11:59am,2,2,0,This section IS NOT on the NHS,2,Urban,6,Minor Collector,4,City or Municipal Highway Agency,6,Local Street - Municipality,HOGAN RD,,30,30,38.48616667,38.48616667,-90.763944440,-90.763944440,0,No Special Jurisdiction,12,Motor Vehicle In-Transport,6,Angle,0,No,1,Non-Junction,1,Not an Intersection,0,None,,,1,On Roadway,1,Daylight,3,Sleet or Hail,10,Cloudy,3,Sleet or Hail,0,No,0000000,Not Applicable,10,10:00am-10:59am,57,57,11,11:00am-11:59am,6,6,11,11:00am-11:59am,39,39,0,None,0,None,0,None,1,0
2019,29,290725,Missouri,2,2,0,0,0,4,4,71,FRANKLIN (71),0,NOT APPLICABLE,13,13,11,November,2019,4,Wednesday,14,2:00pm-2:59pm,18,18,0,This section IS NOT on the NHS,1,Rural,7,Local,2,County Highway Agency,4,County Road,CR-PROJECT RD,,90,90,38.27716667,38.27716667,-90.786583330,-90.786583330,0,No Special Jurisdiction,12,Motor Vehicle In-Transport,8,Sideswipe - Opposite Direction,0,No,1,Non-Junction,1,Not an Intersection,0,None,,,1,On Roadway,1,Daylight,1,Clear,0,No Additional Atmospheric Conditions,1,Clear,0,No,0000000,Not Applicable,14,2:00pm-2:59pm,19,19,14,2:00pm-2:59pm,29,29,15,3:00pm-3:59pm,39,39,0,None,0,None,0,None,1,1
2019,29,290726,Missouri,3,3,0,0,0,5,5,119,MCDONALD (119),6300,PINEVILLE,13,13,11,November,2019,4,Wednesday,18,6:00pm-6:59pm,5,5,1,This section IS ON the NHS,1,Rural,3,Principal Arterial - Other,1,State Highway Agency,2,U.S. Highway,US-71,,80,80,36.56622222,36.56622222,-94.374361110,-94.374361110,0,No Special Jurisdiction,12,Motor Vehicle In-Transport,6,Angle,0,No,1,Non-Junction,1,Not an Intersection,0,None,,,1,On Roadway,2,Dark - Not Lighted,1,Clear,0,No Additional Atmospheric Conditions,1,Clear,0,No,0000000,Not Applicable,18,6:00pm-6:59pm,11,11,18,6:00pm-6:59pm,52,52,19,7:00pm-7:59pm,43,43,14,"Motor Vehicle struck by falling cargo,or something that came loose from or something that was set in motion by a vehicle",0,None,0,None,2,0
2019,29,290727,Missouri,1,1,0,0,0,2,2,95,JACKSON (95),4120,KANSAS CITY,13,13,11,November,2019,4,Wednesday,13,1:00pm-1:59pm,4,4,1,This section IS ON the NHS,2,Urban,1,Interstate,1,State Highway Agency,1,Interstate,I-435,,80,80,38.98586944,38.98586944,-94.502397220,-94.502397220,0,No Special Jurisdiction,57,Cable Barrier,0,The First Harmful Event was Not a Collision with a Motor Vehicle in Transport,0,No,1,Non-Junction,1,Not an Intersection,0,None,,,3,On Median,1,Daylight,10,Cloudy,0,No Additional Atmospheric Conditions,10,Cloudy,0,No,0000000,Not Applicable,13,1:00pm-1:59pm,4,4,13,1:00pm-1:59pm,14,14,13,1:00pm-1:59pm,25,25,0,None,0,None,0,None,1,0
2019,29,290728,Missouri,1,1,0,0,0,2,2,41,CHARITON (41),0,NOT APPLICABLE,15,15,11,November,2019,6,Friday,23,11:00pm-11:59pm,30,30,1,This section IS ON the NHS,1,Rural,3,Principal Arterial - Other,1,State Highway Agency,2,U.S. Highway,US-24,,250,250,39.43741667,39.43741667,-92.737000000,-92.737000000,0,No Special Jurisdiction,1,Rollover/Overturn,0,The First Harmful Event was Not a Collision with a Motor Vehicle in Transport,0,No,1,Non-Junction,1,Not an Intersection,0,None,,,4,On Roadside,2,Dark - Not Lighted,1,Clear,0,No Additional Atmospheric Conditions,1,Clear,0,No,0000000,Not Applicable,23,11:00pm-11:59pm,19,19,23,11:00pm-11:59pm,40,40,0,0:00am-0:59am,7,7,0,None,0,None,0,None,1,1
2019,29,290729,Missouri,1,1,0,3,3,1,1,105,LACLEDE (105),4480,LEBANON,23,23,11,November,2019,7,Saturday,20,8:00pm-8:59pm,58,58,0,This section IS NOT on the NHS,2,Urban,4,Minor Arterial,1,State Highway Agency,3,State Highway,SR-64,,120,120,37.68658056,37.68658056,-92.671741670,-92.671741670,0,No Special Jurisdiction,8,Pedestrian,0,The First Harmful Event was Not a Collision with a Motor Vehicle in Transport,0,No,1,Non-Junction,1,Not an Intersection,0,None,,,1,On Roadway,2,Dark - Not Lighted,1,Clear,0,No Additional Atmospheric Conditions,1,Clear,0,No,0000000,Not Applicable,20,8:00pm-8:59pm,56,56,21,9:00pm-9:59pm,11,11,22,10:00pm-10:59pm,17,17,0,None,0,None,0,None,2,0
2019,29,290730,Missouri,1,1,0,1,1,1,1,43,CHRISTIAN (43),6020,OZARK,24,24,11,November,2019,1,Sunday,10,10:00am-10:59am,13,13,0,This section IS NOT on the NHS,2,Urban,4,Minor Arterial,1,State Highway Agency,3,State Highway,SR-J,CR-N 17TH ST,0,None,37.07010833,37.07010833,-93.223727780,-93.223727780,0,No Special Jurisdiction,9,Pedalcyclist,0,The First Harmful Event was Not a Collision with a Motor Vehicle in Transport,0,No,2,Intersection,2,Four-Way Intersection,0,None,,,1,On Roadway,1,Daylight,1,Clear,0,No Additional Atmospheric Conditions,1,Clear,0,No,0000000,Not Applicable,10,10:00am-10:59am,13,13,10,10:00am-10:59am,15,15,10,10:00am-10:59am,34,34,0,None,0,None,0,None,1,0
2019,29,290731,Missouri,1,1,0,0,0,1,1,45,CLARK (45),0,NOT APPLICABLE,24,24,11,November,2019,1,Sunday,12,12:00pm-12:59pm,56,56,0,This section IS NOT on the NHS,1,Rural,5,Major Collector,1,State Highway Agency,3,State Highway,SR-V,,30,30,40.59788889,40.59788889,-91.829944440,-91.829944440,0,No Special Jurisdiction,38,Fence,0,The First Harmful Event was Not a Collision with a Motor Vehicle in Transport,0,No,1,Non-Junction,1,Not an Intersection,0,None,,,5,Outside Trafficway,1,Daylight,1,Clear,0,No Additional Atmospheric Conditions,1,Clear,0,No,0000000,Not Applicable,13,1:00pm-1:59pm,20,20,13,1:00pm-1:59pm,47,47,14,2:00pm-2:59pm,29,29,0,None,0,None,0,None,1,0
2019,29,290732,Missouri,2,2,0,0,0,2,2,510,ST. LOUIS (CITY) (510),7080,SAINT LOUIS,24,24,11,November,2019,1,Sunday,1,1:00am-1:59am,48,48,1,This section IS ON the NHS,2,Urban,3,Principal Arterial - Other,4,City or Municipal Highway Agency,6,Local Street - Municipality,KINGSHIGHWAY BLVD,,80,80,38.68436111,38.68436111,-90.247350000,-90.247350000,0,No Special Jurisdiction,12,Motor Vehicle In-Transport,2,Front-to-Front,0,No,1,Non-Junction,1,Not an Intersection,0,None,,,1,On Roadway,3,Dark - Lighted,10,Cloudy,0,No Additional Atmospheric Conditions,10,Cloudy,0,No,0000000,Not Applicable,1,1:00am-1:59am,56,56,2,2:00am-2:59am,1,1,99,Unknown,99,Unknown EMS Hospital Arrival Time,0,None,0,None,0,None,1,1
2019,29,290733,Missouri,2,2,0,0,0,6,6,23,BUTLER (23),0,NOT APPLICABLE,26,26,11,November,2019,3,Tuesday,18,6:00pm-6:59pm,40,40,1,This section IS ON the NHS,1,Rural,3,Principal Arterial - Other,1,State Highway Agency,3,State Highway,SR-53,SR-51 NJ,150,150,36.62436111,36.62436111,-90.280277780,-90.280277780,0,No Special Jurisdiction,12,Motor Vehicle In-Transport,1,Front-to-Rear,0,No,2,Intersection,3,T-Intersection,0,None,,,1,On Roadway,2,Dark - Not Lighted,2,Rain,10,Cloudy,2,Rain,0,No,0000000,Not Applicable,6,6:00am-6:59am,46,46,7,7:00am-7:59am,8,8,88,Not Applicable (Not Transported),88,Not Applicable (Not Transported),0,None,0,None,0,None,1,0
2019,29,290734,Missouri,1,1,0,0,0,2,2,69,DUNKLIN (69),0,NOT APPLICABLE,27,27,11,November,2019,4,Wednesday,16,4:00pm-4:59pm,50,50,0,This section IS NOT on the NHS,1,Rural,7,Local,2,County Highway Agency,4,County Road,CR-403,,20,20,36.27191667,36.27191667,-90.071944440,-90.071944440,0,No Special Jurisdiction,35,Embankment,0,The First Harmful Event was Not a Collision with a Motor Vehicle in Transport,0,No,1,Non-Junction,1,Not an Intersection,0,None,,,4,On Roadside,1,Daylight,1,Clear,0,No Additional Atmospheric Conditions,1,Clear,0,No,0000000,Not Applicable,99,Unknown,98,Unknown if Notified,99,Unknown EMS Scene Arrival Hour,98,Unknown if Arrived,88,Not Applicable (Not Transported),88,Not Applicable (Not Transported),0,None,0,None,0,None,1,0
2019,29,290735,Missouri,1,1,0,0,0,1,1,99,JEFFERSON (99),0,NOT APPLICABLE,28,28,11,November,2019,5,Thursday,18,6:00pm-6:59pm,40,40,1,This section IS ON the NHS,1,Rural,3,Principal Arterial - Other,1,State Highway Agency,3,State Highway,SR-21,,110,110,38.18925000,38.18925000,-90.566416670,-90.566416670,0,No Special Jurisdiction,42,Tree (Standing Only),0,The First Harmful Event was Not a Collision with a Motor Vehicle in Transport,0,No,1,Non-Junction,1,Not an Intersection,0,None,,,4,On Roadside,2,Dark - Not Lighted,2,Rain,10,Cloudy,2,Rain,0,No,0000000,Not Applicable,18,6:00pm-6:59pm,43,43,18,6:00pm-6:59pm,47,47,88,Not Applicable (Not Transported),88,Not Applicable (Not Transported),0,None,0,None,0,None,1,0
2019,29,290736,Missouri,1,1,0,1,1,1,1,95,JACKSON (95),4120,KANSAS CITY,29,29,11,November,2019,6,Friday,19,7:00pm-7:59pm,44,44,1,This section IS ON the NHS,2,Urban,7,Local,4,City or Municipal Highway Agency,6,Local Street - Municipality,INDEPENDENCE AVE,,30,30,39.10555000,39.10555000,-94.527855560,-94.527855560,0,No Special Jurisdiction,8,Pedestrian,0,The First Harmful Event was Not a Collision with a Motor Vehicle in Transport,0,No,1,Non-Junction,1,Not an Intersection,0,None,,,1,On Roadway,3,Dark - Lighted,2,Rain,0,No Additional Atmospheric Conditions,2,Rain,0,No,0000000,Not Applicable,19,7:00pm-7:59pm,45,45,19,7:00pm-7:59pm,51,51,20,8:00pm-8:59pm,10,10,0,None,0,None,0,None,1,0
2019,29,290737,Missouri,2,2,0,0,0,3,3,183,ST. CHARLES (183),0,NOT APPLICABLE,29,29,11,November,2019,6,Friday,9,9:00am-9:59am,13,13,0,This section IS NOT on the NHS,1,Rural,4,Minor Arterial,1,State Highway Agency,3,State Highway,SR-D,,140,140,38.70358333,38.70358333,-90.790583330,-90.790583330,0,No Special Jurisdiction,12,Motor Vehicle In-Transport,2,Front-to-Front,0,No,1,Non-Junction,1,Not an Intersection,0,None,,,1,On Roadway,1,Daylight,10,Cloudy,0,No Additional Atmospheric Conditions,10,Cloudy,0,No,0000000,Not Applicable,9,9:00am-9:59am,17,17,9,9:00am-9:59am,32,32,10,10:00am-10:59am,21,21,0,None,0,None,0,None,2,0
2019,29,290738,Missouri,1,1,0,1,1,1,1,189,ST. LOUIS (189),0,NOT APPLICABLE,29,29,11,November,2019,6,Friday,16,4:00pm-4:59pm,20,20,0,This section IS NOT on the NHS,2,Urban,4,Minor Arterial,1,State Highway Agency,3,State Highway,SR-231,CR-WEISS AVE,0,None,38.53481111,38.53481111,-90.272936110,-90.272936110,0,No Special Jurisdiction,8,Pedestrian,0,The First Harmful Event was Not a Collision with a Motor Vehicle in Transport,0,No,3,Intersection-Related,98,Not Reported,0,None,,,1,On Roadway,1,Daylight,2,Rain,0,No Additional Atmospheric Conditions,2,Rain,0,No,0000000,Not Applicable,16,4:00pm-4:59pm,25,25,16,4:00pm-4:59pm,33,33,16,4:00pm-4:59pm,49,49,0,None,0,None,0,None,1,0
2019,29,290739,Missouri,2,2,0,0,0,3,3,165,PLATTE (165),0,NOT APPLICABLE,22,22,10,October,2019,3,Tuesday,14,2:00pm-2:59pm,42,42,1,This section IS ON the NHS,1,Rural,3,Principal Arterial - Other,1,State Highway Agency,3,State Highway,SR-92,,40,40,39.36781944,39.36781944,-94.867166670,-94.867166670,0,No Special Jurisdiction,12,Motor Vehicle In-Transport,1,Front-to-Rear,0,No,1,Non-Junction,1,Not an Intersection,0,None,,,1,On Roadway,1,Daylight,1,Clear,0,No Additional Atmospheric Conditions,1,Clear,0,No,0000000,Not Applicable,14,2:00pm-2:59pm,46,46,14,2:00pm-2:59pm,59,59,99,Unknown,99,Unknown EMS Hospital Arrival Time,0,None,0,None,0,None,1,1
2019,29,290740,Missouri,1,1,0,0,0,1,1,77,GREENE (77),0,NOT APPLICABLE,24,24,10,October,2019,5,Thursday,11,11:00am-11:59am,25,25,1,This section IS ON the NHS,1,Rural,1,Interstate,1,State Highway Agency,1,Interstate,I-44,,90,90,37.19741667,37.19741667,-93.437305560,-93.437305560,0,No Special Jurisdiction,42,Tree (Standing Only),0,The First Harmful Event was Not a Collision with a Motor Vehicle in Transport,0,No,1,Non-Junction,1,Not an Intersection,0,None,,,4,On Roadside,1,Daylight,2,Rain,0,No Additional Atmospheric Conditions,2,Rain,0,No,0000000,Not Applicable,99,Unknown,98,Unknown if Notified,99,Unknown EMS Scene Arrival Hour,98,Unknown if Arrived,88,Not Applicable (Not Transported),88,Not Applicable (Not Transported),0,None,0,None,0,None,1,0
2019,29,290741,Missouri,1,1,0,1,1,1,1,510,ST. LOUIS (CITY) (510),7080,SAINT LOUIS,11,11,11,November,2019,2,Monday,6,6:00am-6:59am,13,13,1,This section IS ON the NHS,2,Urban,3,Principal Arterial - Other,1,State Highway Agency,3,State Highway,SR-H,,50,50,38.70808889,38.70808889,-90.226605560,-90.226605560,0,No Special Jurisdiction,8,Pedestrian,0,The First Harmful Event was Not a Collision with a Motor Vehicle in Transport,0,No,1,Non-Junction,1,Not an Intersection,0,None,,,1,On Roadway,3,Dark - Lighted,2,Rain,10,Cloudy,2,Rain,0,No,0000000,Not Applicable,6,6:00am-6:59am,10,10,6,6:00am-6:59am,19,19,6,6:00am-6:59am,51,51,0,None,0,None,0,None,1,0
2019,29,290742,Missouri,1,1,0,0,0,1,1,211,SULLIVAN (211),0,NOT APPLICABLE,15,15,11,November,2019,6,Friday,18,6:00pm-6:59pm,9,9,0,This section IS NOT on the NHS,1,Rural,5,Major Collector,1,State Highway Agency,3,State Highway,SR-129,,220,220,40.12477778,40.12477778,-92.922361110,-92.922361110,0,No Special Jurisdiction,31,"Post, Pole or Other Supports",0,The First Harmful Event was Not a Collision with a Motor Vehicle in Transport,0,No,1,Non-Junction,1,Not an Intersection,0,None,,,4,On Roadside,2,Dark - Not Lighted,1,Clear,0,No Additional Atmospheric Conditions,1,Clear,0,No,0000000,Not Applicable,99,Unknown,98,Unknown if Notified,99,Unknown EMS Scene Arrival Hour,98,Unknown if Arrived,88,Not Applicable (Not Transported),88,Not Applicable (Not Transported),0,None,0,None,0,None,1,1
2019,29,290743,Missouri,1,1,0,0,0,1,1,225,WEBSTER (225),0,NOT APPLICABLE,15,15,11,November,2019,6,Friday,17,5:00pm-5:59pm,25,25,0,This section IS NOT on the NHS,1,Rural,5,Major Collector,1,State Highway Agency,3,State Highway,SR-A,,20,20,37.31091667,37.31091667,-92.907194440,-92.907194440,0,No Special Jurisdiction,58,Ground,0,The First Harmful Event was Not a Collision with a Motor Vehicle in Transport,0,No,1,Non-Junction,1,Not an Intersection,0,None,,,4,On Roadside,1,Daylight,1,Clear,0,No Additional Atmospheric Conditions,1,Clear,0,No,0000000,Not Applicable,99,Unknown,98,Unknown if Notified,99,Unknown EMS Scene Arrival Hour,98,Unknown if Arrived,88,Not Applicable (Not Transported),88,Not Applicable (Not Transported),20,Police Pursuit Involved,0,None,0,None,1,1
2019,29,290744,Missouri,2,2,0,0,0,2,2,171,PUTNAM (171),0,NOT APPLICABLE,15,15,11,November,2019,6,Friday,7,7:00am-7:59am,34,34,0,This section IS NOT on the NHS,1,Rural,4,Minor Arterial,1,State Highway Agency,2,U.S. Highway,US-136,,30,30,40.48894444,40.48894444,-92.750555560,-92.750555560,0,No Special Jurisdiction,12,Motor Vehicle In-Transport,1,Front-to-Rear,0,No,1,Non-Junction,1,Not an Intersection,0,None,,,1,On Roadway,1,Daylight,1,Clear,0,No Additional Atmospheric Conditions,1,Clear,1,Yes,0000000,Not Applicable,99,Unknown,98,Unknown if Notified,99,Unknown EMS Scene Arrival Hour,98,Unknown if Arrived,88,Not Applicable (Not Transported),88,Not Applicable (Not Transported),0,None,0,None,0,None,1,0
2019,29,290745,Missouri,4,4,0,0,0,4,4,33,CARROLL (33),0,NOT APPLICABLE,15,15,11,November,2019,6,Friday,14,2:00pm-2:59pm,54,54,1,This section IS ON the NHS,1,Rural,3,Principal Arterial - Other,1,State Highway Agency,2,U.S. Highway,US-65,,210,210,39.34444444,39.34444444,-93.484305560,-93.484305560,0,No Special Jurisdiction,12,Motor Vehicle In-Transport,1,Front-to-Rear,0,No,1,Non-Junction,1,Not an Intersection,1,Construction,,,1,On Roadway,1,Daylight,1,Clear,0,No Additional Atmospheric Conditions,1,Clear,0,No,0000000,Not Applicable,14,2:00pm-2:59pm,54,54,15,3:00pm-3:59pm,0,0,99,Unknown,99,Unknown EMS Hospital Arrival Time,0,None,0,None,0,None,1,0
2019,29,290746,Missouri,1,1,0,0,0,1,1,209,STONE (209),4175,KIMBERLING CITY,17,17,11,November,2019,1,Sunday,0,0:00am-0:59am,25,25,0,This section IS NOT on the NHS,1,Rural,7,Local,4,City or Municipal Highway Agency,6,Local Street - Municipality,REED OAK LN,,0,None,36.65441667,36.65441667,-93.435805560,-93.435805560,0,No Special Jurisdiction,1,Rollover/Overturn,0,The First Harmful Event was Not a Collision with a Motor Vehicle in Transport,0,No,1,Non-Junction,1,Not an Intersection,0,None,,,1,On Roadway,2,Dark - Not Lighted,10,Cloudy,0,No Additional Atmospheric Conditions,10,Cloudy,0,No,0000000,Not Applicable,99,Unknown,98,Unknown if Notified,99,Unknown EMS Scene Arrival Hour,98,Unknown if Arrived,88,Not Applicable (Not Transported),88,Not Applicable (Not Transported),0,None,0,None,0,None,1,1
2019,29,290747,Missouri,1,1,0,0,0,1,1,95,JACKSON (95),4120,KANSAS CITY,22,22,11,November,2019,6,Friday,17,5:00pm-5:59pm,37,37,0,This section IS NOT on the NHS,2,Urban,4,Minor Arterial,4,City or Municipal Highway Agency,6,Local Street - Municipality,BLUE RIVER RD,,70,70,38.90777222,38.90777222,-94.569427780,-94.569427780,0,No Special Jurisdiction,42,Tree (Standing Only),0,The First Harmful Event was Not a Collision with a Motor Vehicle in Transport,0,No,1,Non-Junction,1,Not an Intersection,0,None,,,4,On Roadside,1,Daylight,10,Cloudy,0,No Additional Atmospheric Conditions,10,Cloudy,0,No,0000000,Not Applicable,17,5:00pm-5:59pm,41,41,17,5:00pm-5:59pm,47,47,18,6:00pm-6:59pm,18,18,0,None,0,None,0,None,1,1
2019,29,290748,Missouri,2,2,0,0,0,4,4,167,POLK (167),0,NOT APPLICABLE,23,23,11,November,2019,7,Saturday,20,8:00pm-8:59pm,25,25,0,This section IS NOT on the NHS,1,Rural,5,Major Collector,1,State Highway Agency,3,State Highway,SR-N,,10,10,37.79630556,37.79630556,-93.609888890,-93.609888890,0,No Special Jurisdiction,12,Motor Vehicle In-Transport,6,Angle,0,No,1,Non-Junction,1,Not an Intersection,0,None,,,1,On Roadway,2,Dark - Not Lighted,10,Cloudy,0,No Additional Atmospheric Conditions,10,Cloudy,0,No,0000000,Not Applicable,20,8:00pm-8:59pm,23,23,20,8:00pm-8:59pm,42,42,99,Unknown,99,Unknown EMS Hospital Arrival Time,0,None,0,None,0,None,1,0
2019,29,290749,Missouri,1,1,0,0,0,1,1,63,DEKALB (63),0,NOT APPLICABLE,13,13,9,September,2019,6,Friday,16,4:00pm-4:59pm,12,12,0,This section IS NOT on the NHS,1,Rural,7,Local,2,County Highway Agency,4,County Road,CR-GOSPEL RD,,90,90,39.95172222,39.95172222,-94.379472220,-94.379472220,0,No Special Jurisdiction,38,Fence,0,The First Harmful Event was Not a Collision with a Motor Vehicle in Transport,0,No,1,Non-Junction,1,Not an Intersection,0,None,,,5,Outside Trafficway,1,Daylight,1,Clear,0,No Additional Atmospheric Conditions,1,Clear,0,No,0000000,Not Applicable,16,4:00pm-4:59pm,29,29,17,5:00pm-5:59pm,0,0,17,5:00pm-5:59pm,47,47,0,None,0,None,0,None,1,0
2019,29,290750,Missouri,1,1,0,0,0,1,1,175,RANDOLPH (175),5270,MOBERLY,7,7,11,November,2019,5,Thursday,10,10:00am-10:59am,22,22,0,This section IS NOT on the NHS,2,Urban,4,Minor Arterial,1,State Highway Agency,3,State Highway,SR-BU 63,,50,50,39.39039167,39.39039167,-92.435813890,-92.435813890,0,No Special Jurisdiction,42,Tree (Standing Only),0,The First Harmful Event was Not a Collision with a Motor Vehicle in Transport,0,No,1,Non-Junction,1,Not an Intersection,0,None,,,4,On Roadside,1,Daylight,1,Clear,0,No Additional Atmospheric Conditions,1,Clear,0,No,0000000,Not Applicable,99,Unknown,98,Unknown if Notified,99,Unknown EMS Scene Arrival Hour,98,Unknown if Arrived,88,Not Applicable (Not Transported),88,Not Applicable (Not Transported),0,None,0,None,0,None,1,0
2019,29,290751,Missouri,1,1,0,1,1,2,2,51,COLE (51),0,NOT APPLICABLE,19,19,11,November,2019,3,Tuesday,10,10:00am-10:59am,58,58,1,This section IS ON the NHS,1,Rural,3,Principal Arterial - Other,1,State Highway Agency,2,U.S. Highway,US-54,SR-E,70,70,38.44016667,38.44016667,-92.303805560,-92.303805560,0,No Special Jurisdiction,8,Pedestrian,0,The First Harmful Event was Not a Collision with a Motor Vehicle in Transport,0,No,2,Intersection,3,T-Intersection,0,None,,,1,On Roadway,1,Daylight,10,Cloudy,0,No Additional Atmospheric Conditions,10,Cloudy,0,No,0000000,Not Applicable,99,Unknown,98,Unknown if Notified,99,Unknown EMS Scene Arrival Hour,98,Unknown if Arrived,88,Not Applicable (Not Transported),88,Not Applicable (Not Transported),0,None,0,None,0,None,1,0
2019,29,290752,Missouri,1,1,0,0,0,2,2,31,CAPE GIRARDEAU (31),0,NOT APPLICABLE,23,23,11,November,2019,7,Saturday,10,10:00am-10:59am,20,20,0,This section IS NOT on the NHS,1,Rural,5,Major Collector,1,State Highway Agency,3,State Highway,SR-A,,90,90,37.23572222,37.23572222,-89.805277780,-89.805277780,0,No Special Jurisdiction,42,Tree (Standing Only),0,The First Harmful Event was Not a Collision with a Motor Vehicle in Transport,0,No,1,Non-Junction,1,Not an Intersection,0,None,,,4,On Roadside,1,Daylight,10,Cloudy,0,No Additional Atmospheric Conditions,10,Cloudy,0,No,0000000,Not Applicable,10,10:00am-10:59am,30,30,10,10:00am-10:59am,37,37,11,11:00am-11:59am,42,42,0,None,0,None,0,None,1,1
2019,29,290753,Missouri,1,1,0,0,0,1,1,221,WASHINGTON (221),0,NOT APPLICABLE,30,30,11,November,2019,7,Saturday,7,7:00am-7:59am,25,25,0,This section IS NOT on the NHS,1,Rural,5,Major Collector,1,State Highway Agency,3,State Highway,SR-M,,20,20,37.80563889,37.80563889,-90.744138890,-90.744138890,0,No Special Jurisdiction,42,Tree (Standing Only),0,The First Harmful Event was Not a Collision with a Motor Vehicle in Transport,0,No,1,Non-Junction,1,Not an Intersection,0,None,,,4,On Roadside,1,Daylight,2,Rain,10,Cloudy,2,Rain,0,No,0000000,Not Applicable,7,7:00am-7:59am,41,41,7,7:00am-7:59am,54,54,88,Not Applicable (Not Transported),88,Not Applicable (Not Transported),0,None,0,None,0,None,1,1
2019,29,290754,Missouri,1,1,0,0,0,1,1,173,RALLS (173),0,NOT APPLICABLE,30,30,11,November,2019,7,Saturday,12,12:00pm-12:59pm,50,50,0,This section IS NOT on the NHS,1,Rural,5,Major Collector,1,State Highway Agency,3,State Highway,SR-N,,20,20,39.62300000,39.62300000,-91.313916670,-91.313916670,0,No Special Jurisdiction,35,Embankment,0,The First Harmful Event was Not a Collision with a Motor Vehicle in Transport,0,No,1,Non-Junction,1,Not an Intersection,0,None,,,4,On Roadside,1,Daylight,5,"Fog, Smog, Smoke",10,Cloudy,5,"Fog, Smog, Smoke",0,No,0000000,Not Applicable,12,12:00pm-12:59pm,52,52,13,1:00pm-1:59pm,9,9,88,Not Applicable (Not Transported),88,Not Applicable (Not Transported),0,None,0,None,0,None,1,0
2019,29,290755,Missouri,1,1,0,1,1,2,2,77,GREENE (77),0,NOT APPLICABLE,1,1,12,December,2019,1,Sunday,17,5:00pm-5:59pm,20,20,1,This section IS ON the NHS,2,Urban,3,Principal Arterial - Other,1,State Highway Agency,3,State Highway,SR-413,,90,90,37.16847222,37.16847222,-93.385222220,-93.385222220,0,No Special Jurisdiction,8,Pedestrian,0,The First Harmful Event was Not a Collision with a Motor Vehicle in Transport,0,No,8,Driveway Access Related,1,Not an Intersection,0,None,,,1,On Roadway,2,Dark - Not Lighted,10,Cloudy,0,No Additional Atmospheric Conditions,10,Cloudy,0,No,0000000,Not Applicable,17,5:00pm-5:59pm,30,30,17,5:00pm-5:59pm,33,33,88,Not Applicable (Not Transported),88,Not Applicable (Not Transported),0,None,0,None,0,None,1,0
2019,29,290756,Missouri,1,1,0,1,1,2,2,107,LAFAYETTE (107),0,NOT APPLICABLE,2,2,12,December,2019,2,Monday,23,11:00pm-11:59pm,11,11,1,This section IS ON the NHS,1,Rural,1,Interstate,1,State Highway Agency,1,Interstate,I-70,,130,130,39.00491944,39.00491944,-93.871422220,-93.871422220,0,No Special Jurisdiction,8,Pedestrian,0,The First Harmful Event was Not a Collision with a Motor Vehicle in Transport,0,No,1,Non-Junction,1,Not an Intersection,0,None,,,1,On Roadway,2,Dark - Not Lighted,1,Clear,0,No Additional Atmospheric Conditions,1,Clear,0,No,0000000,Not Applicable,99,Unknown,98,Unknown if Notified,99,Unknown EMS Scene Arrival Hour,98,Unknown if Arrived,88,Not Applicable (Not Transported),88,Not Applicable (Not Transported),19,Recent/Previous Crash scene Nearby,0,None,0,None,1,0