caseyear,state,st_case,statename,ve_total,ve_forms,pvh_invl,peds,pernotmvit,permvit,persons,county,countyname,city,cityname,day,dayname,month,monthname,year,day_week,day_weekname,hour,hourname,minute,minutename,nhs,nhsname,rur_urb,rur_urbname,func_sys,func_sysname,rd_owner,rd_ownername,route,routename,tway_id,tway_id2,milept,mileptname,latitude,latitudename,longitud,longitudname,sp_jur,sp_jurname,harm_ev,harm_evname,man_coll,man_collname,reljct1,reljct1name,reljct2,reljct2name,typ_int,typ_intname,wrk_zone,wrk_zonename,road_fnc,road_fncname,rel_road,rel_roadname,lgt_cond,lgt_condname,weather1,weather1name,weather2,weather2name,weather,weathername,sch_bus,sch_busname,rail,railname,not_hour,not_hourname,not_min,not_minname,arr_hour,arr_hourname,arr_min,arr_minname,hosp_hr,hosp_hrname,hosp_mn,hosp_mnname,cf1,cf1name,cf2,cf2name,cf3,cf3name,fatals,drunk_dr
2019,29,290824,Missouri,2,2,0,0,0,4,4,97,JASPER (97),4100,JOPLIN,30,30,11,November,2019,7,Saturday,15,3:00pm-3:59pm,34,34,0,This section IS NOT on the NHS,2,Urban,4,Minor Arterial,1,State Highway Agency,3,State Highway,SR-FF,JAGUAR RD,50,50,37.05447778,37.05447778,-94.423769440,-94.423769440,0,No Special Jurisdiction,12,Motor Vehicle In-Transport,6,Angle,0,No,2,Intersection,2,Four-Way Intersection,0,None,,,1,On Roadway,1,Daylight,1,Clear,0,No Additional Atmospheric Conditions,1,Clear,0,No,0000000,Not Applicable,15,3:00pm-3:59pm,34,34,15,3:00pm-3:59pm,41,41,16,4:00pm-4:59pm,8,8,0,None,0,None,0,None,1,0
2019,29,290825,Missouri,2,2,0,0,0,3,3,95,JACKSON (95),4490,LEES SUMMIT,8,8,12,December,2019,1,Sunday,11,11:00am-11:59am,58,58,0,This section IS NOT on the NHS,2,Urban,4,Minor Arterial,4,City or Municipal Highway Agency,6,Local Street - Municipality,NW CHIPMAN RD,NW WARD RD,30,30,38.92543889,38.92543889,-94.393977780,-94.393977780,0,No Special Jurisdiction,12,Motor Vehicle In-Transport,6,Angle,0,No,2,Intersection,2,Four-Way Intersection,0,None,,,1,On Roadway,1,Daylight,1,Clear,0,No Additional Atmospheric Conditions,1,Clear,0,No,0000000,Not Applicable,12,12:00pm-12:59pm,0,0,12,12:00pm-12:59pm,5,5,12,12:00pm-12:59pm,26,26,0,None,0,None,0,None,1,0
2019,29,290826,Missouri,2,2,0,0,0,3,3,95,JACKSON (95),4120,KANSAS CITY,28,28,12,December,2019,7,Saturday,10,10:00am-10:59am,36,36,0,This section IS NOT on the NHS,2,Urban,4,Minor Arterial,4,City or Municipal Highway Agency,6,Local Street - Municipality,E 18TH ST,,20,20,39.09051667,39.09051667,-94.542922220,-94.542922220,0,No Special Jurisdiction,12,Motor Vehicle In-Transport,2,Front-to-Front,0,No,1,Non-Junction,1,Not an Intersection,0,None,,,1,On Roadway,1,Daylight,2,Rain,0,No Additional Atmospheric Conditions,2,Rain,0,No,0000000,Not Applicable,10,10:00am-10:59am,34,34,10,10:00am-10:59am,49,49,11,11:00am-11:59am,5,5,0,None,0,None,0,None,1,1
2019,29,290827,Missouri,3,3,0,0,0,4,4,95,JACKSON (95),4120,KANSAS CITY,28,28,12,December,2019,7,Saturday,8,8:00am-8:59am,8,8,0,This section IS NOT on the NHS,2,Urban,4,Minor Arterial,4,City or Municipal Highway Agency,6,Local Street - Municipality,E 127TH ST,,80,80,38.89550556,38.89550556,-94.585925000,-94.585925000,0,No Special Jurisdiction,12,Motor Vehicle In-Transport,2,Front-to-Front,0,No,1,Non-Junction,1,Not an Intersection,0,None,,,1,On Roadway,1,Daylight,10,Cloudy,0,No Additional Atmospheric Conditions,10,Cloudy,0,No,0000000,Not Applicable,8,8:00am-8:59am,10,10,8,8:00am-8:59am,17,17,8,8:00am-8:59am,47,47,0,None,0,None,0,None,1,0
2019,29,290828,Missouri,1,1,0,1,1,1,1,510,ST. LOUIS (CITY) (510),7080,SAINT LOUIS,29,29,12,December,2019,1,Sunday,19,7:00pm-7:59pm,53,53,0,This section IS NOT on the NHS,2,Urban,4,Minor Arterial,4,City or Municipal Highway Agency,6,Local Street - Municipality,WEST FLORISSANT AVE,,0,None,38.70959444,38.70959444,-90.251930560,-90.251930560,0,No Special Jurisdiction,8,Pedestrian,0,The First Harmful Event was Not a Collision with a Motor Vehicle in Transport,0,No,1,Non-Junction,1,Not an Intersection,0,None,,,1,On Roadway,3,Dark - Lighted,2,Rain,0,No Additional Atmospheric Conditions,2,Rain,0,No,0000000,Not Applicable,19,7:00pm-7:59pm,53,53,20,8:00pm-8:59pm,3,3,20,8:00pm-8:59pm,25,25,20,Police Pursuit Involved,0,None,0,None,1,0
2019,29,290829,Missouri,2,2,0,0,0,2,2,19,BOONE (19),1800,COLUMBIA,5,5,10,October,2019,7,Saturday,11,11:00am-11:59am,40,40,1,This section IS ON the NHS,2,Urban,3,Principal Arterial - Other,1,State Highway Agency,3,State Highway,SR-LP 70,7TH ST,10,10,38.96412222,38.96412222,-92.329311110,-92.329311110,0,No Special Jurisdiction,12,Motor Vehicle In-Transport,6,Angle,0,No,2,Intersection,2,Four-Way Intersection,0,None,,,1,On Roadway,1,Daylight,10,Cloudy,0,No Additional Atmospheric Conditions,10,Cloudy,0,No,0000000,Not Applicable,11,11:00am-11:59am,39,39,11,11:00am-11:59am,44,44,11,11:00am-11:59am,55,55,0,None,0,None,0,None,1,0
2019,29,290830,Missouri,1,1,0,0,0,1,1,57,DADE (57),0,NOT APPLICABLE,14,14,11,November,2019,5,Thursday,7,7:00am-7:59am,0,0,0,This section IS NOT on the NHS,1,Rural,7,Local,2,County Highway Agency,4,County Road,CR-12,CR-21,20,20,37.56605556,37.56605556,-94.039444440,-94.039444440,0,No Special Jurisdiction,38,Fence,0,The First Harmful Event was Not a Collision with a Motor Vehicle in Transport,0,No,3,Intersection-Related,2,Four-Way Intersection,0,None,,,5,Outside Trafficway,1,Daylight,1,Clear,0,No Additional Atmospheric Conditions,1,Clear,0,No,0000000,Not Applicable,99,Unknown,98,Unknown if Notified,99,Unknown EMS Scene Arrival Hour,98,Unknown if Arrived,88,Not Applicable (Not Transported),88,Not Applicable (Not Transported),0,None,0,None,0,None,1,0
2019,29,290831,Missouri,2,2,0,0,0,2,2,189,ST. LOUIS (189),2780,FLORISSANT,2,2,12,December,2019,2,Monday,16,4:00pm-4:59pm,52,52,1,This section IS ON the NHS,2,Urban,1,Interstate,1,State Highway Agency,1,Interstate,I-270,,290,290,38.77144444,38.77144444,-90.293111110,-90.293111110,0,No Special Jurisdiction,12,Motor Vehicle In-Transport,1,Front-to-Rear,0,No,1,Non-Junction,1,Not an Intersection,0,None,,,1,On Roadway,1,Daylight,1,Clear,0,No Additional Atmospheric Conditions,1,Clear,0,No,0000000,Not Applicable,16,4:00pm-4:59pm,51,51,16,4:00pm-4:59pm,58,58,17,5:00pm-5:59pm,18,18,0,None,0,None,0,None,1,1
2019,29,290832,Missouri,1,1,0,1,1,5,5,19,BOONE (19),1800,COLUMBIA,6,6,12,December,2019,6,Friday,18,6:00pm-6:59pm,53,53,0,This section IS NOT on the NHS,2,Urban,4,Minor Arterial,1,State Highway Agency,3,State Highway,SR-763,,60,60,38.95009444,38.95009444,-92.321888890,-92.321888890,0,No Special Jurisdiction,8,Pedestrian,0,The First Harmful Event was Not a Collision with a Motor Vehicle in Transport,0,No,1,Non-Junction,1,Not an Intersection,0,None,,,1,On Roadway,2,Dark - Not Lighted,1,Clear,0,No Additional Atmospheric Conditions,1,Clear,0,No,0000000,Not Applicable,18,6:00pm-6:59pm,55,55,19,7:00pm-7:59pm,4,4,19,7:00pm-7:59pm,9,9,0,None,0,None,0,None,1,0
2019,29,290833,Missouri,2,2,0,0,0,2,2,95,JACKSON (95),4490,LEES SUMMIT,13,13,12,December,2019,6,Friday,12,12:00pm-12:59pm,49,49,1,This section IS ON the NHS,2,Urban,3,Principal Arterial - Other,1,State Highway Agency,3,State Highway,SR-291,SW SCHERER RD,230,230,38.88876944,38.88876944,-94.373569440,-94.373569440,0,No Special Jurisdiction,12,Motor Vehicle In-Transport,6,Angle,0,No,2,Intersection,2,Four-Way Intersection,0,None,,,1,On Roadway,1,Daylight,1,Clear,0,No Additional Atmospheric Conditions,1,Clear,0,No,0000000,Not Applicable,99,Unknown,98,Unknown if Notified,99,Unknown EMS Scene Arrival Hour,98,Unknown if Arrived,88,Not Applicable (Not Transported),88,Not Applicable (Not Transported),0,None,0,None,0,None,1,0
2019,29,290835,Missouri,1,1,0,1,1,3,3,189,ST. LOUIS (189),650,BERKELEY,23,23,11,November,2019,7,Saturday,23,11:00pm-11:59pm,55,55,0,This section IS NOT on the NHS,2,Urban,5,Major Collector,4,City or Municipal Highway Agency,6,Local Street - Municipality,EVERGREEN AVE,,0,None,38.75308333,38.75308333,-90.331611110,-90.331611110,0,No Special Jurisdiction,8,Pedestrian,0,The First Harmful Event was Not a Collision with a Motor Vehicle in Transport,0,No,1,Non-Junction,1,Not an Intersection,0,None,,,1,On Roadway,3,Dark - Lighted,10,Cloudy,0,No Additional Atmospheric Conditions,10,Cloudy,0,No,0000000,Not Applicable,99,Unknown,98,Unknown if Notified,99,Unknown EMS Scene Arrival Hour,98,Unknown if Arrived,88,Not Applicable (Not Transported),88,Not Applicable (Not Transported),0,None,0,None,0,None,1,0
2019,29,290836,Missouri,2,2,0,0,0,2,2,183,ST. CHARLES (183),0,NOT APPLICABLE,20,20,10,October,2019,1,Sunday,17,5:00pm-5:59pm,57,57,0,This section IS NOT on the NHS,1,Rural,4,Minor Arterial,1,State Highway Agency,3,State Highway,SR-94,,200,200,38.69952778,38.69952778,-90.720416670,-90.720416670,0,No Special Jurisdiction,24,Guardrail Face,0,The First Harmful Event was Not a Collision with a Motor Vehicle in Transport,0,No,1,Non-Junction,1,Not an Intersection,0,None,,,4,On Roadside,3,Dark - Lighted,10,Cloudy,0,No Additional Atmospheric Conditions,10,Cloudy,0,No,0000000,Not Applicable,17,5:00pm-5:59pm,59,59,18,6:00pm-6:59pm,12,12,18,6:00pm-6:59pm,26,26,0,None,0,None,0,None,1,0
2019,29,290837,Missouri,2,2,0,0,0,2,2,510,ST. LOUIS (CITY) (510),7080,SAINT LOUIS,6,6,12,December,2019,6,Friday,7,7:00am-7:59am,48,48,0,This section IS NOT on the NHS,2,Urban,7,Local,4,City or Municipal Highway Agency,6,Local Street - Municipality,TAFT AVE,GRAND BLVD,0,None,38.57678333,38.57678333,-90.247450000,-90.247450000,0,No Special Jurisdiction,12,Motor Vehicle In-Transport,6,Angle,0,No,2,Intersection,2,Four-Way Intersection,0,None,,,1,On Roadway,1,Daylight,1,Clear,0,No Additional Atmospheric Conditions,1,Clear,1,Yes,0000000,Not Applicable,7,7:00am-7:59am,50,50,7,7:00am-7:59am,58,58,8,8:00am-8:59am,14,14,0,None,0,None,0,None,1,0
2019,29,290839,Missouri,1,1,0,0,0,2,2,77,GREENE (77),7460,SPRINGFIELD,6,6,12,December,2019,6,Friday,22,10:00pm-10:59pm,45,45,0,This section IS NOT on the NHS,2,Urban,4,Minor Arterial,4,City or Municipal Highway Agency,6,Local Street - Municipality,GRAND ST,,20,20,37.19600833,37.19600833,-93.256900000,-93.256900000,0,No Special Jurisdiction,5,Fell/Jumped from Vehicle,0,The First Harmful Event was Not a Collision with a Motor Vehicle in Transport,0,No,1,Non-Junction,1,Not an Intersection,0,None,,,1,On Roadway,3,Dark - Lighted,10,Cloudy,0,No Additional Atmospheric Conditions,10,Cloudy,0,No,0000000,Not Applicable,99,Unknown,98,Unknown if Notified,99,Unknown EMS Scene Arrival Hour,98,Unknown if Arrived,88,Not Applicable (Not Transported),88,Not Applicable (Not Transported),0,None,0,None,0,None,1,0
2019,29,290840,Missouri,1,1,0,0,0,2,2,127,MARION (127),3470,HANNIBAL,18,18,8,August,2019,1,Sunday,7,7:00am-7:59am,48,48,0,This section IS NOT on the NHS,2,Urban,7,Local,4,City or Municipal Highway Agency,6,Local Street - Municipality,4TH ST,,0,None,39.71108056,39.71108056,-91.359711110,-91.359711110,0,No Special Jurisdiction,5,Fell/Jumped from Vehicle,0,The First Harmful Event was Not a Collision with a Motor Vehicle in Transport,0,No,1,Non-Junction,1,Not an Intersection,0,None,,,1,On Roadway,1,Daylight,1,Clear,0,No Additional Atmospheric Conditions,1,Clear,0,No,0000000,Not Applicable,7,7:00am-7:59am,50,50,7,7:00am-7:59am,52,52,8,8:00am-8:59am,23,23,0,None,0,None,0,None,1,0
2019,29,290841,Missouri,4,2,2,0,0,2,2,77,GREENE (77),7460,SPRINGFIELD,15,15,4,April,2019,2,Monday,11,11:00am-11:59am,31,31,0,This section IS NOT on the NHS,2,Urban,7,Local,26,Private (other than Railroad),8,Other,ELFINDALE CT,,0,None,37.18683611,37.18683611,-93.313819440,-93.313819440,0,No Special Jurisdiction,42,Tree (Standing Only),0,The First Harmful Event was Not a Collision with a Motor Vehicle in Transport,0,No,1,Non-Junction,1,Not an Intersection,0,None,,,4,On Roadside,1,Daylight,1,Clear,0,No Additional Atmospheric Conditions,1,Clear,0,No,0000000,Not Applicable,11,11:00am-11:59am,33,33,11,11:00am-11:59am,39,39,11,11:00am-11:59am,59,59,0,None,0,None,0,None,1,0
2019,29,290842,Missouri,2,2,0,0,0,2,2,43,CHRISTIAN (43),0,NOT APPLICABLE,23,23,12,December,2019,2,Monday,8,8:00am-8:59am,15,15,0,This section IS NOT on the NHS,1,Rural,5,Major Collector,1,State Highway Agency,3,State Highway,SR-VV,,10,10,37.07822222,37.07822222,-93.070138890,-93.070138890,0,No Special Jurisdiction,12,Motor Vehicle In-Transport,6,Angle,0,No,8,Driveway Access Related,1,Not an Intersection,0,None,,,1,On Roadway,1,Daylight,1,Clear,0,No Additional Atmospheric Conditions,1,Clear,0,No,0000000,Not Applicable,8,8:00am-8:59am,18,18,8,8:00am-8:59am,22,22,9,9:00am-9:59am,9,9,0,None,0,None,0,None,1,0
2019,29,290843,Missouri,1,1,0,0,0,1,1,95,JACKSON (95),0,NOT APPLICABLE,24,24,10,October,2019,5,Thursday,10,10:00am-10:59am,43,43,0,This section IS NOT on the NHS,1,Rural,7,Local,2,County Highway Agency,4,County Road,CR-SMART RD,,10,10,38.88175556,38.88175556,-94.303686110,-94.303686110,0,No Special Jurisdiction,59,Traffic Sign Support,0,The First Harmful Event was Not a Collision with a Motor Vehicle in Transport,0,No,1,Non-Junction,1,Not an Intersection,0,None,,,4,On Roadside,1,Daylight,1,Clear,0,No Additional Atmospheric Conditions,1,Clear,0,No,0000000,Not Applicable,99,Unknown,98,Unknown if Notified,99,Unknown EMS Scene Arrival Hour,98,Unknown if Arrived,88,Not Applicable (Not Transported),88,Not Applicable (Not Transported),0,None,0,None,0,None,1,0
2020,29,290001,Missouri,3,1,2,0,0,1,1,510,ST. LOUIS (CITY) (510),7080,ST. LOUIS,1,1,1,January,2020,4,Wednesday,3,3:00am-3:59am,9,9,0,This section IS NOT on the NHS,2,Urban,4,Minor Arterial,1,State Highway Agency,6,Local Street - Municipality,PAGE BLVD,,20,20,38.65783333,38.65783333,-90.254638890,-90.254638890,0,No Special Jurisdiction,14,Parked Motor Vehicle,0,The First Harmful Event was Not a Collision with a Motor Vehicle in Transport,0,No,1,Non-Junction,1,Not an Intersection,0,None,,,7,In Parking Lane/Zone,3,Dark - Lighted,,,,,1,Clear,0,No,0000000,Not Applicable,3,3:00am-3:59am,16,16,3,3:00am-3:59am,29,29,88,"Not Applicable (Not Transported) ",88,Not Applicable (Not Transported),,,,,,,1,1
2020,29,290002,Missouri,2,2,0,0,0,2,2,189,ST LOUIS (189),7060,ST. JOHNS,2,2,1,January,2020,5,Thursday,17,5:00pm-5:59pm,30,30,1,This section IS ON the NHS,2,Urban,3,Principal Arterial - Other,4,City or Municipal Highway Agency,3,State Highway,SR-180,ORLANDO AVE,50,50,38.71335833,38.71335833,-90.355191670,-90.355191670,0,No Special Jurisdiction,12,Motor Vehicle In-Transport,6,Angle,0,No,2,Intersection,3,T-Intersection,0,None,,,1,On Roadway,3,Dark - Lighted,,,,,1,Clear,0,No,0000000,Not Applicable,17,5:00pm-5:59pm,41,41,17,5:00pm-5:59pm,45,45,18,6:00pm-6:59pm,11,11,,,,,,,1,0
2020,29,290003,Missouri,3,3,0,0,0,3,3,47,CLAY (47),3114,GLADSTONE,2,2,1,January,2020,5,Thursday,17,5:00pm-5:59pm,45,45,0,This section IS NOT on the NHS,2,Urban,5,Major Collector,4,City or Municipal Highway Agency,6,Local Street - Municipality,64TH ST,,10,10,39.20971111,39.20971111,-94.541180560,-94.541180560,0,No Special Jurisdiction,12,Motor Vehicle In-Transport,8,Sideswipe - Opposite Direction,0,No,1,Non-Junction,1,Not an Intersection,0,None,,,1,On Roadway,3,Dark - Lighted,,,,,1,Clear,0,No,0000000,Not Applicable,17,5:00pm-5:59pm,47,47,17,5:00pm-5:59pm,50,50,18,6:00pm-6:59pm,22,22,,,,,,,2,0
2020,29,290004,Missouri,1,1,0,0,0,1,1,183,ST. CHARLES (183),8280,WENTZVILLE,3,3,1,January,2020,6,Friday,13,1:00pm-1:59pm,35,35,1,This section IS ON the NHS,2,Urban,1,Interstate,1,State Highway Agency,1,Interstate,I-70,,230,230,38.80444167,38.80444167,-90.892916670,-90.892916670,0,No Special Jurisdiction,1,Rollover/Overturn,0,The First Harmful Event was Not a Collision with a Motor Vehicle in Transport,0,No,1,Non-Junction,1,Not an Intersection,0,None,,,4,On Roadside,1,Daylight,,,,,10,Cloudy,0,No,0000000,Not Applicable,13,1:00pm-1:59pm,33,33,13,1:00pm-1:59pm,40,40,88,"Not Applicable (Not Transported) ",88,Not Applicable (Not Transported),,,,,,,1,0
2020,29,290005,Missouri,1,1,0,0,0,1,1,43,CHRISTIAN (43),0,NOT APPLICABLE,4,4,1,January,2020,7,Saturday,14,2:00pm-2:59pm,50,50,0,This section IS NOT on the NHS,1,Rural,7,Local,2,County Highway Agency,4,County Road,CR-METZLETEIN,,40,40,37.01655556,37.01655556,-93.500747220,-93.500747220,0,No Special Jurisdiction,1,Rollover/Overturn,0,The First Harmful Event was Not a Collision with a Motor Vehicle in Transport,0,No,1,Non-Junction,1,Not an Intersection,0,None,,,4,On Roadside,1,Daylight,,,,,1,Clear,0,No,0000000,Not Applicable,15,3:00pm-3:59pm,17,17,15,3:00pm-3:59pm,31,31,16,4:00pm-4:59pm,19,19,,,,,,,1,0
2020,29,290006,Missouri,1,1,0,1,1,1,1,95,JACKSON (95),3280,GRANDVIEW,4,4,1,January,2020,7,Saturday,15,3:00pm-3:59pm,58,58,1,This section IS ON the NHS,2,Urban,1,Interstate,1,State Highway Agency,1,Interstate,I-49,,40,40,38.90158056,38.90158056,-94.524155560,-94.524155560,0,No Special Jurisdiction,8,Pedestrian,0,The First Harmful Event was Not a Collision with a Motor Vehicle in Transport,0,No,1,Non-Junction,1,Not an Intersection,0,None,,,1,On Roadway,1,Daylight,,,,,1,Clear,0,No,0000000,Not Applicable,15,3:00pm-3:59pm,58,58,16,4:00pm-4:59pm,0,0,16,4:00pm-4:59pm,16,16,,,,,,,1,0
2020,29,290007,Missouri,1,1,0,0,0,2,2,95,JACKSON (95),4120,KANSAS CITY,5,5,1,January,2020,1,Sunday,3,3:00am-3:59am,56,56,0,This section IS NOT on the NHS,2,Urban,4,Minor Arterial,4,City or Municipal Highway Agency,6,Local Street - Municipality,E 18TH ST,,20,20,39.09058333,39.09058333,-94.544961110,-94.544961110,0,No Special Jurisdiction,30,Utility Pole/Light Support,0,The First Harmful Event was Not a Collision with a Motor Vehicle in Transport,0,No,1,Non-Junction,1,Not an Intersection,0,None,,,4,On Roadside,3,Dark - Lighted,,,,,1,Clear,0,No,0000000,Not Applicable,3,3:00am-3:59am,58,58,4,4:00am-4:59am,11,11,4,4:00am-4:59am,27,27,,,,,,,1,0
2020,29,290008,Missouri,1,1,0,0,0,1,1,157,PERRY (157),0,NOT APPLICABLE,5,5,1,January,2020,1,Sunday,6,6:00am-6:59am,50,50,0,This section IS NOT on the NHS,1,Rural,4,Minor Arterial,1,State Highway Agency,3,State Highway,SR-51,,170,170,37.68274722,37.68274722,-89.917858330,-89.917858330,0,No Special Jurisdiction,58,Ground,0,The First Harmful Event was Not a Collision with a Motor Vehicle in Transport,0,No,1,Non-Junction,1,Not an Intersection,0,None,,,4,On Roadside,2,Dark - Not Lighted,,,,,1,Clear,0,No,0000000,Not Applicable,99,Unknown,98,Unknown if Notified,99,Unknown EMS Scene Arrival Hour,98,Unknown if Arrived,88,"Not Applicable (Not Transported) ",88,Not Applicable (Not Transported),,,,,,,1,0
2020,29,290010,Missouri,1,1,0,0,0,5,5,25,CALDWELL (25),0,NOT APPLICABLE,5,5,1,January,2020,1,Sunday,19,7:00pm-7:59pm,18,18,0,This section IS NOT on the NHS,1,Rural,7,Local,2,County Highway Agency,4,County Road,CR-SW PRICE DR,,60,60,39.52530556,39.52530556,-94.053219440,-94.053219440,0,No Special Jurisdiction,38,Fence,0,The First Harmful Event was Not a Collision with a Motor Vehicle in Transport,0,No,1,Non-Junction,1,Not an Intersection,0,None,,,4,On Roadside,2,Dark - Not Lighted,,,,,10,Cloudy,0,No,0000000,Not Applicable,19,7:00pm-7:59pm,33,33,20,8:00pm-8:59pm,5,5,20,8:00pm-8:59pm,54,54,,,,,,,2,0
2020,29,290011,Missouri,2,2,0,0,0,3,3,181,RIPLEY (181),0,NOT APPLICABLE,6,6,1,January,2020,2,Monday,13,1:00pm-1:59pm,15,15,0,This section IS NOT on the NHS,1,Rural,4,Minor Arterial,1,State Highway Agency,3,State Highway,SR-142,,140,140,36.60252778,36.60252778,-90.897361110,-90.897361110,0,No Special Jurisdiction,12,Motor Vehicle In-Transport,2,Front-to-Front,0,No,1,Non-Junction,1,Not an Intersection,0,None,,,1,On Roadway,1,Daylight,,,,,1,Clear,0,No,0000000,Not Applicable,13,1:00pm-1:59pm,25,25,13,1:00pm-1:59pm,30,30,13,1:00pm-1:59pm,51,51,,,,,,,1,0
2020,29,290012,Missouri,2,1,1,0,0,1,1,95,JACKSON (95),3382,KANSAS CITY,7,7,1,January,2020,3,Tuesday,15,3:00pm-3:59pm,31,31,0,This section IS NOT on the NHS,2,Urban,4,Minor Arterial,4,City or Municipal Highway Agency,6,Local Street - Municipality,BLUE RIDGE BLVD,,20,20,38.98352500,38.98352500,-94.483302780,-94.483302780,0,No Special Jurisdiction,14,Parked Motor Vehicle,0,The First Harmful Event was Not a Collision with a Motor Vehicle in Transport,0,No,1,Non-Junction,1,Not an Intersection,4,"Work Zone, Type Unknown",,,4,On Roadside,1,Daylight,,,,,1,Clear,0,No,0000000,Not Applicable,99,Unknown,98,Unknown if Notified,99,Unknown EMS Scene Arrival Hour,98,Unknown if Arrived,88,"Not Applicable (Not Transported) ",88,Not Applicable (Not Transported),,,,,,,1,0
2020,29,290013,Missouri,2,2,0,0,0,2,2,225,WEBSTER (225),2810,FORDLAND,7,7,1,January,2020,3,Tuesday,16,4:00pm-4:59pm,45,45,1,This section IS ON the NHS,1,Rural,2,Principal Arterial - Other Freeways and Expressways,1,State Highway Agency,2,U.S. Highway,US-60,,170,170,37.15105556,37.15105556,-92.949444440,-92.949444440,0,No Special Jurisdiction,12,Motor Vehicle In-Transport,6,Angle,0,No,1,Non-Junction,1,Not an Intersection,0,None,,,1,On Roadway,1,Daylight,,,,,10,Cloudy,0,No,0000000,Not Applicable,16,4:00pm-4:59pm,49,49,17,5:00pm-5:59pm,2,2,17,5:00pm-5:59pm,24,24,,,,,,,1,0
2020,29,290014,Missouri,1,1,0,3,3,2,2,29,CAMDEN (29),0,NOT APPLICABLE,8,8,1,January,2020,4,Wednesday,21,9:00pm-9:59pm,48,48,0,This section IS NOT on the NHS,1,Rural,5,Major Collector,1,State Highway Agency,3,State Highway,SR-Z,,40,40,38.13552778,38.13552778,-93.004055560,-93.004055560,0,No Special Jurisdiction,8,Pedestrian,0,The First Harmful Event was Not a Collision with a Motor Vehicle in Transport,0,No,1,Non-Junction,1,Not an Intersection,0,None,,,1,On Roadway,2,Dark - Not Lighted,,,,,1,Clear,0,No,0000000,Not Applicable,99,Unknown,99,Unknown,99,Unknown EMS Scene Arrival Hour,99,Unknown EMS Scene Arrival Minutes,99,Unknown,99,Unknown EMS Hospital Arrival Time,,,,,,,1,0
2020,29,290015,Missouri,1,1,0,1,1,1,1,113,LINCOLN (113),7810,TROY,9,9,1,January,2020,5,Thursday,6,6:00am-6:59am,54,54,0,This section IS NOT on the NHS,2,Urban,7,Local,4,City or Municipal Highway Agency,6,Local Street - Municipality,CHERRY BLOSSOM WAY,,0,None,38.96519167,38.96519167,-90.969608330,-90.969608330,0,No Special Jurisdiction,8,Pedestrian,0,The First Harmful Event was Not a Collision with a Motor Vehicle in Transport,0,No,1,Non-Junction,1,Not an Intersection,0,None,,,1,On Roadway,1,Daylight,,,,,1,Clear,0,No,0000000,Not Applicable,99,Unknown,98,Unknown if Notified,99,Unknown EMS Scene Arrival Hour,98,Unknown if Arrived,88,"Not Applicable (Not Transported) ",88,Not Applicable (Not Transported),,,,,,,1,0
2020,29,290016,Missouri,1,1,0,0,0,1,1,81,HARRISON (81),0,NOT APPLICABLE,10,10,1,January,2020,6,Friday,15,3:00pm-3:59pm,53,53,1,This section IS ON the NHS,1,Rural,1,Interstate,1,State Highway Agency,1,Interstate,I-35,,160,160,40.35361111,40.35361111,-94.008444440,-94.008444440,0,No Special Jurisdiction,1,Rollover/Overturn,0,The First Harmful Event was Not a Collision with a Motor Vehicle in Transport,0,No,1,Non-Junction,1,Not an Intersection,0,None,,,4,On Roadside,1,Daylight,,,,,3,Sleet or Hail,0,No,0000000,Not Applicable,15,3:00pm-3:59pm,59,59,16,4:00pm-4:59pm,15,15,88,"Not Applicable (Not Transported) ",88,Not Applicable (Not Transported),,,,,,,1,0
2020,29,290017,Missouri,1,1,0,0,0,2,2,113,LINCOLN (113),2520,ELSBERRY,10,10,1,January,2020,6,Friday,22,10:00pm-10:59pm,30,30,0,This section IS NOT on the NHS,1,Rural,7,Local,4,City or Municipal Highway Agency,6,Local Street - Municipality,S 7TH STREET,,0,None,39.16133333,39.16133333,-90.784527780,-90.784527780,0,No Special Jurisdiction,3,Immersion or Partial Immersion,0,The First Harmful Event was Not a Collision with a Motor Vehicle in Transport,0,No,1,Non-Junction,1,Not an Intersection,0,None,,,4,On Roadside,3,Dark - Lighted,,,,,2,Rain,0,No,0000000,Not Applicable,99,Unknown,98,Unknown if Notified,99,Unknown EMS Scene Arrival Hour,98,Unknown if Arrived,88,"Not Applicable (Not Transported) ",88,Not Applicable (Not Transported),,,,,,,1,0
2020,29,290018,Missouri,1,1,0,0,0,1,1,43,CHRISTIAN (43),6020,OZARK,11,11,1,January,2020,7,Saturday,21,9:00pm-9:59pm,55,55,1,This section IS ON the NHS,2,Urban,2,Principal Arterial - Other Freeways and Expressways,1,State Highway Agency,2,U.S. Highway,US-65,,0,None,37.08973889,37.08973889,-93.231188890,-93.231188890,0,No Special Jurisdiction,39,Wall,0,The First Harmful Event was Not a Collision with a Motor Vehicle in Transport,0,No,1,Non-Junction,1,Not an Intersection,0,None,,,4,On Roadside,2,Dark - Not Lighted,,,,,4,Snow,0,No,0000000,Not Applicable,99,Unknown,98,Unknown if Notified,99,Unknown EMS Scene Arrival Hour,98,Unknown if Arrived,88,"Not Applicable (Not Transported) ",88,Not Applicable (Not Transported),,,,,,,1,1