caseyear,state,st_case,statename,ve_total,ve_forms,pvh_invl,peds,pernotmvit,permvit,persons,county,countyname,city,cityname,day,dayname,month,monthname,year,day_week,day_weekname,hour,hourname,minute,minutename,nhs,nhsname,rur_urb,rur_urbname,func_sys,func_sysname,rd_owner,rd_ownername,route,routename,tway_id,tway_id2,milept,mileptname,latitude,latitudename,longitud,longitudname,sp_jur,sp_jurname,harm_ev,harm_evname,man_coll,man_collname,reljct1,reljct1name,reljct2,reljct2name,typ_int,typ_intname,wrk_zone,wrk_zonename,road_fnc,road_fncname,rel_road,rel_roadname,lgt_cond,lgt_condname,weather1,weather1name,weather2,weather2name,weather,weathername,sch_bus,sch_busname,rail,railname,not_hour,not_hourname,not_min,not_minname,arr_hour,arr_hourname,arr_min,arr_minname,hosp_hr,hosp_hrname,hosp_mn,hosp_mnname,cf1,cf1name,cf2,cf2name,cf3,cf3name,fatals,drunk_dr
2020,29,290057,Missouri,3,3,0,0,0,4,4,95,JACKSON (95),4120,KANSAS CITY,4,4,2,February,2020,3,Tuesday,9,9:00am-9:59am,10,10,0,This section IS NOT on the NHS,2,Urban,4,Minor Arterial,4,City or Municipal Highway Agency,6,Local Street - Municipality,E 18TH ST,BROOKLYN AVE,10,10,39.09100556,39.09100556,-94.556411110,-94.556411110,0,No Special Jurisdiction,12,Motor Vehicle In-Transport,6,Angle,0,No,2,Intersection,2,Four-Way Intersection,0,None,,,1,On Roadway,1,Daylight,,,,,10,Cloudy,0,No,0000000,Not Applicable,9,9:00am-9:59am,12,12,9,9:00am-9:59am,18,18,9,9:00am-9:59am,54,54,,,,,,,2,0
2020,29,290058,Missouri,1,1,0,0,0,1,1,53,COOPER (53),0,NOT APPLICABLE,4,4,2,February,2020,3,Tuesday,10,10:00am-10:59am,15,15,0,This section IS NOT on the NHS,1,Rural,4,Minor Arterial,1,State Highway Agency,3,State Highway,SR-5,,130,130,38.83073333,38.83073333,-92.844905560,-92.844905560,0,No Special Jurisdiction,42,Tree (Standing Only),0,The First Harmful Event was Not a Collision with a Motor Vehicle in Transport,0,No,1,Non-Junction,1,Not an Intersection,0,None,,,4,On Roadside,1,Daylight,,,,,98,Not Reported,0,No,0000000,Not Applicable,10,10:00am-10:59am,18,18,10,10:00am-10:59am,31,31,11,11:00am-11:59am,24,24,,,,,,,1,0
2020,29,290059,Missouri,2,2,0,0,0,2,2,19,BOONE (19),1800,COLUMBIA,5,5,2,February,2020,4,Wednesday,18,6:00pm-6:59pm,40,40,1,This section IS ON the NHS,2,Urban,1,Interstate,1,State Highway Agency,1,Interstate,I-70,,120,120,38.96863333,38.96863333,-92.325525000,-92.325525000,0,No Special Jurisdiction,12,Motor Vehicle In-Transport,1,Front-to-Rear,1,Yes,18,Through Roadway,1,Not an Intersection,0,None,,,1,On Roadway,2,Dark - Not Lighted,,,,,4,Snow,0,No,0000000,Not Applicable,18,6:00pm-6:59pm,42,42,18,6:00pm-6:59pm,49,49,19,7:00pm-7:59pm,20,20,,,,,,,1,0
2020,29,290060,Missouri,2,2,0,0,0,2,2,101,JOHNSON (101),8110,WARRENSBURG,6,6,2,February,2020,5,Thursday,12,12:00pm-12:59pm,26,26,0,This section IS NOT on the NHS,2,Urban,7,Local,4,City or Municipal Highway Agency,3,State Highway,SR-13 BU,"N MAGUIRE ST ",30,30,38.77913889,38.77913889,-93.737250000,-93.737250000,0,No Special Jurisdiction,12,Motor Vehicle In-Transport,6,Angle,0,No,2,Intersection,2,Four-Way Intersection,0,None,,,1,On Roadway,1,Daylight,,,,,1,Clear,0,No,0000000,Not Applicable,12,12:00pm-12:59pm,23,23,12,12:00pm-12:59pm,24,24,13,1:00pm-1:59pm,48,48,,,,,,,1,0
2020,29,290061,Missouri,1,1,0,0,0,1,1,37,CASS (37),6160,PECULIAR,6,6,2,February,2020,5,Thursday,15,3:00pm-3:59pm,15,15,0,This section IS NOT on the NHS,2,Urban,5,Major Collector,4,City or Municipal Highway Agency,4,County Road,CR-PECULIAR DR,,60,60,38.73791667,38.73791667,-94.476472220,-94.476472220,0,No Special Jurisdiction,38,Fence,0,The First Harmful Event was Not a Collision with a Motor Vehicle in Transport,0,No,1,Non-Junction,1,Not an Intersection,0,None,,,5,Outside Trafficway,1,Daylight,,,,,1,Clear,0,No,0000000,Not Applicable,99,Unknown,99,Unknown,99,Unknown EMS Scene Arrival Hour,99,Unknown EMS Scene Arrival Minutes,88,"Not Applicable (Not Transported) ",88,Not Applicable (Not Transported),,,,,,,1,0
2020,29,290062,Missouri,2,2,0,0,0,2,2,61,DAVIESS (61),0,NOT APPLICABLE,6,6,2,February,2020,5,Thursday,17,5:00pm-5:59pm,0,0,1,This section IS ON the NHS,1,Rural,3,Principal Arterial - Other,1,State Highway Agency,3,State Highway,SR-6,,250,250,39.98863889,39.98863889,-93.798083330,-93.798083330,0,No Special Jurisdiction,12,Motor Vehicle In-Transport,2,Front-to-Front,0,No,1,Non-Junction,1,Not an Intersection,0,None,,,1,On Roadway,1,Daylight,,,,,1,Clear,0,No,0000000,Not Applicable,17,5:00pm-5:59pm,3,3,17,5:00pm-5:59pm,15,15,17,5:00pm-5:59pm,45,45,,,,,,,1,0
2020,29,290063,Missouri,1,1,0,0,0,1,1,121,MACON (121),0,NOT APPLICABLE,7,7,2,February,2020,6,Friday,16,4:00pm-4:59pm,20,20,1,This section IS ON the NHS,1,Rural,2,Principal Arterial - Other Freeways and Expressways,1,State Highway Agency,2,U.S. Highway,US-63,,10,10,40.03052778,40.03052778,-92.485611110,-92.485611110,0,No Special Jurisdiction,1,Rollover/Overturn,0,The First Harmful Event was Not a Collision with a Motor Vehicle in Transport,0,No,1,Non-Junction,1,Not an Intersection,0,None,,,3,On Median,1,Daylight,,,,,4,Snow,0,No,0000000,Not Applicable,16,4:00pm-4:59pm,22,22,16,4:00pm-4:59pm,43,43,88,"Not Applicable (Not Transported) ",88,Not Applicable (Not Transported),,,,,,,1,0
2020,29,290064,Missouri,2,2,0,1,1,2,2,77,GREENE (77),0,NOT APPLICABLE,7,7,2,February,2020,6,Friday,20,8:00pm-8:59pm,5,5,1,This section IS ON the NHS,1,Rural,2,Principal Arterial - Other Freeways and Expressways,1,State Highway Agency,2,U.S. Highway,US-65,,140,140,37.28233333,37.28233333,-93.200250000,-93.200250000,0,No Special Jurisdiction,8,Pedestrian,0,The First Harmful Event was Not a Collision with a Motor Vehicle in Transport,0,No,1,Non-Junction,1,Not an Intersection,0,None,,,2,On Shoulder,2,Dark - Not Lighted,,,,,1,Clear,0,No,0000000,Not Applicable,99,Unknown,98,Unknown if Notified,99,Unknown EMS Scene Arrival Hour,98,Unknown if Arrived,88,"Not Applicable (Not Transported) ",88,Not Applicable (Not Transported),,,,,,,1,0
2020,29,290065,Missouri,3,3,0,0,0,4,4,95,JACKSON (95),4490,LEES SUMMIT,26,26,1,January,2020,1,Sunday,0,0:00am-0:59am,4,4,1,This section IS ON the NHS,2,Urban,3,Principal Arterial - Other,1,State Highway Agency,3,State Highway,SR-291,NE TUDOR RD,190,190,38.93201111,38.93201111,-94.360113890,-94.360113890,0,No Special Jurisdiction,12,Motor Vehicle In-Transport,1,Front-to-Rear,0,No,3,Intersection-Related,2,Four-Way Intersection,0,None,,,1,On Roadway,3,Dark - Lighted,,,,,10,Cloudy,0,No,0000000,Not Applicable,0,0:00am-0:59am,5,5,0,0:00am-0:59am,11,11,0,0:00am-0:59am,29,29,,,,,,,1,2
2020,29,290066,Missouri,1,1,0,0,0,1,1,33,CARROLL (33),0,NOT APPLICABLE,5,5,2,February,2020,4,Wednesday,7,7:00am-7:59am,30,30,0,This section IS NOT on the NHS,1,Rural,5,Major Collector,1,State Highway Agency,3,State Highway,SR-J,,50,50,39.60097222,39.60097222,-93.384555560,-93.384555560,0,No Special Jurisdiction,38,Fence,0,The First Harmful Event was Not a Collision with a Motor Vehicle in Transport,0,No,1,Non-Junction,1,Not an Intersection,0,None,,,5,Outside Trafficway,1,Daylight,,,,,10,Cloudy,0,No,0000000,Not Applicable,99,Unknown,98,Unknown if Notified,99,Unknown EMS Scene Arrival Hour,98,Unknown if Arrived,88,"Not Applicable (Not Transported) ",88,Not Applicable (Not Transported),,,,,,,1,0
2020,29,290067,Missouri,1,1,0,0,0,1,1,47,CLAY (47),4120,KANSAS CITY,8,8,2,February,2020,7,Saturday,1,1:00am-1:59am,55,55,1,This section IS ON the NHS,2,Urban,2,Principal Arterial - Other Freeways and Expressways,1,State Highway Agency,2,U.S. Highway,US-169,,220,220,39.13777500,39.13777500,-94.587213890,-94.587213890,0,No Special Jurisdiction,24,Guardrail Face,0,The First Harmful Event was Not a Collision with a Motor Vehicle in Transport,0,No,1,Non-Junction,1,Not an Intersection,0,None,,,4,On Roadside,2,Dark - Not Lighted,,,,,1,Clear,0,No,0000000,Not Applicable,99,Unknown,99,Unknown,99,Unknown EMS Scene Arrival Hour,99,Unknown EMS Scene Arrival Minutes,88,"Not Applicable (Not Transported) ",88,Not Applicable (Not Transported),,,,,,,1,1
2020,29,290068,Missouri,1,1,0,0,0,1,1,215,TEXAS (215),0,NOT APPLICABLE,8,8,2,February,2020,7,Saturday,15,3:00pm-3:59pm,5,5,0,This section IS NOT on the NHS,1,Rural,4,Minor Arterial,1,State Highway Agency,3,State Highway,SR-32,,50,50,37.51133333,37.51133333,-92.164333330,-92.164333330,0,No Special Jurisdiction,53,Mail Box,0,The First Harmful Event was Not a Collision with a Motor Vehicle in Transport,0,No,1,Non-Junction,1,Not an Intersection,0,None,,,4,On Roadside,1,Daylight,,,,,1,Clear,0,No,0000000,Not Applicable,15,3:00pm-3:59pm,9,9,15,3:00pm-3:59pm,30,30,16,4:00pm-4:59pm,50,50,,,,,,,1,0
2020,29,290069,Missouri,1,1,0,0,0,2,2,95,JACKSON (95),4120,KANSAS CITY,9,9,2,February,2020,1,Sunday,0,0:00am-0:59am,14,14,0,This section IS NOT on the NHS,2,Urban,4,Minor Arterial,4,City or Municipal Highway Agency,6,Local Street - Municipality,BLUE RIDGE BLVD,,30,30,38.96884167,38.96884167,-94.496797220,-94.496797220,0,No Special Jurisdiction,42,Tree (Standing Only),0,The First Harmful Event was Not a Collision with a Motor Vehicle in Transport,0,No,1,Non-Junction,1,Not an Intersection,0,None,,,4,On Roadside,3,Dark - Lighted,,,,,1,Clear,0,No,0000000,Not Applicable,0,0:00am-0:59am,14,14,0,0:00am-0:59am,22,22,0,0:00am-0:59am,49,49,,,,,,,1,0
2020,29,290070,Missouri,2,2,0,0,0,5,5,510,ST. LOUIS (CITY) (510),7080,ST. LOUIS,9,9,2,February,2020,1,Sunday,14,2:00pm-2:59pm,20,20,1,This section IS ON the NHS,2,Urban,3,Principal Arterial - Other,4,City or Municipal Highway Agency,6,Local Street - Municipality,NATURAL BRIDGE AVE,KINGSHIGHWAY BLVD,20,20,38.67633056,38.67633056,-90.251733330,-90.251733330,0,No Special Jurisdiction,12,Motor Vehicle In-Transport,6,Angle,0,No,2,Intersection,2,Four-Way Intersection,0,None,,,1,On Roadway,1,Daylight,,,,,10,Cloudy,0,No,0000000,Not Applicable,14,2:00pm-2:59pm,21,21,14,2:00pm-2:59pm,32,32,15,3:00pm-3:59pm,14,14,,,,,,,1,1
2020,29,290071,Missouri,1,1,0,1,1,1,1,189,ST LOUIS (189),0,NOT APPLICABLE,9,9,2,February,2020,1,Sunday,19,7:00pm-7:59pm,2,2,1,This section IS ON the NHS,2,Urban,3,Principal Arterial - Other,1,State Highway Agency,3,State Highway,SR-231,,90,90,38.43375000,38.43375000,-90.334638890,-90.334638890,0,No Special Jurisdiction,8,Pedestrian,0,The First Harmful Event was Not a Collision with a Motor Vehicle in Transport,0,No,1,Non-Junction,1,Not an Intersection,0,None,,,1,On Roadway,2,Dark - Not Lighted,,,,,2,Rain,0,No,0000000,Not Applicable,19,7:00pm-7:59pm,4,4,19,7:00pm-7:59pm,8,8,19,7:00pm-7:59pm,34,34,,,,,,,1,0
2020,29,290072,Missouri,1,1,0,0,0,1,1,13,BATES (13),0,NOT APPLICABLE,9,9,2,February,2020,1,Sunday,19,7:00pm-7:59pm,45,45,0,This section IS NOT on the NHS,1,Rural,7,Local,2,County Highway Agency,4,County Road,CR-NW 1002,,0,None,38.23813889,38.23813889,-94.495000000,-94.495000000,0,No Special Jurisdiction,38,Fence,0,The First Harmful Event was Not a Collision with a Motor Vehicle in Transport,0,No,1,Non-Junction,1,Not an Intersection,0,None,,,5,Outside Trafficway,2,Dark - Not Lighted,,,,,1,Clear,0,No,0000000,Not Applicable,99,Unknown,98,Unknown if Notified,99,Unknown EMS Scene Arrival Hour,98,Unknown if Arrived,88,"Not Applicable (Not Transported) ",88,Not Applicable (Not Transported),,,,,,,1,0
2020,29,290073,Missouri,2,2,0,0,0,2,2,187,ST FRANCOIS (187),0,NOT APPLICABLE,11,11,2,February,2020,3,Tuesday,7,7:00am-7:59am,25,25,0,This section IS NOT on the NHS,1,Rural,4,Minor Arterial,1,State Highway Agency,3,State Highway,SR-32,,40,40,37.79788889,37.79788889,-90.607250000,-90.607250000,0,No Special Jurisdiction,12,Motor Vehicle In-Transport,2,Front-to-Front,0,No,1,Non-Junction,1,Not an Intersection,0,None,,,1,On Roadway,1,Daylight,,,,,10,Cloudy,0,No,0000000,Not Applicable,7,7:00am-7:59am,33,33,7,7:00am-7:59am,44,44,9,9:00am-9:59am,0,0,,,,,,,1,0
2020,29,290074,Missouri,1,1,0,1,1,1,1,510,ST. LOUIS (CITY) (510),7080,ST. LOUIS,11,11,2,February,2020,3,Tuesday,16,4:00pm-4:59pm,30,30,1,This section IS ON the NHS,2,Urban,3,Principal Arterial - Other,4,City or Municipal Highway Agency,6,Local Street - Municipality,PAGE BLVD,UNION BLVD,10,10,38.66088333,38.66088333,-90.271780560,-90.271780560,0,No Special Jurisdiction,8,Pedestrian,0,The First Harmful Event was Not a Collision with a Motor Vehicle in Transport,0,No,3,Intersection-Related,98,Not Reported,0,None,,,1,On Roadway,1,Daylight,,,,,1,Clear,0,No,0000000,Not Applicable,16,4:00pm-4:59pm,30,30,16,4:00pm-4:59pm,39,39,16,4:00pm-4:59pm,59,59,,,,,,,1,0
2020,29,290075,Missouri,1,1,0,1,1,1,1,189,ST LOUIS (189),0,NOT APPLICABLE,12,12,2,February,2020,4,Wednesday,5,5:00am-5:59am,14,14,1,This section IS ON the NHS,2,Urban,1,Interstate,1,State Highway Agency,1,Interstate,I-44,,100,100,38.53961111,38.53961111,-90.486444440,-90.486444440,0,No Special Jurisdiction,8,Pedestrian,0,The First Harmful Event was Not a Collision with a Motor Vehicle in Transport,1,Yes,18,Through Roadway,1,Not an Intersection,0,None,,,1,On Roadway,2,Dark - Not Lighted,,,,,1,Clear,0,No,0000000,Not Applicable,99,Unknown,98,Unknown if Notified,99,Unknown EMS Scene Arrival Hour,98,Unknown if Arrived,88,"Not Applicable (Not Transported) ",88,Not Applicable (Not Transported),,,,,,,1,0
2020,29,290076,Missouri,2,2,0,0,0,3,3,119,MCDONALD (119),0,NOT APPLICABLE,12,12,2,February,2020,4,Wednesday,13,1:00pm-1:59pm,40,40,0,This section IS NOT on the NHS,1,Rural,5,Major Collector,1,State Highway Agency,3,State Highway,SR-43,CR-HART RD,20,20,36.73733333,36.73733333,-94.605805560,-94.605805560,0,No Special Jurisdiction,12,Motor Vehicle In-Transport,6,Angle,0,No,2,Intersection,2,Four-Way Intersection,0,None,,,1,On Roadway,1,Daylight,,,,,2,Rain,0,No,0000000,Not Applicable,13,1:00pm-1:59pm,39,39,14,2:00pm-2:59pm,2,2,15,3:00pm-3:59pm,4,4,,,,,,,1,0
2020,29,290077,Missouri,1,1,0,0,0,1,1,125,MARIES (125),0,NOT APPLICABLE,12,12,2,February,2020,4,Wednesday,16,4:00pm-4:59pm,10,10,0,This section IS NOT on the NHS,1,Rural,5,Major Collector,1,State Highway Agency,3,State Highway,SR-M,,20,20,38.29091667,38.29091667,-91.787166670,-91.787166670,0,No Special Jurisdiction,34,Ditch,0,The First Harmful Event was Not a Collision with a Motor Vehicle in Transport,0,No,1,Non-Junction,1,Not an Intersection,0,None,,,4,On Roadside,1,Daylight,,,,,2,Rain,0,No,0000000,Not Applicable,16,4:00pm-4:59pm,16,16,16,4:00pm-4:59pm,25,25,88,"Not Applicable (Not Transported) ",88,Not Applicable (Not Transported),,,,,,,1,1
2020,29,290078,Missouri,1,1,0,0,0,4,4,189,ST LOUIS (189),2700,FERGUSON,14,14,2,February,2020,6,Friday,18,6:00pm-6:59pm,18,18,0,This section IS NOT on the NHS,2,Urban,7,Local,4,City or Municipal Highway Agency,6,Local Street - Municipality,WINDWARD DR,,0,None,38.73786389,38.73786389,-90.270961110,-90.270961110,0,No Special Jurisdiction,42,Tree (Standing Only),0,The First Harmful Event was Not a Collision with a Motor Vehicle in Transport,0,No,1,Non-Junction,1,Not an Intersection,1,Construction,,,4,On Roadside,3,Dark - Lighted,,,,,1,Clear,0,No,0000000,Not Applicable,18,6:00pm-6:59pm,14,14,18,6:00pm-6:59pm,18,18,18,6:00pm-6:59pm,56,56,,,,,,,2,0
2020,29,290079,Missouri,3,3,0,0,0,7,7,183,ST. CHARLES (183),4328,LAKE SAINT LOUIS,14,14,2,February,2020,6,Friday,10,10:00am-10:59am,38,38,1,This section IS ON the NHS,2,Urban,1,Interstate,1,State Highway Agency,1,Interstate,I-64,,40,40,38.76997222,38.76997222,-90.776638890,-90.776638890,0,No Special Jurisdiction,57,Cable Barrier,0,The First Harmful Event was Not a Collision with a Motor Vehicle in Transport,0,No,1,Non-Junction,1,Not an Intersection,0,None,,,3,On Median,1,Daylight,,,,,1,Clear,0,No,0000000,Not Applicable,10,10:00am-10:59am,42,42,10,10:00am-10:59am,54,54,99,Unknown,99,Unknown EMS Hospital Arrival Time,,,,,,,4,0
2020,29,290080,Missouri,1,1,0,0,0,1,1,43,CHRISTIAN (43),0,NOT APPLICABLE,22,22,2,February,2020,7,Saturday,2,2:00am-2:59am,5,5,1,This section IS ON the NHS,1,Rural,3,Principal Arterial - Other,1,State Highway Agency,2,U.S. Highway,US-160,,180,180,36.85066667,36.85066667,-93.319583330,-93.319583330,0,No Special Jurisdiction,1,Rollover/Overturn,0,The First Harmful Event was Not a Collision with a Motor Vehicle in Transport,0,No,1,Non-Junction,1,Not an Intersection,0,None,,,4,On Roadside,2,Dark - Not Lighted,,,,,1,Clear,0,No,0000000,Not Applicable,2,2:00am-2:59am,27,27,2,2:00am-2:59am,54,54,3,3:00am-3:59am,37,37,,,,,,,1,1
2020,29,290081,Missouri,2,2,0,0,0,2,2,183,ST. CHARLES (183),7010,ST. CHARLES,22,22,2,February,2020,7,Saturday,5,5:00am-5:59am,33,33,1,This section IS ON the NHS,2,Urban,3,Principal Arterial - Other,4,City or Municipal Highway Agency,6,Local Street - Municipality,HARRY S TRUMAN BLVD,TRAILS OF SUNBROOK,10,10,38.79841389,38.79841389,-90.558616670,-90.558616670,0,No Special Jurisdiction,12,Motor Vehicle In-Transport,6,Angle,0,No,2,Intersection,3,T-Intersection,0,None,,,1,On Roadway,3,Dark - Lighted,,,,,1,Clear,0,No,0000000,Not Applicable,99,Unknown,99,Unknown,99,Unknown EMS Scene Arrival Hour,99,Unknown EMS Scene Arrival Minutes,99,Unknown,99,Unknown EMS Hospital Arrival Time,,,,,,,1,0
2020,29,290082,Missouri,1,1,0,0,0,2,2,97,JASPER (97),0,NOT APPLICABLE,22,22,2,February,2020,7,Saturday,7,7:00am-7:59am,15,15,1,This section IS ON the NHS,2,Urban,2,Principal Arterial - Other Freeways and Expressways,1,State Highway Agency,3,State Highway,SR-171,,120,120,37.17883333,37.17883333,-94.346916670,-94.346916670,0,No Special Jurisdiction,42,Tree (Standing Only),0,The First Harmful Event was Not a Collision with a Motor Vehicle in Transport,0,No,1,Non-Junction,1,Not an Intersection,0,None,,,4,On Roadside,1,Daylight,,,,,1,Clear,0,No,0000000,Not Applicable,99,Unknown,99,Unknown,99,Unknown EMS Scene Arrival Hour,99,Unknown EMS Scene Arrival Minutes,99,Unknown,99,Unknown EMS Hospital Arrival Time,,,,,,,1,0
2020,29,290083,Missouri,4,2,2,0,0,6,6,510,ST. LOUIS (CITY) (510),7080,ST. LOUIS,22,22,2,February,2020,7,Saturday,22,10:00pm-10:59pm,6,6,1,This section IS ON the NHS,2,Urban,3,Principal Arterial - Other,4,City or Municipal Highway Agency,3,State Highway,SR-30,,10,10,38.57566667,38.57566667,-90.277480560,-90.277480560,0,No Special Jurisdiction,12,Motor Vehicle In-Transport,6,Angle,0,No,1,Non-Junction,1,Not an Intersection,0,None,,,1,On Roadway,3,Dark - Lighted,,,,,1,Clear,0,No,0000000,Not Applicable,22,10:00pm-10:59pm,17,17,22,10:00pm-10:59pm,32,32,23,11:00pm-11:59pm,3,3,,,,,,,1,0
2020,29,290084,Missouri,2,1,1,0,0,2,2,77,GREENE (77),7460,SPRINGFIELD,23,23,2,February,2020,1,Sunday,10,10:00am-10:59am,48,48,0,This section IS NOT on the NHS,2,Urban,4,Minor Arterial,4,City or Municipal Highway Agency,6,Local Street - Municipality,DIVISION ST,,30,30,37.22623333,37.22623333,-93.306294440,-93.306294440,0,No Special Jurisdiction,33,Curb,0,The First Harmful Event was Not a Collision with a Motor Vehicle in Transport,0,No,1,Non-Junction,1,Not an Intersection,0,None,,,4,On Roadside,1,Daylight,,,,,10,Cloudy,0,No,0000000,Not Applicable,10,10:00am-10:59am,49,49,10,10:00am-10:59am,56,56,11,11:00am-11:59am,15,15,,,,,,,1,0
2020,29,290085,Missouri,2,2,0,0,0,2,2,1,ADAIR (1),4230,KIRKSVILLE,24,24,2,February,2020,2,Monday,12,12:00pm-12:59pm,44,44,1,This section IS ON the NHS,2,Urban,3,Principal Arterial - Other,1,State Highway Agency,2,U.S. Highway,US-63,SR-6,130,130,40.16808889,40.16808889,-92.551527780,-92.551527780,0,No Special Jurisdiction,12,Motor Vehicle In-Transport,2,Front-to-Front,0,No,2,Intersection,2,Four-Way Intersection,0,None,,,1,On Roadway,1,Daylight,,,,,2,Rain,0,No,0000000,Not Applicable,99,Unknown,98,Unknown if Notified,99,Unknown EMS Scene Arrival Hour,98,Unknown if Arrived,88,"Not Applicable (Not Transported) ",88,Not Applicable (Not Transported),,,,,,,1,0
2020,29,290086,Missouri,1,1,0,0,0,1,1,69,DUNKLIN (69),4870,MALDEN,24,24,2,February,2020,2,Monday,13,1:00pm-1:59pm,33,33,0,This section IS NOT on the NHS,1,Rural,4,Minor Arterial,1,State Highway Agency,3,State Highway,SR-J,,110,110,36.56399722,36.56399722,-89.979458330,-89.979458330,0,No Special Jurisdiction,34,Ditch,0,The First Harmful Event was Not a Collision with a Motor Vehicle in Transport,0,No,1,Non-Junction,1,Not an Intersection,0,None,,,4,On Roadside,1,Daylight,,,,,2,Rain,0,No,0000000,Not Applicable,99,Unknown,98,Unknown if Notified,99,Unknown EMS Scene Arrival Hour,98,Unknown if Arrived,88,"Not Applicable (Not Transported) ",88,Not Applicable (Not Transported),,,,,,,1,0
2020,29,290087,Missouri,2,2,0,0,0,3,3,37,CASS (37),0,NOT APPLICABLE,25,25,2,February,2020,3,Tuesday,15,3:00pm-3:59pm,45,45,0,This section IS NOT on the NHS,1,Rural,4,Minor Arterial,1,State Highway Agency,3,State Highway,SR-58,,260,260,38.75833333,38.75833333,-94.149777780,-94.149777780,0,No Special Jurisdiction,12,Motor Vehicle In-Transport,6,Angle,0,No,1,Non-Junction,1,Not an Intersection,0,None,,,4,On Roadside,1,Daylight,,,,,10,Cloudy,0,No,0000000,Not Applicable,15,3:00pm-3:59pm,47,47,16,4:00pm-4:59pm,16,16,17,5:00pm-5:59pm,20,20,,,,,,,2,0
2020,29,290088,Missouri,2,2,0,0,0,3,3,5,ATCHISON (5),0,NOT APPLICABLE,25,25,2,February,2020,3,Tuesday,20,8:00pm-8:59pm,0,0,0,This section IS NOT on the NHS,1,Rural,4,Minor Arterial,1,State Highway Agency,2,U.S. Highway,US-59,,150,150,40.37163889,40.37163889,-95.397000000,-95.397000000,0,No Special Jurisdiction,12,Motor Vehicle In-Transport,2,Front-to-Front,0,No,1,Non-Junction,1,Not an Intersection,0,None,,,1,On Roadway,2,Dark - Not Lighted,,,,,1,Clear,0,No,0000000,Not Applicable,20,8:00pm-8:59pm,6,6,20,8:00pm-8:59pm,16,16,20,8:00pm-8:59pm,34,34,,,,,,,1,0
2020,29,290089,Missouri,2,2,0,1,1,1,1,53,COOPER (53),0,NOT APPLICABLE,26,26,2,February,2020,4,Wednesday,6,6:00am-6:59am,30,30,1,This section IS ON the NHS,1,Rural,1,Interstate,1,State Highway Agency,1,Interstate,I-70,,0,None,38.95869444,38.95869444,-92.546861110,-92.546861110,0,No Special Jurisdiction,12,Motor Vehicle In-Transport,6,Angle,0,No,1,Non-Junction,1,Not an Intersection,0,None,,,1,On Roadway,1,Daylight,,,,,10,Cloudy,0,No,0000000,Not Applicable,99,Unknown,98,Unknown if Notified,99,Unknown EMS Scene Arrival Hour,98,Unknown if Arrived,88,"Not Applicable (Not Transported) ",88,Not Applicable (Not Transported),,,,,,,1,0
2020,29,290090,Missouri,1,1,0,0,0,1,1,165,PLATTE (165),0,NOT APPLICABLE,28,28,2,February,2020,6,Friday,99,Unknown Hours,99,Unknown Minutes,0,This section IS NOT on the NHS,1,Rural,7,Local,2,County Highway Agency,4,County Road,CR-MASONIC DR,,20,20,39.52787500,39.52787500,-94.739327780,-94.739327780,0,No Special Jurisdiction,32,Culvert,0,The First Harmful Event was Not a Collision with a Motor Vehicle in Transport,0,No,1,Non-Junction,1,Not an Intersection,0,None,,,4,On Roadside,9,Reported as Unknown,,,,,1,Clear,0,No,0000000,Not Applicable,99,Unknown,98,Unknown if Notified,99,Unknown EMS Scene Arrival Hour,98,Unknown if Arrived,88,"Not Applicable (Not Transported) ",88,Not Applicable (Not Transported),,,,,,,1,0
2020,29,290091,Missouri,3,3,0,0,0,3,3,510,ST. LOUIS (CITY) (510),7080,ST. LOUIS,26,26,2,February,2020,4,Wednesday,13,1:00pm-1:59pm,49,49,1,This section IS ON the NHS,2,Urban,3,Principal Arterial - Other,1,State Highway Agency,3,State Highway,SR-H,,10,10,38.75873611,38.75873611,-90.186033330,-90.186033330,0,No Special Jurisdiction,12,Motor Vehicle In-Transport,2,Front-to-Front,0,No,1,Non-Junction,1,Not an Intersection,4,"Work Zone, Type Unknown",,,1,On Roadway,1,Daylight,,,,,10,Cloudy,0,No,0000000,Not Applicable,99,Unknown,98,Unknown if Notified,99,Unknown EMS Scene Arrival Hour,98,Unknown if Arrived,88,"Not Applicable (Not Transported) ",88,Not Applicable (Not Transported),,,,,,,1,1
2020,29,290092,Missouri,1,1,0,0,0,4,4,161,PHELPS (161),0,NOT APPLICABLE,27,27,2,February,2020,5,Thursday,11,11:00am-11:59am,39,39,0,This section IS NOT on the NHS,1,Rural,7,Local,2,County Highway Agency,4,County Road,CR-8110,,10,10,37.95322222,37.95322222,-91.803222220,-91.803222220,0,No Special Jurisdiction,1,Rollover/Overturn,0,The First Harmful Event was Not a Collision with a Motor Vehicle in Transport,0,No,1,Non-Junction,1,Not an Intersection,0,None,,,4,On Roadside,1,Daylight,,,,,10,Cloudy,0,No,0000000,Not Applicable,11,11:00am-11:59am,54,54,12,12:00pm-12:59pm,1,1,12,12:00pm-12:59pm,19,19,,,,,,,1,0