caseyear,state,st_case,statename,ve_total,ve_forms,pvh_invl,peds,pernotmvit,permvit,persons,county,countyname,city,cityname,day,dayname,month,monthname,year,day_week,day_weekname,hour,hourname,minute,minutename,nhs,nhsname,rur_urb,rur_urbname,func_sys,func_sysname,rd_owner,rd_ownername,route,routename,tway_id,tway_id2,milept,mileptname,latitude,latitudename,longitud,longitudname,sp_jur,sp_jurname,harm_ev,harm_evname,man_coll,man_collname,reljct1,reljct1name,reljct2,reljct2name,typ_int,typ_intname,wrk_zone,wrk_zonename,road_fnc,road_fncname,rel_road,rel_roadname,lgt_cond,lgt_condname,weather1,weather1name,weather2,weather2name,weather,weathername,sch_bus,sch_busname,rail,railname,not_hour,not_hourname,not_min,not_minname,arr_hour,arr_hourname,arr_min,arr_minname,hosp_hr,hosp_hrname,hosp_mn,hosp_mnname,cf1,cf1name,cf2,cf2name,cf3,cf3name,fatals,drunk_dr
2020,29,290166,Missouri,1,1,0,1,1,1,1,113,LINCOLN (113),7810,TROY,9,9,4,April,2020,5,Thursday,20,8:00pm-8:59pm,35,35,1,This section IS ON the NHS,2,Urban,2,Principal Arterial - Other Freeways and Expressways,1,State Highway Agency,2,U.S. Highway,US-61,,190,190,38.96466667,38.96466667,-90.954136110,-90.954136110,0,No Special Jurisdiction,8,Pedestrian,0,The First Harmful Event was Not a Collision with a Motor Vehicle in Transport,0,No,1,Non-Junction,1,Not an Intersection,0,None,,,1,On Roadway,3,Dark - Lighted,,,,,1,Clear,0,No,0000000,Not Applicable,99,Unknown,98,Unknown if Notified,99,Unknown EMS Scene Arrival Hour,98,Unknown if Arrived,88,"Not Applicable (Not Transported) ",88,Not Applicable (Not Transported),,,,,,,1,0
2020,29,290167,Missouri,1,1,0,0,0,2,2,510,ST. LOUIS (CITY) (510),7080,ST. LOUIS,9,9,4,April,2020,5,Thursday,22,10:00pm-10:59pm,57,57,1,This section IS ON the NHS,2,Urban,1,Interstate,1,State Highway Agency,1,Interstate,I-70,,10,10,38.69083056,38.69083056,-90.256686110,-90.256686110,0,No Special Jurisdiction,38,Fence,0,The First Harmful Event was Not a Collision with a Motor Vehicle in Transport,0,No,1,Non-Junction,1,Not an Intersection,0,None,,,4,On Roadside,3,Dark - Lighted,,,,,1,Clear,0,No,0000000,Not Applicable,22,10:00pm-10:59pm,57,57,23,11:00pm-11:59pm,6,6,23,11:00pm-11:59pm,24,24,,,,,,,1,0
2020,29,290168,Missouri,1,1,0,0,0,1,1,95,JACKSON (95),3940,INDEPENDENCE,10,10,4,April,2020,6,Friday,10,10:00am-10:59am,34,34,0,This section IS NOT on the NHS,2,Urban,4,Minor Arterial,4,City or Municipal Highway Agency,6,Local Street - Municipality,TRUMAN RD,,120,120,39.09155556,39.09155556,-94.348813890,-94.348813890,0,No Special Jurisdiction,24,Guardrail Face,0,The First Harmful Event was Not a Collision with a Motor Vehicle in Transport,0,No,1,Non-Junction,1,Not an Intersection,0,None,,,4,On Roadside,1,Daylight,,,,,1,Clear,0,No,0000000,Not Applicable,10,10:00am-10:59am,34,34,10,10:00am-10:59am,37,37,11,11:00am-11:59am,21,21,,,,,,,1,0
2020,29,290169,Missouri,1,1,0,0,0,1,1,43,CHRISTIAN (43),0,NOT APPLICABLE,11,11,4,April,2020,7,Saturday,1,1:00am-1:59am,0,0,0,This section IS NOT on the NHS,1,Rural,5,Major Collector,1,State Highway Agency,3,State Highway,SR-125,,260,260,36.82783056,36.82783056,-92.986527780,-92.986527780,0,No Special Jurisdiction,42,Tree (Standing Only),0,The First Harmful Event was Not a Collision with a Motor Vehicle in Transport,0,No,1,Non-Junction,1,Not an Intersection,0,None,,,4,On Roadside,2,Dark - Not Lighted,,,,,10,Cloudy,0,No,0000000,Not Applicable,99,Unknown,98,Unknown if Notified,99,Unknown EMS Scene Arrival Hour,98,Unknown if Arrived,88,"Not Applicable (Not Transported) ",88,Not Applicable (Not Transported),,,,,,,1,0
2020,29,290170,Missouri,2,2,0,0,0,3,3,165,PLATTE (165),4120,KANSAS CITY,13,13,4,April,2020,2,Monday,21,9:00pm-9:59pm,27,27,0,This section IS NOT on the NHS,2,Urban,7,Local,4,City or Municipal Highway Agency,6,Local Street - Municipality,NW PRAIRIE VIEW RD,,0,None,39.33749167,39.33749167,-94.730850000,-94.730850000,0,No Special Jurisdiction,12,Motor Vehicle In-Transport,2,Front-to-Front,0,No,1,Non-Junction,1,Not an Intersection,0,None,,,1,On Roadway,2,Dark - Not Lighted,,,,,1,Clear,0,No,0000000,Not Applicable,21,9:00pm-9:59pm,27,27,21,9:00pm-9:59pm,48,48,22,10:00pm-10:59pm,15,15,,,,,,,1,0
2020,29,290171,Missouri,1,1,0,0,0,1,1,15,BENTON (15),0,NOT APPLICABLE,14,14,4,April,2020,3,Tuesday,11,11:00am-11:59am,26,26,0,This section IS NOT on the NHS,1,Rural,7,Local,2,County Highway Agency,4,County Road,CR-LOST VALLEY RD,,10,10,38.26825000,38.26825000,-93.347166670,-93.347166670,0,No Special Jurisdiction,34,Ditch,0,The First Harmful Event was Not a Collision with a Motor Vehicle in Transport,0,No,1,Non-Junction,1,Not an Intersection,0,None,,,4,On Roadside,1,Daylight,,,,,1,Clear,0,No,0000000,Not Applicable,11,11:00am-11:59am,58,58,12,12:00pm-12:59pm,24,24,13,1:00pm-1:59pm,18,18,,,,,,,1,0
2020,29,290172,Missouri,1,1,0,1,1,1,1,510,ST. LOUIS (CITY) (510),7080,ST. LOUIS,14,14,4,April,2020,3,Tuesday,23,11:00pm-11:59pm,16,16,0,This section IS NOT on the NHS,2,Urban,4,Minor Arterial,4,City or Municipal Highway Agency,6,Local Street - Municipality,GRAND BLVD,MERAMEC ST,70,70,38.58102778,38.58102778,-90.244219440,-90.244219440,0,No Special Jurisdiction,8,Pedestrian,0,The First Harmful Event was Not a Collision with a Motor Vehicle in Transport,0,No,3,Intersection-Related,98,Not Reported,0,None,,,1,On Roadway,3,Dark - Lighted,,,,,1,Clear,0,No,0000000,Not Applicable,23,11:00pm-11:59pm,8,8,23,11:00pm-11:59pm,20,20,88,"Not Applicable (Not Transported) ",88,Not Applicable (Not Transported),,,,,,,1,0
2020,29,290173,Missouri,1,1,0,2,2,1,1,95,JACKSON (95),4120,KANSAS CITY,15,15,4,April,2020,4,Wednesday,16,4:00pm-4:59pm,26,26,0,This section IS NOT on the NHS,2,Urban,7,Local,4,City or Municipal Highway Agency,6,Local Street - Municipality,WORNALL RD,W 98TH ST,0,None,38.95063889,38.95063889,-94.596130560,-94.596130560,0,No Special Jurisdiction,8,Pedestrian,0,The First Harmful Event was Not a Collision with a Motor Vehicle in Transport,0,No,2,Intersection,2,Four-Way Intersection,0,None,,,1,On Roadway,1,Daylight,,,,,1,Clear,0,No,0000000,Not Applicable,16,4:00pm-4:59pm,28,28,16,4:00pm-4:59pm,34,34,16,4:00pm-4:59pm,55,55,,,,,,,1,0
2020,29,290174,Missouri,2,2,0,0,0,4,4,95,JACKSON (95),4120,KANSAS CITY,16,16,4,April,2020,5,Thursday,22,10:00pm-10:59pm,9,9,1,This section IS ON the NHS,2,Urban,1,Interstate,1,State Highway Agency,1,Interstate,I-435,,90,90,39.02399444,39.02399444,-94.500977780,-94.500977780,0,No Special Jurisdiction,12,Motor Vehicle In-Transport,1,Front-to-Rear,0,No,1,Non-Junction,1,Not an Intersection,0,None,,,1,On Roadway,3,Dark - Lighted,,,,,10,Cloudy,0,No,0000000,Not Applicable,22,10:00pm-10:59pm,11,11,22,10:00pm-10:59pm,20,20,22,10:00pm-10:59pm,36,36,,,,,,,1,0
2020,29,290175,Missouri,2,2,0,0,0,3,3,31,CAPE GIRARDEAU (31),0,NOT APPLICABLE,17,17,4,April,2020,6,Friday,11,11:00am-11:59am,4,4,0,This section IS NOT on the NHS,1,Rural,4,Minor Arterial,1,State Highway Agency,3,State Highway,SR-AB,,30,30,37.23647222,37.23647222,-89.603805560,-89.603805560,0,No Special Jurisdiction,12,Motor Vehicle In-Transport,2,Front-to-Front,0,No,1,Non-Junction,1,Not an Intersection,0,None,,,1,On Roadway,1,Daylight,,,,,10,Cloudy,0,No,0000000,Not Applicable,11,11:00am-11:59am,10,10,11,11:00am-11:59am,34,34,11,11:00am-11:59am,58,58,,,,,,,2,0
2020,29,290176,Missouri,1,1,0,0,0,1,1,147,NODAWAY (147),0,NOT APPLICABLE,17,17,4,April,2020,6,Friday,18,6:00pm-6:59pm,15,15,0,This section IS NOT on the NHS,1,Rural,5,Major Collector,1,State Highway Agency,3,State Highway,SR-NN,,20,20,40.47430556,40.47430556,-94.800219440,-94.800219440,0,No Special Jurisdiction,58,Ground,0,The First Harmful Event was Not a Collision with a Motor Vehicle in Transport,0,No,1,Non-Junction,1,Not an Intersection,0,None,,,4,On Roadside,1,Daylight,,,,,1,Clear,0,No,0000000,Not Applicable,18,6:00pm-6:59pm,38,38,18,6:00pm-6:59pm,53,53,19,7:00pm-7:59pm,24,24,,,,,,,1,0
2020,29,290177,Missouri,1,1,0,0,0,2,2,155,PEMISCOT (155),1450,CARUTHERSVILLE,19,19,4,April,2020,1,Sunday,17,5:00pm-5:59pm,15,15,0,This section IS NOT on the NHS,2,Urban,4,Minor Arterial,4,City or Municipal Highway Agency,6,Local Street - Municipality,EAST 7TH ST,,10,10,36.18447222,36.18447222,-89.648722220,-89.648722220,0,No Special Jurisdiction,33,Curb,0,The First Harmful Event was Not a Collision with a Motor Vehicle in Transport,0,No,1,Non-Junction,1,Not an Intersection,0,None,,,4,On Roadside,1,Daylight,,,,,10,Cloudy,0,No,0000000,Not Applicable,17,5:00pm-5:59pm,26,26,17,5:00pm-5:59pm,52,52,18,6:00pm-6:59pm,43,43,,,,,,,1,0
2020,29,290178,Missouri,1,1,0,0,0,1,1,229,WRIGHT (229),0,NOT APPLICABLE,19,19,4,April,2020,1,Sunday,99,Unknown Hours,99,Unknown Minutes,0,This section IS NOT on the NHS,1,Rural,5,Major Collector,1,State Highway Agency,3,State Highway,SR-M,,10,10,37.37966667,37.37966667,-92.674694440,-92.674694440,0,No Special Jurisdiction,34,Ditch,0,The First Harmful Event was Not a Collision with a Motor Vehicle in Transport,0,No,1,Non-Junction,1,Not an Intersection,0,None,,,4,On Roadside,2,Dark - Not Lighted,,,,,2,Rain,0,No,0000000,Not Applicable,99,Unknown,98,Unknown if Notified,99,Unknown EMS Scene Arrival Hour,98,Unknown if Arrived,88,"Not Applicable (Not Transported) ",88,Not Applicable (Not Transported),,,,,,,1,1
2020,29,290179,Missouri,1,1,0,0,0,1,1,47,CLAY (47),4120,KANSAS CITY,20,20,4,April,2020,2,Monday,23,11:00pm-11:59pm,1,1,1,This section IS ON the NHS,2,Urban,2,Principal Arterial - Other Freeways and Expressways,1,State Highway Agency,3,State Highway,SR-152,,50,50,39.24261111,39.24261111,-94.517080560,-94.517080560,0,No Special Jurisdiction,57,Cable Barrier,0,The First Harmful Event was Not a Collision with a Motor Vehicle in Transport,1,Yes,19,Other location within Interchange Area,1,Not an Intersection,0,None,,,3,On Median,2,Dark - Not Lighted,,,,,1,Clear,0,No,0000000,Not Applicable,23,11:00pm-11:59pm,1,1,23,11:00pm-11:59pm,10,10,23,11:00pm-11:59pm,23,23,,,,,,,1,1
2020,29,290180,Missouri,2,2,0,0,0,5,5,225,WEBSTER (225),2810,FORDLAND,21,21,4,April,2020,3,Tuesday,5,5:00am-5:59am,16,16,1,This section IS ON the NHS,1,Rural,2,Principal Arterial - Other Freeways and Expressways,1,State Highway Agency,2,U.S. Highway,US-60,,90,90,37.16130556,37.16130556,-92.927222220,-92.927222220,0,No Special Jurisdiction,12,Motor Vehicle In-Transport,2,Front-to-Front,0,No,1,Non-Junction,1,Not an Intersection,0,None,,,1,On Roadway,2,Dark - Not Lighted,,,,,1,Clear,0,No,0000000,Not Applicable,5,5:00am-5:59am,19,19,5,5:00am-5:59am,39,39,6,6:00am-6:59am,15,15,,,,,,,1,1
2020,29,290181,Missouri,1,1,0,0,0,1,1,109,LAWRENCE (109),0,NOT APPLICABLE,23,23,4,April,2020,5,Thursday,99,Unknown Hours,99,Unknown Minutes,0,This section IS NOT on the NHS,1,Rural,7,Local,2,County Highway Agency,4,County Road,CR-1010,,60,60,37.04694444,37.04694444,-94.041194440,-94.041194440,0,No Special Jurisdiction,17,Boulder,0,The First Harmful Event was Not a Collision with a Motor Vehicle in Transport,0,No,1,Non-Junction,1,Not an Intersection,0,None,,,4,On Roadside,1,Daylight,,,,,10,Cloudy,0,No,0000000,Not Applicable,15,3:00pm-3:59pm,52,52,16,4:00pm-4:59pm,10,10,88,"Not Applicable (Not Transported) ",88,Not Applicable (Not Transported),,,,,,,1,1
2020,29,290182,Missouri,1,1,0,0,0,2,2,95,JACKSON (95),4120,KANSAS CITY,24,24,4,April,2020,6,Friday,7,7:00am-7:59am,18,18,1,This section IS ON the NHS,2,Urban,3,Principal Arterial - Other,1,State Highway Agency,2,U.S. Highway,US-71,GREGORY BLVD,110,110,38.99800833,38.99800833,-94.554827780,-94.554827780,0,No Special Jurisdiction,46,Traffic Signal Support,0,The First Harmful Event was Not a Collision with a Motor Vehicle in Transport,0,No,3,Intersection-Related,2,Four-Way Intersection,0,None,,,12,Pedestrian Refuge Island or Traffic Island,1,Daylight,,,,,2,Rain,0,No,0000000,Not Applicable,7,7:00am-7:59am,19,19,7,7:00am-7:59am,23,23,7,7:00am-7:59am,39,39,,,,,,,1,1
2020,29,290183,Missouri,1,1,0,0,0,2,2,165,PLATTE (165),4120,KANSAS CITY,24,24,4,April,2020,6,Friday,1,1:00am-1:59am,9,9,1,This section IS ON the NHS,2,Urban,1,Interstate,1,State Highway Agency,1,Interstate,I-29,,230,230,39.24337500,39.24337500,-94.658550000,-94.658550000,0,No Special Jurisdiction,59,"Traffic Sign Support ",0,The First Harmful Event was Not a Collision with a Motor Vehicle in Transport,0,No,1,Non-Junction,1,Not an Intersection,0,None,,,4,On Roadside,3,Dark - Lighted,,,,,10,Cloudy,0,No,0000000,Not Applicable,1,1:00am-1:59am,8,8,1,1:00am-1:59am,15,15,1,1:00am-1:59am,49,49,,,,,,,1,0
2020,29,290184,Missouri,1,1,0,0,0,1,1,510,ST. LOUIS (CITY) (510),7080,ST. LOUIS,26,26,4,April,2020,1,Sunday,0,0:00am-0:59am,19,19,1,This section IS ON the NHS,2,Urban,3,Principal Arterial - Other,1,State Highway Agency,6,Local Street - Municipality,RIVERVIEW DR,,80,80,38.76266389,38.76266389,-90.183716670,-90.183716670,0,No Special Jurisdiction,1,Rollover/Overturn,0,The First Harmful Event was Not a Collision with a Motor Vehicle in Transport,0,No,1,Non-Junction,1,Not an Intersection,0,None,,,4,On Roadside,3,Dark - Lighted,,,,,1,Clear,0,No,0000000,Not Applicable,0,0:00am-0:59am,18,18,0,0:00am-0:59am,26,26,88,"Not Applicable (Not Transported) ",88,Not Applicable (Not Transported),,,,,,,1,1
2020,29,290185,Missouri,1,1,0,0,0,1,1,31,CAPE GIRARDEAU (31),1390,CAPE GIRARDEAU,15,15,3,March,2020,1,Sunday,4,4:00am-4:59am,47,47,0,This section IS NOT on the NHS,2,Urban,7,Local,4,City or Municipal Highway Agency,6,Local Street - Municipality,GOLDEN EAGLE DR,,0,None,37.33756667,37.33756667,-89.577341670,-89.577341670,0,No Special Jurisdiction,33,Curb,0,The First Harmful Event was Not a Collision with a Motor Vehicle in Transport,0,No,1,Non-Junction,1,Not an Intersection,0,None,,,4,On Roadside,3,Dark - Lighted,,,,,10,Cloudy,0,No,0000000,Not Applicable,99,Unknown,98,Unknown if Notified,99,Unknown EMS Scene Arrival Hour,98,Unknown if Arrived,88,"Not Applicable (Not Transported) ",88,Not Applicable (Not Transported),,,,,,,1,0
2020,29,290186,Missouri,1,1,0,0,0,2,2,85,HICKORY (85),0,NOT APPLICABLE,10,10,4,April,2020,6,Friday,14,2:00pm-2:59pm,20,20,1,This section IS ON the NHS,1,Rural,3,Principal Arterial - Other,1,State Highway Agency,2,U.S. Highway,US-65,,130,130,37.90246944,37.90246944,-93.186027780,-93.186027780,0,No Special Jurisdiction,31,"Post, Pole or Other Supports",0,The First Harmful Event was Not a Collision with a Motor Vehicle in Transport,0,No,1,Non-Junction,1,Not an Intersection,0,None,,,4,On Roadside,1,Daylight,,,,,1,Clear,0,No,0000000,Not Applicable,14,2:00pm-2:59pm,51,51,15,3:00pm-3:59pm,10,10,15,3:00pm-3:59pm,44,44,,,,,,,1,0
2020,29,290187,Missouri,1,1,0,1,1,1,1,510,ST. LOUIS (CITY) (510),7080,ST. LOUIS,11,11,4,April,2020,7,Saturday,21,9:00pm-9:59pm,56,56,0,This section IS NOT on the NHS,2,Urban,4,Minor Arterial,4,City or Municipal Highway Agency,6,Local Street - Municipality,UNION BLVD,ST LOUIS AVE,20,20,38.67429167,38.67429167,-90.261716670,-90.261716670,0,No Special Jurisdiction,8,Pedestrian,0,The First Harmful Event was Not a Collision with a Motor Vehicle in Transport,0,No,2,Intersection,2,Four-Way Intersection,0,None,,,1,On Roadway,3,Dark - Lighted,,,,,10,Cloudy,0,No,0000000,Not Applicable,21,9:00pm-9:59pm,55,55,22,10:00pm-10:59pm,2,2,22,10:00pm-10:59pm,18,18,,,,,,,1,0
2020,29,290188,Missouri,3,3,0,0,0,5,5,55,CRAWFORD (55),0,NOT APPLICABLE,17,17,4,April,2020,6,Friday,14,2:00pm-2:59pm,48,48,0,This section IS NOT on the NHS,1,Rural,4,Minor Arterial,3,Town or Township Highway Agency,3,State Highway,SR-19,,130,130,38.03469167,38.03469167,-91.388636110,-91.388636110,0,No Special Jurisdiction,12,Motor Vehicle In-Transport,2,Front-to-Front,0,No,1,Non-Junction,1,Not an Intersection,0,None,,,1,On Roadway,1,Daylight,,,,,10,Cloudy,0,No,0000000,Not Applicable,14,2:00pm-2:59pm,50,50,14,2:00pm-2:59pm,57,57,15,3:00pm-3:59pm,41,41,,,,,,,1,0
2020,29,290189,Missouri,2,2,0,0,0,3,3,119,MCDONALD (119),0,NOT APPLICABLE,17,17,4,April,2020,6,Friday,14,2:00pm-2:59pm,15,15,1,This section IS ON the NHS,2,Urban,3,Principal Arterial - Other,1,State Highway Agency,2,U.S. Highway,US-71,SR-OO,220,220,36.50355556,36.50355556,-94.276747220,-94.276747220,0,No Special Jurisdiction,12,Motor Vehicle In-Transport,6,Angle,0,No,2,Intersection,2,Four-Way Intersection,0,None,,,1,On Roadway,1,Daylight,,,,,10,Cloudy,0,No,0000000,Not Applicable,99,Unknown,99,Unknown,99,Unknown EMS Scene Arrival Hour,99,Unknown EMS Scene Arrival Minutes,99,Unknown,99,Unknown EMS Hospital Arrival Time,,,,,,,1,0
2020,29,290190,Missouri,1,1,0,0,0,4,4,101,JOHNSON (101),0,NOT APPLICABLE,18,18,4,April,2020,7,Saturday,2,2:00am-2:59am,40,40,0,This section IS NOT on the NHS,1,Rural,5,Major Collector,1,State Highway Agency,3,State Highway,SR-2,,40,40,38.63258056,38.63258056,-94.051166670,-94.051166670,0,No Special Jurisdiction,35,Embankment,0,The First Harmful Event was Not a Collision with a Motor Vehicle in Transport,0,No,1,Non-Junction,1,Not an Intersection,0,None,,,4,On Roadside,2,Dark - Not Lighted,,,,,1,Clear,0,No,0000000,Not Applicable,99,Unknown,98,Unknown if Notified,99,Unknown EMS Scene Arrival Hour,98,Unknown if Arrived,88,"Not Applicable (Not Transported) ",88,Not Applicable (Not Transported),,,,,,,1,0
2020,29,290191,Missouri,2,2,0,0,0,3,3,29,CAMDEN (29),0,NOT APPLICABLE,19,19,4,April,2020,1,Sunday,15,3:00pm-3:59pm,1,1,1,This section IS ON the NHS,1,Rural,3,Principal Arterial - Other,1,State Highway Agency,3,State Highway,SR-5,,100,100,38.09127778,38.09127778,-92.811941670,-92.811941670,0,No Special Jurisdiction,12,Motor Vehicle In-Transport,2,Front-to-Front,0,No,1,Non-Junction,1,Not an Intersection,0,None,,,1,On Roadway,1,Daylight,,,,,1,Clear,0,No,0000000,Not Applicable,15,3:00pm-3:59pm,4,4,15,3:00pm-3:59pm,10,10,15,3:00pm-3:59pm,38,38,,,,,,,1,1
2020,29,290192,Missouri,2,2,0,0,0,2,2,1,ADAIR (1),4230,KIRKSVILLE,21,21,4,April,2020,3,Tuesday,21,9:00pm-9:59pm,58,58,0,This section IS NOT on the NHS,2,Urban,7,Local,4,City or Municipal Highway Agency,6,Local Street - Municipality,LINCOLN,,0,None,40.24580556,40.24580556,-92.573136110,-92.573136110,0,No Special Jurisdiction,12,Motor Vehicle In-Transport,2,Front-to-Front,0,No,1,Non-Junction,1,Not an Intersection,0,None,,,1,On Roadway,2,Dark - Not Lighted,,,,,1,Clear,0,No,0000000,Not Applicable,21,9:00pm-9:59pm,58,58,22,10:00pm-10:59pm,8,8,22,10:00pm-10:59pm,59,59,,,,,,,1,1
2020,29,290194,Missouri,1,1,0,0,0,1,1,207,STODDARD (207),0,NOT APPLICABLE,26,26,4,April,2020,1,Sunday,21,9:00pm-9:59pm,10,10,0,This section IS NOT on the NHS,1,Rural,5,Major Collector,1,State Highway Agency,3,State Highway,SR-153,,120,120,36.65927778,36.65927778,-89.809886110,-89.809886110,0,No Special Jurisdiction,34,Ditch,0,The First Harmful Event was Not a Collision with a Motor Vehicle in Transport,0,No,1,Non-Junction,1,Not an Intersection,0,None,,,4,On Roadside,2,Dark - Not Lighted,,,,,1,Clear,0,No,0000000,Not Applicable,21,9:00pm-9:59pm,20,20,21,9:00pm-9:59pm,42,42,88,"Not Applicable (Not Transported) ",88,Not Applicable (Not Transported),,,,,,,1,0
2020,29,290195,Missouri,1,1,0,1,1,1,1,83,HENRY (83),0,NOT APPLICABLE,24,24,4,April,2020,6,Friday,4,4:00am-4:59am,20,20,1,This section IS ON the NHS,1,Rural,3,Principal Arterial - Other,1,State Highway Agency,3,State Highway,SR-7,,280,280,38.43321944,38.43321944,-93.931166670,-93.931166670,0,No Special Jurisdiction,8,Pedestrian,0,The First Harmful Event was Not a Collision with a Motor Vehicle in Transport,0,No,1,Non-Junction,1,Not an Intersection,0,None,,,1,On Roadway,3,Dark - Lighted,,,,,10,Cloudy,0,No,0000000,Not Applicable,99,Unknown,98,Unknown if Notified,99,Unknown EMS Scene Arrival Hour,98,Unknown if Arrived,88,"Not Applicable (Not Transported) ",88,Not Applicable (Not Transported),,,,,,,1,0
2020,29,290196,Missouri,1,1,0,0,0,4,4,219,WARREN (219),8530,WRIGHT CITY,27,27,4,April,2020,2,Monday,4,4:00am-4:59am,50,50,1,This section IS ON the NHS,2,Urban,1,Interstate,1,State Highway Agency,1,Interstate,I-70,,120,120,38.82588611,38.82588611,-91.062691670,-91.062691670,0,No Special Jurisdiction,57,Cable Barrier,0,The First Harmful Event was Not a Collision with a Motor Vehicle in Transport,0,No,1,Non-Junction,1,Not an Intersection,0,None,,,3,On Median,1,Daylight,,,,,1,Clear,0,No,0000000,Not Applicable,5,5:00am-5:59am,0,0,5,5:00am-5:59am,8,8,88,"Not Applicable (Not Transported) ",88,Not Applicable (Not Transported),,,,,,,1,0
2020,29,290197,Missouri,1,1,0,0,0,2,2,85,HICKORY (85),0,NOT APPLICABLE,30,30,4,April,2020,5,Thursday,13,1:00pm-1:59pm,24,24,0,This section IS NOT on the NHS,1,Rural,5,Major Collector,1,State Highway Agency,3,State Highway,SR-254,,10,10,37.89466667,37.89466667,-93.391666670,-93.391666670,0,No Special Jurisdiction,7,Other Non-Collision,0,The First Harmful Event was Not a Collision with a Motor Vehicle in Transport,0,No,1,Non-Junction,1,Not an Intersection,0,None,,,1,On Roadway,1,Daylight,,,,,1,Clear,0,No,0000000,Not Applicable,13,1:00pm-1:59pm,34,34,14,2:00pm-2:59pm,2,2,14,2:00pm-2:59pm,53,53,,,,,,,1,0
2020,29,290198,Missouri,1,1,0,0,0,1,1,189,ST LOUIS (189),0,NOT APPLICABLE,30,30,4,April,2020,5,Thursday,0,0:00am-0:59am,45,45,1,This section IS ON the NHS,2,Urban,3,Principal Arterial - Other,1,State Highway Agency,3,State Highway,SR-AC,,30,30,38.77320278,38.77320278,-90.269841670,-90.269841670,0,No Special Jurisdiction,42,Tree (Standing Only),0,The First Harmful Event was Not a Collision with a Motor Vehicle in Transport,0,No,1,Non-Junction,1,Not an Intersection,0,None,,,4,On Roadside,3,Dark - Lighted,,,,,10,Cloudy,0,No,0000000,Not Applicable,0,0:00am-0:59am,49,49,0,0:00am-0:59am,54,54,88,"Not Applicable (Not Transported) ",88,Not Applicable (Not Transported),,,,,,,1,0
2020,29,290199,Missouri,1,1,0,1,1,2,2,19,BOONE (19),1800,COLUMBIA,28,28,2,February,2020,6,Friday,3,3:00am-3:59am,21,21,0,This section IS NOT on the NHS,2,Urban,4,Minor Arterial,1,State Highway Agency,3,State Highway,SR-B,,80,80,39.00860556,39.00860556,-92.273738890,-92.273738890,0,No Special Jurisdiction,8,Pedestrian,0,The First Harmful Event was Not a Collision with a Motor Vehicle in Transport,0,No,1,Non-Junction,1,Not an Intersection,0,None,,,1,On Roadway,2,Dark - Not Lighted,,,,,1,Clear,0,No,0000000,Not Applicable,99,Unknown,99,Unknown,99,Unknown EMS Scene Arrival Hour,99,Unknown EMS Scene Arrival Minutes,88,"Not Applicable (Not Transported) ",88,Not Applicable (Not Transported),,,,,,,1,0
2020,29,290200,Missouri,2,1,1,0,0,1,1,189,ST LOUIS (189),7890,UNIVERSITY CITY,6,6,4,April,2020,2,Monday,5,5:00am-5:59am,43,43,0,This section IS NOT on the NHS,2,Urban,7,Local,4,City or Municipal Highway Agency,6,Local Street - Municipality,PLYMOUTH AVE,,0,None,38.66926944,38.66926944,-90.305905560,-90.305905560,0,No Special Jurisdiction,14,Parked Motor Vehicle,0,The First Harmful Event was Not a Collision with a Motor Vehicle in Transport,0,No,1,Non-Junction,1,Not an Intersection,0,None,,,4,On Roadside,3,Dark - Lighted,,,,,1,Clear,0,No,0000000,Not Applicable,5,5:00am-5:59am,51,51,5,5:00am-5:59am,56,56,88,"Not Applicable (Not Transported) ",88,Not Applicable (Not Transported),,,,,,,1,1
2020,29,290201,Missouri,1,1,0,0,0,4,4,69,DUNKLIN (69),0,NOT APPLICABLE,9,9,4,April,2020,5,Thursday,16,4:00pm-4:59pm,20,20,0,This section IS NOT on the NHS,1,Rural,5,Major Collector,1,State Highway Agency,3,State Highway,SR-NN,,130,130,36.03574167,36.03574167,-89.959361110,-89.959361110,0,No Special Jurisdiction,30,Utility Pole/Light Support,0,The First Harmful Event was Not a Collision with a Motor Vehicle in Transport,0,No,1,Non-Junction,1,Not an Intersection,0,None,,,4,On Roadside,1,Daylight,,,,,1,Clear,0,No,0000000,Not Applicable,99,Unknown,99,Unknown,99,Unknown EMS Scene Arrival Hour,99,Unknown EMS Scene Arrival Minutes,99,Unknown,99,Unknown EMS Hospital Arrival Time,,,,,,,1,0
2020,29,290202,Missouri,2,2,0,0,0,5,5,510,ST. LOUIS (CITY) (510),7080,ST. LOUIS,12,12,4,April,2020,1,Sunday,1,1:00am-1:59am,28,28,0,This section IS NOT on the NHS,2,Urban,4,Minor Arterial,4,City or Municipal Highway Agency,6,Local Street - Municipality,"GRAND BLVD ",,80,80,38.57336667,38.57336667,-90.250308330,-90.250308330,0,No Special Jurisdiction,12,Motor Vehicle In-Transport,1,Front-to-Rear,0,No,1,Non-Junction,1,Not an Intersection,0,None,,,1,On Roadway,3,Dark - Lighted,,,,,10,Cloudy,0,No,0000000,Not Applicable,1,1:00am-1:59am,28,28,1,1:00am-1:59am,37,37,1,1:00am-1:59am,56,56,,,,,,,1,0
2020,29,290203,Missouri,2,2,0,0,0,3,3,510,ST. LOUIS (CITY) (510),7080,ST. LOUIS,28,28,4,April,2020,3,Tuesday,17,5:00pm-5:59pm,19,19,0,This section IS NOT on the NHS,2,Urban,7,Local,4,City or Municipal Highway Agency,6,Local Street - Municipality,WINNEBAGO ST,VIRGINIA AVE,0,None,38.58948889,38.58948889,-90.239105560,-90.239105560,0,No Special Jurisdiction,1,Rollover/Overturn,0,The First Harmful Event was Not a Collision with a Motor Vehicle in Transport,0,No,2,Intersection,2,Four-Way Intersection,0,None,,,1,On Roadway,1,Daylight,,,,,1,Clear,0,No,0000000,Not Applicable,17,5:00pm-5:59pm,18,18,17,5:00pm-5:59pm,29,29,88,"Not Applicable (Not Transported) ",88,Not Applicable (Not Transported),,,,,,,1,0