caseyear,state,st_case,statename,ve_total,ve_forms,pvh_invl,peds,pernotmvit,permvit,persons,county,countyname,city,cityname,day,dayname,month,monthname,year,day_week,day_weekname,hour,hourname,minute,minutename,nhs,nhsname,rur_urb,rur_urbname,func_sys,func_sysname,rd_owner,rd_ownername,route,routename,tway_id,tway_id2,milept,mileptname,latitude,latitudename,longitud,longitudname,sp_jur,sp_jurname,harm_ev,harm_evname,man_coll,man_collname,reljct1,reljct1name,reljct2,reljct2name,typ_int,typ_intname,wrk_zone,wrk_zonename,road_fnc,road_fncname,rel_road,rel_roadname,lgt_cond,lgt_condname,weather1,weather1name,weather2,weather2name,weather,weathername,sch_bus,sch_busname,rail,railname,not_hour,not_hourname,not_min,not_minname,arr_hour,arr_hourname,arr_min,arr_minname,hosp_hr,hosp_hrname,hosp_mn,hosp_mnname,cf1,cf1name,cf2,cf2name,cf3,cf3name,fatals,drunk_dr
2020,29,290241,Missouri,2,2,0,0,0,2,2,189,ST LOUIS (189),2575,EUREKA,4,4,5,May,2020,2,Monday,7,7:00am-7:59am,19,19,0,This section IS NOT on the NHS,2,Urban,4,Minor Arterial,1,State Highway Agency,3,State Highway,SR-LP 44,,30,30,38.49799722,38.49799722,-90.690055560,-90.690055560,0,No Special Jurisdiction,12,Motor Vehicle In-Transport,2,Front-to-Front,0,No,1,Non-Junction,1,Not an Intersection,0,None,,,1,On Roadway,1,Daylight,,,,,1,Clear,0,No,0000000,Not Applicable,99,Unknown,99,Unknown,99,Unknown EMS Scene Arrival Hour,99,Unknown EMS Scene Arrival Minutes,99,Unknown,99,Unknown EMS Hospital Arrival Time,,,,,,,1,0
2020,29,290242,Missouri,2,2,0,0,0,2,2,101,JOHNSON (101),0,NOT APPLICABLE,4,4,5,May,2020,2,Monday,15,3:00pm-3:59pm,1,1,0,This section IS NOT on the NHS,2,Urban,4,Minor Arterial,2,County Highway Agency,6,Local Street - Municipality,BU 13,,70,70,38.73216667,38.73216667,-93.731916670,-93.731916670,0,No Special Jurisdiction,12,Motor Vehicle In-Transport,2,Front-to-Front,0,No,1,Non-Junction,1,Not an Intersection,0,None,,,1,On Roadway,1,Daylight,,,,,10,Cloudy,0,No,0000000,Not Applicable,15,3:00pm-3:59pm,3,3,15,3:00pm-3:59pm,9,9,15,3:00pm-3:59pm,56,56,,,,,,,1,0
2020,29,290243,Missouri,2,2,0,0,0,6,6,189,ST LOUIS (189),4060,JENNINGS,9,9,5,May,2020,7,Saturday,17,5:00pm-5:59pm,2,2,0,This section IS NOT on the NHS,2,Urban,4,Minor Arterial,2,County Highway Agency,6,Local Street - Municipality,LUCAS AND HUNT,,10,10,38.73225000,38.73225000,-90.266191670,-90.266191670,0,No Special Jurisdiction,12,Motor Vehicle In-Transport,6,Angle,0,No,1,Non-Junction,1,Not an Intersection,0,None,,,1,On Roadway,1,Daylight,,,,,1,Clear,0,No,0000000,Not Applicable,17,5:00pm-5:59pm,13,13,17,5:00pm-5:59pm,15,15,17,5:00pm-5:59pm,41,41,,,,,,,5,0
2020,29,290244,Missouri,1,1,0,1,1,1,1,189,ST LOUIS (189),4311,LADUE,12,12,5,May,2020,3,Tuesday,23,11:00pm-11:59pm,30,30,1,This section IS ON the NHS,2,Urban,1,Interstate,1,State Highway Agency,1,Interstate,I-64,,50,50,38.63613889,38.63613889,-90.393330560,-90.393330560,0,No Special Jurisdiction,8,Pedestrian,0,The First Harmful Event was Not a Collision with a Motor Vehicle in Transport,0,No,1,Non-Junction,1,Not an Intersection,0,None,,,1,On Roadway,2,Dark - Not Lighted,,,,,2,Rain,0,No,0000000,Not Applicable,99,Unknown,98,Unknown if Notified,99,Unknown EMS Scene Arrival Hour,98,Unknown if Arrived,88,"Not Applicable (Not Transported) ",88,Not Applicable (Not Transported),,,,,,,1,0
2020,29,290245,Missouri,1,1,0,0,0,1,1,99,JEFFERSON (99),0,NOT APPLICABLE,15,15,5,May,2020,6,Friday,22,10:00pm-10:59pm,0,0,0,This section IS NOT on the NHS,2,Urban,4,Minor Arterial,2,County Highway Agency,2,U.S. Highway,US-61,,60,60,38.37941667,38.37941667,-90.371805560,-90.371805560,0,No Special Jurisdiction,59,"Traffic Sign Support ",0,The First Harmful Event was Not a Collision with a Motor Vehicle in Transport,0,No,1,Non-Junction,1,Not an Intersection,0,None,,,4,On Roadside,2,Dark - Not Lighted,,,,,10,Cloudy,0,No,0000000,Not Applicable,22,10:00pm-10:59pm,36,36,22,10:00pm-10:59pm,46,46,88,"Not Applicable (Not Transported) ",88,Not Applicable (Not Transported),,,,,,,1,1
2020,29,290246,Missouri,2,2,0,0,0,2,2,131,MILLER (131),0,NOT APPLICABLE,16,16,5,May,2020,7,Saturday,22,10:00pm-10:59pm,22,22,0,This section IS NOT on the NHS,1,Rural,4,Minor Arterial,1,State Highway Agency,3,State Highway,SR-42,,120,120,38.09638889,38.09638889,-92.453580560,-92.453580560,0,No Special Jurisdiction,12,Motor Vehicle In-Transport,2,Front-to-Front,0,No,1,Non-Junction,1,Not an Intersection,0,None,,,1,On Roadway,2,Dark - Not Lighted,,,,,1,Clear,0,No,0000000,Not Applicable,99,Unknown,98,Unknown if Notified,99,Unknown EMS Scene Arrival Hour,98,Unknown if Arrived,88,"Not Applicable (Not Transported) ",88,Not Applicable (Not Transported),,,,,,,2,0
2020,29,290247,Missouri,2,2,0,0,0,2,2,85,HICKORY (85),0,NOT APPLICABLE,19,19,5,May,2020,3,Tuesday,8,8:00am-8:59am,35,35,1,This section IS ON the NHS,1,Rural,3,Principal Arterial - Other,1,State Highway Agency,2,U.S. Highway,US-65,,90,90,37.95546944,37.95546944,-93.207191670,-93.207191670,0,No Special Jurisdiction,12,Motor Vehicle In-Transport,2,Front-to-Front,0,No,1,Non-Junction,1,Not an Intersection,0,None,,,1,On Roadway,1,Daylight,,,,,10,Cloudy,0,No,0000000,Not Applicable,8,8:00am-8:59am,41,41,8,8:00am-8:59am,51,51,10,10:00am-10:59am,37,37,,,,,,,1,0
2020,29,290248,Missouri,2,2,0,0,0,2,2,95,JACKSON (95),3382,KANSAS CITY,22,22,5,May,2020,6,Friday,8,8:00am-8:59am,12,12,1,This section IS ON the NHS,2,Urban,1,Interstate,1,State Highway Agency,1,Interstate,I-435,,180,180,39.13350556,39.13350556,-94.498830560,-94.498830560,0,No Special Jurisdiction,12,Motor Vehicle In-Transport,1,Front-to-Rear,0,No,1,Non-Junction,1,Not an Intersection,1,Construction,,,1,On Roadway,1,Daylight,,,,,10,Cloudy,0,No,0000000,Not Applicable,8,8:00am-8:59am,11,11,8,8:00am-8:59am,19,19,88,"Not Applicable (Not Transported) ",88,Not Applicable (Not Transported),,,,,,,1,0
2020,29,290249,Missouri,3,3,0,0,0,4,4,189,ST LOUIS (189),2145,DELLWOOD,22,22,5,May,2020,6,Friday,4,4:00am-4:59am,41,41,1,This section IS ON the NHS,2,Urban,3,Principal Arterial - Other,4,City or Municipal Highway Agency,6,Local Street - Municipality,W FLORISSANT AVE,,20,20,38.75241667,38.75241667,-90.279886110,-90.279886110,0,No Special Jurisdiction,12,Motor Vehicle In-Transport,8,Sideswipe - Opposite Direction,0,No,1,Non-Junction,1,Not an Intersection,0,None,,,1,On Roadway,3,Dark - Lighted,,,,,1,Clear,0,No,0000000,Not Applicable,4,4:00am-4:59am,41,41,4,4:00am-4:59am,46,46,5,5:00am-5:59am,28,28,,,,,,,1,0
2020,29,290250,Missouri,1,1,0,0,0,1,1,95,JACKSON (95),3382,KANSAS CITY,1,1,4,April,2020,4,Wednesday,11,11:00am-11:59am,58,58,0,This section IS NOT on the NHS,2,Urban,7,Local,4,City or Municipal Highway Agency,6,Local Street - Municipality,NORBY RD,,0,None,38.92003889,38.92003889,-94.535355560,-94.535355560,0,No Special Jurisdiction,19,Building,0,The First Harmful Event was Not a Collision with a Motor Vehicle in Transport,0,No,1,Non-Junction,1,Not an Intersection,0,None,,,5,Outside Trafficway,1,Daylight,,,,,1,Clear,0,No,0000000,Not Applicable,11,11:00am-11:59am,59,59,12,12:00pm-12:59pm,4,4,12,12:00pm-12:59pm,30,30,,,,,,,1,0
2020,29,290251,Missouri,2,2,0,1,1,1,1,189,ST LOUIS (189),4060,JENNINGS,3,3,5,May,2020,1,Sunday,22,10:00pm-10:59pm,25,25,1,This section IS ON the NHS,2,Urban,3,Principal Arterial - Other,2,County Highway Agency,6,Local Street - Municipality,HALLS FERRY RD,LEAMONT DR,20,20,38.73533056,38.73533056,-90.248166670,-90.248166670,0,No Special Jurisdiction,8,Pedestrian,0,The First Harmful Event was Not a Collision with a Motor Vehicle in Transport,0,No,2,Intersection,3,T-Intersection,0,None,,,1,On Roadway,3,Dark - Lighted,,,,,1,Clear,0,No,0000000,Not Applicable,99,Unknown,98,Unknown if Notified,99,Unknown EMS Scene Arrival Hour,98,Unknown if Arrived,88,"Not Applicable (Not Transported) ",88,Not Applicable (Not Transported),,,,,,,1,1
2020,29,290252,Missouri,2,2,0,0,0,2,2,143,NEW MADRID (143),0,NOT APPLICABLE,7,7,5,May,2020,5,Thursday,6,6:00am-6:59am,40,40,0,This section IS NOT on the NHS,1,Rural,5,Major Collector,1,State Highway Agency,3,State Highway,SR-F,CR-314,20,20,36.48304444,36.48304444,-89.682191670,-89.682191670,0,No Special Jurisdiction,12,Motor Vehicle In-Transport,6,Angle,0,No,2,Intersection,2,Four-Way Intersection,0,None,,,1,On Roadway,1,Daylight,,,,,1,Clear,0,No,0000000,Not Applicable,6,6:00am-6:59am,44,44,7,7:00am-7:59am,5,5,88,"Not Applicable (Not Transported) ",88,Not Applicable (Not Transported),,,,,,,1,0
2020,29,290253,Missouri,1,1,0,0,0,1,1,221,WASHINGTON (221),0,NOT APPLICABLE,7,7,5,May,2020,5,Thursday,18,6:00pm-6:59pm,51,51,0,This section IS NOT on the NHS,1,Rural,5,Major Collector,1,State Highway Agency,3,State Highway,SR-O,,20,20,37.93510833,37.93510833,-90.732805560,-90.732805560,0,No Special Jurisdiction,7,Other Non-Collision,0,The First Harmful Event was Not a Collision with a Motor Vehicle in Transport,0,No,1,Non-Junction,1,Not an Intersection,0,None,,,1,On Roadway,1,Daylight,,,,,1,Clear,0,No,0000000,Not Applicable,99,Unknown,98,Unknown if Notified,99,Unknown EMS Scene Arrival Hour,98,Unknown if Arrived,88,"Not Applicable (Not Transported) ",88,Not Applicable (Not Transported),,,,,,,1,0
2020,29,290254,Missouri,2,2,0,0,0,4,4,97,JASPER (97),4100,JOPLIN,14,14,5,May,2020,5,Thursday,13,1:00pm-1:59pm,28,28,1,This section IS ON the NHS,2,Urban,3,Principal Arterial - Other,1,State Highway Agency,3,State Highway,SR-43,,210,210,37.06532778,37.06532778,-94.514330560,-94.514330560,0,No Special Jurisdiction,12,Motor Vehicle In-Transport,2,Front-to-Front,0,No,1,Non-Junction,1,Not an Intersection,0,None,,,1,On Roadway,1,Daylight,,,,,10,Cloudy,0,No,0000000,Not Applicable,13,1:00pm-1:59pm,29,29,13,1:00pm-1:59pm,33,33,99,Unknown,99,Unknown EMS Hospital Arrival Time,,,,,,,1,0
2020,29,290255,Missouri,2,2,0,0,0,3,3,189,ST LOUIS (189),7665,SUNSET HILLS,15,15,5,May,2020,6,Friday,12,12:00pm-12:59pm,46,46,1,This section IS ON the NHS,2,Urban,1,Interstate,1,State Highway Agency,1,Interstate,I-270,,60,60,38.54535833,38.54535833,-90.423691670,-90.423691670,0,No Special Jurisdiction,12,Motor Vehicle In-Transport,7,Sideswipe - Same Direction,0,No,1,Non-Junction,1,Not an Intersection,0,None,,,1,On Roadway,1,Daylight,,,,,1,Clear,0,No,0000000,Not Applicable,12,12:00pm-12:59pm,42,42,12,12:00pm-12:59pm,51,51,13,1:00pm-1:59pm,9,9,,,,,,,1,0
2020,29,290256,Missouri,1,1,0,0,0,5,5,149,OREGON (149),0,NOT APPLICABLE,16,16,5,May,2020,7,Saturday,23,11:00pm-11:59pm,20,20,0,This section IS NOT on the NHS,1,Rural,4,Minor Arterial,1,State Highway Agency,2,U.S. Highway,US-160,,290,290,36.65230556,36.65230556,-91.263750000,-91.263750000,0,No Special Jurisdiction,42,Tree (Standing Only),0,The First Harmful Event was Not a Collision with a Motor Vehicle in Transport,0,No,1,Non-Junction,1,Not an Intersection,0,None,,,4,On Roadside,2,Dark - Not Lighted,,,,,2,Rain,0,No,0000000,Not Applicable,23,11:00pm-11:59pm,27,27,23,11:00pm-11:59pm,43,43,1,1:00am-1:59am,6,6,,,,,,,1,0
2020,29,290257,Missouri,1,1,0,0,0,2,2,21,BUCHANAN (21),0,NOT APPLICABLE,17,17,5,May,2020,1,Sunday,14,2:00pm-2:59pm,45,45,0,This section IS NOT on the NHS,1,Rural,5,Major Collector,1,State Highway Agency,3,State Highway,SR-371,,130,130,39.53805556,39.53805556,-94.803219440,-94.803219440,0,No Special Jurisdiction,1,Rollover/Overturn,0,The First Harmful Event was Not a Collision with a Motor Vehicle in Transport,0,No,1,Non-Junction,1,Not an Intersection,0,None,,,1,On Roadway,1,Daylight,,,,,1,Clear,0,No,0000000,Not Applicable,99,Unknown,99,Unknown,99,Unknown EMS Scene Arrival Hour,99,Unknown EMS Scene Arrival Minutes,99,Unknown,99,Unknown EMS Hospital Arrival Time,,,,,,,1,1
2020,29,290258,Missouri,2,2,0,0,0,4,4,51,COLE (51),7091,ST. MARTINS,20,20,5,May,2020,4,Wednesday,10,10:00am-10:59am,2,2,0,This section IS NOT on the NHS,2,Urban,4,Minor Arterial,1,State Highway Agency,3,State Highway,SR-D,SR-T,0,None,38.58727778,38.58727778,-92.325441670,-92.325441670,0,No Special Jurisdiction,12,Motor Vehicle In-Transport,6,Angle,0,No,2,Intersection,2,Four-Way Intersection,0,None,,,1,On Roadway,1,Daylight,,,,,10,Cloudy,0,No,0000000,Not Applicable,10,10:00am-10:59am,7,7,10,10:00am-10:59am,14,14,10,10:00am-10:59am,53,53,,,,,,,1,0
2020,29,290259,Missouri,2,2,0,0,0,5,5,69,DUNKLIN (69),4150,KENNETT,23,23,5,May,2020,7,Saturday,15,3:00pm-3:59pm,50,50,1,This section IS ON the NHS,2,Urban,3,Principal Arterial - Other,1,State Highway Agency,2,U.S. Highway,US-412,,240,240,36.23666667,36.23666667,-90.027330560,-90.027330560,0,No Special Jurisdiction,12,Motor Vehicle In-Transport,6,Angle,0,No,1,Non-Junction,1,Not an Intersection,0,None,,,1,On Roadway,1,Daylight,,,,,1,Clear,0,No,0000000,Not Applicable,15,3:00pm-3:59pm,57,57,16,4:00pm-4:59pm,3,3,16,4:00pm-4:59pm,48,48,,,,,,,1,0
2020,29,290260,Missouri,1,1,0,0,0,2,2,189,ST LOUIS (189),2780,FLORISSANT,24,24,5,May,2020,1,Sunday,17,5:00pm-5:59pm,5,5,0,This section IS NOT on the NHS,2,Urban,7,Local,4,City or Municipal Highway Agency,6,Local Street - Municipality,SUNSET PARK DR,,10,10,38.81940000,38.81940000,-90.344377780,-90.344377780,0,No Special Jurisdiction,7,Other Non-Collision,0,The First Harmful Event was Not a Collision with a Motor Vehicle in Transport,0,No,1,Non-Junction,1,Not an Intersection,0,None,,,1,On Roadway,1,Daylight,,,,,10,Cloudy,0,No,0000000,Not Applicable,99,Unknown,98,Unknown if Notified,99,Unknown EMS Scene Arrival Hour,98,Unknown if Arrived,88,"Not Applicable (Not Transported) ",88,Not Applicable (Not Transported),,,,,,,1,1
2020,29,290261,Missouri,1,1,0,0,0,2,2,109,LAWRENCE (109),5310,MONETT,25,25,5,May,2020,2,Monday,22,10:00pm-10:59pm,50,50,0,This section IS NOT on the NHS,2,Urban,5,Major Collector,4,City or Municipal Highway Agency,6,Local Street - Municipality,CHAPEL DR,,0,None,36.93183056,36.93183056,-93.900263890,-93.900263890,0,No Special Jurisdiction,30,Utility Pole/Light Support,0,The First Harmful Event was Not a Collision with a Motor Vehicle in Transport,0,No,1,Non-Junction,1,Not an Intersection,0,None,,,4,On Roadside,3,Dark - Lighted,,,,,2,Rain,0,No,0000000,Not Applicable,99,Unknown,99,Unknown,99,Unknown EMS Scene Arrival Hour,99,Unknown EMS Scene Arrival Minutes,99,Unknown,99,Unknown EMS Hospital Arrival Time,,,,,,,1,1
2020,29,290262,Missouri,3,3,0,0,0,5,5,95,JACKSON (95),4120,KANSAS CITY,26,26,5,May,2020,3,Tuesday,22,10:00pm-10:59pm,5,5,0,This section IS NOT on the NHS,2,Urban,4,Minor Arterial,4,City or Municipal Highway Agency,6,Local Street - Municipality,BLUE RIDGE BLVD,,70,70,38.91808333,38.91808333,-94.510833330,-94.510833330,0,No Special Jurisdiction,12,Motor Vehicle In-Transport,6,Angle,0,No,8,Driveway Access Related,1,Not an Intersection,0,None,,,1,On Roadway,3,Dark - Lighted,,,,,10,Cloudy,0,No,0000000,Not Applicable,22,10:00pm-10:59pm,5,5,22,10:00pm-10:59pm,16,16,22,10:00pm-10:59pm,45,45,,,,,,,1,2
2020,29,290263,Missouri,1,1,0,0,0,1,1,19,BOONE (19),1800,COLUMBIA,7,7,4,April,2020,3,Tuesday,18,6:00pm-6:59pm,53,53,0,This section IS NOT on the NHS,2,Urban,7,Local,1,State Highway Agency,3,State Highway,SR-SOR 70,,10,10,38.95969167,38.95969167,-92.237863890,-92.237863890,0,No Special Jurisdiction,30,Utility Pole/Light Support,0,The First Harmful Event was Not a Collision with a Motor Vehicle in Transport,0,No,1,Non-Junction,1,Not an Intersection,0,None,,,4,On Roadside,1,Daylight,,,,,1,Clear,0,No,0000000,Not Applicable,18,6:00pm-6:59pm,54,54,19,7:00pm-7:59pm,1,1,19,7:00pm-7:59pm,22,22,,,,,,,1,0
2020,29,290264,Missouri,3,3,0,0,0,3,3,95,JACKSON (95),6639,RAYTOWN,12,12,5,May,2020,3,Tuesday,14,2:00pm-2:59pm,30,30,0,This section IS NOT on the NHS,2,Urban,4,Minor Arterial,4,City or Municipal Highway Agency,6,Local Street - Municipality,RAYTOWN RD,,50,50,38.99471944,38.99471944,-94.464027780,-94.464027780,0,No Special Jurisdiction,33,Curb,0,The First Harmful Event was Not a Collision with a Motor Vehicle in Transport,0,No,1,Non-Junction,1,Not an Intersection,0,None,,,4,On Roadside,1,Daylight,,,,,10,Cloudy,0,No,0000000,Not Applicable,14,2:00pm-2:59pm,33,33,14,2:00pm-2:59pm,37,37,88,"Not Applicable (Not Transported) ",88,Not Applicable (Not Transported),,,,,,,1,1
2020,29,290266,Missouri,2,2,0,0,0,2,2,189,ST LOUIS (189),5300,MOLINE ACRES,19,19,5,May,2020,3,Tuesday,20,8:00pm-8:59pm,40,40,1,This section IS ON the NHS,2,Urban,3,Principal Arterial - Other,1,State Highway Agency,3,State Highway,SR-367,PRESTIGE CT,50,50,38.74216667,38.74216667,-90.240386110,-90.240386110,0,No Special Jurisdiction,12,Motor Vehicle In-Transport,6,Angle,0,No,2,Intersection,3,T-Intersection,0,None,,,1,On Roadway,2,Dark - Not Lighted,,,,,2,Rain,0,No,0000000,Not Applicable,20,8:00pm-8:59pm,42,42,20,8:00pm-8:59pm,50,50,21,9:00pm-9:59pm,25,25,,,,,,,1,0
2020,29,290267,Missouri,2,2,0,0,0,3,3,107,LAFAYETTE (107),0,NOT APPLICABLE,22,22,5,May,2020,6,Friday,4,4:00am-4:59am,32,32,0,This section IS NOT on the NHS,1,Rural,5,Major Collector,1,State Highway Agency,3,State Highway,SR-O,,60,60,39.06435833,39.06435833,-93.888277780,-93.888277780,0,No Special Jurisdiction,12,Motor Vehicle In-Transport,2,Front-to-Front,0,No,1,Non-Junction,1,Not an Intersection,0,None,,,1,On Roadway,2,Dark - Not Lighted,,,,,10,Cloudy,0,No,0000000,Not Applicable,4,4:00am-4:59am,42,42,4,4:00am-4:59am,51,51,6,6:00am-6:59am,1,1,,,,,,,1,0
2020,29,290268,Missouri,1,1,0,0,0,1,1,221,WASHINGTON (221),0,NOT APPLICABLE,23,23,5,May,2020,7,Saturday,17,5:00pm-5:59pm,8,8,0,This section IS NOT on the NHS,1,Rural,7,Local,26,Private (other than Railroad),8,Other,SUGAR CREEK DR,CHERRY HILL DR,0,None,38.12063611,38.12063611,-91.060055560,-91.060055560,0,No Special Jurisdiction,42,Tree (Standing Only),0,The First Harmful Event was Not a Collision with a Motor Vehicle in Transport,0,No,3,Intersection-Related,3,T-Intersection,0,None,,,4,On Roadside,1,Daylight,,,,,10,Cloudy,0,No,0000000,Not Applicable,17,5:00pm-5:59pm,15,15,17,5:00pm-5:59pm,46,46,88,"Not Applicable (Not Transported) ",88,Not Applicable (Not Transported),,,,,,,1,1
2020,29,290269,Missouri,1,1,0,0,0,2,2,159,PETTIS (159),0,NOT APPLICABLE,23,23,5,May,2020,7,Saturday,1,1:00am-1:59am,0,0,0,This section IS NOT on the NHS,1,Rural,5,Major Collector,1,State Highway Agency,3,State Highway,SR-U,,70,70,38.59230556,38.59230556,-93.213416670,-93.213416670,0,No Special Jurisdiction,35,Embankment,0,The First Harmful Event was Not a Collision with a Motor Vehicle in Transport,0,No,1,Non-Junction,1,Not an Intersection,0,None,,,4,On Roadside,2,Dark - Not Lighted,,,,,1,Clear,0,No,0000000,Not Applicable,1,1:00am-1:59am,8,8,1,1:00am-1:59am,23,23,88,"Not Applicable (Not Transported) ",88,Not Applicable (Not Transported),,,,,,,1,1
2020,29,290270,Missouri,1,1,0,0,0,1,1,201,SCOTT (201),7310,SIKESTON,25,25,5,May,2020,2,Monday,0,0:00am-0:59am,33,33,0,This section IS NOT on the NHS,2,Urban,7,Local,4,City or Municipal Highway Agency,6,Local Street - Municipality,"WARNER ST ",KATHLEEN ST,0,None,36.87526944,36.87526944,-89.582388890,-89.582388890,0,No Special Jurisdiction,1,Rollover/Overturn,0,The First Harmful Event was Not a Collision with a Motor Vehicle in Transport,0,No,2,Intersection,2,Four-Way Intersection,0,None,,,1,On Roadway,3,Dark - Lighted,,,,,1,Clear,0,No,0000000,Not Applicable,0,0:00am-0:59am,38,38,0,0:00am-0:59am,46,46,1,1:00am-1:59am,35,35,,,,,,,1,1
2020,29,290271,Missouri,1,1,0,1,1,1,1,95,JACKSON (95),3940,INDEPENDENCE,26,26,5,May,2020,3,Tuesday,21,9:00pm-9:59pm,5,5,1,This section IS ON the NHS,2,Urban,3,Principal Arterial - Other,1,State Highway Agency,3,State Highway,SR-78,,50,50,39.07866667,39.07866667,-94.400527780,-94.400527780,0,No Special Jurisdiction,8,Pedestrian,0,The First Harmful Event was Not a Collision with a Motor Vehicle in Transport,0,No,1,Non-Junction,1,Not an Intersection,0,None,,,1,On Roadway,3,Dark - Lighted,,,,,1,Clear,0,No,0000000,Not Applicable,21,9:00pm-9:59pm,6,6,21,9:00pm-9:59pm,6,6,21,9:00pm-9:59pm,22,22,,,,,,,1,0
2020,29,290272,Missouri,2,2,0,0,0,2,2,135,MONITEAU (135),0,NOT APPLICABLE,26,26,5,May,2020,3,Tuesday,16,4:00pm-4:59pm,35,35,1,This section IS ON the NHS,1,Rural,3,Principal Arterial - Other,1,State Highway Agency,2,U.S. Highway,US-50,BU 50 EJ,60,60,38.61227778,38.61227778,-92.544858330,-92.544858330,0,No Special Jurisdiction,12,Motor Vehicle In-Transport,6,Angle,0,No,2,Intersection,2,Four-Way Intersection,0,None,,,1,On Roadway,1,Daylight,,,,,1,Clear,0,No,0000000,Not Applicable,99,Unknown,98,Unknown if Notified,99,Unknown EMS Scene Arrival Hour,98,Unknown if Arrived,88,"Not Applicable (Not Transported) ",88,Not Applicable (Not Transported),,,,,,,1,0
2020,29,290273,Missouri,1,1,0,0,0,2,2,159,PETTIS (159),0,NOT APPLICABLE,27,27,5,May,2020,4,Wednesday,12,12:00pm-12:59pm,9,9,0,This section IS NOT on the NHS,1,Rural,6,Minor Collector,1,State Highway Agency,3,State Highway,SR-E,,40,40,38.60219167,38.60219167,-93.333469440,-93.333469440,0,No Special Jurisdiction,34,Ditch,0,The First Harmful Event was Not a Collision with a Motor Vehicle in Transport,0,No,1,Non-Junction,1,Not an Intersection,0,None,,,4,On Roadside,1,Daylight,,,,,1,Clear,0,No,0000000,Not Applicable,12,12:00pm-12:59pm,23,23,12,12:00pm-12:59pm,34,34,88,"Not Applicable (Not Transported) ",88,Not Applicable (Not Transported),,,,,,,2,0
2020,29,290274,Missouri,1,1,0,0,0,2,2,95,JACKSON (95),0,NOT APPLICABLE,29,29,5,May,2020,6,Friday,16,4:00pm-4:59pm,20,20,0,This section IS NOT on the NHS,1,Rural,5,Major Collector,2,County Highway Agency,4,County Road,CR-BLUE MILLS RD,,50,50,39.15835833,39.15835833,-94.277580560,-94.277580560,0,No Special Jurisdiction,58,Ground,0,The First Harmful Event was Not a Collision with a Motor Vehicle in Transport,0,No,1,Non-Junction,1,Not an Intersection,0,None,,,4,On Roadside,1,Daylight,,,,,1,Clear,0,No,0000000,Not Applicable,99,Unknown,98,Unknown if Notified,99,Unknown EMS Scene Arrival Hour,98,Unknown if Arrived,88,"Not Applicable (Not Transported) ",88,Not Applicable (Not Transported),,,,,,,2,0
2020,29,290275,Missouri,2,2,0,0,0,2,2,127,MARION (127),6050,PALMYRA,29,29,5,May,2020,6,Friday,15,3:00pm-3:59pm,5,5,0,This section IS NOT on the NHS,1,Rural,5,Major Collector,1,State Highway Agency,3,State Highway,SR-168,RP 7606,220,220,39.80935833,39.80935833,-91.513858330,-91.513858330,0,No Special Jurisdiction,1,Rollover/Overturn,0,The First Harmful Event was Not a Collision with a Motor Vehicle in Transport,0,No,3,Intersection-Related,98,Not Reported,0,None,,,1,On Roadway,1,Daylight,,,,,1,Clear,0,No,0000000,Not Applicable,15,3:00pm-3:59pm,10,10,15,3:00pm-3:59pm,23,23,16,4:00pm-4:59pm,31,31,,,,,,,1,0
2020,29,290276,Missouri,1,1,0,0,0,1,1,187,ST FRANCOIS (187),0,NOT APPLICABLE,29,29,5,May,2020,6,Friday,16,4:00pm-4:59pm,34,34,0,This section IS NOT on the NHS,1,Rural,7,Local,2,County Highway Agency,4,County Road,CR-PIMVILLE RD,,40,40,37.78608056,37.78608056,-90.493469440,-90.493469440,0,No Special Jurisdiction,38,Fence,0,The First Harmful Event was Not a Collision with a Motor Vehicle in Transport,0,No,1,Non-Junction,1,Not an Intersection,0,None,,,4,On Roadside,1,Daylight,,,,,1,Clear,0,No,0000000,Not Applicable,16,4:00pm-4:59pm,34,34,16,4:00pm-4:59pm,45,45,88,"Not Applicable (Not Transported) ",88,Not Applicable (Not Transported),,,,,,,1,0
2020,29,290277,Missouri,1,1,0,0,0,1,1,131,MILLER (131),0,NOT APPLICABLE,1,1,6,June,2020,2,Monday,2,2:00am-2:59am,50,50,0,This section IS NOT on the NHS,1,Rural,5,Major Collector,1,State Highway Agency,3,State Highway,SR-MM,,10,10,38.36027778,38.36027778,-92.452219440,-92.452219440,0,No Special Jurisdiction,38,Fence,0,The First Harmful Event was Not a Collision with a Motor Vehicle in Transport,0,No,1,Non-Junction,1,Not an Intersection,0,None,,,4,On Roadside,2,Dark - Not Lighted,,,,,1,Clear,0,No,0000000,Not Applicable,99,Unknown,98,Unknown if Notified,99,Unknown EMS Scene Arrival Hour,98,Unknown if Arrived,88,"Not Applicable (Not Transported) ",88,Not Applicable (Not Transported),,,,,,,1,0
2020,29,290278,Missouri,1,1,0,0,0,1,1,51,COLE (51),0,NOT APPLICABLE,1,1,6,June,2020,2,Monday,7,7:00am-7:59am,9,9,1,This section IS ON the NHS,1,Rural,2,Principal Arterial - Other Freeways and Expressways,1,State Highway Agency,2,U.S. Highway,US-54,,30,30,38.40024722,38.40024722,-92.364858330,-92.364858330,0,No Special Jurisdiction,32,Culvert,0,The First Harmful Event was Not a Collision with a Motor Vehicle in Transport,0,No,1,Non-Junction,1,Not an Intersection,4,"Work Zone, Type Unknown",,,4,On Roadside,1,Daylight,,,,,10,Cloudy,0,No,0000000,Not Applicable,99,Unknown,98,Unknown if Notified,99,Unknown EMS Scene Arrival Hour,98,Unknown if Arrived,88,"Not Applicable (Not Transported) ",88,Not Applicable (Not Transported),,,,,,,1,0