caseyear,state,st_case,statename,ve_total,ve_forms,pvh_invl,peds,pernotmvit,permvit,persons,county,countyname,city,cityname,day,dayname,month,monthname,year,day_week,day_weekname,hour,hourname,minute,minutename,nhs,nhsname,rur_urb,rur_urbname,func_sys,func_sysname,rd_owner,rd_ownername,route,routename,tway_id,tway_id2,milept,mileptname,latitude,latitudename,longitud,longitudname,sp_jur,sp_jurname,harm_ev,harm_evname,man_coll,man_collname,reljct1,reljct1name,reljct2,reljct2name,typ_int,typ_intname,wrk_zone,wrk_zonename,road_fnc,road_fncname,rel_road,rel_roadname,lgt_cond,lgt_condname,weather1,weather1name,weather2,weather2name,weather,weathername,sch_bus,sch_busname,rail,railname,not_hour,not_hourname,not_min,not_minname,arr_hour,arr_hourname,arr_min,arr_minname,hosp_hr,hosp_hrname,hosp_mn,hosp_mnname,cf1,cf1name,cf2,cf2name,cf3,cf3name,fatals,drunk_dr
2020,29,290317,Missouri,1,1,0,0,0,3,3,15,BENTON (15),0,NOT APPLICABLE,27,27,5,May,2020,4,Wednesday,8,8:00am-8:59am,0,0,1,This section IS ON the NHS,1,Rural,3,Principal Arterial - Other,1,State Highway Agency,3,State Highway,SR-7,,250,250,38.14873333,38.14873333,-93.216941670,-93.216941670,0,No Special Jurisdiction,35,Embankment,0,The First Harmful Event was Not a Collision with a Motor Vehicle in Transport,0,No,1,Non-Junction,1,Not an Intersection,0,None,,,4,On Roadside,1,Daylight,,,,,10,Cloudy,0,No,0000000,Not Applicable,99,Unknown,98,Unknown if Notified,99,Unknown EMS Scene Arrival Hour,98,Unknown if Arrived,88,"Not Applicable (Not Transported) ",88,Not Applicable (Not Transported),,,,,,,3,0
2020,29,290318,Missouri,1,1,0,1,1,2,2,510,ST. LOUIS (CITY) (510),7080,ST. LOUIS,30,30,5,May,2020,7,Saturday,2,2:00am-2:59am,9,9,0,This section IS NOT on the NHS,2,Urban,4,Minor Arterial,4,City or Municipal Highway Agency,6,Local Street - Municipality,BROADWAY,,70,70,38.64199444,38.64199444,-90.186175000,-90.186175000,0,No Special Jurisdiction,8,Pedestrian,0,The First Harmful Event was Not a Collision with a Motor Vehicle in Transport,0,No,1,Non-Junction,1,Not an Intersection,0,None,,,1,On Roadway,3,Dark - Lighted,,,,,1,Clear,0,No,0000000,Not Applicable,2,2:00am-2:59am,15,15,2,2:00am-2:59am,28,28,2,2:00am-2:59am,42,42,,,,,,,1,0
2020,29,290319,Missouri,1,1,0,0,0,1,1,99,JEFFERSON (99),0,NOT APPLICABLE,30,30,5,May,2020,7,Saturday,5,5:00am-5:59am,40,40,0,This section IS NOT on the NHS,1,Rural,5,Major Collector,1,State Highway Agency,3,State Highway,SR-T,,80,80,38.10419167,38.10419167,-90.355141670,-90.355141670,0,No Special Jurisdiction,58,Ground,0,The First Harmful Event was Not a Collision with a Motor Vehicle in Transport,0,No,1,Non-Junction,1,Not an Intersection,0,None,,,4,On Roadside,1,Daylight,,,,,1,Clear,0,No,0000000,Not Applicable,5,5:00am-5:59am,47,47,5,5:00am-5:59am,55,55,6,6:00am-6:59am,45,45,,,,,,,1,0
2020,29,290320,Missouri,2,2,0,0,0,2,2,183,ST. CHARLES (183),7100,ST. PETERS,30,30,5,May,2020,7,Saturday,11,11:00am-11:59am,34,34,1,This section IS ON the NHS,2,Urban,2,Principal Arterial - Other Freeways and Expressways,1,State Highway Agency,3,State Highway,SR-370,,60,60,38.81699722,38.81699722,-90.565258330,-90.565258330,0,No Special Jurisdiction,12,Motor Vehicle In-Transport,7,Sideswipe - Same Direction,1,Yes,17,Acceleration/Deceleration Lane,1,Not an Intersection,0,None,,,1,On Roadway,1,Daylight,,,,,1,Clear,0,No,0000000,Not Applicable,99,Unknown,99,Unknown,99,Unknown EMS Scene Arrival Hour,99,Unknown EMS Scene Arrival Minutes,99,Unknown,99,Unknown EMS Hospital Arrival Time,,,,,,,1,0
2020,29,290321,Missouri,2,2,0,0,0,4,4,63,DEKALB (63),0,NOT APPLICABLE,31,31,5,May,2020,1,Sunday,13,1:00pm-1:59pm,52,52,0,This section IS NOT on the NHS,1,Rural,7,Local,2,County Highway Agency,4,County Road,CR-LAKESITE RD,CR-ROGERS RD,10,10,39.77649444,39.77649444,-94.375472220,-94.375472220,0,No Special Jurisdiction,12,Motor Vehicle In-Transport,6,Angle,0,No,2,Intersection,2,Four-Way Intersection,0,None,,,1,On Roadway,1,Daylight,,,,,1,Clear,0,No,0000000,Not Applicable,14,2:00pm-2:59pm,5,5,14,2:00pm-2:59pm,16,16,15,3:00pm-3:59pm,1,1,,,,,,,1,0
2020,29,290322,Missouri,3,3,0,0,0,6,6,99,JEFFERSON (99),0,NOT APPLICABLE,3,3,6,June,2020,4,Wednesday,12,12:00pm-12:59pm,50,50,1,This section IS ON the NHS,2,Urban,2,Principal Arterial - Other Freeways and Expressways,1,State Highway Agency,2,U.S. Highway,US-67,,260,260,38.14445278,38.14445278,-90.467380560,-90.467380560,0,No Special Jurisdiction,12,Motor Vehicle In-Transport,1,Front-to-Rear,0,No,7,"Crossover-Related ",1,Not an Intersection,0,None,,,1,On Roadway,1,Daylight,,,,,1,Clear,0,No,0000000,Not Applicable,99,Unknown,99,Unknown,99,Unknown EMS Scene Arrival Hour,99,Unknown EMS Scene Arrival Minutes,99,Unknown,99,Unknown EMS Hospital Arrival Time,,,,,,,1,0
2020,29,290323,Missouri,2,2,0,0,0,2,2,73,GASCONADE (73),0,NOT APPLICABLE,4,4,6,June,2020,5,Thursday,6,6:00am-6:59am,35,35,1,This section IS ON the NHS,1,Rural,3,Principal Arterial - Other,1,State Highway Agency,2,U.S. Highway,US-50,,150,150,38.42133889,38.42133889,-91.447100000,-91.447100000,0,No Special Jurisdiction,12,Motor Vehicle In-Transport,2,Front-to-Front,0,No,1,Non-Junction,1,Not an Intersection,0,None,,,1,On Roadway,1,Daylight,,,,,2,Rain,0,No,0000000,Not Applicable,6,6:00am-6:59am,48,48,7,7:00am-7:59am,19,19,7,7:00am-7:59am,52,52,,,,,,,1,0
2020,29,290324,Missouri,2,2,0,0,0,3,3,215,TEXAS (215),0,NOT APPLICABLE,6,6,6,June,2020,7,Saturday,12,12:00pm-12:59pm,45,45,1,This section IS ON the NHS,1,Rural,3,Principal Arterial - Other,1,State Highway Agency,2,U.S. Highway,US-60,,30,30,37.08383333,37.08383333,-92.053883330,-92.053883330,0,No Special Jurisdiction,12,Motor Vehicle In-Transport,1,Front-to-Rear,0,No,8,Driveway Access Related,1,Not an Intersection,0,None,,,1,On Roadway,1,Daylight,,,,,1,Clear,0,No,0000000,Not Applicable,12,12:00pm-12:59pm,52,52,13,1:00pm-1:59pm,22,22,14,2:00pm-2:59pm,40,40,,,,,,,1,0
2020,29,290325,Missouri,2,2,0,0,0,3,3,9,BARRY (9),0,NOT APPLICABLE,6,6,6,June,2020,7,Saturday,19,7:00pm-7:59pm,28,28,0,This section IS NOT on the NHS,1,Rural,5,Major Collector,1,State Highway Agency,3,State Highway,SR-YY,CR-YY 15 RD,10,10,36.61913056,36.61913056,-93.608533330,-93.608533330,0,No Special Jurisdiction,12,Motor Vehicle In-Transport,6,Angle,0,No,2,Intersection,3,T-Intersection,0,None,,,1,On Roadway,1,Daylight,,,,,10,Cloudy,0,No,0000000,Not Applicable,99,Unknown,98,Unknown if Notified,99,Unknown EMS Scene Arrival Hour,98,Unknown if Arrived,88,"Not Applicable (Not Transported) ",88,Not Applicable (Not Transported),,,,,,,1,1
2020,29,290326,Missouri,1,1,0,0,0,4,4,153,OZARK (153),0,NOT APPLICABLE,9,9,6,June,2020,3,Tuesday,13,1:00pm-1:59pm,49,49,0,This section IS NOT on the NHS,1,Rural,6,Minor Collector,1,State Highway Agency,3,State Highway,SR-Z,,0,None,36.66563611,36.66563611,-92.618672220,-92.618672220,0,No Special Jurisdiction,1,Rollover/Overturn,0,The First Harmful Event was Not a Collision with a Motor Vehicle in Transport,0,No,1,Non-Junction,1,Not an Intersection,0,None,,,1,On Roadway,1,Daylight,,,,,10,Cloudy,0,No,0000000,Not Applicable,13,1:00pm-1:59pm,49,49,14,2:00pm-2:59pm,11,11,14,2:00pm-2:59pm,39,39,,,,,,,1,1
2020,29,290327,Missouri,1,1,0,0,0,1,1,95,JACKSON (95),4120,KANSAS CITY,31,31,5,May,2020,1,Sunday,21,9:00pm-9:59pm,15,15,0,This section IS NOT on the NHS,2,Urban,4,Minor Arterial,1,State Highway Agency,6,Local Street - Municipality,HICKMAN MILLS DR,,0,None,38.96946389,38.96946389,-94.544766670,-94.544766670,0,No Special Jurisdiction,24,Guardrail Face,0,The First Harmful Event was Not a Collision with a Motor Vehicle in Transport,0,No,1,Non-Junction,1,Not an Intersection,0,None,,,4,On Roadside,2,Dark - Not Lighted,,,,,1,Clear,0,No,0000000,Not Applicable,99,Unknown,99,Unknown,99,Unknown EMS Scene Arrival Hour,99,Unknown EMS Scene Arrival Minutes,88,"Not Applicable (Not Transported) ",88,Not Applicable (Not Transported),,,,,,,1,0
2020,29,290328,Missouri,4,4,0,0,0,6,6,99,JEFFERSON (99),0,NOT APPLICABLE,1,1,6,June,2020,2,Monday,19,7:00pm-7:59pm,2,2,1,This section IS ON the NHS,2,Urban,3,Principal Arterial - Other,1,State Highway Agency,3,State Highway,SR-141,CR-FIELDLER LN,50,50,38.47719167,38.47719167,-90.439013890,-90.439013890,0,No Special Jurisdiction,12,Motor Vehicle In-Transport,6,Angle,0,No,2,Intersection,2,Four-Way Intersection,0,None,,,1,On Roadway,1,Daylight,,,,,1,Clear,0,No,0000000,Not Applicable,14,2:00pm-2:59pm,42,42,14,2:00pm-2:59pm,49,49,15,3:00pm-3:59pm,9,9,,,,,,,1,0
2020,29,290329,Missouri,1,1,0,1,1,1,1,95,JACKSON (95),4120,KANSAS CITY,5,5,6,June,2020,6,Friday,12,12:00pm-12:59pm,51,51,1,This section IS ON the NHS,2,Urban,3,Principal Arterial - Other,4,City or Municipal Highway Agency,6,Local Street - Municipality,SWOPE PKWY,EUCLID AVE,10,10,39.04104722,39.04104722,-94.560247220,-94.560247220,0,No Special Jurisdiction,9,Pedalcyclist,0,The First Harmful Event was Not a Collision with a Motor Vehicle in Transport,0,No,3,Intersection-Related,7,"Five Point, or More",0,None,,,1,On Roadway,1,Daylight,,,,,1,Clear,0,No,0000000,Not Applicable,12,12:00pm-12:59pm,52,52,12,12:00pm-12:59pm,56,56,13,1:00pm-1:59pm,8,8,,,,,,,1,0
2020,29,290330,Missouri,2,2,0,0,0,2,2,159,PETTIS (159),0,NOT APPLICABLE,7,7,6,June,2020,1,Sunday,18,6:00pm-6:59pm,32,32,0,This section IS NOT on the NHS,2,Urban,5,Major Collector,1,State Highway Agency,3,State Highway,SR-M,,0,None,38.69236389,38.69236389,-93.190325000,-93.190325000,0,No Special Jurisdiction,12,Motor Vehicle In-Transport,2,Front-to-Front,0,No,1,Non-Junction,1,Not an Intersection,0,None,,,1,On Roadway,1,Daylight,,,,,1,Clear,0,No,0000000,Not Applicable,18,6:00pm-6:59pm,49,49,19,7:00pm-7:59pm,10,10,20,8:00pm-8:59pm,8,8,,,,,,,1,0
2020,29,290331,Missouri,1,1,0,0,0,2,2,77,GREENE (77),0,NOT APPLICABLE,10,10,6,June,2020,4,Wednesday,13,1:00pm-1:59pm,45,45,0,This section IS NOT on the NHS,2,Urban,7,Local,2,County Highway Agency,4,County Road,CR-102,,0,None,37.26127222,37.26127222,-93.308327780,-93.308327780,0,No Special Jurisdiction,18,Other Object (not fixed),0,The First Harmful Event was Not a Collision with a Motor Vehicle in Transport,0,No,1,Non-Junction,1,Not an Intersection,0,None,,,4,On Roadside,1,Daylight,,,,,10,Cloudy,0,No,0000000,Not Applicable,99,Unknown,98,Unknown if Notified,99,Unknown EMS Scene Arrival Hour,98,Unknown if Arrived,88,"Not Applicable (Not Transported) ",88,Not Applicable (Not Transported),,,,,,,1,1
2020,29,290332,Missouri,2,2,0,0,0,2,2,95,JACKSON (95),3382,KANSAS CITY,10,10,6,June,2020,4,Wednesday,20,8:00pm-8:59pm,34,34,1,This section IS ON the NHS,2,Urban,3,Principal Arterial - Other,1,State Highway Agency,2,U.S. Highway,US-40,BOOTH AVE,90,90,39.06363611,39.06363611,-94.484158330,-94.484158330,0,No Special Jurisdiction,12,Motor Vehicle In-Transport,6,Angle,0,No,2,Intersection,2,Four-Way Intersection,0,None,,,1,On Roadway,1,Daylight,,,,,1,Clear,0,No,0000000,Not Applicable,20,8:00pm-8:59pm,35,35,20,8:00pm-8:59pm,46,46,20,8:00pm-8:59pm,55,55,,,,,,,1,0
2020,29,290333,Missouri,2,2,0,0,0,2,2,77,GREENE (77),0,NOT APPLICABLE,11,11,6,June,2020,5,Thursday,14,2:00pm-2:59pm,55,55,0,This section IS NOT on the NHS,1,Rural,5,Major Collector,1,State Highway Agency,3,State Highway,SR-N,,30,30,37.15109444,37.15109444,-93.479408330,-93.479408330,0,No Special Jurisdiction,12,Motor Vehicle In-Transport,2,Front-to-Front,0,No,1,Non-Junction,1,Not an Intersection,0,None,,,1,On Roadway,1,Daylight,,,,,1,Clear,0,No,0000000,Not Applicable,99,Unknown,98,Unknown if Notified,99,Unknown EMS Scene Arrival Hour,98,Unknown if Arrived,88,"Not Applicable (Not Transported) ",88,Not Applicable (Not Transported),,,,,,,1,1
2020,29,290334,Missouri,4,4,0,0,0,8,8,165,PLATTE (165),6320,PLATTE CITY,13,13,6,June,2020,7,Saturday,16,4:00pm-4:59pm,45,45,1,This section IS ON the NHS,2,Urban,1,Interstate,1,State Highway Agency,1,Interstate,I-29,,170,170,39.37177222,39.37177222,-94.773772220,-94.773772220,0,No Special Jurisdiction,12,Motor Vehicle In-Transport,1,Front-to-Rear,0,No,1,Non-Junction,1,Not an Intersection,1,Construction,,,1,On Roadway,1,Daylight,,,,,1,Clear,0,No,0000000,Not Applicable,16,4:00pm-4:59pm,57,57,17,5:00pm-5:59pm,1,1,18,6:00pm-6:59pm,8,8,,,,,,,1,0
2020,29,290335,Missouri,2,2,0,0,0,2,2,189,ST LOUIS (189),553,BELLEFONTAINE NEIGHBOR,13,13,6,June,2020,7,Saturday,6,6:00am-6:59am,58,58,1,This section IS ON the NHS,2,Urban,1,Interstate,1,State Highway Agency,1,Interstate,I-270,,30,30,38.77073889,38.77073889,-90.230802780,-90.230802780,0,No Special Jurisdiction,12,Motor Vehicle In-Transport,1,Front-to-Rear,0,No,1,Non-Junction,1,Not an Intersection,1,Construction,,,1,On Roadway,1,Daylight,,,,,1,Clear,0,No,0000000,Not Applicable,7,7:00am-7:59am,4,4,7,7:00am-7:59am,8,8,7,7:00am-7:59am,31,31,,,,,,,1,0
2020,29,290336,Missouri,2,2,0,0,0,4,4,93,IRON (93),0,NOT APPLICABLE,14,14,6,June,2020,1,Sunday,13,1:00pm-1:59pm,40,40,0,This section IS NOT on the NHS,1,Rural,4,Minor Arterial,1,State Highway Agency,3,State Highway,SR-21,CO MO 49 TO MO 21,230,230,37.49483056,37.49483056,-90.692219440,-90.692219440,0,No Special Jurisdiction,12,Motor Vehicle In-Transport,6,Angle,0,No,2,Intersection,11,Other Intersection Type,0,None,,,1,On Roadway,1,Daylight,,,,,1,Clear,0,No,0000000,Not Applicable,13,1:00pm-1:59pm,51,51,14,2:00pm-2:59pm,18,18,15,3:00pm-3:59pm,17,17,,,,,,,1,0
2020,29,290337,Missouri,2,2,0,0,0,2,2,53,COOPER (53),900,BOONVILLE,14,14,6,June,2020,1,Sunday,13,1:00pm-1:59pm,45,45,0,This section IS NOT on the NHS,2,Urban,4,Minor Arterial,1,State Highway Agency,3,State Highway,SR-87,,20,20,38.96049167,38.96049167,-92.726844440,-92.726844440,0,No Special Jurisdiction,12,Motor Vehicle In-Transport,7,Sideswipe - Same Direction,0,No,1,Non-Junction,1,Not an Intersection,0,None,,,1,On Roadway,1,Daylight,,,,,1,Clear,0,No,0000000,Not Applicable,99,Unknown,98,Unknown if Notified,99,Unknown EMS Scene Arrival Hour,98,Unknown if Arrived,88,"Not Applicable (Not Transported) ",88,Not Applicable (Not Transported),,,,,,,1,0
2020,29,290338,Missouri,1,1,0,0,0,1,1,47,CLAY (47),2360,RANDOLPH,15,15,6,June,2020,2,Monday,5,5:00am-5:59am,20,20,1,This section IS ON the NHS,2,Urban,2,Principal Arterial - Other Freeways and Expressways,1,State Highway Agency,3,State Highway,SR-210,,170,170,39.15991667,39.15991667,-94.495000000,-94.495000000,0,No Special Jurisdiction,33,Curb,0,The First Harmful Event was Not a Collision with a Motor Vehicle in Transport,0,No,1,Non-Junction,1,Not an Intersection,0,None,,,4,On Roadside,2,Dark - Not Lighted,,,,,1,Clear,0,No,0000000,Not Applicable,5,5:00am-5:59am,22,22,5,5:00am-5:59am,29,29,5,5:00am-5:59am,42,42,,,,,,,1,0
2020,29,290339,Missouri,1,1,0,1,1,1,1,143,NEW MADRID (143),0,NOT APPLICABLE,15,15,6,June,2020,2,Monday,9,9:00am-9:59am,45,45,0,This section IS NOT on the NHS,1,Rural,5,Major Collector,1,State Highway Agency,3,State Highway,SR-F,,20,20,36.48305556,36.48305556,-89.676388890,-89.676388890,0,No Special Jurisdiction,9,Pedalcyclist,0,The First Harmful Event was Not a Collision with a Motor Vehicle in Transport,0,No,1,Non-Junction,1,Not an Intersection,0,None,,,1,On Roadway,1,Daylight,,,,,1,Clear,0,No,0000000,Not Applicable,10,10:00am-10:59am,54,54,10,10:00am-10:59am,56,56,88,"Not Applicable (Not Transported) ",88,Not Applicable (Not Transported),,,,,,,1,0
2020,29,290340,Missouri,1,1,0,0,0,1,1,31,CAPE GIRARDEAU (31),0,NOT APPLICABLE,15,15,6,June,2020,2,Monday,11,11:00am-11:59am,30,30,0,This section IS NOT on the NHS,1,Rural,5,Major Collector,1,State Highway Agency,3,State Highway,SR-N,,0,None,37.21491667,37.21491667,-89.859886110,-89.859886110,0,No Special Jurisdiction,42,Tree (Standing Only),0,The First Harmful Event was Not a Collision with a Motor Vehicle in Transport,0,No,1,Non-Junction,1,Not an Intersection,0,None,,,4,On Roadside,1,Daylight,,,,,1,Clear,0,No,0000000,Not Applicable,99,Unknown,98,Unknown if Notified,99,Unknown EMS Scene Arrival Hour,98,Unknown if Arrived,88,"Not Applicable (Not Transported) ",88,Not Applicable (Not Transported),,,,,,,1,0
2020,29,290341,Missouri,1,1,0,1,1,1,1,19,BOONE (19),1520,CENTRALIA,16,16,6,June,2020,3,Tuesday,19,7:00pm-7:59pm,17,17,0,This section IS NOT on the NHS,1,Rural,7,Local,4,City or Municipal Highway Agency,6,Local Street - Municipality,LAKEVIEW ST,,10,10,39.20400000,39.20400000,-92.127805560,-92.127805560,0,No Special Jurisdiction,8,Pedestrian,0,The First Harmful Event was Not a Collision with a Motor Vehicle in Transport,0,No,1,Non-Junction,1,Not an Intersection,0,None,,,4,On Roadside,1,Daylight,,,,,1,Clear,0,No,0000000,Not Applicable,19,7:00pm-7:59pm,18,18,19,7:00pm-7:59pm,24,24,19,7:00pm-7:59pm,57,57,,,,,,,1,1
2020,29,290342,Missouri,1,1,0,0,0,1,1,183,ST. CHARLES (183),7100,ST. PETERS,10,10,6,June,2020,4,Wednesday,22,10:00pm-10:59pm,23,23,0,This section IS NOT on the NHS,2,Urban,5,Major Collector,1,State Highway Agency,7,Local Street - Frontage Road,NOR 364,WOODSTONE DR,20,20,38.74876667,38.74876667,-90.584055560,-90.584055560,0,No Special Jurisdiction,33,Curb,0,The First Harmful Event was Not a Collision with a Motor Vehicle in Transport,1,Yes,3,Intersection-Related,2,Four-Way Intersection,0,None,,,4,On Roadside,3,Dark - Lighted,,,,,1,Clear,0,No,0000000,Not Applicable,23,11:00pm-11:59pm,2,2,23,11:00pm-11:59pm,8,8,88,"Not Applicable (Not Transported) ",88,Not Applicable (Not Transported),,,,,,,1,1
2020,29,290343,Missouri,3,3,0,0,0,3,3,95,JACKSON (95),4120,KANSAS CITY,17,17,6,June,2020,4,Wednesday,13,1:00pm-1:59pm,2,2,0,This section IS NOT on the NHS,2,Urban,7,Local,4,City or Municipal Highway Agency,6,Local Street - Municipality,77TH ST,HOLMES RD,0,None,38.98816944,38.98816944,-94.580466670,-94.580466670,0,No Special Jurisdiction,12,Motor Vehicle In-Transport,6,Angle,1,Yes,2,Intersection,2,Four-Way Intersection,0,None,,,1,On Roadway,1,Daylight,,,,,1,Clear,0,No,0000000,Not Applicable,12,12:00pm-12:59pm,57,57,13,1:00pm-1:59pm,8,8,13,1:00pm-1:59pm,22,22,,,,,,,1,1
2020,29,290344,Missouri,1,1,0,0,0,1,1,95,JACKSON (95),4120,KANSAS CITY,16,16,6,June,2020,3,Tuesday,3,3:00am-3:59am,52,52,1,This section IS ON the NHS,2,Urban,2,Principal Arterial - Other Freeways and Expressways,1,State Highway Agency,2,U.S. Highway,US-71,,170,170,39.08260833,39.08260833,-94.565305560,-94.565305560,0,No Special Jurisdiction,33,Curb,0,The First Harmful Event was Not a Collision with a Motor Vehicle in Transport,1,Yes,19,Other location within Interchange Area,1,Not an Intersection,0,None,,,8,Gore,3,Dark - Lighted,,,,,1,Clear,0,No,0000000,Not Applicable,99,Unknown,98,Unknown if Notified,99,Unknown EMS Scene Arrival Hour,98,Unknown if Arrived,88,"Not Applicable (Not Transported) ",88,Not Applicable (Not Transported),,,,,,,1,1
2020,29,290345,Missouri,1,1,0,1,1,1,1,510,ST. LOUIS (CITY) (510),7080,ST. LOUIS,15,15,6,June,2020,2,Monday,19,7:00pm-7:59pm,39,39,0,This section IS NOT on the NHS,2,Urban,7,Local,4,City or Municipal Highway Agency,6,Local Street - Municipality,SHULTE AVE,,0,None,38.70703889,38.70703889,-90.252836110,-90.252836110,0,No Special Jurisdiction,8,Pedestrian,0,The First Harmful Event was Not a Collision with a Motor Vehicle in Transport,0,No,1,Non-Junction,1,Not an Intersection,0,None,,,1,On Roadway,1,Daylight,,,,,1,Clear,0,No,0000000,Not Applicable,19,7:00pm-7:59pm,38,38,19,7:00pm-7:59pm,53,53,20,8:00pm-8:59pm,16,16,,,,,,,1,0
2020,29,290347,Missouri,1,1,0,0,0,1,1,510,ST. LOUIS (CITY) (510),7080,ST. LOUIS,17,17,6,June,2020,4,Wednesday,15,3:00pm-3:59pm,30,30,0,This section IS NOT on the NHS,2,Urban,4,Minor Arterial,1,State Highway Agency,3,State Highway,SR-366,MORGANFORD RD,30,30,38.59040833,38.59040833,-90.263805560,-90.263805560,0,No Special Jurisdiction,43,Other Fixed Object,0,The First Harmful Event was Not a Collision with a Motor Vehicle in Transport,0,No,3,Intersection-Related,2,Four-Way Intersection,0,None,,,4,On Roadside,1,Daylight,,,,,1,Clear,0,No,0000000,Not Applicable,15,3:00pm-3:59pm,26,26,15,3:00pm-3:59pm,33,33,16,4:00pm-4:59pm,8,8,,,,,,,1,0
2020,29,290348,Missouri,1,1,0,0,0,1,1,77,GREENE (77),0,NOT APPLICABLE,17,17,6,June,2020,4,Wednesday,17,5:00pm-5:59pm,20,20,1,This section IS ON the NHS,2,Urban,1,Interstate,1,State Highway Agency,1,Interstate,I-44,,160,160,37.24841667,37.24841667,-93.345219440,-93.345219440,0,No Special Jurisdiction,57,Cable Barrier,0,The First Harmful Event was Not a Collision with a Motor Vehicle in Transport,0,No,1,Non-Junction,1,Not an Intersection,0,None,,,3,On Median,1,Daylight,,,,,1,Clear,0,No,0000000,Not Applicable,17,5:00pm-5:59pm,30,30,17,5:00pm-5:59pm,34,34,17,5:00pm-5:59pm,56,56,,,,,,,1,0
2020,29,290349,Missouri,2,2,0,0,0,7,7,119,MCDONALD (119),0,NOT APPLICABLE,16,16,6,June,2020,3,Tuesday,2,2:00am-2:59am,22,22,0,This section IS NOT on the NHS,1,Rural,5,Major Collector,1,State Highway Agency,3,State Highway,SR-43,CR-MCKEE RD,160,160,36.56241667,36.56241667,-94.596500000,-94.596500000,0,No Special Jurisdiction,12,Motor Vehicle In-Transport,6,Angle,0,No,2,Intersection,3,T-Intersection,0,None,,,1,On Roadway,2,Dark - Not Lighted,,,,,1,Clear,0,No,0000000,Not Applicable,99,Unknown,99,Unknown,99,Unknown EMS Scene Arrival Hour,99,Unknown EMS Scene Arrival Minutes,99,Unknown,99,Unknown EMS Hospital Arrival Time,,,,,,,1,0
2020,29,290350,Missouri,1,1,0,0,0,1,1,35,CARTER (35),0,NOT APPLICABLE,16,16,6,June,2020,3,Tuesday,17,5:00pm-5:59pm,26,26,0,This section IS NOT on the NHS,1,Rural,5,Major Collector,1,State Highway Agency,3,State Highway,SR-A,,40,40,36.94419167,36.94419167,-90.710777780,-90.710777780,0,No Special Jurisdiction,42,Tree (Standing Only),0,The First Harmful Event was Not a Collision with a Motor Vehicle in Transport,0,No,1,Non-Junction,1,Not an Intersection,0,None,,,4,On Roadside,1,Daylight,,,,,1,Clear,0,No,0000000,Not Applicable,99,Unknown,98,Unknown if Notified,99,Unknown EMS Scene Arrival Hour,98,Unknown if Arrived,88,"Not Applicable (Not Transported) ",88,Not Applicable (Not Transported),,,,,,,1,0
2020,29,290351,Missouri,1,1,0,0,0,1,1,141,MORGAN (141),0,NOT APPLICABLE,17,17,6,June,2020,4,Wednesday,18,6:00pm-6:59pm,30,30,0,This section IS NOT on the NHS,1,Rural,5,Major Collector,1,State Highway Agency,3,State Highway,SR-M,,10,10,38.52394167,38.52394167,-93.054469440,-93.054469440,0,No Special Jurisdiction,1,Rollover/Overturn,0,The First Harmful Event was Not a Collision with a Motor Vehicle in Transport,0,No,1,Non-Junction,1,Not an Intersection,0,None,,,4,On Roadside,1,Daylight,,,,,1,Clear,0,No,0000000,Not Applicable,99,Unknown,98,Unknown if Notified,99,Unknown EMS Scene Arrival Hour,98,Unknown if Arrived,88,"Not Applicable (Not Transported) ",88,Not Applicable (Not Transported),,,,,,,1,1
2020,29,290352,Missouri,2,1,1,0,0,1,1,95,JACKSON (95),4120,KANSAS CITY,19,19,6,June,2020,6,Friday,19,7:00pm-7:59pm,6,6,0,This section IS NOT on the NHS,2,Urban,4,Minor Arterial,4,City or Municipal Highway Agency,6,Local Street - Municipality,E MEYER BLVD,,10,10,39.00793333,39.00793333,-94.550425000,-94.550425000,0,No Special Jurisdiction,33,Curb,0,The First Harmful Event was Not a Collision with a Motor Vehicle in Transport,0,No,1,Non-Junction,1,Not an Intersection,0,None,,,3,On Median,1,Daylight,,,,,1,Clear,0,No,0000000,Not Applicable,19,7:00pm-7:59pm,6,6,19,7:00pm-7:59pm,11,11,19,7:00pm-7:59pm,27,27,,,,,,,1,1
2020,29,290353,Missouri,1,1,0,0,0,1,1,143,NEW MADRID (143),0,NOT APPLICABLE,19,19,6,June,2020,6,Friday,23,11:00pm-11:59pm,0,0,0,This section IS NOT on the NHS,1,Rural,4,Minor Arterial,1,State Highway Agency,2,U.S. Highway,US-62,,20,20,36.55455556,36.55455556,-89.927527780,-89.927527780,0,No Special Jurisdiction,42,Tree (Standing Only),0,The First Harmful Event was Not a Collision with a Motor Vehicle in Transport,0,No,1,Non-Junction,1,Not an Intersection,0,None,,,4,On Roadside,2,Dark - Not Lighted,,,,,1,Clear,0,No,0000000,Not Applicable,99,Unknown,98,Unknown if Notified,99,Unknown EMS Scene Arrival Hour,98,Unknown if Arrived,88,"Not Applicable (Not Transported) ",88,Not Applicable (Not Transported),,,,,,,1,1
2020,29,290354,Missouri,4,4,0,0,0,5,5,3,ANDREW (3),0,NOT APPLICABLE,21,21,6,June,2020,1,Sunday,16,4:00pm-4:59pm,30,30,0,This section IS NOT on the NHS,1,Rural,4,Minor Arterial,1,State Highway Agency,2,U.S. Highway,US-169,CR-248 NJ,40,40,39.96140556,39.96140556,-94.668075000,-94.668075000,0,No Special Jurisdiction,12,Motor Vehicle In-Transport,1,Front-to-Rear,0,No,3,Intersection-Related,98,Not Reported,0,None,,,1,On Roadway,1,Daylight,,,,,1,Clear,0,No,0000000,Not Applicable,99,Unknown,98,Unknown if Notified,99,Unknown EMS Scene Arrival Hour,98,Unknown if Arrived,88,"Not Applicable (Not Transported) ",88,Not Applicable (Not Transported),,,,,,,1,0