caseyear,state,st_case,statename,ve_total,ve_forms,pvh_invl,peds,pernotmvit,permvit,persons,county,countyname,city,cityname,day,dayname,month,monthname,year,day_week,day_weekname,hour,hourname,minute,minutename,nhs,nhsname,rur_urb,rur_urbname,func_sys,func_sysname,rd_owner,rd_ownername,route,routename,tway_id,tway_id2,milept,mileptname,latitude,latitudename,longitud,longitudname,sp_jur,sp_jurname,harm_ev,harm_evname,man_coll,man_collname,reljct1,reljct1name,reljct2,reljct2name,typ_int,typ_intname,wrk_zone,wrk_zonename,road_fnc,road_fncname,rel_road,rel_roadname,lgt_cond,lgt_condname,weather1,weather1name,weather2,weather2name,weather,weathername,sch_bus,sch_busname,rail,railname,not_hour,not_hourname,not_min,not_minname,arr_hour,arr_hourname,arr_min,arr_minname,hosp_hr,hosp_hrname,hosp_mn,hosp_mnname,cf1,cf1name,cf2,cf2name,cf3,cf3name,fatals,drunk_dr
2020,29,290355,Missouri,1,1,0,0,0,2,2,89,HOWARD (89),0,NOT APPLICABLE,21,21,6,June,2020,1,Sunday,16,4:00pm-4:59pm,0,0,0,This section IS NOT on the NHS,1,Rural,5,Major Collector,1,State Highway Agency,3,State Highway,SR-J,,70,70,39.10094167,39.10094167,-92.790497220,-92.790497220,0,No Special Jurisdiction,59,"Traffic Sign Support ",0,The First Harmful Event was Not a Collision with a Motor Vehicle in Transport,0,No,1,Non-Junction,1,Not an Intersection,0,None,,,4,On Roadside,1,Daylight,,,,,1,Clear,0,No,0000000,Not Applicable,99,Unknown,98,Unknown if Notified,99,Unknown EMS Scene Arrival Hour,98,Unknown if Arrived,88,"Not Applicable (Not Transported) ",88,Not Applicable (Not Transported),,,,,,,2,1
2020,29,290356,Missouri,1,1,0,0,0,1,1,215,TEXAS (215),0,NOT APPLICABLE,21,21,6,June,2020,1,Sunday,8,8:00am-8:59am,15,15,0,This section IS NOT on the NHS,1,Rural,4,Minor Arterial,1,State Highway Agency,3,State Highway,SR-32,,280,280,37.50910833,37.50910833,-91.888941670,-91.888941670,0,No Special Jurisdiction,42,Tree (Standing Only),0,The First Harmful Event was Not a Collision with a Motor Vehicle in Transport,0,No,1,Non-Junction,1,Not an Intersection,0,None,,,4,On Roadside,1,Daylight,,,,,1,Clear,0,No,0000000,Not Applicable,8,8:00am-8:59am,57,57,9,9:00am-9:59am,15,15,88,"Not Applicable (Not Transported) ",88,Not Applicable (Not Transported),,,,,,,1,0
2020,29,290357,Missouri,1,1,0,1,1,2,2,95,JACKSON (95),4120,KANSAS CITY,21,21,6,June,2020,1,Sunday,2,2:00am-2:59am,24,24,0,This section IS NOT on the NHS,2,Urban,4,Minor Arterial,4,City or Municipal Highway Agency,6,Local Street - Municipality,"MAIN ST ",W 43RD ST,40,40,39.04255556,39.04255556,-94.418388890,-94.418388890,0,No Special Jurisdiction,8,Pedestrian,0,The First Harmful Event was Not a Collision with a Motor Vehicle in Transport,0,No,3,Intersection-Related,2,Four-Way Intersection,0,None,,,1,On Roadway,3,Dark - Lighted,,,,,1,Clear,0,No,0000000,Not Applicable,99,Unknown,98,Unknown if Notified,99,Unknown EMS Scene Arrival Hour,98,Unknown if Arrived,88,"Not Applicable (Not Transported) ",88,Not Applicable (Not Transported),,,,,,,1,1
2020,29,290358,Missouri,1,1,0,1,1,1,1,189,ST LOUIS (189),1050,BRIDGETON,22,22,6,June,2020,2,Monday,20,8:00pm-8:59pm,52,52,1,This section IS ON the NHS,2,Urban,3,Principal Arterial - Other,1,State Highway Agency,3,State Highway,SR-180,,10,10,38.75258333,38.75258333,-90.427855560,-90.427855560,0,No Special Jurisdiction,8,Pedestrian,0,The First Harmful Event was Not a Collision with a Motor Vehicle in Transport,0,No,1,Non-Junction,1,Not an Intersection,0,None,,,1,On Roadway,2,Dark - Not Lighted,,,,,10,Cloudy,0,No,0000000,Not Applicable,20,8:00pm-8:59pm,56,56,21,9:00pm-9:59pm,7,7,88,"Not Applicable (Not Transported) ",88,Not Applicable (Not Transported),,,,,,,1,0
2020,29,290359,Missouri,1,1,0,0,0,1,1,99,JEFFERSON (99),0,NOT APPLICABLE,22,22,6,June,2020,2,Monday,1,1:00am-1:59am,30,30,1,This section IS ON the NHS,1,Rural,3,Principal Arterial - Other,1,State Highway Agency,3,State Highway,SR-21,,140,140,38.30957500,38.30957500,-90.538947220,-90.538947220,0,No Special Jurisdiction,58,Ground,0,The First Harmful Event was Not a Collision with a Motor Vehicle in Transport,0,No,1,Non-Junction,1,Not an Intersection,0,None,,,4,On Roadside,2,Dark - Not Lighted,,,,,99,Reported as Unknown,0,No,0000000,Not Applicable,20,8:00pm-8:59pm,24,24,20,8:00pm-8:59pm,29,29,88,"Not Applicable (Not Transported) ",88,Not Applicable (Not Transported),,,,,,,1,1
2020,29,290360,Missouri,2,2,0,0,0,3,3,189,ST LOUIS (189),6030,PACIFIC,22,22,6,June,2020,2,Monday,16,4:00pm-4:59pm,42,42,0,This section IS NOT on the NHS,2,Urban,4,Minor Arterial,1,State Highway Agency,3,State Highway,SR-LP 44,,20,20,38.48591667,38.48591667,-90.701805560,-90.701805560,0,No Special Jurisdiction,12,Motor Vehicle In-Transport,6,Angle,0,No,8,Driveway Access Related,1,Not an Intersection,0,None,,,2,On Shoulder,1,Daylight,,,,,10,Cloudy,0,No,0000000,Not Applicable,16,4:00pm-4:59pm,45,45,16,4:00pm-4:59pm,54,54,88,"Not Applicable (Not Transported) ",88,Not Applicable (Not Transported),,,,,,,1,0
2020,29,290361,Missouri,1,1,0,0,0,1,1,37,CASS (37),0,NOT APPLICABLE,23,23,6,June,2020,3,Tuesday,11,11:00am-11:59am,57,57,0,This section IS NOT on the NHS,1,Rural,7,Local,2,County Highway Agency,4,County Road,CR-267TH ST,,30,30,38.63083056,38.63083056,-94.290027780,-94.290027780,0,No Special Jurisdiction,42,Tree (Standing Only),0,The First Harmful Event was Not a Collision with a Motor Vehicle in Transport,0,No,1,Non-Junction,1,Not an Intersection,0,None,,,4,On Roadside,1,Daylight,,,,,10,Cloudy,0,No,0000000,Not Applicable,99,Unknown,99,Unknown,99,Unknown EMS Scene Arrival Hour,99,Unknown EMS Scene Arrival Minutes,88,"Not Applicable (Not Transported) ",88,Not Applicable (Not Transported),,,,,,,1,1
2020,29,290362,Missouri,2,2,0,0,0,4,4,189,ST LOUIS (189),8040,VINITA PARK,27,27,4,April,2020,2,Monday,21,9:00pm-9:59pm,18,18,1,This section IS ON the NHS,2,Urban,3,Principal Arterial - Other,1,State Highway Agency,3,State Highway,SR-D,MIDLAND BLVD,70,70,38.68355556,38.68355556,-90.330305560,-90.330305560,0,No Special Jurisdiction,12,Motor Vehicle In-Transport,6,Angle,0,No,2,Intersection,2,Four-Way Intersection,0,None,,,1,On Roadway,3,Dark - Lighted,,,,,1,Clear,0,No,0000000,Not Applicable,99,Unknown,99,Unknown,99,Unknown EMS Scene Arrival Hour,99,Unknown EMS Scene Arrival Minutes,99,Unknown,99,Unknown EMS Hospital Arrival Time,,,,,,,1,0
2020,29,290363,Missouri,1,1,0,0,0,1,1,95,JACKSON (95),4120,KANSAS CITY,8,8,6,June,2020,2,Monday,16,4:00pm-4:59pm,9,9,0,This section IS NOT on the NHS,2,Urban,4,Minor Arterial,4,City or Municipal Highway Agency,6,Local Street - Municipality,MANCHESTER TRFY,,20,20,39.05818333,39.05818333,-94.501838890,-94.501838890,0,No Special Jurisdiction,21,Bridge Pier or Support,0,The First Harmful Event was Not a Collision with a Motor Vehicle in Transport,0,No,1,Non-Junction,1,Not an Intersection,0,None,,,3,On Median,1,Daylight,,,,,10,Cloudy,0,No,0000000,Not Applicable,16,4:00pm-4:59pm,16,16,16,4:00pm-4:59pm,26,26,16,4:00pm-4:59pm,56,56,,,,,,,1,0
2020,29,290364,Missouri,5,5,0,0,0,7,7,169,PULASKI (169),0,NOT APPLICABLE,9,9,6,June,2020,3,Tuesday,0,0:00am-0:59am,40,40,1,This section IS ON the NHS,1,Rural,1,Interstate,1,State Highway Agency,1,Interstate,I-44,,100,100,37.81983056,37.81983056,-92.182330560,-92.182330560,0,No Special Jurisdiction,18,Other Object (not fixed),0,The First Harmful Event was Not a Collision with a Motor Vehicle in Transport,0,No,1,Non-Junction,1,Not an Intersection,0,None,,,1,On Roadway,2,Dark - Not Lighted,,,,,2,Rain,0,No,0000000,Not Applicable,0,0:00am-0:59am,40,40,0,0:00am-0:59am,51,51,99,Unknown,99,Unknown EMS Hospital Arrival Time,,,,,,,1,0
2020,29,290365,Missouri,1,1,0,0,0,2,2,69,DUNKLIN (69),0,NOT APPLICABLE,18,18,6,June,2020,5,Thursday,22,10:00pm-10:59pm,45,45,1,This section IS ON the NHS,1,Rural,2,Principal Arterial - Other Freeways and Expressways,1,State Highway Agency,2,U.S. Highway,US-412,,10,10,36.23597778,36.23597778,-89.971002780,-89.971002780,0,No Special Jurisdiction,11,Live Animal,0,The First Harmful Event was Not a Collision with a Motor Vehicle in Transport,0,No,1,Non-Junction,1,Not an Intersection,0,None,,,1,On Roadway,2,Dark - Not Lighted,,,,,1,Clear,0,No,0000000,Not Applicable,23,11:00pm-11:59pm,13,13,23,11:00pm-11:59pm,21,21,0,0:00am-0:59am,19,19,,,,,,,1,0
2020,29,290366,Missouri,2,2,0,0,0,3,3,510,ST. LOUIS (CITY) (510),7080,ST. LOUIS,18,18,6,June,2020,5,Thursday,9,9:00am-9:59am,45,45,1,This section IS ON the NHS,2,Urban,3,Principal Arterial - Other,4,City or Municipal Highway Agency,6,Local Street - Municipality,HAMPTON AVE,FYLER AVE,20,20,38.60196944,38.60196944,-90.291916670,-90.291916670,0,No Special Jurisdiction,12,Motor Vehicle In-Transport,6,Angle,0,No,2,Intersection,2,Four-Way Intersection,0,None,,,1,On Roadway,1,Daylight,,,,,1,Clear,0,No,0000000,Not Applicable,9,9:00am-9:59am,46,46,9,9:00am-9:59am,57,57,10,10:00am-10:59am,19,19,,,,,,,1,0
2020,29,290367,Missouri,2,2,0,0,0,5,5,99,JEFFERSON (99),0,NOT APPLICABLE,18,18,6,June,2020,5,Thursday,14,2:00pm-2:59pm,10,10,0,This section IS NOT on the NHS,2,Urban,5,Major Collector,2,County Highway Agency,4,County Road,CR-OLD HWY 21,,80,80,38.36651944,38.36651944,-90.499055560,-90.499055560,0,No Special Jurisdiction,12,Motor Vehicle In-Transport,1,Front-to-Rear,0,No,8,Driveway Access Related,1,Not an Intersection,0,None,,,1,On Roadway,1,Daylight,,,,,10,Cloudy,0,No,0000000,Not Applicable,14,2:00pm-2:59pm,12,12,14,2:00pm-2:59pm,20,20,14,2:00pm-2:59pm,47,47,,,,,,,1,0
2020,29,290368,Missouri,1,1,0,0,0,1,1,145,NEWTON (145),4100,JOPLIN,18,18,6,June,2020,5,Thursday,10,10:00am-10:59am,46,46,0,This section IS NOT on the NHS,2,Urban,7,Local,4,City or Municipal Highway Agency,6,Local Street - Municipality,43RD ST,PEARL AVE,0,None,37.04188333,37.04188333,-94.519344440,-94.519344440,0,No Special Jurisdiction,42,Tree (Standing Only),0,The First Harmful Event was Not a Collision with a Motor Vehicle in Transport,0,No,3,Intersection-Related,3,T-Intersection,0,None,,,4,On Roadside,1,Daylight,,,,,1,Clear,0,No,0000000,Not Applicable,99,Unknown,99,Unknown,99,Unknown EMS Scene Arrival Hour,99,Unknown EMS Scene Arrival Minutes,99,Unknown,99,Unknown EMS Hospital Arrival Time,,,,,,,1,0
2020,29,290369,Missouri,2,2,0,0,0,2,2,21,BUCHANAN (21),7070,ST. JOSEPH,18,18,6,June,2020,5,Thursday,11,11:00am-11:59am,35,35,1,This section IS ON the NHS,2,Urban,3,Principal Arterial - Other,1,State Highway Agency,2,U.S. Highway,US-59,CO US 59 TO RT U,80,80,39.71176111,39.71176111,-94.874283330,-94.874283330,0,No Special Jurisdiction,12,Motor Vehicle In-Transport,6,Angle,0,No,2,Intersection,4,Y-Intersection,0,None,,,1,On Roadway,1,Daylight,,,,,1,Clear,0,No,0000000,Not Applicable,11,11:00am-11:59am,35,35,11,11:00am-11:59am,45,45,12,12:00pm-12:59pm,3,3,,,,,,,1,0
2020,29,290370,Missouri,2,2,0,0,0,2,2,175,RANDOLPH (175),0,NOT APPLICABLE,18,18,6,June,2020,5,Thursday,15,3:00pm-3:59pm,20,20,1,This section IS ON the NHS,1,Rural,2,Principal Arterial - Other Freeways and Expressways,1,State Highway Agency,2,U.S. Highway,US-63,,70,70,39.33413889,39.33413889,-92.385805560,-92.385805560,0,No Special Jurisdiction,12,Motor Vehicle In-Transport,7,Sideswipe - Same Direction,0,No,1,Non-Junction,1,Not an Intersection,0,None,,,1,On Roadway,1,Daylight,,,,,10,Cloudy,0,No,0000000,Not Applicable,15,3:00pm-3:59pm,25,25,15,3:00pm-3:59pm,33,33,88,"Not Applicable (Not Transported) ",88,Not Applicable (Not Transported),,,,,,,1,1
2020,29,290371,Missouri,1,1,0,1,1,1,1,95,JACKSON (95),4120,KANSAS CITY,19,19,6,June,2020,6,Friday,17,5:00pm-5:59pm,45,45,0,This section IS NOT on the NHS,2,Urban,4,Minor Arterial,4,City or Municipal Highway Agency,6,Local Street - Municipality,W 47TH ST,,10,10,39.04233333,39.04233333,-94.592069440,-94.592069440,0,No Special Jurisdiction,8,Pedestrian,0,The First Harmful Event was Not a Collision with a Motor Vehicle in Transport,0,No,1,Non-Junction,1,Not an Intersection,0,None,,,1,On Roadway,1,Daylight,,,,,10,Cloudy,0,No,0000000,Not Applicable,17,5:00pm-5:59pm,46,46,17,5:00pm-5:59pm,52,52,17,5:00pm-5:59pm,59,59,,,,,,,1,1
2020,29,290372,Missouri,2,2,0,0,0,2,2,97,JASPER (97),4100,JOPLIN,19,19,6,June,2020,6,Friday,15,3:00pm-3:59pm,9,9,1,This section IS ON the NHS,2,Urban,3,Principal Arterial - Other,1,State Highway Agency,3,State Highway,SR-FF,MISSISSIPPI AVE,20,20,37.05486667,37.05486667,-94.486038890,-94.486038890,0,No Special Jurisdiction,12,Motor Vehicle In-Transport,6,Angle,0,No,2,Intersection,3,T-Intersection,0,None,,,1,On Roadway,1,Daylight,,,,,10,Cloudy,0,No,0000000,Not Applicable,15,3:00pm-3:59pm,10,10,15,3:00pm-3:59pm,15,15,15,3:00pm-3:59pm,33,33,,,,,,,1,0
2020,29,290373,Missouri,2,2,0,0,0,3,3,510,ST. LOUIS (CITY) (510),7080,ST. LOUIS,19,19,6,June,2020,6,Friday,23,11:00pm-11:59pm,29,29,0,This section IS NOT on the NHS,2,Urban,7,Local,4,City or Municipal Highway Agency,6,Local Street - Municipality,ALBERTA ST,GILES AVE,0,None,38.58554444,38.58554444,-90.247630560,-90.247630560,0,No Special Jurisdiction,12,Motor Vehicle In-Transport,8,Sideswipe - Opposite Direction,0,No,3,Intersection-Related,98,Not Reported,0,None,,,1,On Roadway,3,Dark - Lighted,,,,,1,Clear,0,No,0000000,Not Applicable,23,11:00pm-11:59pm,22,22,23,11:00pm-11:59pm,29,29,88,"Not Applicable (Not Transported) ",88,Not Applicable (Not Transported),,,,,,,1,1
2020,29,290374,Missouri,2,2,0,0,0,2,2,77,GREENE (77),7460,SPRINGFIELD,19,19,6,June,2020,6,Friday,12,12:00pm-12:59pm,16,16,0,This section IS NOT on the NHS,2,Urban,4,Minor Arterial,4,City or Municipal Highway Agency,6,Local Street - Municipality,DIVISION ST,,60,60,37.22508056,37.22508056,-93.248022220,-93.248022220,0,No Special Jurisdiction,12,Motor Vehicle In-Transport,6,Angle,0,No,1,Non-Junction,1,Not an Intersection,0,None,,,1,On Roadway,1,Daylight,,,,,10,Cloudy,0,No,0000000,Not Applicable,12,12:00pm-12:59pm,17,17,12,12:00pm-12:59pm,23,23,88,"Not Applicable (Not Transported) ",88,Not Applicable (Not Transported),,,,,,,1,0
2020,29,290375,Missouri,2,2,0,0,0,3,3,77,GREENE (77),7460,SPRINGFIELD,19,19,6,June,2020,6,Friday,18,6:00pm-6:59pm,22,22,1,This section IS ON the NHS,2,Urban,1,Interstate,1,State Highway Agency,1,Interstate,I-44,,110,110,37.25036944,37.25036944,-93.261050000,-93.261050000,0,No Special Jurisdiction,12,Motor Vehicle In-Transport,1,Front-to-Rear,0,No,1,Non-Junction,1,Not an Intersection,0,None,,,1,On Roadway,1,Daylight,,,,,10,Cloudy,0,No,0000000,Not Applicable,18,6:00pm-6:59pm,34,34,18,6:00pm-6:59pm,35,35,19,7:00pm-7:59pm,9,9,,,,,,,1,0
2020,29,290376,Missouri,1,1,0,1,1,1,1,225,WEBSTER (225),4980,MARSHFIELD,22,22,6,June,2020,2,Monday,14,2:00pm-2:59pm,59,59,0,This section IS NOT on the NHS,2,Urban,4,Minor Arterial,4,City or Municipal Highway Agency,6,Local Street - Municipality,JACKSON ST,W WASHINGTON ST,160,160,37.33733889,37.33733889,-92.918400000,-92.918400000,0,No Special Jurisdiction,8,Pedestrian,0,The First Harmful Event was Not a Collision with a Motor Vehicle in Transport,0,No,3,Intersection-Related,3,T-Intersection,0,None,,,1,On Roadway,1,Daylight,,,,,1,Clear,0,No,0000000,Not Applicable,99,Unknown,99,Unknown,99,Unknown EMS Scene Arrival Hour,99,Unknown EMS Scene Arrival Minutes,99,Unknown,99,Unknown EMS Hospital Arrival Time,,,,,,,1,0
2020,29,290377,Missouri,1,1,0,0,0,1,1,71,FRANKLIN (71),0,NOT APPLICABLE,23,23,6,June,2020,3,Tuesday,8,8:00am-8:59am,25,25,0,This section IS NOT on the NHS,1,Rural,4,Minor Arterial,1,State Highway Agency,3,State Highway,SR-47,,280,280,38.23969167,38.23969167,-90.871136110,-90.871136110,0,No Special Jurisdiction,42,Tree (Standing Only),0,The First Harmful Event was Not a Collision with a Motor Vehicle in Transport,0,No,1,Non-Junction,1,Not an Intersection,0,None,,,4,On Roadside,1,Daylight,,,,,99,Reported as Unknown,0,No,0000000,Not Applicable,99,Unknown,98,Unknown if Notified,99,Unknown EMS Scene Arrival Hour,98,Unknown if Arrived,88,"Not Applicable (Not Transported) ",88,Not Applicable (Not Transported),,,,,,,1,1
2020,29,290378,Missouri,1,1,0,0,0,1,1,99,JEFFERSON (99),0,NOT APPLICABLE,23,23,6,June,2020,3,Tuesday,17,5:00pm-5:59pm,40,40,1,This section IS ON the NHS,1,Rural,3,Principal Arterial - Other,1,State Highway Agency,3,State Highway,SR-21,,170,170,38.27058056,38.27058056,-90.552805560,-90.552805560,0,No Special Jurisdiction,52,Guardrail End,0,The First Harmful Event was Not a Collision with a Motor Vehicle in Transport,0,No,1,Non-Junction,1,Not an Intersection,0,None,,,4,On Roadside,1,Daylight,,,,,1,Clear,0,No,0000000,Not Applicable,17,5:00pm-5:59pm,44,44,17,5:00pm-5:59pm,54,54,99,Unknown,99,Unknown EMS Hospital Arrival Time,,,,,,,1,0
2020,29,290379,Missouri,4,3,1,0,1,3,4,219,WARREN (219),8530,WRIGHT CITY,23,23,6,June,2020,3,Tuesday,13,1:00pm-1:59pm,21,21,1,This section IS ON the NHS,1,Rural,1,Interstate,1,State Highway Agency,1,Interstate,I-70,,20,20,38.82360833,38.82360833,-90.990886110,-90.990886110,0,No Special Jurisdiction,14,Parked Motor Vehicle,0,The First Harmful Event was Not a Collision with a Motor Vehicle in Transport,0,No,1,Non-Junction,1,Not an Intersection,0,None,,,2,On Shoulder,1,Daylight,,,,,10,Cloudy,0,No,0000000,Not Applicable,13,1:00pm-1:59pm,23,23,13,1:00pm-1:59pm,32,32,88,"Not Applicable (Not Transported) ",88,Not Applicable (Not Transported),,,,,,,1,0
2020,29,290380,Missouri,2,2,0,0,0,2,2,510,ST. LOUIS (CITY) (510),7080,ST. LOUIS,23,23,6,June,2020,3,Tuesday,16,4:00pm-4:59pm,37,37,1,This section IS ON the NHS,2,Urban,3,Principal Arterial - Other,1,State Highway Agency,3,State Highway,SR-115,,30,30,38.66905556,38.66905556,-90.234766670,-90.234766670,0,No Special Jurisdiction,12,Motor Vehicle In-Transport,2,Front-to-Front,0,No,1,Non-Junction,1,Not an Intersection,0,None,,,1,On Roadway,1,Daylight,,,,,1,Clear,0,No,0000000,Not Applicable,16,4:00pm-4:59pm,37,37,16,4:00pm-4:59pm,44,44,16,4:00pm-4:59pm,57,57,,,,,,,1,0
2020,29,290381,Missouri,1,1,0,1,1,1,1,95,JACKSON (95),4120,KANSAS CITY,24,24,6,June,2020,4,Wednesday,22,10:00pm-10:59pm,21,21,0,This section IS NOT on the NHS,2,Urban,4,Minor Arterial,4,City or Municipal Highway Agency,6,Local Street - Municipality,TROOST AVE,,50,50,39.03427500,39.03427500,-94.573391670,-94.573391670,0,No Special Jurisdiction,8,Pedestrian,0,The First Harmful Event was Not a Collision with a Motor Vehicle in Transport,0,No,1,Non-Junction,1,Not an Intersection,0,None,,,1,On Roadway,3,Dark - Lighted,,,,,1,Clear,0,No,0000000,Not Applicable,11,11:00am-11:59am,35,35,11,11:00am-11:59am,45,45,88,"Not Applicable (Not Transported) ",88,Not Applicable (Not Transported),,,,,,,1,0
2020,29,290382,Missouri,3,3,0,0,0,4,4,189,ST LOUIS (189),553,BELLEFONTAINE NEIGHBOR,24,24,6,June,2020,4,Wednesday,19,7:00pm-7:59pm,37,37,1,This section IS ON the NHS,2,Urban,3,Principal Arterial - Other,1,State Highway Agency,3,State Highway,SR-367,,40,40,38.75971944,38.75971944,-90.238747220,-90.238747220,0,No Special Jurisdiction,12,Motor Vehicle In-Transport,2,Front-to-Front,0,No,1,Non-Junction,1,Not an Intersection,0,None,,,1,On Roadway,1,Daylight,,,,,1,Clear,0,No,0000000,Not Applicable,19,7:00pm-7:59pm,39,39,19,7:00pm-7:59pm,43,43,20,8:00pm-8:59pm,14,14,,,,,,,1,0
2020,29,290383,Missouri,1,1,0,0,0,1,1,95,JACKSON (95),4120,KANSAS CITY,24,24,6,June,2020,4,Wednesday,18,6:00pm-6:59pm,38,38,1,This section IS ON the NHS,2,Urban,1,Interstate,1,State Highway Agency,1,Interstate,I-49 RAMP,,0,None,38.92369444,38.92369444,-94.529105560,-94.529105560,0,No Special Jurisdiction,33,Curb,0,The First Harmful Event was Not a Collision with a Motor Vehicle in Transport,1,Yes,5,Entrance/Exit Ramp Related,1,Not an Intersection,0,None,,,4,On Roadside,1,Daylight,,,,,1,Clear,0,No,0000000,Not Applicable,99,Unknown,98,Unknown if Notified,99,Unknown EMS Scene Arrival Hour,98,Unknown if Arrived,88,"Not Applicable (Not Transported) ",88,Not Applicable (Not Transported),,,,,,,1,0
2020,29,290384,Missouri,2,2,0,0,0,3,3,109,LAWRENCE (109),0,NOT APPLICABLE,25,25,6,June,2020,5,Thursday,16,4:00pm-4:59pm,30,30,1,This section IS ON the NHS,1,Rural,1,Interstate,1,State Highway Agency,1,Interstate,I-44,,210,210,37.15008056,37.15008056,-93.704027780,-93.704027780,0,No Special Jurisdiction,12,Motor Vehicle In-Transport,1,Front-to-Rear,0,No,1,Non-Junction,1,Not an Intersection,1,Construction,,,1,On Roadway,1,Daylight,,,,,1,Clear,0,No,0000000,Not Applicable,16,4:00pm-4:59pm,33,33,16,4:00pm-4:59pm,47,47,18,6:00pm-6:59pm,0,0,,,,,,,1,0
2020,29,290385,Missouri,2,2,0,0,0,2,2,189,ST LOUIS (189),7760,TOWN AND COUNTRY,25,25,6,June,2020,5,Thursday,3,3:00am-3:59am,45,45,1,This section IS ON the NHS,2,Urban,1,Interstate,1,State Highway Agency,1,Interstate,I-64,,90,90,38.63863611,38.63863611,-90.477555560,-90.477555560,0,No Special Jurisdiction,12,Motor Vehicle In-Transport,1,Front-to-Rear,1,Yes,18,Through Roadway,1,Not an Intersection,0,None,,,1,On Roadway,3,Dark - Lighted,,,,,1,Clear,0,No,0000000,Not Applicable,99,Unknown,98,Unknown if Notified,99,Unknown EMS Scene Arrival Hour,98,Unknown if Arrived,88,"Not Applicable (Not Transported) ",88,Not Applicable (Not Transported),,,,,,,1,1
2020,29,290386,Missouri,1,1,0,0,0,1,1,141,MORGAN (141),0,NOT APPLICABLE,25,25,6,June,2020,5,Thursday,21,9:00pm-9:59pm,24,24,0,This section IS NOT on the NHS,1,Rural,5,Major Collector,1,State Highway Agency,3,State Highway,SR-N,,80,80,38.45363889,38.45363889,-92.982666670,-92.982666670,0,No Special Jurisdiction,18,Other Object (not fixed),0,The First Harmful Event was Not a Collision with a Motor Vehicle in Transport,0,No,1,Non-Junction,1,Not an Intersection,0,None,,,4,On Roadside,2,Dark - Not Lighted,,,,,1,Clear,0,No,0000000,Not Applicable,99,Unknown,98,Unknown if Notified,99,Unknown EMS Scene Arrival Hour,98,Unknown if Arrived,88,"Not Applicable (Not Transported) ",88,Not Applicable (Not Transported),,,,,,,1,1
2020,29,290387,Missouri,1,1,0,0,0,1,1,510,ST. LOUIS (CITY) (510),7080,ST. LOUIS,25,25,6,June,2020,5,Thursday,2,2:00am-2:59am,30,30,1,This section IS ON the NHS,2,Urban,1,Interstate,1,State Highway Agency,1,Interstate,I-44 REVERSIBLE,,0,None,38.64002778,38.64002778,-90.187305560,-90.187305560,0,No Special Jurisdiction,26,Other Traffic Barrier,0,The First Harmful Event was Not a Collision with a Motor Vehicle in Transport,0,No,1,Non-Junction,1,Not an Intersection,0,None,,,3,On Median,3,Dark - Lighted,,,,,1,Clear,0,No,0000000,Not Applicable,99,Unknown,98,Unknown if Notified,99,Unknown EMS Scene Arrival Hour,98,Unknown if Arrived,88,"Not Applicable (Not Transported) ",88,Not Applicable (Not Transported),,,,,,,1,1
2020,29,290388,Missouri,2,2,0,0,0,5,5,155,PEMISCOT (155),0,NOT APPLICABLE,26,26,6,June,2020,6,Friday,21,9:00pm-9:59pm,8,8,0,This section IS NOT on the NHS,1,Rural,5,Major Collector,1,State Highway Agency,3,State Highway,SR-F,,0,None,36.08360833,36.08360833,-89.914555560,-89.914555560,0,No Special Jurisdiction,12,Motor Vehicle In-Transport,7,Sideswipe - Same Direction,0,No,1,Non-Junction,1,Not an Intersection,0,None,,,1,On Roadway,2,Dark - Not Lighted,,,,,1,Clear,0,No,0000000,Not Applicable,21,9:00pm-9:59pm,10,10,21,9:00pm-9:59pm,36,36,22,10:00pm-10:59pm,18,18,,,,,,,1,0
2020,29,290389,Missouri,1,1,0,1,1,1,1,189,ST LOUIS (189),4060,JENNINGS,26,26,6,June,2020,6,Friday,20,8:00pm-8:59pm,0,0,1,This section IS ON the NHS,2,Urban,3,Principal Arterial - Other,1,State Highway Agency,3,State Highway,SR-367,,60,60,38.73346944,38.73346944,-90.241416670,-90.241416670,0,No Special Jurisdiction,8,Pedestrian,0,The First Harmful Event was Not a Collision with a Motor Vehicle in Transport,0,No,1,Non-Junction,1,Not an Intersection,0,None,,,1,On Roadway,1,Daylight,,,,,1,Clear,0,No,0000000,Not Applicable,19,7:00pm-7:59pm,47,47,19,7:00pm-7:59pm,47,47,20,8:00pm-8:59pm,3,3,,,,,,,1,1
2020,29,290390,Missouri,2,2,0,0,0,7,7,99,JEFFERSON (99),0,NOT APPLICABLE,26,26,6,June,2020,6,Friday,11,11:00am-11:59am,0,0,1,This section IS ON the NHS,2,Urban,3,Principal Arterial - Other,1,State Highway Agency,2,U.S. Highway,US-67,MONTAUK RD,100,100,38.16733056,38.16733056,-90.450691670,-90.450691670,0,No Special Jurisdiction,12,Motor Vehicle In-Transport,6,Angle,0,No,2,Intersection,2,Four-Way Intersection,0,None,,,1,On Roadway,1,Daylight,,,,,10,Cloudy,0,No,0000000,Not Applicable,11,11:00am-11:59am,6,6,11,11:00am-11:59am,11,11,11,11:00am-11:59am,52,52,,,,,,,1,0
2020,29,290391,Missouri,2,2,0,0,0,4,4,510,ST. LOUIS (CITY) (510),7080,ST. LOUIS,27,27,6,June,2020,7,Saturday,4,4:00am-4:59am,13,13,1,This section IS ON the NHS,2,Urban,1,Interstate,1,State Highway Agency,1,Interstate,I-70,,20,20,38.68264167,38.68264167,-90.237441670,-90.237441670,0,No Special Jurisdiction,12,Motor Vehicle In-Transport,2,Front-to-Front,0,No,1,Non-Junction,1,Not an Intersection,0,None,,,1,On Roadway,3,Dark - Lighted,,,,,1,Clear,0,No,0000000,Not Applicable,4,4:00am-4:59am,8,8,4,4:00am-4:59am,16,16,4,4:00am-4:59am,47,47,,,,,,,1,0