caseyear,state,st_case,statename,ve_total,ve_forms,pvh_invl,peds,pernotmvit,permvit,persons,county,countyname,city,cityname,day,dayname,month,monthname,year,day_week,day_weekname,hour,hourname,minute,minutename,nhs,nhsname,rur_urb,rur_urbname,func_sys,func_sysname,rd_owner,rd_ownername,route,routename,tway_id,tway_id2,milept,mileptname,latitude,latitudename,longitud,longitudname,sp_jur,sp_jurname,harm_ev,harm_evname,man_coll,man_collname,reljct1,reljct1name,reljct2,reljct2name,typ_int,typ_intname,wrk_zone,wrk_zonename,road_fnc,road_fncname,rel_road,rel_roadname,lgt_cond,lgt_condname,weather1,weather1name,weather2,weather2name,weather,weathername,sch_bus,sch_busname,rail,railname,not_hour,not_hourname,not_min,not_minname,arr_hour,arr_hourname,arr_min,arr_minname,hosp_hr,hosp_hrname,hosp_mn,hosp_mnname,cf1,cf1name,cf2,cf2name,cf3,cf3name,fatals,drunk_dr
2020,29,290580,Missouri,1,1,0,0,0,1,1,99,JEFFERSON (99),0,NOT APPLICABLE,26,26,8,August,2020,4,Wednesday,22,10:00pm-10:59pm,30,30,1,This section IS ON the NHS,2,Urban,3,Principal Arterial - Other,1,State Highway Agency,3,State Highway,SR-141,,50,50,38.47699722,38.47699722,-90.438441670,-90.438441670,0,No Special Jurisdiction,33,Curb,0,The First Harmful Event was Not a Collision with a Motor Vehicle in Transport,0,No,1,Non-Junction,1,Not an Intersection,0,None,,,4,On Roadside,3,Dark - Lighted,,,,,1,Clear,0,No,0000000,Not Applicable,22,10:00pm-10:59pm,35,35,22,10:00pm-10:59pm,38,38,23,11:00pm-11:59pm,1,1,,,,,,,1,1
2020,29,290581,Missouri,2,2,0,0,0,2,2,217,VERNON (217),0,NOT APPLICABLE,26,26,8,August,2020,4,Wednesday,22,10:00pm-10:59pm,0,0,1,This section IS ON the NHS,1,Rural,3,Principal Arterial - Other,1,State Highway Agency,2,U.S. Highway,US-54,,200,200,37.83821944,37.83821944,-94.409416670,-94.409416670,0,No Special Jurisdiction,12,Motor Vehicle In-Transport,2,Front-to-Front,0,No,1,Non-Junction,1,Not an Intersection,0,None,,,1,On Roadway,2,Dark - Not Lighted,,,,,1,Clear,0,No,0000000,Not Applicable,99,Unknown,98,Unknown if Notified,99,Unknown EMS Scene Arrival Hour,98,Unknown if Arrived,88,"Not Applicable (Not Transported) ",88,Not Applicable (Not Transported),,,,,,,1,1
2020,29,290582,Missouri,2,2,0,0,0,4,4,189,ST LOUIS (189),4060,JENNINGS,27,27,8,August,2020,5,Thursday,21,9:00pm-9:59pm,15,15,1,This section IS ON the NHS,2,Urban,3,Principal Arterial - Other,4,City or Municipal Highway Agency,6,Local Street - Municipality,HALLS FERRY RD,COZENS AVE,20,20,38.73227778,38.73227778,-90.246216670,-90.246216670,0,No Special Jurisdiction,12,Motor Vehicle In-Transport,6,Angle,0,No,2,Intersection,3,T-Intersection,0,None,,,1,On Roadway,3,Dark - Lighted,,,,,1,Clear,0,No,0000000,Not Applicable,21,9:00pm-9:59pm,17,17,21,9:00pm-9:59pm,37,37,22,10:00pm-10:59pm,7,7,,,,,,,2,1
2020,29,290583,Missouri,2,2,0,0,0,4,4,95,JACKSON (95),3940,INDEPENDENCE,27,27,8,August,2020,5,Thursday,19,7:00pm-7:59pm,1,1,1,This section IS ON the NHS,2,Urban,3,Principal Arterial - Other,4,City or Municipal Highway Agency,6,Local Street - Municipality,NOLAND RD,FAIR ST,30,30,39.07748056,39.07748056,-94.413891670,-94.413891670,0,No Special Jurisdiction,12,Motor Vehicle In-Transport,1,Front-to-Rear,0,No,3,Intersection-Related,2,Four-Way Intersection,0,None,,,1,On Roadway,1,Daylight,,,,,1,Clear,0,No,0000000,Not Applicable,19,7:00pm-7:59pm,1,1,19,7:00pm-7:59pm,4,4,19,7:00pm-7:59pm,28,28,,,,,,,1,0
2020,29,290584,Missouri,1,1,0,0,0,1,1,183,ST. CHARLES (183),0,NOT APPLICABLE,28,28,8,August,2020,6,Friday,12,12:00pm-12:59pm,15,15,0,This section IS NOT on the NHS,1,Rural,4,Minor Arterial,2,County Highway Agency,3,State Highway,SR-94,,70,70,38.58202778,38.58202778,-90.841305560,-90.841305560,0,No Special Jurisdiction,24,Guardrail Face,0,The First Harmful Event was Not a Collision with a Motor Vehicle in Transport,0,No,1,Non-Junction,1,Not an Intersection,0,None,,,4,On Roadside,1,Daylight,,,,,1,Clear,0,No,0000000,Not Applicable,99,Unknown,98,Unknown if Notified,99,Unknown EMS Scene Arrival Hour,98,Unknown if Arrived,88,"Not Applicable (Not Transported) ",88,Not Applicable (Not Transported),,,,,,,1,0
2020,29,290585,Missouri,3,3,0,0,0,3,3,201,SCOTT (201),7310,SIKESTON,29,29,8,August,2020,7,Saturday,2,2:00am-2:59am,30,30,0,This section IS NOT on the NHS,2,Urban,4,Minor Arterial,1,State Highway Agency,2,U.S. Highway,US-61,LAKE ST,290,290,36.88085000,36.88085000,-89.580255560,-89.580255560,0,No Special Jurisdiction,12,Motor Vehicle In-Transport,6,Angle,0,No,2,Intersection,2,Four-Way Intersection,0,None,,,1,On Roadway,3,Dark - Lighted,,,,,1,Clear,0,No,0000000,Not Applicable,3,3:00am-3:59am,0,0,3,3:00am-3:59am,37,37,5,5:00am-5:59am,57,57,,,,,,,1,0
2020,29,290586,Missouri,2,2,0,0,0,3,3,77,GREENE (77),7460,SPRINGFIELD,29,29,8,August,2020,7,Saturday,2,2:00am-2:59am,8,8,1,This section IS ON the NHS,2,Urban,3,Principal Arterial - Other,1,State Highway Agency,6,Local Street - Municipality,CHESTNUT EXPY,,10,10,37.21237500,37.21237500,-93.368272220,-93.368272220,0,No Special Jurisdiction,12,Motor Vehicle In-Transport,6,Angle,0,No,8,Driveway Access Related,1,Not an Intersection,0,None,,,1,On Roadway,3,Dark - Lighted,,,,,1,Clear,0,No,0000000,Not Applicable,99,Unknown,99,Unknown,99,Unknown EMS Scene Arrival Hour,99,Unknown EMS Scene Arrival Minutes,99,Unknown,99,Unknown EMS Hospital Arrival Time,,,,,,,1,2
2020,29,290587,Missouri,1,1,0,0,0,1,1,510,ST. LOUIS (CITY) (510),7080,ST. LOUIS,30,30,8,August,2020,1,Sunday,6,6:00am-6:59am,19,19,1,This section IS ON the NHS,2,Urban,1,Interstate,1,State Highway Agency,1,Interstate,I-70,,50,50,38.68360556,38.68360556,-90.240166670,-90.240166670,0,No Special Jurisdiction,33,Curb,0,The First Harmful Event was Not a Collision with a Motor Vehicle in Transport,0,No,1,Non-Junction,1,Not an Intersection,0,None,,,4,On Roadside,1,Daylight,,,,,1,Clear,0,No,0000000,Not Applicable,99,Unknown,98,Unknown if Notified,99,Unknown EMS Scene Arrival Hour,98,Unknown if Arrived,88,"Not Applicable (Not Transported) ",88,Not Applicable (Not Transported),,,,,,,1,1
2020,29,290588,Missouri,1,1,0,0,0,1,1,67,DOUGLAS (67),0,NOT APPLICABLE,31,31,8,August,2020,2,Monday,15,3:00pm-3:59pm,15,15,0,This section IS NOT on the NHS,1,Rural,5,Major Collector,1,State Highway Agency,3,State Highway,SR-181,,20,20,37.03127778,37.03127778,-92.116386110,-92.116386110,0,No Special Jurisdiction,58,Ground,0,The First Harmful Event was Not a Collision with a Motor Vehicle in Transport,0,No,1,Non-Junction,1,Not an Intersection,0,None,,,4,On Roadside,1,Daylight,,,,,10,Cloudy,0,No,0000000,Not Applicable,99,Unknown,98,Unknown if Notified,99,Unknown EMS Scene Arrival Hour,98,Unknown if Arrived,88,"Not Applicable (Not Transported) ",88,Not Applicable (Not Transported),,,,,,,1,0
2020,29,290589,Missouri,1,1,0,0,0,2,2,171,PUTNAM (171),0,NOT APPLICABLE,31,31,8,August,2020,2,Monday,11,11:00am-11:59am,10,10,0,This section IS NOT on the NHS,1,Rural,4,Minor Arterial,1,State Highway Agency,3,State Highway,SR-5,,110,110,40.44971944,40.44971944,-93.026219440,-93.026219440,0,No Special Jurisdiction,38,Fence,0,The First Harmful Event was Not a Collision with a Motor Vehicle in Transport,0,No,1,Non-Junction,1,Not an Intersection,0,None,,,4,On Roadside,1,Daylight,,,,,1,Clear,0,No,0000000,Not Applicable,11,11:00am-11:59am,18,18,11,11:00am-11:59am,25,25,13,1:00pm-1:59pm,10,10,,,,,,,1,0
2020,29,290590,Missouri,3,3,0,0,0,4,4,189,ST LOUIS (189),5300,MOLINE ACRES,1,1,9,September,2020,3,Tuesday,18,6:00pm-6:59pm,0,0,1,This section IS ON the NHS,2,Urban,3,Principal Arterial - Other,1,State Highway Agency,3,State Highway,SR-367,,50,50,38.74205000,38.74205000,-90.240419440,-90.240419440,0,No Special Jurisdiction,12,Motor Vehicle In-Transport,1,Front-to-Rear,0,No,1,Non-Junction,1,Not an Intersection,0,None,,,1,On Roadway,1,Daylight,,,,,10,Cloudy,0,No,0000000,Not Applicable,18,6:00pm-6:59pm,10,10,18,6:00pm-6:59pm,14,14,18,6:00pm-6:59pm,41,41,,,,,,,1,0
2020,29,290591,Missouri,1,1,0,0,0,1,1,29,CAMDEN (29),0,NOT APPLICABLE,1,1,9,September,2020,3,Tuesday,17,5:00pm-5:59pm,15,15,0,This section IS NOT on the NHS,1,Rural,7,Local,2,County Highway Agency,4,County Road,CR-TWIN RIVERS,,10,10,38.09708056,38.09708056,-92.805219440,-92.805219440,0,No Special Jurisdiction,42,Tree (Standing Only),0,The First Harmful Event was Not a Collision with a Motor Vehicle in Transport,0,No,1,Non-Junction,1,Not an Intersection,0,None,,,4,On Roadside,1,Daylight,,,,,10,Cloudy,0,No,0000000,Not Applicable,99,Unknown,98,Unknown if Notified,99,Unknown EMS Scene Arrival Hour,98,Unknown if Arrived,88,"Not Applicable (Not Transported) ",88,Not Applicable (Not Transported),,,,,,,1,1
2020,29,290592,Missouri,1,1,0,0,0,1,1,189,ST LOUIS (189),553,BELLEFONTAINE NEIGHBOR,2,2,9,September,2020,4,Wednesday,7,7:00am-7:59am,15,15,1,This section IS ON the NHS,2,Urban,3,Principal Arterial - Other,1,State Highway Agency,3,State Highway,SR-367,,40,40,38.75721944,38.75721944,-90.238747220,-90.238747220,0,No Special Jurisdiction,58,Ground,0,The First Harmful Event was Not a Collision with a Motor Vehicle in Transport,0,No,1,Non-Junction,1,Not an Intersection,0,None,,,4,On Roadside,9,Reported as Unknown,,,,,99,Reported as Unknown,0,No,0000000,Not Applicable,7,7:00am-7:59am,4,4,7,7:00am-7:59am,10,10,88,"Not Applicable (Not Transported) ",88,Not Applicable (Not Transported),,,,,,,1,0
2020,29,290593,Missouri,1,1,0,1,1,1,1,510,ST. LOUIS (CITY) (510),7080,ST. LOUIS,2,2,9,September,2020,4,Wednesday,19,7:00pm-7:59pm,49,49,1,This section IS ON the NHS,2,Urban,3,Principal Arterial - Other,4,City or Municipal Highway Agency,6,Local Street - Municipality,N FLORISSANT AVE,20TH ST,10,10,38.65402778,38.65402778,-90.201891670,-90.201891670,0,No Special Jurisdiction,8,Pedestrian,0,The First Harmful Event was Not a Collision with a Motor Vehicle in Transport,0,No,2,Intersection,2,Four-Way Intersection,0,None,,,1,On Roadway,3,Dark - Lighted,,,,,1,Clear,0,No,0000000,Not Applicable,19,7:00pm-7:59pm,52,52,19,7:00pm-7:59pm,56,56,20,8:00pm-8:59pm,8,8,,,,,,,1,0
2020,29,290594,Missouri,1,1,0,0,0,1,1,95,JACKSON (95),4120,KANSAS CITY,3,3,9,September,2020,5,Thursday,4,4:00am-4:59am,58,58,0,This section IS NOT on the NHS,2,Urban,4,Minor Arterial,4,City or Municipal Highway Agency,6,Local Street - Municipality,E 39TH ST,,20,20,39.05515556,39.05515556,-94.544430560,-94.544430560,0,No Special Jurisdiction,7,Other Non-Collision,0,The First Harmful Event was Not a Collision with a Motor Vehicle in Transport,0,No,1,Non-Junction,1,Not an Intersection,0,None,,,1,On Roadway,3,Dark - Lighted,,,,,1,Clear,0,No,0000000,Not Applicable,99,Unknown,98,Unknown if Notified,99,Unknown EMS Scene Arrival Hour,98,Unknown if Arrived,88,"Not Applicable (Not Transported) ",88,Not Applicable (Not Transported),,,,,,,1,1
2020,29,290595,Missouri,2,2,0,0,0,2,2,51,COLE (51),4040,JEFFERSON CITY,12,12,7,July,2020,1,Sunday,19,7:00pm-7:59pm,56,56,1,This section IS ON the NHS,2,Urban,3,Principal Arterial - Other,1,State Highway Agency,2,U.S. Highway,US-50,,150,150,38.58203333,38.58203333,-92.187227780,-92.187227780,0,No Special Jurisdiction,52,Guardrail End,0,The First Harmful Event was Not a Collision with a Motor Vehicle in Transport,0,No,1,Non-Junction,1,Not an Intersection,0,None,,,4,On Roadside,1,Daylight,,,,,1,Clear,0,No,0000000,Not Applicable,19,7:00pm-7:59pm,59,59,20,8:00pm-8:59pm,8,8,20,8:00pm-8:59pm,55,55,,,,,,,1,2
2020,29,290596,Missouri,2,2,0,0,0,3,3,139,MONTGOMERY (139),4090,JONESBURG,27,27,8,August,2020,5,Thursday,9,9:00am-9:59am,20,20,0,This section IS NOT on the NHS,1,Rural,5,Major Collector,1,State Highway Agency,3,State Highway,SR-Y,RP 6803,60,60,38.85771944,38.85771944,-91.304469440,-91.304469440,0,No Special Jurisdiction,12,Motor Vehicle In-Transport,6,Angle,0,No,3,Intersection-Related,2,Four-Way Intersection,0,None,,,1,On Roadway,1,Daylight,,,,,10,Cloudy,0,No,0000000,Not Applicable,9,9:00am-9:59am,20,20,9,9:00am-9:59am,29,29,10,10:00am-10:59am,13,13,,,,,,,1,0
2020,29,290597,Missouri,1,1,0,0,0,2,2,510,ST. LOUIS (CITY) (510),7080,ST. LOUIS,4,4,9,September,2020,6,Friday,1,1:00am-1:59am,2,2,1,This section IS ON the NHS,2,Urban,3,Principal Arterial - Other,1,State Highway Agency,3,State Highway,SR-115,,20,20,38.67381389,38.67381389,-90.245947220,-90.245947220,0,No Special Jurisdiction,1,Rollover/Overturn,0,The First Harmful Event was Not a Collision with a Motor Vehicle in Transport,0,No,1,Non-Junction,1,Not an Intersection,0,None,,,4,On Roadside,3,Dark - Lighted,,,,,1,Clear,0,No,0000000,Not Applicable,1,1:00am-1:59am,3,3,1,1:00am-1:59am,8,8,1,1:00am-1:59am,48,48,,,,,,,1,1
2020,29,290598,Missouri,1,1,0,0,0,2,2,186,STE GENEVIEVE (186),0,NOT APPLICABLE,4,4,9,September,2020,6,Friday,18,6:00pm-6:59pm,0,0,0,This section IS NOT on the NHS,1,Rural,7,Local,26,Private (other than Railroad),8,Other,LAKEVIEW DR,,10,10,37.98313889,37.98313889,-90.320691670,-90.320691670,0,No Special Jurisdiction,42,Tree (Standing Only),0,The First Harmful Event was Not a Collision with a Motor Vehicle in Transport,0,No,1,Non-Junction,1,Not an Intersection,0,None,,,4,On Roadside,1,Daylight,,,,,1,Clear,0,No,0000000,Not Applicable,18,6:00pm-6:59pm,3,3,18,6:00pm-6:59pm,27,27,99,Unknown,99,Unknown EMS Hospital Arrival Time,,,,,,,1,1
2020,29,290599,Missouri,1,1,0,0,0,1,1,71,FRANKLIN (71),0,NOT APPLICABLE,4,4,9,September,2020,6,Friday,23,11:00pm-11:59pm,13,13,0,This section IS NOT on the NHS,1,Rural,5,Major Collector,1,State Highway Agency,3,State Highway,SR-YY,,70,70,38.49963889,38.49963889,-91.177080560,-91.177080560,0,No Special Jurisdiction,59,"Traffic Sign Support ",0,The First Harmful Event was Not a Collision with a Motor Vehicle in Transport,0,No,1,Non-Junction,1,Not an Intersection,0,None,,,4,On Roadside,2,Dark - Not Lighted,,,,,1,Clear,0,No,0000000,Not Applicable,99,Unknown,98,Unknown if Notified,99,Unknown EMS Scene Arrival Hour,98,Unknown if Arrived,88,"Not Applicable (Not Transported) ",88,Not Applicable (Not Transported),,,,,,,1,1
2020,29,290600,Missouri,1,1,0,0,0,1,1,183,ST. CHARLES (183),5880,O Fallon,4,4,9,September,2020,6,Friday,19,7:00pm-7:59pm,55,55,1,This section IS ON the NHS,2,Urban,1,Interstate,1,State Highway Agency,1,Interstate,I-70,,120,120,38.80308056,38.80308056,-90.736997220,-90.736997220,0,No Special Jurisdiction,31,"Post, Pole or Other Supports",0,The First Harmful Event was Not a Collision with a Motor Vehicle in Transport,0,No,1,Non-Junction,1,Not an Intersection,0,None,,,4,On Roadside,2,Dark - Not Lighted,,,,,1,Clear,0,No,0000000,Not Applicable,23,11:00pm-11:59pm,56,56,0,0:00am-0:59am,19,19,1,1:00am-1:59am,18,18,,,,,,,1,0
2020,29,290601,Missouri,1,1,0,0,0,1,1,47,CLAY (47),4120,KANSAS CITY,4,4,9,September,2020,6,Friday,20,8:00pm-8:59pm,33,33,1,This section IS ON the NHS,2,Urban,1,Interstate,1,State Highway Agency,1,Interstate,I-435 RP 5423,,0,None,39.29970556,39.29970556,-94.508077780,-94.508077780,0,No Special Jurisdiction,1,Rollover/Overturn,0,The First Harmful Event was Not a Collision with a Motor Vehicle in Transport,1,Yes,5,Entrance/Exit Ramp Related,1,Not an Intersection,0,None,,,4,On Roadside,2,Dark - Not Lighted,,,,,1,Clear,0,No,0000000,Not Applicable,20,8:00pm-8:59pm,35,35,20,8:00pm-8:59pm,46,46,21,9:00pm-9:59pm,8,8,,,,,,,1,1
2020,29,290602,Missouri,1,1,0,0,0,2,2,9,BARRY (9),0,NOT APPLICABLE,4,4,9,September,2020,6,Friday,18,6:00pm-6:59pm,5,5,0,This section IS NOT on the NHS,1,Rural,7,Local,2,County Highway Agency,4,County Road,CR-2175,,0,None,36.68449722,36.68449722,-94.006638890,-94.006638890,0,No Special Jurisdiction,1,Rollover/Overturn,0,The First Harmful Event was Not a Collision with a Motor Vehicle in Transport,0,No,1,Non-Junction,1,Not an Intersection,0,None,,,4,On Roadside,1,Daylight,,,,,1,Clear,0,No,0000000,Not Applicable,18,6:00pm-6:59pm,23,23,18,6:00pm-6:59pm,56,56,19,7:00pm-7:59pm,27,27,,,,,,,1,1
2020,29,290603,Missouri,1,1,0,0,0,1,1,95,JACKSON (95),4120,KANSAS CITY,4,4,9,September,2020,6,Friday,23,11:00pm-11:59pm,28,28,0,This section IS NOT on the NHS,2,Urban,4,Minor Arterial,4,City or Municipal Highway Agency,6,Local Street - Municipality,HOLMES RD,,80,80,38.89553056,38.89553056,-94.585905560,-94.585905560,0,No Special Jurisdiction,59,"Traffic Sign Support ",0,The First Harmful Event was Not a Collision with a Motor Vehicle in Transport,0,No,1,Non-Junction,1,Not an Intersection,0,None,,,4,On Roadside,3,Dark - Lighted,,,,,1,Clear,0,No,0000000,Not Applicable,23,11:00pm-11:59pm,29,29,23,11:00pm-11:59pm,40,40,23,11:00pm-11:59pm,57,57,,,,,,,1,1
2020,29,290604,Missouri,2,2,0,0,0,3,3,510,ST. LOUIS (CITY) (510),7080,ST. LOUIS,4,4,9,September,2020,6,Friday,14,2:00pm-2:59pm,24,24,0,This section IS NOT on the NHS,2,Urban,7,Local,4,City or Municipal Highway Agency,6,Local Street - Municipality,MONTGOMERY ST,BACON ST,0,None,38.65244167,38.65244167,-90.221641670,-90.221641670,0,No Special Jurisdiction,12,Motor Vehicle In-Transport,6,Angle,0,No,2,Intersection,2,Four-Way Intersection,0,None,,,1,On Roadway,1,Daylight,,,,,1,Clear,0,No,0000000,Not Applicable,14,2:00pm-2:59pm,24,24,14,2:00pm-2:59pm,32,32,15,3:00pm-3:59pm,7,7,,,,,,,1,1
2020,29,290605,Missouri,2,2,0,0,0,5,5,229,WRIGHT (229),0,NOT APPLICABLE,5,5,9,September,2020,7,Saturday,17,5:00pm-5:59pm,5,5,1,This section IS ON the NHS,1,Rural,2,Principal Arterial - Other Freeways and Expressways,1,State Highway Agency,2,U.S. Highway,US-60,,240,240,37.11291667,37.11291667,-92.663691670,-92.663691670,0,No Special Jurisdiction,12,Motor Vehicle In-Transport,6,Angle,0,No,1,Non-Junction,1,Not an Intersection,0,None,,,1,On Roadway,1,Daylight,,,,,2,Rain,0,No,0000000,Not Applicable,17,5:00pm-5:59pm,11,11,17,5:00pm-5:59pm,11,11,17,5:00pm-5:59pm,49,49,,,,,,,1,0
2020,29,290606,Missouri,1,1,0,1,1,1,1,77,GREENE (77),7460,SPRINGFIELD,5,5,9,September,2020,7,Saturday,2,2:00am-2:59am,2,2,0,This section IS NOT on the NHS,2,Urban,7,Local,4,City or Municipal Highway Agency,6,Local Street - Municipality,CST OLD ORCHARD AVE,,0,None,37.23144444,37.23144444,-93.239591670,-93.239591670,0,No Special Jurisdiction,8,Pedestrian,0,The First Harmful Event was Not a Collision with a Motor Vehicle in Transport,0,No,4,Driveway Access,1,Not an Intersection,0,None,,,1,On Roadway,2,Dark - Not Lighted,,,,,1,Clear,0,No,0000000,Not Applicable,2,2:00am-2:59am,4,4,2,2:00am-2:59am,9,9,2,2:00am-2:59am,34,34,,,,,,,1,1
2020,29,290607,Missouri,2,2,0,0,0,5,5,189,ST LOUIS (189),2780,FLORISSANT,5,5,9,September,2020,7,Saturday,21,9:00pm-9:59pm,17,17,1,This section IS ON the NHS,2,Urban,3,Principal Arterial - Other,1,State Highway Agency,2,U.S. Highway,US-67,,90,90,38.79329167,38.79329167,-90.342627780,-90.342627780,0,No Special Jurisdiction,12,Motor Vehicle In-Transport,2,Front-to-Front,0,No,1,Non-Junction,1,Not an Intersection,0,None,,,1,On Roadway,3,Dark - Lighted,,,,,1,Clear,0,No,0000000,Not Applicable,21,9:00pm-9:59pm,19,19,21,9:00pm-9:59pm,23,23,21,9:00pm-9:59pm,37,37,,,,,,,1,1
2020,29,290608,Missouri,1,1,0,1,1,1,1,189,ST LOUIS (189),5300,MOLINE ACRES,6,6,9,September,2020,1,Sunday,23,11:00pm-11:59pm,1,1,1,This section IS ON the NHS,2,Urban,3,Principal Arterial - Other,1,State Highway Agency,3,State Highway,SR-367,,60,60,38.73975000,38.73975000,-90.240638890,-90.240638890,0,No Special Jurisdiction,8,Pedestrian,0,The First Harmful Event was Not a Collision with a Motor Vehicle in Transport,0,No,1,Non-Junction,1,Not an Intersection,0,None,,,1,On Roadway,3,Dark - Lighted,,,,,1,Clear,0,No,0000000,Not Applicable,22,10:00pm-10:59pm,3,3,23,11:00pm-11:59pm,9,9,23,11:00pm-11:59pm,26,26,,,,,,,1,0
2020,29,290609,Missouri,1,1,0,0,0,1,1,51,COLE (51),0,NOT APPLICABLE,6,6,9,September,2020,1,Sunday,5,5:00am-5:59am,55,55,0,This section IS NOT on the NHS,1,Rural,5,Major Collector,1,State Highway Agency,3,State Highway,SR-179,,120,120,38.62416667,38.62416667,-92.250080560,-92.250080560,0,No Special Jurisdiction,42,Tree (Standing Only),0,The First Harmful Event was Not a Collision with a Motor Vehicle in Transport,0,No,1,Non-Junction,1,Not an Intersection,0,None,,,4,On Roadside,2,Dark - Not Lighted,,,,,1,Clear,0,No,0000000,Not Applicable,99,Unknown,98,Unknown if Notified,99,Unknown EMS Scene Arrival Hour,98,Unknown if Arrived,88,"Not Applicable (Not Transported) ",88,Not Applicable (Not Transported),,,,,,,1,0
2020,29,290610,Missouri,1,1,0,1,1,1,1,510,ST. LOUIS (CITY) (510),7080,ST. LOUIS,6,6,9,September,2020,1,Sunday,23,11:00pm-11:59pm,22,22,0,This section IS NOT on the NHS,2,Urban,4,Minor Arterial,4,City or Municipal Highway Agency,6,Local Street - Municipality,UNION BLVD,,20,20,38.67070833,38.67070833,-90.264227780,-90.264227780,0,No Special Jurisdiction,8,Pedestrian,0,The First Harmful Event was Not a Collision with a Motor Vehicle in Transport,0,No,1,Non-Junction,1,Not an Intersection,0,None,,,1,On Roadway,3,Dark - Lighted,,,,,1,Clear,0,No,0000000,Not Applicable,99,Unknown,98,Unknown if Notified,99,Unknown EMS Scene Arrival Hour,98,Unknown if Arrived,88,"Not Applicable (Not Transported) ",88,Not Applicable (Not Transported),,,,,,,1,0
2020,29,290611,Missouri,2,2,0,0,0,4,4,29,CAMDEN (29),0,NOT APPLICABLE,4,4,9,September,2020,6,Friday,15,3:00pm-3:59pm,25,25,1,This section IS ON the NHS,1,Rural,2,Principal Arterial - Other Freeways and Expressways,1,State Highway Agency,2,U.S. Highway,US-54,,90,90,38.07564167,38.07564167,-92.690527780,-92.690527780,0,No Special Jurisdiction,12,Motor Vehicle In-Transport,1,Front-to-Rear,0,No,1,Non-Junction,1,Not an Intersection,0,None,,,1,On Roadway,1,Daylight,,,,,1,Clear,0,No,0000000,Not Applicable,99,Unknown,99,Unknown,99,Unknown EMS Scene Arrival Hour,99,Unknown EMS Scene Arrival Minutes,99,Unknown,99,Unknown EMS Hospital Arrival Time,,,,,,,2,0
2020,29,290612,Missouri,1,1,0,0,0,1,1,91,HOWELL (91),0,NOT APPLICABLE,6,6,9,September,2020,1,Sunday,20,8:00pm-8:59pm,5,5,1,This section IS ON the NHS,1,Rural,2,Principal Arterial - Other Freeways and Expressways,1,State Highway Agency,2,U.S. Highway,US-63,,220,220,36.83149722,36.83149722,-91.915219440,-91.915219440,0,No Special Jurisdiction,35,Embankment,0,The First Harmful Event was Not a Collision with a Motor Vehicle in Transport,0,No,1,Non-Junction,1,Not an Intersection,0,None,,,4,On Roadside,2,Dark - Not Lighted,,,,,1,Clear,0,No,0000000,Not Applicable,20,8:00pm-8:59pm,15,15,20,8:00pm-8:59pm,23,23,88,"Not Applicable (Not Transported) ",88,Not Applicable (Not Transported),,,,,,,1,0
2020,29,290613,Missouri,1,1,0,0,0,2,2,211,SULLIVAN (211),0,NOT APPLICABLE,7,7,9,September,2020,2,Monday,12,12:00pm-12:59pm,50,50,0,This section IS NOT on the NHS,1,Rural,5,Major Collector,1,State Highway Agency,3,State Highway,SR-139,,220,220,40.09791389,40.09791389,-93.319458330,-93.319458330,0,No Special Jurisdiction,11,Live Animal,0,The First Harmful Event was Not a Collision with a Motor Vehicle in Transport,0,No,1,Non-Junction,1,Not an Intersection,0,None,,,1,On Roadway,1,Daylight,,,,,1,Clear,0,No,0000000,Not Applicable,99,Unknown,99,Unknown,99,Unknown EMS Scene Arrival Hour,99,Unknown EMS Scene Arrival Minutes,99,Unknown,99,Unknown EMS Hospital Arrival Time,,,,,,,1,0
2020,29,290614,Missouri,1,1,0,1,1,2,2,97,JASPER (97),4100,JOPLIN,7,7,9,September,2020,2,Monday,20,8:00pm-8:59pm,1,1,1,This section IS ON the NHS,2,Urban,3,Principal Arterial - Other,1,State Highway Agency,3,State Highway,SR-43,,190,190,37.08949444,37.08949444,-94.513241670,-94.513241670,0,No Special Jurisdiction,8,Pedestrian,0,The First Harmful Event was Not a Collision with a Motor Vehicle in Transport,0,No,1,Non-Junction,1,Not an Intersection,0,None,,,1,On Roadway,3,Dark - Lighted,,,,,1,Clear,0,No,0000000,Not Applicable,20,8:00pm-8:59pm,2,2,20,8:00pm-8:59pm,5,5,20,8:00pm-8:59pm,20,20,,,,,,,1,0
2020,29,290615,Missouri,2,2,0,0,0,5,5,153,OZARK (153),0,NOT APPLICABLE,7,7,9,September,2020,2,Monday,17,5:00pm-5:59pm,10,10,0,This section IS NOT on the NHS,1,Rural,4,Minor Arterial,1,State Highway Agency,3,State Highway,SR-5,,260,260,36.52714167,36.52714167,-92.472108330,-92.472108330,0,No Special Jurisdiction,12,Motor Vehicle In-Transport,2,Front-to-Front,0,No,1,Non-Junction,1,Not an Intersection,0,None,,,1,On Roadway,1,Daylight,,,,,10,Cloudy,0,No,0000000,Not Applicable,17,5:00pm-5:59pm,10,10,17,5:00pm-5:59pm,21,21,17,5:00pm-5:59pm,54,54,,,,,,,1,0
2020,29,290616,Missouri,1,1,0,0,0,2,2,145,NEWTON (145),0,NOT APPLICABLE,8,8,9,September,2020,3,Tuesday,17,5:00pm-5:59pm,17,17,0,This section IS NOT on the NHS,1,Rural,7,Local,2,County Highway Agency,4,County Road,CR-REINMILLER,,30,30,37.01525000,37.01525000,-94.443441670,-94.443441670,0,No Special Jurisdiction,34,Ditch,0,The First Harmful Event was Not a Collision with a Motor Vehicle in Transport,0,No,1,Non-Junction,1,Not an Intersection,0,None,,,4,On Roadside,1,Daylight,,,,,1,Clear,0,No,0000000,Not Applicable,99,Unknown,99,Unknown,99,Unknown EMS Scene Arrival Hour,99,Unknown EMS Scene Arrival Minutes,99,Unknown,99,Unknown EMS Hospital Arrival Time,,,,,,,1,1