caseyear,state,st_case,statename,ve_total,ve_forms,pvh_invl,peds,pernotmvit,permvit,persons,county,countyname,city,cityname,day,dayname,month,monthname,year,day_week,day_weekname,hour,hourname,minute,minutename,nhs,nhsname,rur_urb,rur_urbname,func_sys,func_sysname,rd_owner,rd_ownername,route,routename,tway_id,tway_id2,milept,mileptname,latitude,latitudename,longitud,longitudname,sp_jur,sp_jurname,harm_ev,harm_evname,man_coll,man_collname,reljct1,reljct1name,reljct2,reljct2name,typ_int,typ_intname,wrk_zone,wrk_zonename,road_fnc,road_fncname,rel_road,rel_roadname,lgt_cond,lgt_condname,weather1,weather1name,weather2,weather2name,weather,weathername,sch_bus,sch_busname,rail,railname,not_hour,not_hourname,not_min,not_minname,arr_hour,arr_hourname,arr_min,arr_minname,hosp_hr,hosp_hrname,hosp_mn,hosp_mnname,cf1,cf1name,cf2,cf2name,cf3,cf3name,fatals,drunk_dr
2021,29,290058,Missouri,1,1,0,0,0,1,1,73,GASCONADE (73),0,NOT APPLICABLE,2,2,2,February,2021,3,Tuesday,15,3:00pm-3:59pm,25,25,1,This section IS ON the NHS,1,Rural,3,Principal Arterial - Other,1,State Highway Agency,2,U.S. Highway,US-50,,80,80,38.48299722,38.48299722,-91.511441670,-91.511441670,0,No Special Jurisdiction,42,Tree (Standing Only),0,The First Harmful Event was Not a Collision with a Motor Vehicle in Transport,0,No,1,Non-Junction,1,Not an Intersection,0,None,,,4,On Roadside,1,Daylight,,,,,1,Clear,0,No,0000000,Not Applicable,15,3:00pm-3:59pm,41,41,16,4:00pm-4:59pm,9,9,17,5:00pm-5:59pm,14,14,,,,,,,1,
2021,29,290059,Missouri,1,1,0,0,0,1,1,186,STE GENEVIEVE (186),0,NOT APPLICABLE,2,2,2,February,2021,3,Tuesday,9,9:00am-9:59am,40,40,1,This section IS ON the NHS,1,Rural,1,Interstate,1,State Highway Agency,1,Interstate,I-55,,150,150,37.97043056,37.97043056,-90.187350000,-90.187350000,0,No Special Jurisdiction,1,Rollover/Overturn,0,The First Harmful Event was Not a Collision with a Motor Vehicle in Transport,0,No,1,Non-Junction,1,Not an Intersection,0,None,,,3,On Median,1,Daylight,,,,,1,Clear,0,No,0000000,Not Applicable,9,9:00am-9:59am,37,37,9,9:00am-9:59am,43,43,10,10:00am-10:59am,6,6,,,,,,,1,
2021,29,290060,Missouri,1,1,0,0,0,1,1,77,GREENE (77),0,NOT APPLICABLE,4,4,2,February,2021,5,Thursday,18,6:00pm-6:59pm,55,55,0,This section IS NOT on the NHS,1,Rural,5,Major Collector,1,State Highway Agency,3,State Highway,SR-CC,,60,60,37.39344167,37.39344167,-93.250666670,-93.250666670,0,No Special Jurisdiction,34,Ditch,0,The First Harmful Event was Not a Collision with a Motor Vehicle in Transport,0,No,1,Non-Junction,1,Not an Intersection,0,None,,,4,On Roadside,2,Dark - Not Lighted,,,,,1,Clear,0,No,0000000,Not Applicable,99,Unknown,98,Unknown if Notified,99,Unknown EMS Scene Arrival Hour,98,Unknown if Arrived,88,"Not Applicable (Not Transported) ",88,Not Applicable (Not Transported),,,,,,,1,
2021,29,290061,Missouri,1,1,0,0,0,1,1,47,CLAY (47),4120,KANSAS CITY,4,4,2,February,2021,5,Thursday,1,1:00am-1:59am,3,3,1,This section IS ON the NHS,2,Urban,2,Principal Arterial - Other Freeways and Expressways,1,State Highway Agency,2,U.S. Highway,US-169,,50,50,39.17769167,39.17769167,-94.594358330,-94.594358330,0,No Special Jurisdiction,35,Embankment,0,The First Harmful Event was Not a Collision with a Motor Vehicle in Transport,1,Yes,19,Other location within Interchange Area,1,Not an Intersection,0,None,,,10,Separator,2,Dark - Not Lighted,,,,,1,Clear,0,No,0000000,Not Applicable,99,Unknown,98,Unknown if Notified,99,Unknown EMS Scene Arrival Hour,98,Unknown if Arrived,88,"Not Applicable (Not Transported) ",88,Not Applicable (Not Transported),,,,,,,1,
2021,29,290062,Missouri,3,3,0,0,0,3,3,109,LAWRENCE (109),420,AURORA,4,4,2,February,2021,5,Thursday,13,1:00pm-1:59pm,22,22,1,This section IS ON the NHS,2,Urban,3,Principal Arterial - Other,1,State Highway Agency,2,U.S. Highway,US-60,,100,100,36.96850278,36.96850278,-93.677916670,-93.677916670,0,No Special Jurisdiction,23,Bridge Rail (Includes parapet),0,The First Harmful Event was Not a Collision with a Motor Vehicle in Transport,0,No,1,Non-Junction,1,Not an Intersection,0,None,,,4,On Roadside,1,Daylight,,,,,10,Cloudy,0,No,0000000,Not Applicable,13,1:00pm-1:59pm,24,24,13,1:00pm-1:59pm,46,46,14,2:00pm-2:59pm,53,53,,,,,,,1,
2021,29,290063,Missouri,3,3,0,0,0,7,7,79,GRUNDY (79),0,NOT APPLICABLE,4,4,2,February,2021,5,Thursday,9,9:00am-9:59am,50,50,1,This section IS ON the NHS,1,Rural,3,Principal Arterial - Other,1,State Highway Agency,3,State Highway,SR-6,,0,None,40.01302778,40.01302778,-93.760416670,-93.760416670,0,No Special Jurisdiction,12,Motor Vehicle In-Transport,8,Sideswipe - Opposite Direction,0,No,1,Non-Junction,1,Not an Intersection,0,None,,,1,On Roadway,1,Daylight,,,,,4,Snow,0,No,0000000,Not Applicable,9,9:00am-9:59am,45,45,10,10:00am-10:59am,3,3,11,11:00am-11:59am,32,32,,,,,,,1,
2021,29,290064,Missouri,1,1,0,0,0,1,1,143,NEW MADRID (143),0,NOT APPLICABLE,4,4,2,February,2021,5,Thursday,6,6:00am-6:59am,0,0,0,This section IS NOT on the NHS,1,Rural,7,Local,2,County Highway Agency,4,County Road,CR-725,,10,10,36.66157778,36.66157778,-89.519916670,-89.519916670,0,No Special Jurisdiction,34,Ditch,0,The First Harmful Event was Not a Collision with a Motor Vehicle in Transport,0,No,1,Non-Junction,1,Not an Intersection,0,None,,,4,On Roadside,2,Dark - Not Lighted,,,,,1,Clear,0,No,0000000,Not Applicable,99,Unknown,98,Unknown if Notified,99,Unknown EMS Scene Arrival Hour,98,Unknown if Arrived,88,"Not Applicable (Not Transported) ",88,Not Applicable (Not Transported),,,,,,,1,
2021,29,290065,Missouri,1,1,0,0,0,1,1,55,CRAWFORD (55),2040,CUBA,6,6,2,February,2021,7,Saturday,18,6:00pm-6:59pm,19,19,1,This section IS ON the NHS,1,Rural,1,Interstate,1,State Highway Agency,1,Interstate,I-44,,50,50,38.05655556,38.05655556,-91.441888890,-91.441888890,0,No Special Jurisdiction,58,Ground,0,The First Harmful Event was Not a Collision with a Motor Vehicle in Transport,0,No,1,Non-Junction,1,Not an Intersection,0,None,,,4,On Roadside,2,Dark - Not Lighted,,,,,4,Snow,0,No,0000000,Not Applicable,18,6:00pm-6:59pm,18,18,18,6:00pm-6:59pm,32,32,88,"Not Applicable (Not Transported) ",88,Not Applicable (Not Transported),,,,,,,1,
2021,29,290067,Missouri,1,1,0,0,0,2,2,189,ST LOUIS (189),0,NOT APPLICABLE,7,7,2,February,2021,1,Sunday,21,9:00pm-9:59pm,16,16,1,This section IS ON the NHS,2,Urban,3,Principal Arterial - Other,1,State Highway Agency,2,U.S. Highway,US-61,,300,300,38.47256667,38.47256667,-90.355380560,-90.355380560,0,No Special Jurisdiction,42,Tree (Standing Only),0,The First Harmful Event was Not a Collision with a Motor Vehicle in Transport,0,No,1,Non-Junction,1,Not an Intersection,0,None,,,4,On Roadside,2,Dark - Not Lighted,,,,,10,Cloudy,0,No,0000000,Not Applicable,21,9:00pm-9:59pm,19,19,21,9:00pm-9:59pm,26,26,88,"Not Applicable (Not Transported) ",88,Not Applicable (Not Transported),,,,,,,2,
2021,29,290068,Missouri,1,1,0,0,0,3,3,29,CAMDEN (29),5956,OSAGE BEACH,8,8,2,February,2021,2,Monday,12,12:00pm-12:59pm,40,40,1,This section IS ON the NHS,1,Rural,2,Principal Arterial - Other Freeways and Expressways,1,State Highway Agency,2,U.S. Highway,US-54,,30,30,38.13977778,38.13977778,-92.630469440,-92.630469440,0,No Special Jurisdiction,58,Ground,0,The First Harmful Event was Not a Collision with a Motor Vehicle in Transport,1,Yes,19,Other location within Interchange Area,1,Not an Intersection,0,None,,,4,On Roadside,1,Daylight,,,,,2,Rain,0,No,0000000,Not Applicable,12,12:00pm-12:59pm,45,45,12,12:00pm-12:59pm,57,57,13,1:00pm-1:59pm,40,40,,,,,,,1,
2021,29,290069,Missouri,2,2,0,0,0,2,2,167,POLK (167),0,NOT APPLICABLE,8,8,2,February,2021,2,Monday,16,4:00pm-4:59pm,0,0,1,This section IS ON the NHS,1,Rural,2,Principal Arterial - Other Freeways and Expressways,1,State Highway Agency,3,State Highway,SR-13,,40,40,37.48116667,37.48116667,-93.353638890,-93.353638890,0,No Special Jurisdiction,1,Rollover/Overturn,0,The First Harmful Event was Not a Collision with a Motor Vehicle in Transport,0,No,1,Non-Junction,1,Not an Intersection,0,None,,,3,On Median,1,Daylight,,,,,5,"Fog, Smog, Smoke",0,No,0000000,Not Applicable,99,Unknown,98,Unknown if Notified,99,Unknown EMS Scene Arrival Hour,98,Unknown if Arrived,88,"Not Applicable (Not Transported) ",88,Not Applicable (Not Transported),,,,,,,1,
2021,29,290070,Missouri,4,4,0,0,0,5,5,189,ST LOUIS (189),2770,FLORDELL HILLS,13,13,1,January,2021,4,Wednesday,11,11:00am-11:59am,30,30,0,This section IS NOT on the NHS,2,Urban,4,Minor Arterial,4,City or Municipal Highway Agency,6,Local Street - Municipality,JENNINGS STATION RD,,20,20,38.71523056,38.71523056,-90.263077780,-90.263077780,0,No Special Jurisdiction,12,Motor Vehicle In-Transport,1,Front-to-Rear,0,No,1,Non-Junction,1,Not an Intersection,0,None,,,1,On Roadway,1,Daylight,,,,,1,Clear,0,No,0000000,Not Applicable,11,11:00am-11:59am,34,34,11,11:00am-11:59am,47,47,12,12:00pm-12:59pm,29,29,,,,,,,1,
2021,29,290071,Missouri,2,2,0,0,0,3,3,141,MORGAN (141),0,NOT APPLICABLE,25,25,1,January,2021,2,Monday,16,4:00pm-4:59pm,10,10,1,This section IS ON the NHS,1,Rural,3,Principal Arterial - Other,1,State Highway Agency,3,State Highway,SR-5,,160,160,38.38136111,38.38136111,-92.852627780,-92.852627780,0,No Special Jurisdiction,12,Motor Vehicle In-Transport,2,Front-to-Front,0,No,1,Non-Junction,1,Not an Intersection,0,None,,,2,On Shoulder,1,Daylight,,,,,2,Rain,0,No,0000000,Not Applicable,16,4:00pm-4:59pm,13,13,16,4:00pm-4:59pm,18,18,17,5:00pm-5:59pm,38,38,,,,,,,1,
2021,29,290072,Missouri,3,3,0,0,0,3,3,189,ST LOUIS (189),553,BELLEFONTAINE NEIGHBOR,27,27,1,January,2021,4,Wednesday,20,8:00pm-8:59pm,45,45,1,This section IS ON the NHS,2,Urban,3,Principal Arterial - Other,1,State Highway Agency,3,State Highway,SR-367,,50,50,38.75561111,38.75561111,-90.238763890,-90.238763890,0,No Special Jurisdiction,12,Motor Vehicle In-Transport,8,Sideswipe - Opposite Direction,0,No,1,Non-Junction,1,Not an Intersection,0,None,,,1,On Roadway,2,Dark - Not Lighted,,,,,10,Cloudy,0,No,0000000,Not Applicable,21,9:00pm-9:59pm,2,2,21,9:00pm-9:59pm,7,7,21,9:00pm-9:59pm,49,49,,,,,,,1,
2021,29,290073,Missouri,2,2,0,0,0,3,3,99,JEFFERSON (99),0,NOT APPLICABLE,8,8,2,February,2021,2,Monday,19,7:00pm-7:59pm,16,16,0,This section IS NOT on the NHS,1,Rural,4,Minor Arterial,1,State Highway Agency,3,State Highway,SR-A,,20,20,38.25019444,38.25019444,-90.533383330,-90.533383330,0,No Special Jurisdiction,12,Motor Vehicle In-Transport,6,Angle,0,No,1,Non-Junction,1,Not an Intersection,0,None,,,1,On Roadway,2,Dark - Not Lighted,,,,,4,Snow,0,No,0000000,Not Applicable,19,7:00pm-7:59pm,24,24,19,7:00pm-7:59pm,36,36,20,8:00pm-8:59pm,33,33,,,,,,,1,
2021,29,290074,Missouri,1,1,0,1,1,1,1,510,ST. LOUIS (CITY) (510),7080,ST. LOUIS,29,29,1,January,2021,6,Friday,16,4:00pm-4:59pm,9,9,0,This section IS NOT on the NHS,2,Urban,3,Principal Arterial - Other,4,City or Municipal Highway Agency,6,Local Street - Municipality,BROADWAY ST,KEOKUK ST,20,20,38.58424722,38.58424722,-90.227430560,-90.227430560,0,No Special Jurisdiction,8,Pedestrian,0,The First Harmful Event was Not a Collision with a Motor Vehicle in Transport,0,No,3,Intersection-Related,2,Four-Way Intersection,0,None,,,1,On Roadway,1,Daylight,,,,,1,Clear,0,No,0000000,Not Applicable,16,4:00pm-4:59pm,9,9,16,4:00pm-4:59pm,17,17,16,4:00pm-4:59pm,33,33,,,,,,,1,
2021,29,290075,Missouri,2,2,0,0,0,3,3,225,WEBSTER (225),0,NOT APPLICABLE,11,11,2,February,2021,5,Thursday,12,12:00pm-12:59pm,50,50,0,This section IS NOT on the NHS,1,Rural,7,Local,2,County Highway Agency,4,County Road,CR-TRACKS RD,,30,30,37.35213889,37.35213889,-92.851219440,-92.851219440,0,No Special Jurisdiction,12,Motor Vehicle In-Transport,2,Front-to-Front,0,No,1,Non-Junction,1,Not an Intersection,0,None,,,1,On Roadway,1,Daylight,,,,,4,Snow,0,No,0000000,Not Applicable,12,12:00pm-12:59pm,53,53,13,1:00pm-1:59pm,35,35,14,2:00pm-2:59pm,26,26,,,,,,,1,
2021,29,290076,Missouri,1,1,0,0,0,1,1,203,SHANNON (203),0,NOT APPLICABLE,13,13,2,February,2021,7,Saturday,1,1:00am-1:59am,0,0,0,This section IS NOT on the NHS,1,Rural,5,Major Collector,1,State Highway Agency,3,State Highway,SR-K,,40,40,37.37580556,37.37580556,-91.552441670,-91.552441670,0,No Special Jurisdiction,42,Tree (Standing Only),0,The First Harmful Event was Not a Collision with a Motor Vehicle in Transport,0,No,1,Non-Junction,1,Not an Intersection,0,None,,,4,On Roadside,2,Dark - Not Lighted,,,,,4,Snow,0,No,0000000,Not Applicable,99,Unknown,98,Unknown if Notified,99,Unknown EMS Scene Arrival Hour,98,Unknown if Arrived,88,"Not Applicable (Not Transported) ",88,Not Applicable (Not Transported),,,,,,,1,
2021,29,290077,Missouri,1,1,0,0,0,3,3,149,OREGON (149),0,NOT APPLICABLE,14,14,2,February,2021,1,Sunday,15,3:00pm-3:59pm,55,55,0,This section IS NOT on the NHS,1,Rural,5,Major Collector,1,State Highway Agency,3,State Highway,SR-M,,60,60,36.65921944,36.65921944,-91.631330560,-91.631330560,0,No Special Jurisdiction,1,Rollover/Overturn,0,The First Harmful Event was Not a Collision with a Motor Vehicle in Transport,0,No,1,Non-Junction,1,Not an Intersection,0,None,,,4,On Roadside,1,Daylight,,,,,4,Snow,0,No,0000000,Not Applicable,16,4:00pm-4:59pm,2,2,16,4:00pm-4:59pm,24,24,17,5:00pm-5:59pm,16,16,,,,,,,1,
2021,29,290078,Missouri,1,1,0,1,1,2,2,95,JACKSON (95),840,BLUE SPRINGS,14,14,2,February,2021,1,Sunday,0,0:00am-0:59am,42,42,1,This section IS ON the NHS,2,Urban,1,Interstate,1,State Highway Agency,1,Interstate,I-70,,90,90,39.03119167,39.03119167,-94.279191670,-94.279191670,0,No Special Jurisdiction,8,Pedestrian,0,The First Harmful Event was Not a Collision with a Motor Vehicle in Transport,0,No,1,Non-Junction,1,Not an Intersection,0,None,,,1,On Roadway,2,Dark - Not Lighted,,,,,10,Cloudy,0,No,0000000,Not Applicable,0,0:00am-0:59am,45,45,0,0:00am-0:59am,50,50,1,1:00am-1:59am,2,2,,,,,,,1,
2021,29,290079,Missouri,2,2,0,0,0,2,2,219,WARREN (219),0,NOT APPLICABLE,16,16,2,February,2021,3,Tuesday,20,8:00pm-8:59pm,0,0,0,This section IS NOT on the NHS,1,Rural,4,Minor Arterial,1,State Highway Agency,3,State Highway,SR-47,,110,110,38.77735833,38.77735833,-91.148777780,-91.148777780,0,No Special Jurisdiction,12,Motor Vehicle In-Transport,6,Angle,0,No,1,Non-Junction,1,Not an Intersection,0,None,,,1,On Roadway,2,Dark - Not Lighted,,,,,4,Snow,0,No,0000000,Not Applicable,19,7:00pm-7:59pm,57,57,20,8:00pm-8:59pm,8,8,20,8:00pm-8:59pm,51,51,,,,,,,1,
2021,29,290080,Missouri,3,3,0,0,0,5,5,37,CASS (37),6360,PLEASANT HILL,17,17,2,February,2021,4,Wednesday,17,5:00pm-5:59pm,40,40,0,This section IS NOT on the NHS,1,Rural,4,Minor Arterial,1,State Highway Agency,3,State Highway,SR-7,,0,None,38.82900000,38.82900000,-94.263830560,-94.263830560,0,No Special Jurisdiction,12,Motor Vehicle In-Transport,8,Sideswipe - Opposite Direction,0,No,1,Non-Junction,1,Not an Intersection,0,None,,,1,On Roadway,1,Daylight,,,,,4,Snow,0,No,0000000,Not Applicable,99,Unknown,98,Unknown if Notified,99,Unknown EMS Scene Arrival Hour,98,Unknown if Arrived,88,"Not Applicable (Not Transported) ",88,Not Applicable (Not Transported),,,,,,,2,
2021,29,290081,Missouri,1,1,0,0,0,1,1,41,CHARITON (41),0,NOT APPLICABLE,17,17,2,February,2021,4,Wednesday,9,9:00am-9:59am,18,18,0,This section IS NOT on the NHS,1,Rural,7,Local,2,County Highway Agency,4,County Road,CR-CAL HUBBARD AVE,,0,None,39.40835833,39.40835833,-92.871638890,-92.871638890,0,No Special Jurisdiction,10,Railway Vehicle,0,The First Harmful Event was Not a Collision with a Motor Vehicle in Transport,0,No,6,"Railway Grade Crossing ",1,Not an Intersection,0,None,,,1,On Roadway,1,Daylight,,,,,4,Snow,0,No,483753N,483753N,9,9:00am-9:59am,20,20,9,9:00am-9:59am,36,36,10,10:00am-10:59am,53,53,,,,,,,1,
2021,29,290082,Missouri,2,2,0,0,0,2,2,113,LINCOLN (113),5890,OLD MONROE,18,18,2,February,2021,5,Thursday,7,7:00am-7:59am,22,22,0,This section IS NOT on the NHS,1,Rural,4,Minor Arterial,1,State Highway Agency,3,State Highway,SR-79,,220,220,38.92752778,38.92752778,-90.755055560,-90.755055560,0,No Special Jurisdiction,12,Motor Vehicle In-Transport,6,Angle,0,No,1,Non-Junction,1,Not an Intersection,0,None,,,1,On Roadway,1,Daylight,,,,,10,Cloudy,0,No,0000000,Not Applicable,7,7:00am-7:59am,28,28,7,7:00am-7:59am,45,45,99,Unknown,99,Unknown EMS Hospital Arrival Time,,,,,,,1,
2021,29,290083,Missouri,2,2,0,0,0,3,3,7,AUDRAIN (7),5170,MEXICO,22,22,2,February,2021,2,Monday,13,1:00pm-1:59pm,20,20,1,This section IS ON the NHS,2,Urban,3,Principal Arterial - Other,1,State Highway Agency,2,U.S. Highway,US-54,,70,70,39.14769167,39.14769167,-91.844044440,-91.844044440,0,No Special Jurisdiction,12,Motor Vehicle In-Transport,2,Front-to-Front,0,No,1,Non-Junction,1,Not an Intersection,0,None,,,1,On Roadway,1,Daylight,,,,,1,Clear,0,No,0000000,Not Applicable,99,Unknown,98,Unknown if Notified,99,Unknown EMS Scene Arrival Hour,98,Unknown if Arrived,88,"Not Applicable (Not Transported) ",88,Not Applicable (Not Transported),,,,,,,3,
2021,29,290084,Missouri,1,1,0,1,1,1,1,213,TANEY (213),2845,FORSYTH,23,23,2,February,2021,3,Tuesday,17,5:00pm-5:59pm,15,15,0,This section IS NOT on the NHS,2,Urban,4,Minor Arterial,1,State Highway Agency,2,U.S. Highway,US-160,,170,170,36.68406667,36.68406667,-93.106261110,-93.106261110,0,No Special Jurisdiction,8,Pedestrian,0,The First Harmful Event was Not a Collision with a Motor Vehicle in Transport,0,No,1,Non-Junction,1,Not an Intersection,0,None,,,1,On Roadway,1,Daylight,,,,,1,Clear,0,No,0000000,Not Applicable,17,5:00pm-5:59pm,25,25,17,5:00pm-5:59pm,29,29,18,6:00pm-6:59pm,26,26,,,,,,,1,
2021,29,290085,Missouri,1,1,0,0,0,1,1,213,TANEY (213),0,NOT APPLICABLE,23,23,2,February,2021,3,Tuesday,1,1:00am-1:59am,11,11,0,This section IS NOT on the NHS,1,Rural,5,Major Collector,1,State Highway Agency,3,State Highway,SR-165,,70,70,36.57733056,36.57733056,-93.292527780,-93.292527780,0,No Special Jurisdiction,42,Tree (Standing Only),0,The First Harmful Event was Not a Collision with a Motor Vehicle in Transport,0,No,1,Non-Junction,1,Not an Intersection,0,None,,,4,On Roadside,2,Dark - Not Lighted,,,,,1,Clear,0,No,0000000,Not Applicable,99,Unknown,98,Unknown if Notified,99,Unknown EMS Scene Arrival Hour,98,Unknown if Arrived,88,"Not Applicable (Not Transported) ",88,Not Applicable (Not Transported),,,,,,,1,
2021,29,290086,Missouri,2,2,0,0,0,2,2,215,TEXAS (215),0,NOT APPLICABLE,4,4,2,February,2021,5,Thursday,13,1:00pm-1:59pm,0,0,1,This section IS ON the NHS,1,Rural,3,Principal Arterial - Other,1,State Highway Agency,2,U.S. Highway,US-63,,260,260,37.25764444,37.25764444,-91.999191670,-91.999191670,0,No Special Jurisdiction,12,Motor Vehicle In-Transport,6,Angle,0,No,1,Non-Junction,1,Not an Intersection,0,None,,,1,On Roadway,1,Daylight,,,,,2,Rain,0,No,0000000,Not Applicable,13,1:00pm-1:59pm,10,10,13,1:00pm-1:59pm,17,17,13,1:00pm-1:59pm,34,34,,,,,,,1,
2021,29,290087,Missouri,2,2,0,0,0,2,2,229,WRIGHT (229),0,NOT APPLICABLE,20,20,2,February,2021,7,Saturday,12,12:00pm-12:59pm,28,28,0,This section IS NOT on the NHS,1,Rural,5,Major Collector,1,State Highway Agency,3,State Highway,SR-95,,130,130,37.32760556,37.32760556,-92.322202780,-92.322202780,0,No Special Jurisdiction,12,Motor Vehicle In-Transport,2,Front-to-Front,0,No,1,Non-Junction,1,Not an Intersection,0,None,,,1,On Roadway,1,Daylight,,,,,1,Clear,0,No,0000000,Not Applicable,12,12:00pm-12:59pm,32,32,13,1:00pm-1:59pm,4,4,13,1:00pm-1:59pm,40,40,,,,,,,1,
2021,29,290088,Missouri,3,2,1,0,1,3,4,510,ST. LOUIS (CITY) (510),7080,ST. LOUIS,21,21,2,February,2021,1,Sunday,3,3:00am-3:59am,50,50,0,This section IS NOT on the NHS,2,Urban,4,Minor Arterial,4,City or Municipal Highway Agency,6,Local Street - Municipality,DR MARTIN LUTHER KING DR,GOODFELLOW BLVD,0,None,38.67208056,38.67208056,-90.279386110,-90.279386110,0,No Special Jurisdiction,12,Motor Vehicle In-Transport,7,Sideswipe - Same Direction,0,No,2,Intersection,2,Four-Way Intersection,0,None,,,1,On Roadway,3,Dark - Lighted,,,,,98,Not Reported,0,No,0000000,Not Applicable,3,3:00am-3:59am,53,53,3,3:00am-3:59am,57,57,4,4:00am-4:59am,16,16,,,,,,,1,
2021,29,290089,Missouri,1,1,0,0,0,2,2,77,GREENE (77),0,NOT APPLICABLE,23,23,2,February,2021,3,Tuesday,20,8:00pm-8:59pm,5,5,0,This section IS NOT on the NHS,1,Rural,7,Local,26,Private (other than Railroad),8,Other,PVT PRIVATE RD,SR-D,0,None,37.18133056,37.18133056,-93.159388890,-93.159388890,0,No Special Jurisdiction,42,Tree (Standing Only),0,The First Harmful Event was Not a Collision with a Motor Vehicle in Transport,0,No,3,Intersection-Related,3,T-Intersection,0,None,,,4,On Roadside,3,Dark - Lighted,,,,,10,Cloudy,0,No,0000000,Not Applicable,20,8:00pm-8:59pm,9,9,20,8:00pm-8:59pm,20,20,21,9:00pm-9:59pm,5,5,,,,,,,1,
2021,29,290090,Missouri,1,1,0,0,0,1,1,189,ST LOUIS (189),650,BERKELEY,23,23,2,February,2021,3,Tuesday,0,0:00am-0:59am,0,0,1,This section IS ON the NHS,2,Urban,1,Interstate,1,State Highway Agency,1,Interstate,I-70,,40,40,38.72799722,38.72799722,-90.328997220,-90.328997220,0,No Special Jurisdiction,1,Rollover/Overturn,0,The First Harmful Event was Not a Collision with a Motor Vehicle in Transport,1,Yes,18,Through Roadway,1,Not an Intersection,0,None,,,1,On Roadway,3,Dark - Lighted,,,,,1,Clear,0,No,0000000,Not Applicable,0,0:00am-0:59am,5,5,0,0:00am-0:59am,9,9,88,"Not Applicable (Not Transported) ",88,Not Applicable (Not Transported),,,,,,,1,
2021,29,290091,Missouri,2,2,0,0,0,2,2,97,JASPER (97),0,NOT APPLICABLE,25,25,2,February,2021,5,Thursday,17,5:00pm-5:59pm,38,38,0,This section IS NOT on the NHS,1,Rural,5,Major Collector,1,State Highway Agency,3,State Highway,SR-43,,120,120,37.18727778,37.18727778,-94.508875000,-94.508875000,0,No Special Jurisdiction,12,Motor Vehicle In-Transport,2,Front-to-Front,0,No,1,Non-Junction,1,Not an Intersection,0,None,,,1,On Roadway,1,Daylight,,,,,1,Clear,0,No,0000000,Not Applicable,17,5:00pm-5:59pm,38,38,17,5:00pm-5:59pm,44,44,18,6:00pm-6:59pm,22,22,,,,,,,1,
2021,29,290092,Missouri,3,3,0,0,0,3,3,21,BUCHANAN (21),7070,ST. JOSEPH,25,25,2,February,2021,5,Thursday,15,3:00pm-3:59pm,18,18,1,This section IS ON the NHS,2,Urban,3,Principal Arterial - Other,4,City or Municipal Highway Agency,6,Local Street - Municipality,BELT HWY,BECK RD,30,30,39.78608056,39.78608056,-94.804230560,-94.804230560,0,No Special Jurisdiction,33,Curb,0,The First Harmful Event was Not a Collision with a Motor Vehicle in Transport,0,No,3,Intersection-Related,2,Four-Way Intersection,0,None,,,4,On Roadside,1,Daylight,,,,,1,Clear,0,No,0000000,Not Applicable,15,3:00pm-3:59pm,21,21,15,3:00pm-3:59pm,25,25,15,3:00pm-3:59pm,46,46,,,,,,,1,
2021,29,290093,Missouri,1,1,0,1,1,1,1,95,JACKSON (95),4120,KANSAS CITY,25,25,2,February,2021,5,Thursday,20,8:00pm-8:59pm,2,2,1,This section IS ON the NHS,2,Urban,2,Principal Arterial - Other Freeways and Expressways,1,State Highway Agency,3,State Highway,SR-350,,20,20,39.00209722,39.00209722,-94.483994440,-94.483994440,0,No Special Jurisdiction,8,Pedestrian,0,The First Harmful Event was Not a Collision with a Motor Vehicle in Transport,0,No,1,Non-Junction,1,Not an Intersection,0,None,,,1,On Roadway,2,Dark - Not Lighted,,,,,1,Clear,0,No,0000000,Not Applicable,99,Unknown,99,Unknown,99,Unknown EMS Scene Arrival Hour,99,Unknown EMS Scene Arrival Minutes,88,"Not Applicable (Not Transported) ",88,Not Applicable (Not Transported),,,,,,,1,
2021,29,290094,Missouri,1,1,0,2,2,1,1,510,ST. LOUIS (CITY) (510),7080,ST. LOUIS,26,26,2,February,2021,6,Friday,23,11:00pm-11:59pm,51,51,0,This section IS NOT on the NHS,2,Urban,4,Minor Arterial,4,City or Municipal Highway Agency,6,Local Street - Municipality,ARSENAL ST,LEMP AVE,50,50,38.59707500,38.59707500,-90.217658330,-90.217658330,0,No Special Jurisdiction,8,Pedestrian,0,The First Harmful Event was Not a Collision with a Motor Vehicle in Transport,0,No,2,Intersection,2,Four-Way Intersection,0,None,,,1,On Roadway,3,Dark - Lighted,,,,,1,Clear,0,No,0000000,Not Applicable,99,Unknown,99,Unknown,99,Unknown EMS Scene Arrival Hour,99,Unknown EMS Scene Arrival Minutes,99,Unknown,99,Unknown EMS Hospital Arrival Time,,,,,,,1,
2021,29,290095,Missouri,3,3,0,0,0,5,5,99,JEFFERSON (99),0,NOT APPLICABLE,26,26,2,February,2021,6,Friday,19,7:00pm-7:59pm,27,27,0,This section IS NOT on the NHS,1,Rural,3,Principal Arterial - Other,1,State Highway Agency,3,State Highway,SR-30,,50,50,38.32974722,38.32974722,-90.696830560,-90.696830560,0,No Special Jurisdiction,12,Motor Vehicle In-Transport,8,Sideswipe - Opposite Direction,0,No,1,Non-Junction,1,Not an Intersection,0,None,,,1,On Roadway,2,Dark - Not Lighted,,,,,2,Rain,0,No,0000000,Not Applicable,19,7:00pm-7:59pm,29,29,19,7:00pm-7:59pm,36,36,20,8:00pm-8:59pm,20,20,,,,,,,1,