caseyear,state,st_case,statename,ve_total,ve_forms,pvh_invl,peds,pernotmvit,permvit,persons,county,countyname,city,cityname,day,dayname,month,monthname,year,day_week,day_weekname,hour,hourname,minute,minutename,nhs,nhsname,rur_urb,rur_urbname,func_sys,func_sysname,rd_owner,rd_ownername,route,routename,tway_id,tway_id2,milept,mileptname,latitude,latitudename,longitud,longitudname,sp_jur,sp_jurname,harm_ev,harm_evname,man_coll,man_collname,reljct1,reljct1name,reljct2,reljct2name,typ_int,typ_intname,wrk_zone,wrk_zonename,road_fnc,road_fncname,rel_road,rel_roadname,lgt_cond,lgt_condname,weather1,weather1name,weather2,weather2name,weather,weathername,sch_bus,sch_busname,rail,railname,not_hour,not_hourname,not_min,not_minname,arr_hour,arr_hourname,arr_min,arr_minname,hosp_hr,hosp_hrname,hosp_mn,hosp_mnname,cf1,cf1name,cf2,cf2name,cf3,cf3name,fatals,drunk_dr
2021,29,290096,Missouri,1,1,0,0,0,4,4,105,LACLEDE (105),0,NOT APPLICABLE,21,21,2,February,2021,1,Sunday,2,2:00am-2:59am,48,48,1,This section IS ON the NHS,1,Rural,1,Interstate,1,State Highway Agency,1,Interstate,I-44,,110,110,37.73969167,37.73969167,-92.590969440,-92.590969440,0,No Special Jurisdiction,1,Rollover/Overturn,0,The First Harmful Event was Not a Collision with a Motor Vehicle in Transport,0,No,1,Non-Junction,1,Not an Intersection,0,None,,,4,On Roadside,2,Dark - Not Lighted,,,,,10,Cloudy,0,No,0000000,Not Applicable,2,2:00am-2:59am,56,56,3,3:00am-3:59am,26,26,4,4:00am-4:59am,19,19,,,,,,,1,
2021,29,290097,Missouri,1,1,0,0,0,2,2,77,GREENE (77),7460,SPRINGFIELD,27,27,2,February,2021,7,Saturday,2,2:00am-2:59am,0,0,0,This section IS NOT on the NHS,6,Trafficway Not in State Inventory,96,Trafficway Not in State Inventory,96,Trafficway Not in State Inventory,8,Other,PP 4025 S HILLCREST AVE,,99998,Not Reported,37.14152500,37.14152500,-93.339855560,-93.339855560,0,No Special Jurisdiction,5,Fell/Jumped from Vehicle,0,The First Harmful Event was Not a Collision with a Motor Vehicle in Transport,0,No,1,Non-Junction,1,Not an Intersection,0,None,,,1,On Roadway,3,Dark - Lighted,,,,,1,Clear,0,No,0000000,Not Applicable,2,2:00am-2:59am,1,1,2,2:00am-2:59am,10,10,2,2:00am-2:59am,34,34,,,,,,,1,
2021,29,290098,Missouri,1,1,0,0,0,2,2,123,MADISON (123),0,NOT APPLICABLE,27,27,2,February,2021,7,Saturday,23,11:00pm-11:59pm,38,38,1,This section IS ON the NHS,1,Rural,2,Principal Arterial - Other Freeways and Expressways,1,State Highway Agency,2,U.S. Highway,US-67,,220,220,37.35083056,37.35083056,-90.375916670,-90.375916670,0,No Special Jurisdiction,34,Ditch,0,The First Harmful Event was Not a Collision with a Motor Vehicle in Transport,0,No,1,Non-Junction,1,Not an Intersection,0,None,,,4,On Roadside,2,Dark - Not Lighted,,,,,2,Rain,0,No,0000000,Not Applicable,23,11:00pm-11:59pm,49,49,0,0:00am-0:59am,9,9,88,"Not Applicable (Not Transported) ",88,Not Applicable (Not Transported),,,,,,,1,
2021,29,290099,Missouri,1,1,0,1,1,1,1,95,JACKSON (95),4120,KANSAS CITY,27,27,2,February,2021,7,Saturday,0,0:00am-0:59am,17,17,1,This section IS ON the NHS,2,Urban,3,Principal Arterial - Other,1,State Highway Agency,2,U.S. Highway,US-71,E GREGORY BLVD,110,110,38.99798889,38.99798889,-94.554861110,-94.554861110,0,No Special Jurisdiction,8,Pedestrian,0,The First Harmful Event was Not a Collision with a Motor Vehicle in Transport,0,No,2,Intersection,2,Four-Way Intersection,0,None,,,1,On Roadway,3,Dark - Lighted,,,,,1,Clear,0,No,0000000,Not Applicable,0,0:00am-0:59am,19,19,0,0:00am-0:59am,28,28,88,"Not Applicable (Not Transported) ",88,Not Applicable (Not Transported),,,,,,,1,
2021,29,290100,Missouri,1,1,0,0,0,1,1,95,JACKSON (95),4120,KANSAS CITY,28,28,2,February,2021,1,Sunday,3,3:00am-3:59am,40,40,1,This section IS ON the NHS,2,Urban,3,Principal Arterial - Other,4,City or Municipal Highway Agency,6,Local Street - Municipality,BANNISTER RD,HILLCREST BLVD,60,60,38.95305556,38.95305556,-94.521777780,-94.521777780,0,No Special Jurisdiction,46,Traffic Signal Support,0,The First Harmful Event was Not a Collision with a Motor Vehicle in Transport,0,No,3,Intersection-Related,2,Four-Way Intersection,0,None,,,3,On Median,3,Dark - Lighted,,,,,5,"Fog, Smog, Smoke",0,No,0000000,Not Applicable,3,3:00am-3:59am,42,42,3,3:00am-3:59am,46,46,3,3:00am-3:59am,59,59,,,,,,,1,
2021,29,290101,Missouri,1,1,0,0,0,1,1,15,BENTON (15),0,NOT APPLICABLE,28,28,2,February,2021,1,Sunday,21,9:00pm-9:59pm,2,2,0,This section IS NOT on the NHS,1,Rural,4,Minor Arterial,1,State Highway Agency,3,State Highway,SR-52,,160,160,38.44023889,38.44023889,-93.094708330,-93.094708330,0,No Special Jurisdiction,42,Tree (Standing Only),0,The First Harmful Event was Not a Collision with a Motor Vehicle in Transport,0,No,1,Non-Junction,1,Not an Intersection,0,None,,,4,On Roadside,2,Dark - Not Lighted,,,,,1,Clear,0,No,0000000,Not Applicable,99,Unknown,98,Unknown if Notified,99,Unknown EMS Scene Arrival Hour,98,Unknown if Arrived,88,"Not Applicable (Not Transported) ",88,Not Applicable (Not Transported),,,,,,,1,
2021,29,290102,Missouri,1,1,0,1,1,2,2,77,GREENE (77),7460,SPRINGFIELD,19,19,2,February,2021,6,Friday,20,8:00pm-8:59pm,10,10,0,This section IS NOT on the NHS,2,Urban,4,Minor Arterial,4,City or Municipal Highway Agency,6,Local Street - Municipality,NATIONAL AVE,,20,20,37.23775556,37.23775556,-93.274916670,-93.274916670,0,No Special Jurisdiction,9,Pedalcyclist,0,The First Harmful Event was Not a Collision with a Motor Vehicle in Transport,0,No,1,Non-Junction,1,Not an Intersection,0,None,,,1,On Roadway,3,Dark - Lighted,,,,,1,Clear,0,No,0000000,Not Applicable,99,Unknown,99,Unknown,99,Unknown EMS Scene Arrival Hour,99,Unknown EMS Scene Arrival Minutes,99,Unknown,99,Unknown EMS Hospital Arrival Time,,,,,,,1,
2021,29,290104,Missouri,2,2,0,0,0,3,3,209,STONE (209),0,NOT APPLICABLE,22,22,2,February,2021,2,Monday,15,3:00pm-3:59pm,30,30,0,This section IS NOT on the NHS,1,Rural,5,Major Collector,1,State Highway Agency,3,State Highway,SR-13,SR-248,40,40,36.76735833,36.76735833,-93.349916670,-93.349916670,0,No Special Jurisdiction,12,Motor Vehicle In-Transport,6,Angle,0,No,2,Intersection,2,Four-Way Intersection,0,None,,,1,On Roadway,1,Daylight,,,,,1,Clear,0,No,0000000,Not Applicable,15,3:00pm-3:59pm,30,30,15,3:00pm-3:59pm,45,45,88,"Not Applicable (Not Transported) ",88,Not Applicable (Not Transported),,,,,,,2,
2021,29,290105,Missouri,2,2,0,0,0,3,3,195,SALINE (195),0,NOT APPLICABLE,1,1,3,March,2021,2,Monday,20,8:00pm-8:59pm,39,39,0,This section IS NOT on the NHS,1,Rural,7,Local,2,County Highway Agency,4,County Road,CR-125TH,,60,60,38.97475000,38.97475000,-93.379611110,-93.379611110,0,No Special Jurisdiction,12,Motor Vehicle In-Transport,2,Front-to-Front,0,No,1,Non-Junction,1,Not an Intersection,0,None,,,1,On Roadway,2,Dark - Not Lighted,,,,,1,Clear,0,No,0000000,Not Applicable,99,Unknown,98,Unknown if Notified,99,Unknown EMS Scene Arrival Hour,98,Unknown if Arrived,88,"Not Applicable (Not Transported) ",88,Not Applicable (Not Transported),,,,,,,1,
2021,29,290106,Missouri,1,1,0,1,1,2,2,77,GREENE (77),7460,SPRINGFIELD,2,2,3,March,2021,3,Tuesday,10,10:00am-10:59am,38,38,0,This section IS NOT on the NHS,2,Urban,4,Minor Arterial,4,City or Municipal Highway Agency,6,Local Street - Municipality,FREMONT AVE,,30,30,37.16458056,37.16458056,-93.271630560,-93.271630560,0,No Special Jurisdiction,33,Curb,0,The First Harmful Event was Not a Collision with a Motor Vehicle in Transport,0,No,1,Non-Junction,1,Not an Intersection,0,None,,,4,On Roadside,1,Daylight,,,,,1,Clear,0,No,0000000,Not Applicable,10,10:00am-10:59am,40,40,11,11:00am-11:59am,9,9,11,11:00am-11:59am,35,35,,,,,,,1,
2021,29,290107,Missouri,3,3,0,0,0,3,3,183,ST. CHARLES (183),5880,O Fallon,4,4,3,March,2021,5,Thursday,11,11:00am-11:59am,40,40,1,This section IS ON the NHS,2,Urban,1,Interstate,1,State Highway Agency,1,Interstate,I-70,,130,130,38.80269722,38.80269722,-90.720452780,-90.720452780,0,No Special Jurisdiction,12,Motor Vehicle In-Transport,1,Front-to-Rear,0,No,1,Non-Junction,1,Not an Intersection,0,None,,,1,On Roadway,1,Daylight,,,,,1,Clear,0,No,0000000,Not Applicable,11,11:00am-11:59am,38,38,11,11:00am-11:59am,46,46,88,"Not Applicable (Not Transported) ",88,Not Applicable (Not Transported),,,,,,,1,
2021,29,290108,Missouri,2,2,0,0,0,2,2,167,POLK (167),0,NOT APPLICABLE,4,4,3,March,2021,5,Thursday,6,6:00am-6:59am,19,19,1,This section IS ON the NHS,1,Rural,2,Principal Arterial - Other Freeways and Expressways,1,State Highway Agency,3,State Highway,SR-13,,20,20,37.45450000,37.45450000,-93.354719440,-93.354719440,0,No Special Jurisdiction,12,Motor Vehicle In-Transport,1,Front-to-Rear,0,No,1,Non-Junction,1,Not an Intersection,0,None,,,2,On Shoulder,1,Daylight,,,,,1,Clear,0,No,0000000,Not Applicable,99,Unknown,98,Unknown if Notified,99,Unknown EMS Scene Arrival Hour,98,Unknown if Arrived,88,"Not Applicable (Not Transported) ",88,Not Applicable (Not Transported),,,,,,,1,
2021,29,290109,Missouri,1,1,0,1,1,1,1,109,LAWRENCE (109),0,NOT APPLICABLE,6,6,3,March,2021,7,Saturday,4,4:00am-4:59am,30,30,1,This section IS ON the NHS,1,Rural,1,Interstate,1,State Highway Agency,1,Interstate,I-44,,200,200,37.13966667,37.13966667,-93.721497220,-93.721497220,0,No Special Jurisdiction,8,Pedestrian,0,The First Harmful Event was Not a Collision with a Motor Vehicle in Transport,1,Yes,18,Through Roadway,1,Not an Intersection,0,None,,,1,On Roadway,3,Dark - Lighted,,,,,1,Clear,0,No,0000000,Not Applicable,99,Unknown,99,Unknown,99,Unknown EMS Scene Arrival Hour,99,Unknown EMS Scene Arrival Minutes,88,"Not Applicable (Not Transported) ",88,Not Applicable (Not Transported),,,,,,,1,
2021,29,290110,Missouri,2,2,0,0,0,2,2,95,JACKSON (95),4490,LEES SUMMIT,6,6,3,March,2021,7,Saturday,22,10:00pm-10:59pm,34,34,1,This section IS ON the NHS,2,Urban,2,Principal Arterial - Other Freeways and Expressways,1,State Highway Agency,2,U.S. Highway,US-50,,170,170,38.92526111,38.92526111,-94.403847220,-94.403847220,0,No Special Jurisdiction,12,Motor Vehicle In-Transport,2,Front-to-Front,0,No,1,Non-Junction,1,Not an Intersection,0,None,,,1,On Roadway,3,Dark - Lighted,,,,,1,Clear,0,No,0000000,Not Applicable,22,10:00pm-10:59pm,34,34,22,10:00pm-10:59pm,38,38,23,11:00pm-11:59pm,1,1,,,,,,,1,
2021,29,290111,Missouri,1,1,0,0,0,1,1,95,JACKSON (95),4120,KANSAS CITY,6,6,3,March,2021,7,Saturday,15,3:00pm-3:59pm,47,47,1,This section IS ON the NHS,2,Urban,3,Principal Arterial - Other,4,City or Municipal Highway Agency,6,Local Street - Municipality,EAST FRONT ST,,10,10,39.12570278,39.12570278,-94.553505560,-94.553505560,0,No Special Jurisdiction,38,Fence,0,The First Harmful Event was Not a Collision with a Motor Vehicle in Transport,0,No,1,Non-Junction,1,Not an Intersection,0,None,,,4,On Roadside,1,Daylight,,,,,1,Clear,0,No,0000000,Not Applicable,15,3:00pm-3:59pm,47,47,15,3:00pm-3:59pm,52,52,16,4:00pm-4:59pm,13,13,,,,,,,1,
2021,29,290112,Missouri,1,1,0,0,0,1,1,85,HICKORY (85),0,NOT APPLICABLE,6,6,3,March,2021,7,Saturday,10,10:00am-10:59am,25,25,0,This section IS NOT on the NHS,1,Rural,5,Major Collector,1,State Highway Agency,3,State Highway,SR-254,,70,70,37.90685833,37.90685833,-93.305691670,-93.305691670,0,No Special Jurisdiction,58,Ground,0,The First Harmful Event was Not a Collision with a Motor Vehicle in Transport,0,No,1,Non-Junction,1,Not an Intersection,0,None,,,4,On Roadside,1,Daylight,,,,,1,Clear,0,No,0000000,Not Applicable,10,10:00am-10:59am,28,28,11,11:00am-11:59am,7,7,11,11:00am-11:59am,47,47,,,,,,,1,
2021,29,290113,Missouri,2,2,0,0,0,2,2,175,RANDOLPH (175),3900,HUNTSVILLE,7,7,3,March,2021,1,Sunday,15,3:00pm-3:59pm,30,30,0,This section IS NOT on the NHS,1,Rural,5,Major Collector,1,State Highway Agency,3,State Highway,SR-JJ,,0,None,39.43553056,39.43553056,-92.532416670,-92.532416670,0,No Special Jurisdiction,1,Rollover/Overturn,0,The First Harmful Event was Not a Collision with a Motor Vehicle in Transport,0,No,8,Driveway Access Related,1,Not an Intersection,0,None,,,1,On Roadway,1,Daylight,,,,,1,Clear,0,No,0000000,Not Applicable,99,Unknown,98,Unknown if Notified,99,Unknown EMS Scene Arrival Hour,98,Unknown if Arrived,88,"Not Applicable (Not Transported) ",88,Not Applicable (Not Transported),,,,,,,1,
2021,29,290114,Missouri,2,2,0,0,0,3,3,39,CEDAR (39),0,NOT APPLICABLE,7,7,3,March,2021,1,Sunday,19,7:00pm-7:59pm,6,6,0,This section IS NOT on the NHS,1,Rural,4,Minor Arterial,1,State Highway Agency,3,State Highway,SR-32,,90,90,37.76691667,37.76691667,-93.966719440,-93.966719440,0,No Special Jurisdiction,12,Motor Vehicle In-Transport,6,Angle,0,No,4,Driveway Access,1,Not an Intersection,0,None,,,1,On Roadway,2,Dark - Not Lighted,,,,,1,Clear,0,No,0000000,Not Applicable,19,7:00pm-7:59pm,16,16,20,8:00pm-8:59pm,2,2,20,8:00pm-8:59pm,48,48,,,,,,,1,
2021,29,290115,Missouri,1,1,0,0,0,2,2,71,FRANKLIN (71),0,NOT APPLICABLE,8,8,3,March,2021,2,Monday,6,6:00am-6:59am,25,25,1,This section IS ON the NHS,1,Rural,1,Interstate,1,State Highway Agency,1,Interstate,I-44,,290,290,38.26634444,38.26634444,-91.111130560,-91.111130560,0,No Special Jurisdiction,1,Rollover/Overturn,0,The First Harmful Event was Not a Collision with a Motor Vehicle in Transport,0,No,1,Non-Junction,1,Not an Intersection,0,None,,,1,On Roadway,1,Daylight,,,,,1,Clear,0,No,0000000,Not Applicable,99,Unknown,99,Unknown,99,Unknown EMS Scene Arrival Hour,99,Unknown EMS Scene Arrival Minutes,99,Unknown,99,Unknown EMS Hospital Arrival Time,,,,,,,1,
2021,29,290116,Missouri,1,1,0,0,0,1,1,55,CRAWFORD (55),7630,SULLIVAN,8,8,3,March,2021,2,Monday,15,3:00pm-3:59pm,9,9,0,This section IS NOT on the NHS,2,Urban,5,Major Collector,1,State Highway Agency,6,Local Street - Municipality,NOR 44,,40,40,38.19877778,38.19877778,-91.181608330,-91.181608330,0,No Special Jurisdiction,1,Rollover/Overturn,0,The First Harmful Event was Not a Collision with a Motor Vehicle in Transport,0,No,1,Non-Junction,1,Not an Intersection,0,None,,,10,Separator,1,Daylight,,,,,1,Clear,0,No,0000000,Not Applicable,15,3:00pm-3:59pm,14,14,15,3:00pm-3:59pm,16,16,17,5:00pm-5:59pm,0,0,,,,,,,1,
2021,29,290117,Missouri,2,2,0,0,0,3,3,95,JACKSON (95),4120,KANSAS CITY,10,10,3,March,2021,4,Wednesday,23,11:00pm-11:59pm,53,53,1,This section IS ON the NHS,2,Urban,3,Principal Arterial - Other,4,City or Municipal Highway Agency,6,Local Street - Municipality,NOLAND,,50,50,38.97176389,38.97176389,-94.426319440,-94.426319440,0,No Special Jurisdiction,12,Motor Vehicle In-Transport,2,Front-to-Front,0,No,1,Non-Junction,1,Not an Intersection,0,None,,,1,On Roadway,2,Dark - Not Lighted,,,,,10,Cloudy,0,No,0000000,Not Applicable,23,11:00pm-11:59pm,54,54,0,0:00am-0:59am,5,5,0,0:00am-0:59am,25,25,,,,,,,1,
2021,29,290118,Missouri,3,3,0,0,0,5,5,189,ST LOUIS (189),6040,PAGEDALE,10,10,3,March,2021,4,Wednesday,9,9:00am-9:59am,22,22,1,This section IS ON the NHS,2,Urban,3,Principal Arterial - Other,1,State Highway Agency,3,State Highway,SR-D,,80,80,38.67475000,38.67475000,-90.309666670,-90.309666670,0,No Special Jurisdiction,12,Motor Vehicle In-Transport,8,Sideswipe - Opposite Direction,0,No,1,Non-Junction,1,Not an Intersection,0,None,,,1,On Roadway,1,Daylight,,,,,10,Cloudy,0,No,0000000,Not Applicable,9,9:00am-9:59am,24,24,9,9:00am-9:59am,27,27,9,9:00am-9:59am,57,57,,,,,,,1,
2021,29,290119,Missouri,1,1,0,0,0,1,1,49,CLINTON (49),1350,CAMERON,10,10,3,March,2021,4,Wednesday,8,8:00am-8:59am,51,51,0,This section IS NOT on the NHS,2,Urban,4,Minor Arterial,1,State Highway Agency,3,State Highway,SR-A,,10,10,39.73702778,39.73702778,-94.243691670,-94.243691670,0,No Special Jurisdiction,30,Utility Pole/Light Support,0,The First Harmful Event was Not a Collision with a Motor Vehicle in Transport,0,No,1,Non-Junction,1,Not an Intersection,0,None,,,4,On Roadside,1,Daylight,,,,,10,Cloudy,0,No,0000000,Not Applicable,8,8:00am-8:59am,53,53,8,8:00am-8:59am,57,57,9,9:00am-9:59am,48,48,,,,,,,1,
2021,29,290120,Missouri,1,1,0,0,0,1,1,31,CAPE GIRARDEAU (31),0,NOT APPLICABLE,12,12,3,March,2021,6,Friday,18,6:00pm-6:59pm,58,58,1,This section IS ON the NHS,2,Urban,1,Interstate,1,State Highway Agency,1,Interstate,I-55 RAMP,US-61,0,None,37.42839167,37.42839167,-89.640655560,-89.640655560,0,No Special Jurisdiction,46,Traffic Signal Support,0,The First Harmful Event was Not a Collision with a Motor Vehicle in Transport,1,Yes,3,Intersection-Related,2,Four-Way Intersection,0,None,,,12,Pedestrian Refuge Island or Traffic Island,3,Dark - Lighted,,,,,2,Rain,0,No,0000000,Not Applicable,19,7:00pm-7:59pm,6,6,19,7:00pm-7:59pm,19,19,19,7:00pm-7:59pm,50,50,,,,,,,1,
2021,29,290121,Missouri,1,1,0,0,0,1,1,201,SCOTT (201),0,NOT APPLICABLE,12,12,3,March,2021,6,Friday,12,12:00pm-12:59pm,8,8,1,This section IS ON the NHS,1,Rural,1,Interstate,1,State Highway Agency,1,Interstate,I-55,,200,200,36.95802778,36.95802778,-89.534416670,-89.534416670,0,No Special Jurisdiction,21,Bridge Pier or Support,0,The First Harmful Event was Not a Collision with a Motor Vehicle in Transport,0,No,1,Non-Junction,1,Not an Intersection,0,None,,,4,On Roadside,1,Daylight,,,,,10,Cloudy,0,No,0000000,Not Applicable,99,Unknown,98,Unknown if Notified,99,Unknown EMS Scene Arrival Hour,98,Unknown if Arrived,88,"Not Applicable (Not Transported) ",88,Not Applicable (Not Transported),,,,,,,1,
2021,29,290122,Missouri,1,1,0,1,1,1,1,165,PLATTE (165),8310,WESTON,13,13,3,March,2021,7,Saturday,19,7:00pm-7:59pm,12,12,0,This section IS NOT on the NHS,1,Rural,4,Minor Arterial,1,State Highway Agency,3,State Highway,SR-45,,110,110,39.42046667,39.42046667,-94.894377780,-94.894377780,0,No Special Jurisdiction,8,Pedestrian,0,The First Harmful Event was Not a Collision with a Motor Vehicle in Transport,0,No,1,Non-Junction,1,Not an Intersection,0,None,,,1,On Roadway,3,Dark - Lighted,,,,,5,"Fog, Smog, Smoke",0,No,0000000,Not Applicable,99,Unknown,99,Unknown,99,Unknown EMS Scene Arrival Hour,99,Unknown EMS Scene Arrival Minutes,99,Unknown,99,Unknown EMS Hospital Arrival Time,,,,,,,1,
2021,29,290123,Missouri,2,2,0,0,0,4,4,95,JACKSON (95),4120,KANSAS CITY,16,16,3,March,2021,3,Tuesday,22,10:00pm-10:59pm,55,55,1,This section IS ON the NHS,2,Urban,3,Principal Arterial - Other,4,City or Municipal Highway Agency,6,Local Street - Municipality,BANNISTER RD,VIEW HIGH DR,110,110,38.95023889,38.95023889,-94.456755560,-94.456755560,0,No Special Jurisdiction,12,Motor Vehicle In-Transport,6,Angle,0,No,2,Intersection,3,T-Intersection,0,None,,,1,On Roadway,3,Dark - Lighted,,,,,5,"Fog, Smog, Smoke",0,No,0000000,Not Applicable,22,10:00pm-10:59pm,53,53,23,11:00pm-11:59pm,7,7,23,11:00pm-11:59pm,30,30,,,,,,,1,
2021,29,290124,Missouri,1,1,0,0,0,1,1,223,WAYNE (223),0,NOT APPLICABLE,7,7,3,March,2021,1,Sunday,12,12:00pm-12:59pm,40,40,0,This section IS NOT on the NHS,1,Rural,5,Major Collector,1,State Highway Agency,3,State Highway,SR-V,,30,30,37.09949722,37.09949722,-90.655969440,-90.655969440,0,No Special Jurisdiction,32,Culvert,0,The First Harmful Event was Not a Collision with a Motor Vehicle in Transport,0,No,1,Non-Junction,1,Not an Intersection,0,None,,,4,On Roadside,1,Daylight,,,,,1,Clear,0,No,0000000,Not Applicable,12,12:00pm-12:59pm,54,54,13,1:00pm-1:59pm,25,25,14,2:00pm-2:59pm,24,24,,,,,,,1,
2021,29,290125,Missouri,2,2,0,0,0,2,2,19,BOONE (19),0,NOT APPLICABLE,15,15,2,February,2021,2,Monday,16,4:00pm-4:59pm,20,20,1,This section IS ON the NHS,1,Rural,3,Principal Arterial - Other,1,State Highway Agency,2,U.S. Highway,US-63,CR-OLD HWY 63,60,60,39.16001667,39.16001667,-92.330991670,-92.330991670,0,No Special Jurisdiction,12,Motor Vehicle In-Transport,6,Angle,0,No,2,Intersection,2,Four-Way Intersection,0,None,,,1,On Roadway,1,Daylight,,,,,4,Snow,0,No,0000000,Not Applicable,99,Unknown,98,Unknown if Notified,99,Unknown EMS Scene Arrival Hour,98,Unknown if Arrived,88,"Not Applicable (Not Transported) ",88,Not Applicable (Not Transported),,,,,,,1,
2021,29,290126,Missouri,2,2,0,0,0,2,2,29,CAMDEN (29),0,NOT APPLICABLE,6,6,3,March,2021,7,Saturday,7,7:00am-7:59am,22,22,0,This section IS NOT on the NHS,1,Rural,5,Major Collector,1,State Highway Agency,3,State Highway,SR-A,,180,180,37.96810833,37.96810833,-92.450247220,-92.450247220,0,No Special Jurisdiction,12,Motor Vehicle In-Transport,6,Angle,0,No,1,Non-Junction,1,Not an Intersection,0,None,,,1,On Roadway,1,Daylight,,,,,1,Clear,0,No,0000000,Not Applicable,7,7:00am-7:59am,58,58,8,8:00am-8:59am,13,13,8,8:00am-8:59am,56,56,,,,,,,1,
2021,29,290127,Missouri,2,2,0,2,2,1,1,189,ST LOUIS (189),1050,BRIDGETON,16,16,3,March,2021,3,Tuesday,19,7:00pm-7:59pm,50,50,1,This section IS ON the NHS,2,Urban,1,Interstate,1,State Highway Agency,1,Interstate,I-270,,220,220,38.76161389,38.76161389,-90.424744440,-90.424744440,0,No Special Jurisdiction,12,Motor Vehicle In-Transport,1,Front-to-Rear,0,No,1,Non-Junction,1,Not an Intersection,0,None,,,1,On Roadway,3,Dark - Lighted,,,,,1,Clear,0,No,0000000,Not Applicable,19,7:00pm-7:59pm,49,49,20,8:00pm-8:59pm,0,0,20,8:00pm-8:59pm,16,16,,,,,,,2,
2021,29,290128,Missouri,1,1,0,0,0,1,1,107,LAFAYETTE (107),0,NOT APPLICABLE,16,16,3,March,2021,3,Tuesday,11,11:00am-11:59am,0,0,1,This section IS ON the NHS,1,Rural,1,Interstate,1,State Highway Agency,1,Interstate,I-70,,320,320,39.01183056,39.01183056,-94.084388890,-94.084388890,0,No Special Jurisdiction,30,Utility Pole/Light Support,0,The First Harmful Event was Not a Collision with a Motor Vehicle in Transport,0,No,1,Non-Junction,1,Not an Intersection,0,None,,,4,On Roadside,1,Daylight,,,,,10,Cloudy,0,No,0000000,Not Applicable,11,11:00am-11:59am,6,6,11,11:00am-11:59am,14,14,11,11:00am-11:59am,44,44,,,,,,,1,
2021,29,290129,Missouri,2,2,0,0,0,2,2,189,ST LOUIS (189),4240,KIRKWOOD,24,24,3,March,2021,4,Wednesday,21,9:00pm-9:59pm,48,48,0,This section IS NOT on the NHS,2,Urban,4,Minor Arterial,2,County Highway Agency,4,County Road,CR-WEST ADAMS AVE,,10,10,38.58269167,38.58269167,-90.424002780,-90.424002780,0,No Special Jurisdiction,12,Motor Vehicle In-Transport,2,Front-to-Front,0,No,1,Non-Junction,1,Not an Intersection,0,None,,,1,On Roadway,3,Dark - Lighted,,,,,1,Clear,0,No,0000000,Not Applicable,21,9:00pm-9:59pm,50,50,21,9:00pm-9:59pm,54,54,88,"Not Applicable (Not Transported) ",88,Not Applicable (Not Transported),,,,,,,1,
2021,29,290130,Missouri,1,1,0,0,0,3,3,510,ST. LOUIS (CITY) (510),7080,ST. LOUIS,6,6,3,March,2021,7,Saturday,0,0:00am-0:59am,28,28,1,This section IS ON the NHS,2,Urban,3,Principal Arterial - Other,4,City or Municipal Highway Agency,6,Local Street - Municipality,LEWIS AND CLARK BLVD,HALLS FERRY CIR,0,None,38.72291389,38.72291389,-90.240155560,-90.240155560,0,No Special Jurisdiction,33,Curb,0,The First Harmful Event was Not a Collision with a Motor Vehicle in Transport,0,No,3,Intersection-Related,5,Traffic Circle,0,None,,,3,On Median,3,Dark - Lighted,,,,,1,Clear,0,No,0000000,Not Applicable,0,0:00am-0:59am,25,25,0,0:00am-0:59am,29,29,1,1:00am-1:59am,1,1,,,,,,,2,
2021,29,290131,Missouri,1,1,0,1,1,2,2,510,ST. LOUIS (CITY) (510),7080,ST. LOUIS,20,20,3,March,2021,7,Saturday,0,0:00am-0:59am,51,51,1,This section IS ON the NHS,2,Urban,1,Interstate,1,State Highway Agency,1,Interstate,I-70,,30,30,38.67975556,38.67975556,-90.211133330,-90.211133330,0,No Special Jurisdiction,8,Pedestrian,0,The First Harmful Event was Not a Collision with a Motor Vehicle in Transport,0,No,1,Non-Junction,1,Not an Intersection,0,None,,,1,On Roadway,3,Dark - Lighted,,,,,1,Clear,0,No,0000000,Not Applicable,99,Unknown,99,Unknown,99,Unknown EMS Scene Arrival Hour,99,Unknown EMS Scene Arrival Minutes,99,Unknown,99,Unknown EMS Hospital Arrival Time,,,,,,,1,
2021,29,290132,Missouri,1,1,0,0,0,4,4,95,JACKSON (95),4120,KANSAS CITY,23,23,3,March,2021,3,Tuesday,19,7:00pm-7:59pm,15,15,0,This section IS NOT on the NHS,2,Urban,4,Minor Arterial,4,City or Municipal Highway Agency,6,Local Street - Municipality,EMANUEL CLEAVER II BLVD,,20,20,39.04734167,39.04734167,-94.523244440,-94.523244440,0,No Special Jurisdiction,33,Curb,0,The First Harmful Event was Not a Collision with a Motor Vehicle in Transport,0,No,1,Non-Junction,1,Not an Intersection,0,None,,,4,On Roadside,3,Dark - Lighted,,,,,10,Cloudy,0,No,0000000,Not Applicable,19,7:00pm-7:59pm,16,16,19,7:00pm-7:59pm,21,21,20,8:00pm-8:59pm,7,7,,,,,,,1,
2021,29,290133,Missouri,1,1,0,0,0,1,1,107,LAFAYETTE (107),0,NOT APPLICABLE,22,22,1,January,2021,6,Friday,15,3:00pm-3:59pm,30,30,0,This section IS NOT on the NHS,1,Rural,5,Major Collector,1,State Highway Agency,3,State Highway,SR-23,,180,180,38.94833056,38.94833056,-93.572416670,-93.572416670,0,No Special Jurisdiction,58,Ground,0,The First Harmful Event was Not a Collision with a Motor Vehicle in Transport,0,No,1,Non-Junction,1,Not an Intersection,0,None,,,4,On Roadside,1,Daylight,,,,,10,Cloudy,0,No,0000000,Not Applicable,99,Unknown,98,Unknown if Notified,99,Unknown EMS Scene Arrival Hour,98,Unknown if Arrived,88,"Not Applicable (Not Transported) ",88,Not Applicable (Not Transported),,,,,,,1,