caseyear,state,st_case,statename,ve_total,ve_forms,pvh_invl,peds,pernotmvit,permvit,persons,county,countyname,city,cityname,day,dayname,month,monthname,year,day_week,day_weekname,hour,hourname,minute,minutename,nhs,nhsname,rur_urb,rur_urbname,func_sys,func_sysname,rd_owner,rd_ownername,route,routename,tway_id,tway_id2,milept,mileptname,latitude,latitudename,longitud,longitudname,sp_jur,sp_jurname,harm_ev,harm_evname,man_coll,man_collname,reljct1,reljct1name,reljct2,reljct2name,typ_int,typ_intname,wrk_zone,wrk_zonename,road_fnc,road_fncname,rel_road,rel_roadname,lgt_cond,lgt_condname,weather1,weather1name,weather2,weather2name,weather,weathername,sch_bus,sch_busname,rail,railname,not_hour,not_hourname,not_min,not_minname,arr_hour,arr_hourname,arr_min,arr_minname,hosp_hr,hosp_hrname,hosp_mn,hosp_mnname,cf1,cf1name,cf2,cf2name,cf3,cf3name,fatals,drunk_dr
2021,29,290209,Missouri,1,1,0,0,0,2,2,55,CRAWFORD (55),0,NOT APPLICABLE,3,3,4,April,2021,7,Saturday,19,7:00pm-7:59pm,5,5,0,This section IS NOT on the NHS,1,Rural,7,Local,2,County Highway Agency,4,County Road,CR-CENTER POINT,,10,10,37.97952778,37.97952778,-91.298555560,-91.298555560,0,No Special Jurisdiction,42,Tree (Standing Only),0,The First Harmful Event was Not a Collision with a Motor Vehicle in Transport,0,No,1,Non-Junction,1,Not an Intersection,0,None,,,4,On Roadside,1,Daylight,,,,,1,Clear,0,No,0000000,Not Applicable,19,7:00pm-7:59pm,6,6,19,7:00pm-7:59pm,17,17,99,Unknown,99,Unknown EMS Hospital Arrival Time,,,,,,,1,
2021,29,290210,Missouri,1,1,0,0,0,1,1,35,CARTER (35),0,NOT APPLICABLE,24,24,4,April,2021,7,Saturday,20,8:00pm-8:59pm,30,30,0,This section IS NOT on the NHS,1,Rural,5,Major Collector,1,State Highway Agency,3,State Highway,SR-C,,70,70,36.89816667,36.89816667,-91.035330560,-91.035330560,0,No Special Jurisdiction,42,Tree (Standing Only),0,The First Harmful Event was Not a Collision with a Motor Vehicle in Transport,0,No,1,Non-Junction,1,Not an Intersection,0,None,,,4,On Roadside,2,Dark - Not Lighted,,,,,1,Clear,0,No,0000000,Not Applicable,20,8:00pm-8:59pm,47,47,21,9:00pm-9:59pm,8,8,22,10:00pm-10:59pm,21,21,,,,,,,1,
2021,29,290211,Missouri,1,1,0,0,0,1,1,139,MONTGOMERY (139),0,NOT APPLICABLE,27,27,4,April,2021,3,Tuesday,20,8:00pm-8:59pm,15,15,0,This section IS NOT on the NHS,1,Rural,4,Minor Arterial,1,State Highway Agency,3,State Highway,SR-19,,250,250,38.81871944,38.81871944,-91.474858330,-91.474858330,0,No Special Jurisdiction,1,Rollover/Overturn,0,The First Harmful Event was Not a Collision with a Motor Vehicle in Transport,0,No,1,Non-Junction,1,Not an Intersection,0,None,,,4,On Roadside,2,Dark - Not Lighted,,,,,10,Cloudy,0,No,0000000,Not Applicable,20,8:00pm-8:59pm,29,29,20,8:00pm-8:59pm,43,43,22,10:00pm-10:59pm,5,5,,,,,,,1,
2021,29,290212,Missouri,1,1,0,0,0,1,1,49,CLINTON (49),0,NOT APPLICABLE,2,2,5,May,2021,1,Sunday,7,7:00am-7:59am,9,9,0,This section IS NOT on the NHS,1,Rural,5,Major Collector,1,State Highway Agency,3,State Highway,SR-J,,30,30,39.49166667,39.49166667,-94.477136110,-94.477136110,0,No Special Jurisdiction,58,Ground,0,The First Harmful Event was Not a Collision with a Motor Vehicle in Transport,0,No,1,Non-Junction,1,Not an Intersection,0,None,,,4,On Roadside,1,Daylight,,,,,1,Clear,0,No,0000000,Not Applicable,99,Unknown,98,Unknown if Notified,99,Unknown EMS Scene Arrival Hour,98,Unknown if Arrived,88,"Not Applicable (Not Transported) ",88,Not Applicable (Not Transported),,,,,,,1,
2021,29,290213,Missouri,1,1,0,0,0,1,1,189,ST LOUIS (189),0,NOT APPLICABLE,3,3,5,May,2021,2,Monday,12,12:00pm-12:59pm,8,8,0,This section IS NOT on the NHS,2,Urban,7,Local,2,County Highway Agency,4,County Road,CR-GLENBERNIE LN,,0,None,38.69645556,38.69645556,-90.474094440,-90.474094440,0,No Special Jurisdiction,18,Other Object (not fixed),0,The First Harmful Event was Not a Collision with a Motor Vehicle in Transport,0,No,1,Non-Junction,1,Not an Intersection,0,None,,,4,On Roadside,1,Daylight,,,,,1,Clear,0,No,0000000,Not Applicable,12,12:00pm-12:59pm,8,8,12,12:00pm-12:59pm,16,16,12,12:00pm-12:59pm,33,33,,,,,,,1,
2021,29,290214,Missouri,2,2,0,0,0,3,3,109,LAWRENCE (109),0,NOT APPLICABLE,10,10,4,April,2021,7,Saturday,22,10:00pm-10:59pm,40,40,0,This section IS NOT on the NHS,1,Rural,5,Major Collector,1,State Highway Agency,3,State Highway,SR-174,,120,120,37.12169167,37.12169167,-93.615916670,-93.615916670,0,No Special Jurisdiction,12,Motor Vehicle In-Transport,2,Front-to-Front,0,No,1,Non-Junction,1,Not an Intersection,0,None,,,1,On Roadway,2,Dark - Not Lighted,,,,,1,Clear,0,No,0000000,Not Applicable,22,10:00pm-10:59pm,50,50,23,11:00pm-11:59pm,10,10,23,11:00pm-11:59pm,49,49,,,,,,,1,
2021,29,290215,Missouri,1,1,0,0,0,1,1,27,CALLAWAY (27),4192,KINGDOM CITY,28,28,4,April,2021,4,Wednesday,7,7:00am-7:59am,50,50,1,This section IS ON the NHS,1,Rural,2,Principal Arterial - Other Freeways and Expressways,1,State Highway Agency,2,U.S. Highway,US-54,,80,80,38.95871944,38.95871944,-91.930305560,-91.930305560,0,No Special Jurisdiction,1,Rollover/Overturn,0,The First Harmful Event was Not a Collision with a Motor Vehicle in Transport,0,No,1,Non-Junction,1,Not an Intersection,0,None,,,1,On Roadway,1,Daylight,,,,,2,Rain,0,No,0000000,Not Applicable,7,7:00am-7:59am,51,51,7,7:00am-7:59am,54,54,8,8:00am-8:59am,41,41,,,,,,,1,
2021,29,290216,Missouri,1,1,0,1,1,1,1,189,ST LOUIS (189),0,NOT APPLICABLE,24,24,3,March,2021,4,Wednesday,6,6:00am-6:59am,38,38,0,This section IS NOT on the NHS,2,Urban,5,Major Collector,2,County Highway Agency,4,County Road,CR-RIDER TRAIL NORTH,,10,10,38.77714444,38.77714444,-90.467130560,-90.467130560,0,No Special Jurisdiction,8,Pedestrian,0,The First Harmful Event was Not a Collision with a Motor Vehicle in Transport,0,No,1,Non-Junction,1,Not an Intersection,0,None,,,1,On Roadway,3,Dark - Lighted,,,,,1,Clear,0,No,0000000,Not Applicable,6,6:00am-6:59am,40,40,6,6:00am-6:59am,44,44,7,7:00am-7:59am,3,3,,,,,,,1,
2021,29,290217,Missouri,6,6,0,0,0,8,8,510,ST. LOUIS (CITY) (510),7080,ST. LOUIS,12,12,4,April,2021,2,Monday,11,11:00am-11:59am,24,24,0,This section IS NOT on the NHS,2,Urban,4,Minor Arterial,4,City or Municipal Highway Agency,6,Local Street - Municipality,BROADWAY,TAYLOR AVE,30,30,38.68632778,38.68632778,-90.220483330,-90.220483330,0,No Special Jurisdiction,12,Motor Vehicle In-Transport,6,Angle,0,No,2,Intersection,2,Four-Way Intersection,0,None,,,1,On Roadway,1,Daylight,,,,,1,Clear,0,No,0000000,Not Applicable,11,11:00am-11:59am,24,24,11,11:00am-11:59am,36,36,11,11:00am-11:59am,59,59,,,,,,,1,
2021,29,290218,Missouri,1,1,0,0,0,1,1,195,SALINE (195),0,NOT APPLICABLE,25,25,4,April,2021,1,Sunday,21,9:00pm-9:59pm,30,30,1,This section IS ON the NHS,1,Rural,1,Interstate,1,State Highway Agency,1,Interstate,I-70,,160,160,38.96019167,38.96019167,-93.195916670,-93.195916670,0,No Special Jurisdiction,24,Guardrail Face,0,The First Harmful Event was Not a Collision with a Motor Vehicle in Transport,0,No,1,Non-Junction,1,Not an Intersection,0,None,,,4,On Roadside,2,Dark - Not Lighted,,,,,1,Clear,0,No,0000000,Not Applicable,99,Unknown,98,Unknown if Notified,99,Unknown EMS Scene Arrival Hour,98,Unknown if Arrived,88,"Not Applicable (Not Transported) ",88,Not Applicable (Not Transported),,,,,,,1,
2021,29,290219,Missouri,1,1,0,0,0,1,1,21,BUCHANAN (21),0,NOT APPLICABLE,26,26,4,April,2021,2,Monday,20,8:00pm-8:59pm,40,40,1,This section IS ON the NHS,1,Rural,3,Principal Arterial - Other,1,State Highway Agency,2,U.S. Highway,US-59,,250,250,39.55685833,39.55685833,-95.076608330,-95.076608330,0,No Special Jurisdiction,58,Ground,0,The First Harmful Event was Not a Collision with a Motor Vehicle in Transport,0,No,1,Non-Junction,1,Not an Intersection,0,None,,,4,On Roadside,2,Dark - Not Lighted,,,,,1,Clear,0,No,0000000,Not Applicable,99,Unknown,98,Unknown if Notified,99,Unknown EMS Scene Arrival Hour,98,Unknown if Arrived,88,"Not Applicable (Not Transported) ",88,Not Applicable (Not Transported),,,,,,,1,
2021,29,290220,Missouri,1,1,0,0,0,1,1,15,BENTON (15),0,NOT APPLICABLE,1,1,5,May,2021,7,Saturday,21,9:00pm-9:59pm,42,42,0,This section IS NOT on the NHS,1,Rural,6,Minor Collector,1,State Highway Agency,3,State Highway,SR-MM,,90,90,38.20096667,38.20096667,-93.322888890,-93.322888890,0,No Special Jurisdiction,11,Live Animal,0,The First Harmful Event was Not a Collision with a Motor Vehicle in Transport,0,No,1,Non-Junction,1,Not an Intersection,0,None,,,1,On Roadway,2,Dark - Not Lighted,,,,,1,Clear,0,No,0000000,Not Applicable,99,Unknown,98,Unknown if Notified,99,Unknown EMS Scene Arrival Hour,98,Unknown if Arrived,88,"Not Applicable (Not Transported) ",88,Not Applicable (Not Transported),,,,,,,1,
2021,29,290221,Missouri,2,2,0,0,0,4,4,510,ST. LOUIS (CITY) (510),7080,ST. LOUIS,3,3,4,April,2021,7,Saturday,2,2:00am-2:59am,6,6,1,This section IS ON the NHS,2,Urban,1,Interstate,1,State Highway Agency,1,Interstate,I-70,,60,60,38.64704167,38.64704167,-90.191186110,-90.191186110,0,No Special Jurisdiction,12,Motor Vehicle In-Transport,1,Front-to-Rear,0,No,1,Non-Junction,1,Not an Intersection,0,None,,,1,On Roadway,3,Dark - Lighted,,,,,1,Clear,0,No,0000000,Not Applicable,99,Unknown,99,Unknown,99,Unknown EMS Scene Arrival Hour,99,Unknown EMS Scene Arrival Minutes,99,Unknown,99,Unknown EMS Hospital Arrival Time,,,,,,,1,
2021,29,290222,Missouri,1,1,0,0,0,1,1,99,JEFFERSON (99),0,NOT APPLICABLE,10,10,4,April,2021,7,Saturday,1,1:00am-1:59am,50,50,0,This section IS NOT on the NHS,2,Urban,5,Major Collector,2,County Highway Agency,4,County Road,CR-HILLSBORO VALLEY PARK RD,,20,20,38.47777778,38.47777778,-90.525805560,-90.525805560,0,No Special Jurisdiction,53,Mail Box,0,The First Harmful Event was Not a Collision with a Motor Vehicle in Transport,0,No,1,Non-Junction,1,Not an Intersection,0,None,,,4,On Roadside,2,Dark - Not Lighted,,,,,10,Cloudy,0,No,0000000,Not Applicable,1,1:00am-1:59am,48,48,1,1:00am-1:59am,57,57,2,2:00am-2:59am,34,34,,,,,,,1,
2021,29,290223,Missouri,1,1,0,0,0,1,1,189,ST LOUIS (189),0,NOT APPLICABLE,11,11,4,April,2021,1,Sunday,19,7:00pm-7:59pm,30,30,1,This section IS ON the NHS,2,Urban,2,Principal Arterial - Other Freeways and Expressways,1,State Highway Agency,3,State Highway,SR-367,,60,60,38.81363889,38.81363889,-90.228777780,-90.228777780,0,No Special Jurisdiction,24,Guardrail Face,0,The First Harmful Event was Not a Collision with a Motor Vehicle in Transport,0,No,1,Non-Junction,1,Not an Intersection,0,None,,,4,On Roadside,3,Dark - Lighted,,,,,1,Clear,0,No,0000000,Not Applicable,19,7:00pm-7:59pm,52,52,20,8:00pm-8:59pm,0,0,88,"Not Applicable (Not Transported) ",88,Not Applicable (Not Transported),,,,,,,1,
2021,29,290224,Missouri,2,2,0,0,0,3,3,183,ST. CHARLES (183),7100,ST. PETERS,27,27,4,April,2021,3,Tuesday,20,8:00pm-8:59pm,38,38,1,This section IS ON the NHS,2,Urban,2,Principal Arterial - Other Freeways and Expressways,1,State Highway Agency,3,State Highway,SR-364,,290,290,38.74971944,38.74971944,-90.570886110,-90.570886110,0,No Special Jurisdiction,12,Motor Vehicle In-Transport,1,Front-to-Rear,0,No,1,Non-Junction,1,Not an Intersection,0,None,,,1,On Roadway,3,Dark - Lighted,,,,,1,Clear,0,No,0000000,Not Applicable,20,8:00pm-8:59pm,33,33,20,8:00pm-8:59pm,40,40,21,9:00pm-9:59pm,12,12,,,,,,,1,
2021,29,290225,Missouri,1,1,0,0,0,1,1,95,JACKSON (95),4120,KANSAS CITY,2,2,5,May,2021,1,Sunday,1,1:00am-1:59am,29,29,0,This section IS NOT on the NHS,2,Urban,4,Minor Arterial,4,City or Municipal Highway Agency,6,Local Street - Municipality,STADIUM DR,,20,20,39.05456667,39.05456667,-94.484700000,-94.484700000,0,No Special Jurisdiction,33,Curb,0,The First Harmful Event was Not a Collision with a Motor Vehicle in Transport,0,No,1,Non-Junction,1,Not an Intersection,0,None,,,4,On Roadside,3,Dark - Lighted,,,,,1,Clear,0,No,0000000,Not Applicable,1,1:00am-1:59am,29,29,1,1:00am-1:59am,47,47,2,2:00am-2:59am,2,2,,,,,,,1,
2021,29,290226,Missouri,1,1,0,0,0,1,1,95,JACKSON (95),3940,INDEPENDENCE,5,5,5,May,2021,4,Wednesday,22,10:00pm-10:59pm,52,52,0,This section IS NOT on the NHS,2,Urban,4,Minor Arterial,4,City or Municipal Highway Agency,6,Local Street - Municipality,39TH ST,,30,30,39.04881389,39.04881389,-94.386955560,-94.386955560,0,No Special Jurisdiction,33,Curb,0,The First Harmful Event was Not a Collision with a Motor Vehicle in Transport,0,No,1,Non-Junction,1,Not an Intersection,0,None,,,4,On Roadside,3,Dark - Lighted,,,,,1,Clear,0,No,0000000,Not Applicable,22,10:00pm-10:59pm,52,52,22,10:00pm-10:59pm,56,56,23,11:00pm-11:59pm,31,31,,,,,,,1,
2021,29,290227,Missouri,1,1,0,1,1,3,3,95,JACKSON (95),3940,INDEPENDENCE,20,20,3,March,2021,7,Saturday,11,11:00am-11:59am,34,34,1,This section IS ON the NHS,2,Urban,3,Principal Arterial - Other,1,State Highway Agency,3,State Highway,SR-78,,20,20,39.08122778,39.08122778,-94.466805560,-94.466805560,0,No Special Jurisdiction,9,Pedalcyclist,0,The First Harmful Event was Not a Collision with a Motor Vehicle in Transport,0,No,1,Non-Junction,1,Not an Intersection,0,None,,,1,On Roadway,1,Daylight,,,,,1,Clear,0,No,0000000,Not Applicable,99,Unknown,98,Unknown if Notified,99,Unknown EMS Scene Arrival Hour,98,Unknown if Arrived,88,"Not Applicable (Not Transported) ",88,Not Applicable (Not Transported),,,,,,,1,
2021,29,290228,Missouri,1,1,0,0,0,1,1,171,PUTNAM (171),0,NOT APPLICABLE,24,24,4,April,2021,7,Saturday,4,4:00am-4:59am,35,35,0,This section IS NOT on the NHS,1,Rural,4,Minor Arterial,1,State Highway Agency,2,U.S. Highway,US-136,,90,90,40.47010833,40.47010833,-93.191516670,-93.191516670,0,No Special Jurisdiction,1,Rollover/Overturn,0,The First Harmful Event was Not a Collision with a Motor Vehicle in Transport,0,No,1,Non-Junction,1,Not an Intersection,0,None,,,4,On Roadside,2,Dark - Not Lighted,,,,,1,Clear,0,No,0000000,Not Applicable,99,Unknown,98,Unknown if Notified,99,Unknown EMS Scene Arrival Hour,98,Unknown if Arrived,88,"Not Applicable (Not Transported) ",88,Not Applicable (Not Transported),,,,,,,1,
2021,29,290229,Missouri,1,1,0,1,1,1,1,23,BUTLER (23),0,NOT APPLICABLE,25,25,4,April,2021,1,Sunday,20,8:00pm-8:59pm,20,20,0,This section IS NOT on the NHS,1,Rural,5,Major Collector,1,State Highway Agency,3,State Highway,SR-51,,70,70,36.70658889,36.70658889,-90.245527780,-90.245527780,0,No Special Jurisdiction,8,Pedestrian,0,The First Harmful Event was Not a Collision with a Motor Vehicle in Transport,0,No,1,Non-Junction,1,Not an Intersection,0,None,,,1,On Roadway,2,Dark - Not Lighted,,,,,1,Clear,0,No,0000000,Not Applicable,99,Unknown,98,Unknown if Notified,99,Unknown EMS Scene Arrival Hour,98,Unknown if Arrived,88,"Not Applicable (Not Transported) ",88,Not Applicable (Not Transported),,,,,,,1,
2021,29,290230,Missouri,1,1,0,0,0,2,2,195,SALINE (195),0,NOT APPLICABLE,26,26,4,April,2021,2,Monday,10,10:00am-10:59am,53,53,0,This section IS NOT on the NHS,1,Rural,4,Minor Arterial,1,State Highway Agency,3,State Highway,SR-240,,60,60,39.12938889,39.12938889,-93.113277780,-93.113277780,0,No Special Jurisdiction,34,Ditch,0,The First Harmful Event was Not a Collision with a Motor Vehicle in Transport,0,No,1,Non-Junction,1,Not an Intersection,0,None,,,4,On Roadside,1,Daylight,,,,,10,Cloudy,0,No,0000000,Not Applicable,11,11:00am-11:59am,3,3,11,11:00am-11:59am,44,44,12,12:00pm-12:59pm,56,56,,,,,,,1,
2021,29,290231,Missouri,1,1,0,0,0,3,3,99,JEFFERSON (99),0,NOT APPLICABLE,24,24,4,April,2021,7,Saturday,14,2:00pm-2:59pm,30,30,0,This section IS NOT on the NHS,1,Rural,5,Major Collector,1,State Highway Agency,3,State Highway,SR-Y,,90,90,38.21258056,38.21258056,-90.669666670,-90.669666670,0,No Special Jurisdiction,58,Ground,0,The First Harmful Event was Not a Collision with a Motor Vehicle in Transport,0,No,1,Non-Junction,1,Not an Intersection,0,None,,,4,On Roadside,1,Daylight,,,,,2,Rain,0,No,0000000,Not Applicable,14,2:00pm-2:59pm,32,32,14,2:00pm-2:59pm,44,44,99,Unknown,99,Unknown EMS Hospital Arrival Time,,,,,,,1,
2021,29,290232,Missouri,1,1,0,1,1,1,1,189,ST LOUIS (189),8040,VINITA PARK,1,1,5,May,2021,7,Saturday,23,11:00pm-11:59pm,10,10,0,This section IS NOT on the NHS,2,Urban,3,Principal Arterial - Other,1,State Highway Agency,3,State Highway,SR-D,,60,60,38.68555556,38.68555556,-90.344055560,-90.344055560,0,No Special Jurisdiction,8,Pedestrian,0,The First Harmful Event was Not a Collision with a Motor Vehicle in Transport,0,No,1,Non-Junction,1,Not an Intersection,0,None,,,1,On Roadway,3,Dark - Lighted,,,,,1,Clear,0,No,0000000,Not Applicable,99,Unknown,99,Unknown,99,Unknown EMS Scene Arrival Hour,99,Unknown EMS Scene Arrival Minutes,99,Unknown,99,Unknown EMS Hospital Arrival Time,,,,,,,1,
2021,29,290233,Missouri,2,2,0,0,0,2,2,97,JASPER (97),4100,JOPLIN,2,2,4,April,2021,6,Friday,16,4:00pm-4:59pm,56,56,1,This section IS ON the NHS,2,Urban,3,Principal Arterial - Other,1,State Highway Agency,3,State Highway,SR-LP 49,,140,140,37.06061667,37.06061667,-94.478180560,-94.478180560,0,No Special Jurisdiction,12,Motor Vehicle In-Transport,6,Angle,0,No,8,Driveway Access Related,1,Not an Intersection,0,None,,,1,On Roadway,1,Daylight,,,,,1,Clear,0,No,0000000,Not Applicable,16,4:00pm-4:59pm,56,56,16,4:00pm-4:59pm,57,57,17,5:00pm-5:59pm,28,28,,,,,,,1,
2021,29,290234,Missouri,1,1,0,0,0,1,1,95,JACKSON (95),4120,KANSAS CITY,6,6,5,May,2021,5,Thursday,23,11:00pm-11:59pm,19,19,1,This section IS ON the NHS,2,Urban,3,Principal Arterial - Other,4,City or Municipal Highway Agency,6,Local Street - Municipality,WARD PKWY,,50,50,39.03189167,39.03189167,-94.605436110,-94.605436110,0,No Special Jurisdiction,42,Tree (Standing Only),0,The First Harmful Event was Not a Collision with a Motor Vehicle in Transport,0,No,1,Non-Junction,1,Not an Intersection,1,Construction,,,4,On Roadside,3,Dark - Lighted,,,,,1,Clear,0,No,0000000,Not Applicable,23,11:00pm-11:59pm,19,19,23,11:00pm-11:59pm,25,25,88,"Not Applicable (Not Transported) ",88,Not Applicable (Not Transported),,,,,,,1,
2021,29,290235,Missouri,1,1,0,0,0,2,2,95,JACKSON (95),4326,LAKE LOTAWANA,14,14,5,May,2021,6,Friday,0,0:00am-0:59am,0,0,0,This section IS NOT on the NHS,2,Urban,7,Local,4,City or Municipal Highway Agency,6,Local Street - Municipality,LAKE SHORE DR,,10,10,38.93330556,38.93330556,-94.248358330,-94.248358330,0,No Special Jurisdiction,34,Ditch,0,The First Harmful Event was Not a Collision with a Motor Vehicle in Transport,0,No,1,Non-Junction,1,Not an Intersection,0,None,,,4,On Roadside,3,Dark - Lighted,,,,,1,Clear,0,No,0000000,Not Applicable,0,0:00am-0:59am,15,15,0,0:00am-0:59am,20,20,0,0:00am-0:59am,50,50,,,,,,,1,
2021,29,290236,Missouri,2,2,0,0,0,3,3,77,GREENE (77),6710,REPUBLIC,4,4,4,April,2021,1,Sunday,13,1:00pm-1:59pm,40,40,1,This section IS ON the NHS,2,Urban,3,Principal Arterial - Other,1,State Highway Agency,2,U.S. Highway,US-60,HARRISON ST,30,30,37.12016667,37.12016667,-93.469247220,-93.469247220,0,No Special Jurisdiction,1,Rollover/Overturn,0,The First Harmful Event was Not a Collision with a Motor Vehicle in Transport,0,No,2,Intersection,2,Four-Way Intersection,0,None,,,1,On Roadway,1,Daylight,,,,,1,Clear,0,No,0000000,Not Applicable,13,1:00pm-1:59pm,46,46,13,1:00pm-1:59pm,47,47,88,"Not Applicable (Not Transported) ",88,Not Applicable (Not Transported),,,,,,,1,
2021,29,290238,Missouri,2,2,0,0,0,3,3,183,ST. CHARLES (183),8280,WENTZVILLE,15,15,4,April,2021,5,Thursday,11,11:00am-11:59am,41,41,1,This section IS ON the NHS,2,Urban,1,Interstate,1,State Highway Agency,1,Interstate,I-70,,60,60,38.81185833,38.81185833,-90.936916670,-90.936916670,0,No Special Jurisdiction,12,Motor Vehicle In-Transport,1,Front-to-Rear,0,No,1,Non-Junction,1,Not an Intersection,0,None,,,1,On Roadway,1,Daylight,,,,,1,Clear,0,No,0000000,Not Applicable,11,11:00am-11:59am,43,43,11,11:00am-11:59am,51,51,12,12:00pm-12:59pm,6,6,,,,,,,1,
2021,29,290239,Missouri,2,2,0,0,0,3,3,189,ST LOUIS (189),553,BELLEFONTAINE NEIGHBOR,24,24,4,April,2021,7,Saturday,0,0:00am-0:59am,40,40,0,This section IS NOT on the NHS,2,Urban,3,Principal Arterial - Other,1,State Highway Agency,3,State Highway,SR-367,,40,40,38.75969167,38.75969167,-90.238744440,-90.238744440,0,No Special Jurisdiction,12,Motor Vehicle In-Transport,2,Front-to-Front,0,No,1,Non-Junction,1,Not an Intersection,0,None,,,1,On Roadway,2,Dark - Not Lighted,,,,,10,Cloudy,0,No,0000000,Not Applicable,99,Unknown,99,Unknown,99,Unknown EMS Scene Arrival Hour,99,Unknown EMS Scene Arrival Minutes,99,Unknown,99,Unknown EMS Hospital Arrival Time,,,,,,,1,
2021,29,290240,Missouri,1,1,0,0,0,2,2,23,BUTLER (23),0,NOT APPLICABLE,26,26,4,April,2021,2,Monday,20,8:00pm-8:59pm,30,30,0,This section IS NOT on the NHS,1,Rural,5,Major Collector,1,State Highway Agency,3,State Highway,SR-CC,,40,40,36.67458056,36.67458056,-90.174858330,-90.174858330,0,No Special Jurisdiction,34,Ditch,0,The First Harmful Event was Not a Collision with a Motor Vehicle in Transport,0,No,1,Non-Junction,1,Not an Intersection,0,None,,,4,On Roadside,2,Dark - Not Lighted,,,,,1,Clear,0,No,0000000,Not Applicable,99,Unknown,99,Unknown,99,Unknown EMS Scene Arrival Hour,99,Unknown EMS Scene Arrival Minutes,99,Unknown,99,Unknown EMS Hospital Arrival Time,,,,,,,1,
2021,29,290241,Missouri,1,1,0,0,0,6,6,31,CAPE GIRARDEAU (31),0,NOT APPLICABLE,1,1,5,May,2021,7,Saturday,18,6:00pm-6:59pm,22,22,1,This section IS ON the NHS,1,Rural,1,Interstate,1,State Highway Agency,1,Interstate,I-55,,220,220,37.52641667,37.52641667,-89.709108330,-89.709108330,0,No Special Jurisdiction,1,Rollover/Overturn,0,The First Harmful Event was Not a Collision with a Motor Vehicle in Transport,0,No,1,Non-Junction,1,Not an Intersection,0,None,,,1,On Roadway,1,Daylight,,,,,10,Cloudy,0,No,0000000,Not Applicable,18,6:00pm-6:59pm,35,35,18,6:00pm-6:59pm,52,52,19,7:00pm-7:59pm,22,22,,,,,,,2,
2021,29,290242,Missouri,1,1,0,0,0,1,1,189,ST LOUIS (189),2700,FERGUSON,6,6,4,April,2021,3,Tuesday,4,4:00am-4:59am,11,11,1,This section IS ON the NHS,2,Urban,3,Principal Arterial - Other,4,City or Municipal Highway Agency,6,Local Street - Municipality,WEST FLORISSANT AVE,,40,40,38.73228056,38.73228056,-90.277444440,-90.277444440,0,No Special Jurisdiction,33,Curb,0,The First Harmful Event was Not a Collision with a Motor Vehicle in Transport,0,No,1,Non-Junction,1,Not an Intersection,0,None,,,12,Pedestrian Refuge Island or Traffic Island,3,Dark - Lighted,,,,,1,Clear,0,No,0000000,Not Applicable,4,4:00am-4:59am,8,8,4,4:00am-4:59am,20,20,4,4:00am-4:59am,41,41,,,,,,,1,
2021,29,290243,Missouri,2,2,0,0,0,4,4,99,JEFFERSON (99),0,NOT APPLICABLE,23,23,4,April,2021,6,Friday,17,5:00pm-5:59pm,46,46,1,This section IS ON the NHS,2,Urban,3,Principal Arterial - Other,1,State Highway Agency,3,State Highway,SR-MM,,10,10,38.40916944,38.40916944,-90.570594440,-90.570594440,0,No Special Jurisdiction,12,Motor Vehicle In-Transport,2,Front-to-Front,0,No,1,Non-Junction,1,Not an Intersection,0,None,,,1,On Roadway,1,Daylight,,,,,10,Cloudy,0,No,0000000,Not Applicable,99,Unknown,98,Unknown if Notified,99,Unknown EMS Scene Arrival Hour,98,Unknown if Arrived,88,"Not Applicable (Not Transported) ",88,Not Applicable (Not Transported),,,,,,,1,
2021,29,290244,Missouri,2,2,0,0,0,2,2,189,ST LOUIS (189),0,NOT APPLICABLE,1,1,5,May,2021,7,Saturday,11,11:00am-11:59am,59,59,1,This section IS ON the NHS,2,Urban,3,Principal Arterial - Other,1,State Highway Agency,3,State Highway,SR-30,,90,90,38.55393056,38.55393056,-90.318755560,-90.318755560,0,No Special Jurisdiction,1,Rollover/Overturn,0,The First Harmful Event was Not a Collision with a Motor Vehicle in Transport,0,No,8,Driveway Access Related,1,Not an Intersection,0,None,,,1,On Roadway,1,Daylight,,,,,1,Clear,0,No,0000000,Not Applicable,12,12:00pm-12:59pm,1,1,12,12:00pm-12:59pm,5,5,12,12:00pm-12:59pm,16,16,,,,,,,1,
2021,29,290245,Missouri,1,1,0,0,0,1,1,169,PULASKI (169),0,NOT APPLICABLE,4,4,5,May,2021,3,Tuesday,13,1:00pm-1:59pm,26,26,1,This section IS ON the NHS,2,Urban,1,Interstate,1,State Highway Agency,1,Interstate,I-44,,120,120,37.81475000,37.81475000,-92.206083330,-92.206083330,0,No Special Jurisdiction,35,Embankment,0,The First Harmful Event was Not a Collision with a Motor Vehicle in Transport,0,No,1,Non-Junction,1,Not an Intersection,0,None,,,4,On Roadside,1,Daylight,,,,,2,Rain,0,No,0000000,Not Applicable,13,1:00pm-1:59pm,25,25,13,1:00pm-1:59pm,37,37,14,2:00pm-2:59pm,3,3,,,,,,,1,
2021,29,290246,Missouri,2,2,0,0,0,2,2,23,BUTLER (23),0,NOT APPLICABLE,6,6,5,May,2021,5,Thursday,6,6:00am-6:59am,25,25,0,This section IS NOT on the NHS,1,Rural,5,Major Collector,3,Town or Township Highway Agency,3,State Highway,SR-B,RT VV,50,50,36.76861111,36.76861111,-90.281027780,-90.281027780,0,No Special Jurisdiction,12,Motor Vehicle In-Transport,6,Angle,0,No,2,Intersection,2,Four-Way Intersection,0,None,,,1,On Roadway,1,Daylight,,,,,10,Cloudy,0,No,0000000,Not Applicable,6,6:00am-6:59am,36,36,6,6:00am-6:59am,44,44,7,7:00am-7:59am,10,10,,,,,,,1,