caseyear,state,st_case,statename,ve_total,ve_forms,pvh_invl,peds,pernotmvit,permvit,persons,county,countyname,city,cityname,day,dayname,month,monthname,year,day_week,day_weekname,hour,hourname,minute,minutename,nhs,nhsname,rur_urb,rur_urbname,func_sys,func_sysname,rd_owner,rd_ownername,route,routename,tway_id,tway_id2,milept,mileptname,latitude,latitudename,longitud,longitudname,sp_jur,sp_jurname,harm_ev,harm_evname,man_coll,man_collname,reljct1,reljct1name,reljct2,reljct2name,typ_int,typ_intname,wrk_zone,wrk_zonename,road_fnc,road_fncname,rel_road,rel_roadname,lgt_cond,lgt_condname,weather1,weather1name,weather2,weather2name,weather,weathername,sch_bus,sch_busname,rail,railname,not_hour,not_hourname,not_min,not_minname,arr_hour,arr_hourname,arr_min,arr_minname,hosp_hr,hosp_hrname,hosp_mn,hosp_mnname,cf1,cf1name,cf2,cf2name,cf3,cf3name,fatals,drunk_dr
2021,29,290364,Missouri,1,1,0,0,0,1,1,105,LACLEDE (105),4480,LEBANON,21,21,5,May,2021,6,Friday,15,3:00pm-3:59pm,13,13,0,This section IS NOT on the NHS,2,Urban,7,Local,4,City or Municipal Highway Agency,6,Local Street - Municipality,LINCOLN AVE,,0,None,37.68809444,37.68809444,-92.659372220,-92.659372220,0,No Special Jurisdiction,33,Curb,0,The First Harmful Event was Not a Collision with a Motor Vehicle in Transport,0,No,1,Non-Junction,1,Not an Intersection,0,None,,,4,On Roadside,1,Daylight,,,,,2,Rain,0,No,0000000,Not Applicable,15,3:00pm-3:59pm,14,14,15,3:00pm-3:59pm,18,18,88,"Not Applicable (Not Transported) ",88,Not Applicable (Not Transported),,,,,,,1,
2021,29,290365,Missouri,1,1,0,0,0,1,1,43,CHRISTIAN (43),0,NOT APPLICABLE,7,7,6,June,2021,2,Monday,18,6:00pm-6:59pm,50,50,1,This section IS ON the NHS,1,Rural,2,Principal Arterial - Other Freeways and Expressways,1,State Highway Agency,2,U.S. Highway,US-65,,50,50,36.88200000,36.88200000,-93.233861110,-93.233861110,0,No Special Jurisdiction,43,Other Fixed Object,0,The First Harmful Event was Not a Collision with a Motor Vehicle in Transport,0,No,1,Non-Junction,1,Not an Intersection,0,None,,,3,On Median,1,Daylight,,,,,1,Clear,0,No,0000000,Not Applicable,99,Unknown,98,Unknown if Notified,99,Unknown EMS Scene Arrival Hour,98,Unknown if Arrived,88,"Not Applicable (Not Transported) ",88,Not Applicable (Not Transported),,,,,,,1,
2021,29,290366,Missouri,2,2,0,0,0,2,2,95,JACKSON (95),4120,KANSAS CITY,9,9,6,June,2021,4,Wednesday,1,1:00am-1:59am,16,16,0,This section IS NOT on the NHS,2,Urban,4,Minor Arterial,4,City or Municipal Highway Agency,6,Local Street - Municipality,RED BRIDGE RD,BLUE RIDGE BLVD,50,50,38.92252500,38.92252500,-94.509350000,-94.509350000,0,No Special Jurisdiction,12,Motor Vehicle In-Transport,6,Angle,0,No,2,Intersection,2,Four-Way Intersection,0,None,,,1,On Roadway,3,Dark - Lighted,,,,,1,Clear,0,No,0000000,Not Applicable,1,1:00am-1:59am,18,18,1,1:00am-1:59am,26,26,1,1:00am-1:59am,43,43,,,,,,,1,
2021,29,290367,Missouri,2,1,1,0,1,1,2,97,JASPER (97),0,NOT APPLICABLE,10,10,6,June,2021,5,Thursday,15,3:00pm-3:59pm,15,15,0,This section IS NOT on the NHS,1,Rural,5,Major Collector,1,State Highway Agency,3,State Highway,SR-M,,60,60,37.30266667,37.30266667,-94.511638890,-94.511638890,0,No Special Jurisdiction,1,Rollover/Overturn,0,The First Harmful Event was Not a Collision with a Motor Vehicle in Transport,0,No,1,Non-Junction,1,Not an Intersection,3,Utility,,,1,On Roadway,1,Daylight,,,,,1,Clear,0,No,0000000,Not Applicable,15,3:00pm-3:59pm,12,12,15,3:00pm-3:59pm,29,29,88,"Not Applicable (Not Transported) ",88,Not Applicable (Not Transported),,,,,,,1,
2021,29,290368,Missouri,1,1,0,0,0,1,1,99,JEFFERSON (99),3690,HILLSBORO,10,10,6,June,2021,5,Thursday,16,4:00pm-4:59pm,35,35,1,This section IS ON the NHS,1,Rural,3,Principal Arterial - Other,1,State Highway Agency,3,State Highway,SR-21,,190,190,38.24007500,38.24007500,-90.576463890,-90.576463890,0,No Special Jurisdiction,35,Embankment,0,The First Harmful Event was Not a Collision with a Motor Vehicle in Transport,0,No,1,Non-Junction,1,Not an Intersection,0,None,,,3,On Median,1,Daylight,,,,,1,Clear,0,No,0000000,Not Applicable,16,4:00pm-4:59pm,29,29,16,4:00pm-4:59pm,36,36,88,"Not Applicable (Not Transported) ",88,Not Applicable (Not Transported),,,,,,,1,
2021,29,290369,Missouri,1,1,0,0,0,1,1,145,NEWTON (145),0,NOT APPLICABLE,10,10,6,June,2021,5,Thursday,18,6:00pm-6:59pm,42,42,0,This section IS NOT on the NHS,1,Rural,5,Major Collector,1,State Highway Agency,3,State Highway,SR-NN,,80,80,36.92433333,36.92433333,-94.470108330,-94.470108330,0,No Special Jurisdiction,59,"Traffic Sign Support ",0,The First Harmful Event was Not a Collision with a Motor Vehicle in Transport,0,No,1,Non-Junction,1,Not an Intersection,0,None,,,4,On Roadside,1,Daylight,,,,,1,Clear,0,No,0000000,Not Applicable,18,6:00pm-6:59pm,28,28,18,6:00pm-6:59pm,39,39,19,7:00pm-7:59pm,16,16,,,,,,,1,
2021,29,290370,Missouri,2,2,0,0,0,3,3,67,DOUGLAS (67),0,NOT APPLICABLE,11,11,6,June,2021,6,Friday,17,5:00pm-5:59pm,36,36,0,This section IS NOT on the NHS,1,Rural,4,Minor Arterial,1,State Highway Agency,3,State Highway,SR-5,,80,80,36.97438611,36.97438611,-92.667858330,-92.667858330,0,No Special Jurisdiction,12,Motor Vehicle In-Transport,2,Front-to-Front,0,No,1,Non-Junction,1,Not an Intersection,0,None,,,1,On Roadway,1,Daylight,,,,,1,Clear,0,No,0000000,Not Applicable,17,5:00pm-5:59pm,42,42,17,5:00pm-5:59pm,48,48,18,6:00pm-6:59pm,59,59,,,,,,,1,
2021,29,290371,Missouri,3,3,0,0,0,4,4,149,OREGON (149),0,NOT APPLICABLE,11,11,6,June,2021,6,Friday,15,3:00pm-3:59pm,40,40,1,This section IS ON the NHS,1,Rural,3,Principal Arterial - Other,1,State Highway Agency,2,U.S. Highway,US-63,,30,30,36.60963889,36.60963889,-91.647444440,-91.647444440,0,No Special Jurisdiction,12,Motor Vehicle In-Transport,8,Sideswipe - Opposite Direction,0,No,1,Non-Junction,1,Not an Intersection,0,None,,,1,On Roadway,1,Daylight,,,,,1,Clear,0,No,0000000,Not Applicable,99,Unknown,99,Unknown,99,Unknown EMS Scene Arrival Hour,99,Unknown EMS Scene Arrival Minutes,99,Unknown,99,Unknown EMS Hospital Arrival Time,,,,,,,1,
2021,29,290372,Missouri,1,1,0,0,0,1,1,31,CAPE GIRARDEAU (31),0,NOT APPLICABLE,11,11,6,June,2021,6,Friday,23,11:00pm-11:59pm,22,22,0,This section IS NOT on the NHS,1,Rural,7,Local,2,County Highway Agency,4,County Road,CR-472,,40,40,37.48894444,37.48894444,-89.796333330,-89.796333330,0,No Special Jurisdiction,35,Embankment,0,The First Harmful Event was Not a Collision with a Motor Vehicle in Transport,0,No,1,Non-Junction,1,Not an Intersection,0,None,,,4,On Roadside,2,Dark - Not Lighted,,,,,1,Clear,0,No,0000000,Not Applicable,99,Unknown,98,Unknown if Notified,99,Unknown EMS Scene Arrival Hour,98,Unknown if Arrived,88,"Not Applicable (Not Transported) ",88,Not Applicable (Not Transported),,,,,,,1,
2021,29,290373,Missouri,1,1,0,0,0,1,1,59,DALLAS (59),0,NOT APPLICABLE,10,10,6,June,2021,5,Thursday,21,9:00pm-9:59pm,35,35,1,This section IS ON the NHS,1,Rural,3,Principal Arterial - Other,1,State Highway Agency,2,U.S. Highway,US-65,,0,None,37.89694444,37.89694444,-93.179638890,-93.179638890,0,No Special Jurisdiction,59,"Traffic Sign Support ",0,The First Harmful Event was Not a Collision with a Motor Vehicle in Transport,0,No,1,Non-Junction,1,Not an Intersection,0,None,,,4,On Roadside,2,Dark - Not Lighted,,,,,1,Clear,0,No,0000000,Not Applicable,99,Unknown,98,Unknown if Notified,99,Unknown EMS Scene Arrival Hour,98,Unknown if Arrived,88,"Not Applicable (Not Transported) ",88,Not Applicable (Not Transported),,,,,,,1,
2021,29,290374,Missouri,1,1,0,0,0,1,1,17,BOLLINGER (17),0,NOT APPLICABLE,11,11,6,June,2021,6,Friday,9,9:00am-9:59am,0,0,1,This section IS ON the NHS,1,Rural,3,Principal Arterial - Other,1,State Highway Agency,3,State Highway,SR-72,,40,40,37.51394444,37.51394444,-90.074055560,-90.074055560,0,No Special Jurisdiction,42,Tree (Standing Only),0,The First Harmful Event was Not a Collision with a Motor Vehicle in Transport,0,No,1,Non-Junction,1,Not an Intersection,0,None,,,4,On Roadside,1,Daylight,,,,,1,Clear,0,No,0000000,Not Applicable,9,9:00am-9:59am,6,6,9,9:00am-9:59am,44,44,10,10:00am-10:59am,28,28,,,,,,,1,
2021,29,290375,Missouri,1,1,0,0,0,1,1,101,JOHNSON (101),0,NOT APPLICABLE,12,12,6,June,2021,7,Saturday,19,7:00pm-7:59pm,0,0,0,This section IS NOT on the NHS,1,Rural,6,Minor Collector,1,State Highway Agency,3,State Highway,SR-H,,10,10,38.92505556,38.92505556,-93.817055560,-93.817055560,0,No Special Jurisdiction,38,Fence,0,The First Harmful Event was Not a Collision with a Motor Vehicle in Transport,0,No,1,Non-Junction,1,Not an Intersection,0,None,,,4,On Roadside,1,Daylight,,,,,1,Clear,0,No,0000000,Not Applicable,99,Unknown,98,Unknown if Notified,99,Unknown EMS Scene Arrival Hour,98,Unknown if Arrived,88,"Not Applicable (Not Transported) ",88,Not Applicable (Not Transported),,,,,,,1,
2021,29,290376,Missouri,2,2,0,0,0,3,3,99,JEFFERSON (99),0,NOT APPLICABLE,12,12,6,June,2021,7,Saturday,0,0:00am-0:59am,57,57,1,This section IS ON the NHS,2,Urban,1,Interstate,1,State Highway Agency,1,Interstate,I-55,,50,50,38.37955556,38.37955556,-90.380277780,-90.380277780,0,No Special Jurisdiction,12,Motor Vehicle In-Transport,1,Front-to-Rear,0,No,1,Non-Junction,1,Not an Intersection,0,None,,,1,On Roadway,2,Dark - Not Lighted,,,,,10,Cloudy,0,No,0000000,Not Applicable,0,0:00am-0:59am,56,56,1,1:00am-1:59am,15,15,1,1:00am-1:59am,58,58,,,,,,,1,
2021,29,290377,Missouri,2,2,0,0,0,4,4,221,WASHINGTON (221),0,NOT APPLICABLE,13,13,6,June,2021,1,Sunday,15,3:00pm-3:59pm,15,15,0,This section IS NOT on the NHS,1,Rural,5,Major Collector,1,State Highway Agency,3,State Highway,SR-185,,130,130,38.07266667,38.07266667,-90.979750000,-90.979750000,0,No Special Jurisdiction,12,Motor Vehicle In-Transport,2,Front-to-Front,0,No,1,Non-Junction,1,Not an Intersection,0,None,,,1,On Roadway,1,Daylight,,,,,1,Clear,0,No,0000000,Not Applicable,15,3:00pm-3:59pm,28,28,15,3:00pm-3:59pm,51,51,17,5:00pm-5:59pm,20,20,,,,,,,2,
2021,29,290378,Missouri,2,2,0,0,0,3,3,510,ST. LOUIS (CITY) (510),7080,ST. LOUIS,13,13,6,June,2021,1,Sunday,0,0:00am-0:59am,42,42,1,This section IS ON the NHS,2,Urban,3,Principal Arterial - Other,1,State Highway Agency,3,State Highway,SR-30,RP 6139,60,60,38.60811111,38.60811111,-90.213580560,-90.213580560,0,No Special Jurisdiction,12,Motor Vehicle In-Transport,6,Angle,0,No,2,Intersection,3,T-Intersection,0,None,,,1,On Roadway,3,Dark - Lighted,,,,,1,Clear,0,No,0000000,Not Applicable,0,0:00am-0:59am,45,45,0,0:00am-0:59am,53,53,1,1:00am-1:59am,26,26,,,,,,,2,
2021,29,290379,Missouri,1,1,0,0,0,1,1,7,AUDRAIN (7),0,NOT APPLICABLE,13,13,6,June,2021,1,Sunday,15,3:00pm-3:59pm,28,28,0,This section IS NOT on the NHS,1,Rural,5,Major Collector,1,State Highway Agency,3,State Highway,SR-B,,120,120,39.17125000,39.17125000,-91.723388890,-91.723388890,0,No Special Jurisdiction,34,Ditch,0,The First Harmful Event was Not a Collision with a Motor Vehicle in Transport,0,No,1,Non-Junction,1,Not an Intersection,0,None,,,4,On Roadside,1,Daylight,,,,,1,Clear,0,No,0000000,Not Applicable,15,3:00pm-3:59pm,37,37,16,4:00pm-4:59pm,3,3,16,4:00pm-4:59pm,36,36,,,,,,,1,
2021,29,290380,Missouri,2,2,0,0,0,2,2,510,ST. LOUIS (CITY) (510),7080,ST. LOUIS,11,11,6,June,2021,6,Friday,1,1:00am-1:59am,22,22,1,This section IS ON the NHS,2,Urban,3,Principal Arterial - Other,4,City or Municipal Highway Agency,6,Local Street - Municipality,PARNELL ST,ST LOUIS AVE,0,None,38.65298889,38.65298889,-90.211002780,-90.211002780,0,No Special Jurisdiction,12,Motor Vehicle In-Transport,99,Reported as Unknown,0,No,2,Intersection,2,Four-Way Intersection,0,None,,,1,On Roadway,3,Dark - Lighted,,,,,1,Clear,0,No,0000000,Not Applicable,0,0:00am-0:59am,39,39,0,0:00am-0:59am,41,41,1,1:00am-1:59am,39,39,,,,,,,1,
2021,29,290381,Missouri,1,1,0,0,0,5,5,97,JASPER (97),0,NOT APPLICABLE,13,13,6,June,2021,1,Sunday,2,2:00am-2:59am,0,0,0,This section IS NOT on the NHS,1,Rural,7,Local,2,County Highway Agency,4,County Road,CR-KAFIR RD,,90,90,37.21358333,37.21358333,-94.447194440,-94.447194440,0,No Special Jurisdiction,34,Ditch,0,The First Harmful Event was Not a Collision with a Motor Vehicle in Transport,0,No,1,Non-Junction,1,Not an Intersection,0,None,,,4,On Roadside,2,Dark - Not Lighted,,,,,10,Cloudy,0,No,0000000,Not Applicable,2,2:00am-2:59am,17,17,2,2:00am-2:59am,36,36,3,3:00am-3:59am,11,11,,,,,,,1,
2021,29,290382,Missouri,2,2,0,0,0,3,3,9,BARRY (9),0,NOT APPLICABLE,13,13,6,June,2021,1,Sunday,10,10:00am-10:59am,23,23,0,This section IS NOT on the NHS,1,Rural,5,Major Collector,1,State Highway Agency,3,State Highway,SR-86,,390,390,36.51186111,36.51186111,-93.694694440,-93.694694440,0,No Special Jurisdiction,12,Motor Vehicle In-Transport,2,Front-to-Front,0,No,1,Non-Junction,1,Not an Intersection,0,None,,,1,On Roadway,1,Daylight,,,,,1,Clear,0,No,0000000,Not Applicable,99,Unknown,99,Unknown,99,Unknown EMS Scene Arrival Hour,99,Unknown EMS Scene Arrival Minutes,99,Unknown,99,Unknown EMS Hospital Arrival Time,,,,,,,1,
2021,29,290383,Missouri,1,1,0,0,0,1,1,225,WEBSTER (225),0,NOT APPLICABLE,13,13,6,June,2021,1,Sunday,11,11:00am-11:59am,50,50,0,This section IS NOT on the NHS,1,Rural,7,Local,2,County Highway Agency,4,County Road,CR-PORTER CROSSING RD,,20,20,37.12236111,37.12236111,-93.002083330,-93.002083330,0,No Special Jurisdiction,10,Railway Vehicle,0,The First Harmful Event was Not a Collision with a Motor Vehicle in Transport,0,No,6,"Railway Grade Crossing ",1,Not an Intersection,0,None,,,1,On Roadway,1,Daylight,,,,,1,Clear,0,No,667623D,667623D,99,Unknown,98,Unknown if Notified,99,Unknown EMS Scene Arrival Hour,98,Unknown if Arrived,88,"Not Applicable (Not Transported) ",88,Not Applicable (Not Transported),,,,,,,1,
2021,29,290384,Missouri,2,2,0,0,0,2,2,165,PLATTE (165),4120,KANSAS CITY,13,13,6,June,2021,1,Sunday,3,3:00am-3:59am,9,9,1,This section IS ON the NHS,2,Urban,2,Principal Arterial - Other Freeways and Expressways,1,State Highway Agency,3,State Highway,SR-152,,70,70,39.25417222,39.25417222,-94.636727780,-94.636727780,0,No Special Jurisdiction,12,Motor Vehicle In-Transport,2,Front-to-Front,0,No,1,Non-Junction,1,Not an Intersection,0,None,,,1,On Roadway,3,Dark - Lighted,,,,,1,Clear,0,No,0000000,Not Applicable,99,Unknown,98,Unknown if Notified,99,Unknown EMS Scene Arrival Hour,98,Unknown if Arrived,88,"Not Applicable (Not Transported) ",88,Not Applicable (Not Transported),,,,,,,1,
2021,29,290385,Missouri,1,1,0,0,0,1,1,213,TANEY (213),0,NOT APPLICABLE,13,13,6,June,2021,1,Sunday,12,12:00pm-12:59pm,28,28,0,This section IS NOT on the NHS,1,Rural,4,Minor Arterial,1,State Highway Agency,2,U.S. Highway,US-160,,220,220,36.68122222,36.68122222,-93.037972220,-93.037972220,0,No Special Jurisdiction,42,Tree (Standing Only),0,The First Harmful Event was Not a Collision with a Motor Vehicle in Transport,0,No,1,Non-Junction,1,Not an Intersection,0,None,,,4,On Roadside,1,Daylight,,,,,1,Clear,0,No,0000000,Not Applicable,12,12:00pm-12:59pm,30,30,12,12:00pm-12:59pm,37,37,99,Unknown,99,Unknown EMS Hospital Arrival Time,,,,,,,1,
2021,29,290386,Missouri,2,2,0,0,0,2,2,95,JACKSON (95),4120,KANSAS CITY,15,15,6,June,2021,3,Tuesday,10,10:00am-10:59am,33,33,1,This section IS ON the NHS,2,Urban,3,Principal Arterial - Other,4,City or Municipal Highway Agency,6,Local Street - Municipality,INDEPENDENCE AVE,WILSON AVE,20,20,39.10510833,39.10510833,-94.514400000,-94.514400000,0,No Special Jurisdiction,12,Motor Vehicle In-Transport,6,Angle,0,No,2,Intersection,3,T-Intersection,0,None,,,1,On Roadway,1,Daylight,,,,,1,Clear,0,No,0000000,Not Applicable,10,10:00am-10:59am,34,34,10,10:00am-10:59am,37,37,11,11:00am-11:59am,40,40,,,,,,,1,
2021,29,290387,Missouri,1,1,0,0,0,1,1,91,HOWELL (91),0,NOT APPLICABLE,15,15,6,June,2021,3,Tuesday,1,1:00am-1:59am,35,35,0,This section IS NOT on the NHS,1,Rural,5,Major Collector,1,State Highway Agency,3,State Highway,SR-142,,250,250,36.50388889,36.50388889,-91.703027780,-91.703027780,0,No Special Jurisdiction,1,Rollover/Overturn,0,The First Harmful Event was Not a Collision with a Motor Vehicle in Transport,0,No,1,Non-Junction,1,Not an Intersection,0,None,,,4,On Roadside,3,Dark - Lighted,,,,,1,Clear,0,No,0000000,Not Applicable,7,7:00am-7:59am,52,52,8,8:00am-8:59am,15,15,9,9:00am-9:59am,33,33,,,,,,,1,
2021,29,290388,Missouri,2,2,0,0,0,2,2,177,RAY (177),0,NOT APPLICABLE,15,15,6,June,2021,3,Tuesday,7,7:00am-7:59am,3,3,0,This section IS NOT on the NHS,1,Rural,4,Minor Arterial,1,State Highway Agency,3,State Highway,SR-13,,100,100,39.39127778,39.39127778,-93.999861110,-93.999861110,0,No Special Jurisdiction,12,Motor Vehicle In-Transport,2,Front-to-Front,0,No,1,Non-Junction,1,Not an Intersection,0,None,,,1,On Roadway,1,Daylight,,,,,1,Clear,0,No,0000000,Not Applicable,8,8:00am-8:59am,24,24,8,8:00am-8:59am,36,36,9,9:00am-9:59am,34,34,,,,,,,1,
2021,29,290389,Missouri,1,1,0,0,0,1,1,189,ST LOUIS (189),2780,FLORISSANT,15,15,6,June,2021,3,Tuesday,22,10:00pm-10:59pm,1,1,0,This section IS NOT on the NHS,2,Urban,5,Major Collector,2,County Highway Agency,6,Local Street - Municipality,WATERFORD DR,,10,10,38.79084167,38.79084167,-90.301352780,-90.301352780,0,No Special Jurisdiction,42,Tree (Standing Only),0,The First Harmful Event was Not a Collision with a Motor Vehicle in Transport,0,No,1,Non-Junction,1,Not an Intersection,0,None,,,4,On Roadside,3,Dark - Lighted,,,,,1,Clear,0,No,0000000,Not Applicable,99,Unknown,98,Unknown if Notified,99,Unknown EMS Scene Arrival Hour,98,Unknown if Arrived,88,"Not Applicable (Not Transported) ",88,Not Applicable (Not Transported),,,,,,,1,
2021,29,290390,Missouri,2,2,0,0,0,3,3,167,POLK (167),5420,MORRISVILLE,15,15,6,June,2021,3,Tuesday,20,8:00pm-8:59pm,5,5,0,This section IS NOT on the NHS,1,Rural,5,Major Collector,1,State Highway Agency,3,State Highway,SR-215,,130,130,37.48277778,37.48277778,-93.434888890,-93.434888890,0,No Special Jurisdiction,12,Motor Vehicle In-Transport,2,Front-to-Front,0,No,1,Non-Junction,1,Not an Intersection,0,None,,,4,On Roadside,1,Daylight,,,,,1,Clear,0,No,0000000,Not Applicable,99,Unknown,98,Unknown if Notified,99,Unknown EMS Scene Arrival Hour,98,Unknown if Arrived,88,"Not Applicable (Not Transported) ",88,Not Applicable (Not Transported),,,,,,,1,
2021,29,290391,Missouri,2,2,0,0,0,3,3,51,COLE (51),0,NOT APPLICABLE,15,15,6,June,2021,3,Tuesday,7,7:00am-7:59am,37,37,1,This section IS ON the NHS,2,Urban,3,Principal Arterial - Other,1,State Highway Agency,2,U.S. Highway,US-54,CR-BUFFALO RD,120,120,38.50405556,38.50405556,-92.264111110,-92.264111110,0,No Special Jurisdiction,12,Motor Vehicle In-Transport,6,Angle,0,No,2,Intersection,2,Four-Way Intersection,0,None,,,1,On Roadway,1,Daylight,,,,,1,Clear,0,No,0000000,Not Applicable,7,7:00am-7:59am,41,41,7,7:00am-7:59am,48,48,8,8:00am-8:59am,36,36,,,,,,,1,
2021,29,290392,Missouri,1,1,0,0,0,1,1,105,LACLEDE (105),0,NOT APPLICABLE,17,17,6,June,2021,5,Thursday,12,12:00pm-12:59pm,20,20,0,This section IS NOT on the NHS,1,Rural,7,Local,2,County Highway Agency,4,County Road,CR-OSTRICH DR,,20,20,37.59883333,37.59883333,-92.667916670,-92.667916670,0,No Special Jurisdiction,1,Rollover/Overturn,0,The First Harmful Event was Not a Collision with a Motor Vehicle in Transport,0,No,1,Non-Junction,1,Not an Intersection,0,None,,,1,On Roadway,1,Daylight,,,,,1,Clear,0,No,0000000,Not Applicable,12,12:00pm-12:59pm,22,22,12,12:00pm-12:59pm,35,35,13,1:00pm-1:59pm,17,17,,,,,,,1,
2021,29,290393,Missouri,1,1,0,0,0,2,2,161,PHELPS (161),0,NOT APPLICABLE,16,16,6,June,2021,4,Wednesday,14,2:00pm-2:59pm,3,3,0,This section IS NOT on the NHS,1,Rural,7,Local,2,County Highway Agency,4,County Road,CR-5240,,10,10,37.84972222,37.84972222,-91.777777780,-91.777777780,0,No Special Jurisdiction,34,Ditch,0,The First Harmful Event was Not a Collision with a Motor Vehicle in Transport,0,No,1,Non-Junction,1,Not an Intersection,0,None,,,4,On Roadside,1,Daylight,,,,,1,Clear,0,No,0000000,Not Applicable,14,2:00pm-2:59pm,18,18,14,2:00pm-2:59pm,37,37,15,3:00pm-3:59pm,6,6,,,,,,,1,
2021,29,290394,Missouri,2,2,0,0,0,2,2,127,MARION (127),3470,HANNIBAL,16,16,6,June,2021,4,Wednesday,16,4:00pm-4:59pm,40,40,1,This section IS ON the NHS,2,Urban,3,Principal Arterial - Other,1,State Highway Agency,2,U.S. Highway,US-61,MARSH AVE,220,220,39.71640278,39.71640278,-91.391994440,-91.391994440,0,No Special Jurisdiction,1,Rollover/Overturn,0,The First Harmful Event was Not a Collision with a Motor Vehicle in Transport,0,No,2,Intersection,3,T-Intersection,0,None,,,1,On Roadway,1,Daylight,,,,,1,Clear,0,No,0000000,Not Applicable,99,Unknown,98,Unknown if Notified,99,Unknown EMS Scene Arrival Hour,98,Unknown if Arrived,88,"Not Applicable (Not Transported) ",88,Not Applicable (Not Transported),,,,,,,1,
2021,29,290395,Missouri,1,1,0,0,0,1,1,43,CHRISTIAN (43),0,NOT APPLICABLE,16,16,6,June,2021,4,Wednesday,20,8:00pm-8:59pm,15,15,0,This section IS NOT on the NHS,1,Rural,7,Local,2,County Highway Agency,4,County Road,CR- JOHNS FORD RD,,10,10,37.04625000,37.04625000,-93.021805560,-93.021805560,0,No Special Jurisdiction,42,Tree (Standing Only),0,The First Harmful Event was Not a Collision with a Motor Vehicle in Transport,0,No,1,Non-Junction,1,Not an Intersection,0,None,,,4,On Roadside,1,Daylight,,,,,1,Clear,0,No,0000000,Not Applicable,20,8:00pm-8:59pm,30,30,20,8:00pm-8:59pm,44,44,21,9:00pm-9:59pm,10,10,,,,,,,1,
2021,29,290396,Missouri,1,1,0,0,0,1,1,186,STE GENEVIEVE (186),0,NOT APPLICABLE,16,16,6,June,2021,4,Wednesday,9,9:00am-9:59am,0,0,0,This section IS NOT on the NHS,1,Rural,5,Major Collector,1,State Highway Agency,3,State Highway,SR-D,,20,20,37.88322222,37.88322222,-90.421333330,-90.421333330,0,No Special Jurisdiction,42,Tree (Standing Only),0,The First Harmful Event was Not a Collision with a Motor Vehicle in Transport,0,No,1,Non-Junction,1,Not an Intersection,0,None,,,4,On Roadside,1,Daylight,,,,,1,Clear,0,No,0000000,Not Applicable,9,9:00am-9:59am,3,3,9,9:00am-9:59am,16,16,88,"Not Applicable (Not Transported) ",88,Not Applicable (Not Transported),,,,,,,1,
2021,29,290397,Missouri,1,1,0,0,0,2,2,99,JEFFERSON (99),0,NOT APPLICABLE,18,18,6,June,2021,6,Friday,14,2:00pm-2:59pm,4,4,0,This section IS NOT on the NHS,1,Rural,7,Local,2,County Highway Agency,4,County Road,CR-ALLEN RD,,0,None,38.30266667,38.30266667,-90.493111110,-90.493111110,0,No Special Jurisdiction,42,Tree (Standing Only),0,The First Harmful Event was Not a Collision with a Motor Vehicle in Transport,0,No,1,Non-Junction,1,Not an Intersection,0,None,,,4,On Roadside,1,Daylight,,,,,10,Cloudy,0,No,0000000,Not Applicable,14,2:00pm-2:59pm,3,3,14,2:00pm-2:59pm,22,22,14,2:00pm-2:59pm,59,59,,,,,,,1,
2021,29,290398,Missouri,1,1,0,0,0,1,1,7,AUDRAIN (7),5170,MEXICO,19,19,6,June,2021,7,Saturday,19,7:00pm-7:59pm,53,53,0,This section IS NOT on the NHS,2,Urban,7,Local,4,City or Municipal Highway Agency,6,Local Street - Municipality,CURTIS ST,,10,10,39.17681111,39.17681111,-91.894336110,-91.894336110,0,No Special Jurisdiction,5,Fell/Jumped from Vehicle,0,The First Harmful Event was Not a Collision with a Motor Vehicle in Transport,0,No,1,Non-Junction,1,Not an Intersection,0,None,,,1,On Roadway,1,Daylight,,,,,10,Cloudy,0,No,0000000,Not Applicable,19,7:00pm-7:59pm,56,56,20,8:00pm-8:59pm,3,3,20,8:00pm-8:59pm,13,13,,,,,,,1,
2021,29,290399,Missouri,1,1,0,0,0,2,2,111,LEWIS (111),0,NOT APPLICABLE,19,19,6,June,2021,7,Saturday,22,10:00pm-10:59pm,0,0,0,This section IS NOT on the NHS,1,Rural,7,Local,2,County Highway Agency,4,County Road,CR-293,,0,None,39.97275000,39.97275000,-91.680361110,-91.680361110,0,No Special Jurisdiction,1,Rollover/Overturn,0,The First Harmful Event was Not a Collision with a Motor Vehicle in Transport,0,No,1,Non-Junction,1,Not an Intersection,0,None,,,4,On Roadside,2,Dark - Not Lighted,,,,,10,Cloudy,0,No,0000000,Not Applicable,22,10:00pm-10:59pm,8,8,22,10:00pm-10:59pm,48,48,23,11:00pm-11:59pm,25,25,,,,,,,1,
2021,29,290400,Missouri,1,1,0,0,0,1,1,95,JACKSON (95),4120,KANSAS CITY,19,19,6,June,2021,7,Saturday,23,11:00pm-11:59pm,9,9,1,This section IS ON the NHS,2,Urban,1,Interstate,1,State Highway Agency,1,Interstate,I-70 RP 901518,,0,None,39.10676389,39.10676389,-94.593102780,-94.593102780,0,No Special Jurisdiction,25,Concrete Traffic Barrier,0,The First Harmful Event was Not a Collision with a Motor Vehicle in Transport,1,Yes,5,Entrance/Exit Ramp Related,1,Not an Intersection,0,None,,,4,On Roadside,3,Dark - Lighted,,,,,1,Clear,0,No,0000000,Not Applicable,23,11:00pm-11:59pm,9,9,23,11:00pm-11:59pm,16,16,23,11:00pm-11:59pm,50,50,,,,,,,1,