caseyear,state,st_case,statename,ve_total,ve_forms,pvh_invl,peds,pernotmvit,permvit,persons,county,countyname,city,cityname,day,dayname,month,monthname,year,day_week,day_weekname,hour,hourname,minute,minutename,nhs,nhsname,rur_urb,rur_urbname,func_sys,func_sysname,rd_owner,rd_ownername,route,routename,tway_id,tway_id2,milept,mileptname,latitude,latitudename,longitud,longitudname,sp_jur,sp_jurname,harm_ev,harm_evname,man_coll,man_collname,reljct1,reljct1name,reljct2,reljct2name,typ_int,typ_intname,wrk_zone,wrk_zonename,road_fnc,road_fncname,rel_road,rel_roadname,lgt_cond,lgt_condname,weather1,weather1name,weather2,weather2name,weather,weathername,sch_bus,sch_busname,rail,railname,not_hour,not_hourname,not_min,not_minname,arr_hour,arr_hourname,arr_min,arr_minname,hosp_hr,hosp_hrname,hosp_mn,hosp_mnname,cf1,cf1name,cf2,cf2name,cf3,cf3name,fatals,drunk_dr
2021,29,290438,Missouri,1,1,0,0,0,1,1,186,STE GENEVIEVE (186),0,NOT APPLICABLE,1,1,7,July,2021,5,Thursday,16,4:00pm-4:59pm,45,45,0,This section IS NOT on the NHS,1,Rural,5,Major Collector,1,State Highway Agency,2,U.S. Highway,US-61,,120,120,37.96563889,37.96563889,-90.165277780,-90.165277780,0,No Special Jurisdiction,34,Ditch,0,The First Harmful Event was Not a Collision with a Motor Vehicle in Transport,0,No,1,Non-Junction,1,Not an Intersection,0,None,,,4,On Roadside,1,Daylight,,,,,1,Clear,0,No,0000000,Not Applicable,99,Unknown,98,Unknown if Notified,99,Unknown EMS Scene Arrival Hour,98,Unknown if Arrived,88,"Not Applicable (Not Transported) ",88,Not Applicable (Not Transported),,,,,,,1,
2021,29,290439,Missouri,1,1,0,0,0,3,3,229,WRIGHT (229),0,NOT APPLICABLE,2,2,7,July,2021,6,Friday,20,8:00pm-8:59pm,6,6,0,This section IS NOT on the NHS,1,Rural,7,Local,2,County Highway Agency,4,County Road,CR-OWENS RD,,0,None,37.21880556,37.21880556,-92.399083330,-92.399083330,0,No Special Jurisdiction,1,Rollover/Overturn,0,The First Harmful Event was Not a Collision with a Motor Vehicle in Transport,0,No,1,Non-Junction,1,Not an Intersection,0,None,,,4,On Roadside,1,Daylight,,,,,1,Clear,0,No,0000000,Not Applicable,20,8:00pm-8:59pm,19,19,20,8:00pm-8:59pm,34,34,99,Unknown,99,Unknown EMS Hospital Arrival Time,,,,,,,1,
2021,29,290440,Missouri,2,2,0,0,0,2,2,141,MORGAN (141),0,NOT APPLICABLE,3,3,7,July,2021,7,Saturday,22,10:00pm-10:59pm,8,8,0,This section IS NOT on the NHS,1,Rural,4,Minor Arterial,1,State Highway Agency,3,State Highway,SR-52,,90,90,38.43115278,38.43115278,-92.910722220,-92.910722220,0,No Special Jurisdiction,12,Motor Vehicle In-Transport,6,Angle,0,No,8,Driveway Access Related,1,Not an Intersection,0,None,,,1,On Roadway,2,Dark - Not Lighted,,,,,1,Clear,0,No,0000000,Not Applicable,99,Unknown,98,Unknown if Notified,99,Unknown EMS Scene Arrival Hour,98,Unknown if Arrived,88,"Not Applicable (Not Transported) ",88,Not Applicable (Not Transported),,,,,,,1,
2021,29,290441,Missouri,3,3,0,0,0,3,3,97,JASPER (97),2343,DUQUESNE,3,3,7,July,2021,7,Saturday,8,8:00am-8:59am,47,47,1,This section IS ON the NHS,2,Urban,3,Principal Arterial - Other,1,State Highway Agency,3,State Highway,SR-66,DUQUESNE RD,90,90,37.08381944,37.08381944,-94.459130560,-94.459130560,0,No Special Jurisdiction,12,Motor Vehicle In-Transport,6,Angle,0,No,2,Intersection,2,Four-Way Intersection,0,None,,,1,On Roadway,1,Daylight,,,,,10,Cloudy,0,No,0000000,Not Applicable,8,8:00am-8:59am,50,50,8,8:00am-8:59am,56,56,9,9:00am-9:59am,26,26,,,,,,,1,
2021,29,290442,Missouri,1,1,0,1,1,1,1,99,JEFFERSON (99),0,NOT APPLICABLE,3,3,7,July,2021,7,Saturday,21,9:00pm-9:59pm,27,27,1,This section IS ON the NHS,2,Urban,2,Principal Arterial - Other Freeways and Expressways,1,State Highway Agency,3,State Highway,SR-30,,230,230,38.50116667,38.50116667,-90.459916670,-90.459916670,0,No Special Jurisdiction,8,Pedestrian,0,The First Harmful Event was Not a Collision with a Motor Vehicle in Transport,0,No,1,Non-Junction,1,Not an Intersection,0,None,,,1,On Roadway,2,Dark - Not Lighted,,,,,1,Clear,0,No,0000000,Not Applicable,21,9:00pm-9:59pm,28,28,21,9:00pm-9:59pm,36,36,88,"Not Applicable (Not Transported) ",88,Not Applicable (Not Transported),,,,,,,1,
2021,29,290443,Missouri,2,2,0,0,0,4,4,77,GREENE (77),0,NOT APPLICABLE,4,4,7,July,2021,1,Sunday,1,1:00am-1:59am,5,5,0,This section IS NOT on the NHS,1,Rural,5,Major Collector,1,State Highway Agency,3,State Highway,SR-266,CR-35,20,20,37.19285556,37.19285556,-93.569144440,-93.569144440,0,No Special Jurisdiction,12,Motor Vehicle In-Transport,6,Angle,0,No,2,Intersection,2,Four-Way Intersection,0,None,,,1,On Roadway,2,Dark - Not Lighted,,,,,1,Clear,0,No,0000000,Not Applicable,1,1:00am-1:59am,3,3,1,1:00am-1:59am,19,19,1,1:00am-1:59am,52,52,,,,,,,1,
2021,29,290444,Missouri,1,1,0,1,1,2,2,59,DALLAS (59),0,NOT APPLICABLE,4,4,7,July,2021,1,Sunday,22,10:00pm-10:59pm,35,35,0,This section IS NOT on the NHS,1,Rural,4,Minor Arterial,1,State Highway Agency,3,State Highway,SR-32,,70,70,37.63528056,37.63528056,-93.054925000,-93.054925000,0,No Special Jurisdiction,8,Pedestrian,0,The First Harmful Event was Not a Collision with a Motor Vehicle in Transport,0,No,1,Non-Junction,1,Not an Intersection,0,None,,,1,On Roadway,2,Dark - Not Lighted,,,,,1,Clear,0,No,0000000,Not Applicable,99,Unknown,98,Unknown if Notified,99,Unknown EMS Scene Arrival Hour,98,Unknown if Arrived,88,"Not Applicable (Not Transported) ",88,Not Applicable (Not Transported),,,,,,,1,
2021,29,290445,Missouri,1,1,0,0,0,1,1,99,JEFFERSON (99),0,NOT APPLICABLE,7,7,7,July,2021,4,Wednesday,99,Unknown Hours,99,Unknown Minutes,0,This section IS NOT on the NHS,2,Urban,4,Minor Arterial,1,State Highway Agency,2,U.S. Highway,US-61,,110,110,38.32544444,38.32544444,-90.399891670,-90.399891670,0,No Special Jurisdiction,1,Rollover/Overturn,0,The First Harmful Event was Not a Collision with a Motor Vehicle in Transport,0,No,1,Non-Junction,1,Not an Intersection,0,None,,,1,On Roadway,2,Dark - Not Lighted,,,,,1,Clear,0,No,0000000,Not Applicable,13,1:00pm-1:59pm,12,12,13,1:00pm-1:59pm,17,17,88,"Not Applicable (Not Transported) ",88,Not Applicable (Not Transported),,,,,,,1,
2021,29,290446,Missouri,1,1,0,0,0,2,2,37,CASS (37),0,NOT APPLICABLE,6,6,7,July,2021,3,Tuesday,17,5:00pm-5:59pm,18,18,0,This section IS NOT on the NHS,1,Rural,7,Local,2,County Highway Agency,4,County Road,CR-171ST ST,,20,20,38.80411111,38.80411111,-94.135277780,-94.135277780,0,No Special Jurisdiction,24,Guardrail Face,0,The First Harmful Event was Not a Collision with a Motor Vehicle in Transport,0,No,1,Non-Junction,1,Not an Intersection,0,None,,,4,On Roadside,1,Daylight,,,,,1,Clear,0,No,0000000,Not Applicable,99,Unknown,99,Unknown,99,Unknown EMS Scene Arrival Hour,99,Unknown EMS Scene Arrival Minutes,99,Unknown,99,Unknown EMS Hospital Arrival Time,,,,,,,1,
2021,29,290447,Missouri,2,2,0,0,0,2,2,27,CALLAWAY (27),0,NOT APPLICABLE,6,6,7,July,2021,3,Tuesday,17,5:00pm-5:59pm,20,20,0,This section IS NOT on the NHS,1,Rural,7,Local,2,County Highway Agency,4,County Road,CR-228,,20,20,38.90598611,38.90598611,-92.083161110,-92.083161110,0,No Special Jurisdiction,12,Motor Vehicle In-Transport,2,Front-to-Front,0,No,1,Non-Junction,1,Not an Intersection,0,None,,,1,On Roadway,1,Daylight,,,,,1,Clear,0,No,0000000,Not Applicable,99,Unknown,98,Unknown if Notified,99,Unknown EMS Scene Arrival Hour,98,Unknown if Arrived,88,"Not Applicable (Not Transported) ",88,Not Applicable (Not Transported),,,,,,,1,
2021,29,290448,Missouri,2,2,0,0,0,3,3,189,ST LOUIS (189),4240,KIRKWOOD,7,7,7,July,2021,4,Wednesday,0,0:00am-0:59am,31,31,1,This section IS ON the NHS,2,Urban,1,Interstate,1,State Highway Agency,1,Interstate,I-270,,90,90,38.56561111,38.56561111,-90.440083330,-90.440083330,0,No Special Jurisdiction,25,Concrete Traffic Barrier,0,The First Harmful Event was Not a Collision with a Motor Vehicle in Transport,0,No,1,Non-Junction,1,Not an Intersection,0,None,,,3,On Median,2,Dark - Not Lighted,,,,,10,Cloudy,0,No,0000000,Not Applicable,0,0:00am-0:59am,28,28,0,0:00am-0:59am,37,37,0,0:00am-0:59am,56,56,,,,,,,1,
2021,29,290449,Missouri,1,1,0,2,2,2,2,189,ST LOUIS (189),4240,KIRKWOOD,7,7,7,July,2021,4,Wednesday,0,0:00am-0:59am,32,32,1,This section IS ON the NHS,2,Urban,1,Interstate,1,State Highway Agency,1,Interstate,I-270,,270,270,38.56560833,38.56560833,-90.440125000,-90.440125000,0,No Special Jurisdiction,8,Pedestrian,0,The First Harmful Event was Not a Collision with a Motor Vehicle in Transport,0,No,1,Non-Junction,1,Not an Intersection,0,None,,,1,On Roadway,2,Dark - Not Lighted,,,,,10,Cloudy,0,No,0000000,Not Applicable,0,0:00am-0:59am,28,28,0,0:00am-0:59am,34,34,88,"Not Applicable (Not Transported) ",88,Not Applicable (Not Transported),,,,,,,2,
2021,29,290450,Missouri,3,3,0,0,0,6,6,5,ATCHISON (5),0,NOT APPLICABLE,7,7,7,July,2021,4,Wednesday,19,7:00pm-7:59pm,38,38,1,This section IS ON the NHS,1,Rural,1,Interstate,1,State Highway Agency,1,Interstate,I-29,,90,90,40.37839722,40.37839722,-95.539438890,-95.539438890,0,No Special Jurisdiction,12,Motor Vehicle In-Transport,7,Sideswipe - Same Direction,0,No,1,Non-Junction,1,Not an Intersection,0,None,,,1,On Roadway,1,Daylight,,,,,1,Clear,0,No,0000000,Not Applicable,99,Unknown,98,Unknown if Notified,99,Unknown EMS Scene Arrival Hour,98,Unknown if Arrived,88,"Not Applicable (Not Transported) ",88,Not Applicable (Not Transported),,,,,,,1,
2021,29,290451,Missouri,2,2,0,0,0,2,2,95,JACKSON (95),4120,KANSAS CITY,8,8,4,April,2021,5,Thursday,15,3:00pm-3:59pm,30,30,0,This section IS NOT on the NHS,2,Urban,4,Minor Arterial,4,City or Municipal Highway Agency,6,Local Street - Municipality,HARDESTY AVE,E 23RD ST,20,20,39.08328889,39.08328889,-94.519908330,-94.519908330,0,No Special Jurisdiction,12,Motor Vehicle In-Transport,1,Front-to-Rear,0,No,3,Intersection-Related,2,Four-Way Intersection,0,None,,,1,On Roadway,1,Daylight,,,,,2,Rain,0,No,0000000,Not Applicable,99,Unknown,98,Unknown if Notified,99,Unknown EMS Scene Arrival Hour,98,Unknown if Arrived,88,"Not Applicable (Not Transported) ",88,Not Applicable (Not Transported),,,,,,,1,
2021,29,290452,Missouri,2,2,0,0,0,8,8,187,ST FRANCOIS (187),0,NOT APPLICABLE,3,3,7,July,2021,7,Saturday,23,11:00pm-11:59pm,40,40,1,This section IS ON the NHS,1,Rural,3,Principal Arterial - Other,1,State Highway Agency,2,U.S. Highway,US-67,SR-Y,310,310,38.01085833,38.01085833,-90.487533330,-90.487533330,0,No Special Jurisdiction,12,Motor Vehicle In-Transport,6,Angle,0,No,2,Intersection,2,Four-Way Intersection,0,None,,,1,On Roadway,2,Dark - Not Lighted,,,,,1,Clear,0,No,0000000,Not Applicable,23,11:00pm-11:59pm,38,38,23,11:00pm-11:59pm,38,38,0,0:00am-0:59am,12,12,,,,,,,1,
2021,29,290453,Missouri,1,1,0,0,0,1,1,95,JACKSON (95),4120,KANSAS CITY,7,7,7,July,2021,4,Wednesday,2,2:00am-2:59am,28,28,1,This section IS ON the NHS,2,Urban,3,Principal Arterial - Other,1,State Highway Agency,2,U.S. Highway,US-40,,90,90,39.06346111,39.06346111,-94.490952780,-94.490952780,0,No Special Jurisdiction,33,Curb,0,The First Harmful Event was Not a Collision with a Motor Vehicle in Transport,1,Yes,19,Other location within Interchange Area,1,Not an Intersection,0,None,,,4,On Roadside,6,Dark - Unknown Lighting,,,,,1,Clear,0,No,0000000,Not Applicable,2,2:00am-2:59am,29,29,2,2:00am-2:59am,34,34,88,"Not Applicable (Not Transported) ",88,Not Applicable (Not Transported),,,,,,,1,
2021,29,290454,Missouri,1,1,0,0,0,1,1,79,GRUNDY (79),0,NOT APPLICABLE,9,9,7,July,2021,6,Friday,14,2:00pm-2:59pm,50,50,0,This section IS NOT on the NHS,1,Rural,7,Local,2,County Highway Agency,4,County Road,CR-SE 60TH ST,,10,10,39.99616667,39.99616667,-93.390750000,-93.390750000,0,No Special Jurisdiction,42,Tree (Standing Only),0,The First Harmful Event was Not a Collision with a Motor Vehicle in Transport,0,No,1,Non-Junction,1,Not an Intersection,0,None,,,4,On Roadside,1,Daylight,,,,,1,Clear,0,No,0000000,Not Applicable,15,3:00pm-3:59pm,4,4,15,3:00pm-3:59pm,27,27,16,4:00pm-4:59pm,24,24,,,,,,,1,
2021,29,290455,Missouri,1,1,0,0,0,1,1,31,CAPE GIRARDEAU (31),0,NOT APPLICABLE,10,10,7,July,2021,7,Saturday,99,Unknown Hours,99,Unknown Minutes,0,This section IS NOT on the NHS,1,Rural,5,Major Collector,1,State Highway Agency,3,State Highway,SR-C,,40,40,37.54563889,37.54563889,-89.628083330,-89.628083330,0,No Special Jurisdiction,42,Tree (Standing Only),0,The First Harmful Event was Not a Collision with a Motor Vehicle in Transport,0,No,1,Non-Junction,1,Not an Intersection,0,None,,,4,On Roadside,9,Reported as Unknown,,,,,99,Reported as Unknown,0,No,0000000,Not Applicable,99,Unknown,98,Unknown if Notified,99,Unknown EMS Scene Arrival Hour,98,Unknown if Arrived,88,"Not Applicable (Not Transported) ",88,Not Applicable (Not Transported),,,,,,,1,
2021,29,290456,Missouri,2,2,0,0,0,4,4,189,ST LOUIS (189),774,BLACK JACK,10,10,7,July,2021,7,Saturday,10,10:00am-10:59am,15,15,0,This section IS NOT on the NHS,2,Urban,4,Minor Arterial,2,County Highway Agency,4,County Road,CR-OLD HALLS FERRY RD,,40,40,38.78989444,38.78989444,-90.270363890,-90.270363890,0,No Special Jurisdiction,12,Motor Vehicle In-Transport,2,Front-to-Front,0,No,1,Non-Junction,1,Not an Intersection,0,None,,,1,On Roadway,1,Daylight,,,,,10,Cloudy,0,No,0000000,Not Applicable,10,10:00am-10:59am,21,21,10,10:00am-10:59am,23,23,11,11:00am-11:59am,2,2,,,,,,,1,
2021,29,290457,Missouri,1,1,0,0,0,1,1,77,GREENE (77),7460,SPRINGFIELD,11,11,7,July,2021,1,Sunday,14,2:00pm-2:59pm,29,29,0,This section IS NOT on the NHS,2,Urban,7,Local,4,City or Municipal Highway Agency,6,Local Street - Municipality,STANFORD ST,MEADOWVIEW AVE,0,None,37.18303611,37.18303611,-93.239069440,-93.239069440,0,No Special Jurisdiction,38,Fence,0,The First Harmful Event was Not a Collision with a Motor Vehicle in Transport,0,No,3,Intersection-Related,3,T-Intersection,0,None,,,4,On Roadside,1,Daylight,,,,,10,Cloudy,0,No,0000000,Not Applicable,14,2:00pm-2:59pm,30,30,14,2:00pm-2:59pm,38,38,15,3:00pm-3:59pm,11,11,,,,,,,1,
2021,29,290458,Missouri,1,1,0,1,1,1,1,77,GREENE (77),7460,SPRINGFIELD,11,11,7,July,2021,1,Sunday,1,1:00am-1:59am,57,57,1,This section IS ON the NHS,2,Urban,2,Principal Arterial - Other Freeways and Expressways,4,City or Municipal Highway Agency,6,Local Street - Municipality,SUNSHINE ST,,10,10,37.18300278,37.18300278,-93.343063890,-93.343063890,0,No Special Jurisdiction,8,Pedestrian,0,The First Harmful Event was Not a Collision with a Motor Vehicle in Transport,0,No,1,Non-Junction,1,Not an Intersection,0,None,,,1,On Roadway,3,Dark - Lighted,,,,,10,Cloudy,0,No,0000000,Not Applicable,1,1:00am-1:59am,58,58,2,2:00am-2:59am,9,9,2,2:00am-2:59am,22,22,,,,,,,1,
2021,29,290459,Missouri,1,1,0,0,0,2,2,85,HICKORY (85),0,NOT APPLICABLE,11,11,7,July,2021,1,Sunday,14,2:00pm-2:59pm,50,50,0,This section IS NOT on the NHS,1,Rural,5,Major Collector,1,State Highway Agency,3,State Highway,SR-254,,40,40,37.88916667,37.88916667,-93.348111110,-93.348111110,0,No Special Jurisdiction,59,"Traffic Sign Support ",0,The First Harmful Event was Not a Collision with a Motor Vehicle in Transport,0,No,1,Non-Junction,1,Not an Intersection,0,None,,,4,On Roadside,1,Daylight,,,,,10,Cloudy,0,No,0000000,Not Applicable,99,Unknown,98,Unknown if Notified,99,Unknown EMS Scene Arrival Hour,98,Unknown if Arrived,88,"Not Applicable (Not Transported) ",88,Not Applicable (Not Transported),,,,,,,2,
2021,29,290460,Missouri,1,1,0,0,0,2,2,97,JASPER (97),0,NOT APPLICABLE,11,11,7,July,2021,1,Sunday,19,7:00pm-7:59pm,45,45,0,This section IS NOT on the NHS,1,Rural,5,Major Collector,1,State Highway Agency,3,State Highway,SR-E,,80,80,37.14611111,37.14611111,-94.164250000,-94.164250000,0,No Special Jurisdiction,11,Live Animal,0,The First Harmful Event was Not a Collision with a Motor Vehicle in Transport,0,No,1,Non-Junction,1,Not an Intersection,0,None,,,1,On Roadway,1,Daylight,,,,,10,Cloudy,0,No,0000000,Not Applicable,19,7:00pm-7:59pm,54,54,20,8:00pm-8:59pm,2,2,20,8:00pm-8:59pm,35,35,,,,,,,1,
2021,29,290461,Missouri,1,1,0,0,0,1,1,139,MONTGOMERY (139),0,NOT APPLICABLE,16,16,7,July,2021,6,Friday,21,9:00pm-9:59pm,0,0,0,This section IS NOT on the NHS,1,Rural,7,Local,2,County Highway Agency,4,County Road,CR-STRUBE RD,,30,30,38.87594444,38.87594444,-91.458083330,-91.458083330,0,No Special Jurisdiction,42,Tree (Standing Only),0,The First Harmful Event was Not a Collision with a Motor Vehicle in Transport,0,No,1,Non-Junction,1,Not an Intersection,0,None,,,4,On Roadside,2,Dark - Not Lighted,,,,,10,Cloudy,0,No,0000000,Not Applicable,99,Unknown,98,Unknown if Notified,99,Unknown EMS Scene Arrival Hour,98,Unknown if Arrived,88,"Not Applicable (Not Transported) ",88,Not Applicable (Not Transported),,,,,,,1,
2021,29,290462,Missouri,2,2,0,1,1,2,2,31,CAPE GIRARDEAU (31),0,NOT APPLICABLE,17,17,7,July,2021,7,Saturday,1,1:00am-1:59am,38,38,1,This section IS ON the NHS,1,Rural,1,Interstate,1,State Highway Agency,1,Interstate,I-55,,0,None,37.59116667,37.59116667,-89.772805560,-89.772805560,0,No Special Jurisdiction,12,Motor Vehicle In-Transport,2,Front-to-Front,0,No,1,Non-Junction,1,Not an Intersection,1,Construction,,,1,On Roadway,2,Dark - Not Lighted,,,,,10,Cloudy,0,No,0000000,Not Applicable,1,1:00am-1:59am,39,39,1,1:00am-1:59am,54,54,2,2:00am-2:59am,24,24,,,,,,,2,
2021,29,290463,Missouri,3,3,0,0,0,5,5,510,ST. LOUIS (CITY) (510),7080,ST. LOUIS,18,18,7,July,2021,1,Sunday,4,4:00am-4:59am,11,11,1,This section IS ON the NHS,2,Urban,1,Interstate,1,State Highway Agency,1,Interstate,I-70,,70,70,38.69878333,38.69878333,-90.261325000,-90.261325000,0,No Special Jurisdiction,12,Motor Vehicle In-Transport,6,Angle,0,No,1,Non-Junction,1,Not an Intersection,0,None,,,1,On Roadway,3,Dark - Lighted,,,,,1,Clear,0,No,0000000,Not Applicable,4,4:00am-4:59am,16,16,4,4:00am-4:59am,24,24,4,4:00am-4:59am,55,55,,,,,,,2,
2021,29,290464,Missouri,1,1,0,0,0,1,1,99,JEFFERSON (99),0,NOT APPLICABLE,18,18,7,July,2021,1,Sunday,3,3:00am-3:59am,0,0,0,This section IS NOT on the NHS,1,Rural,3,Principal Arterial - Other,1,State Highway Agency,3,State Highway,SR-30,,30,30,38.31132778,38.31132778,-90.718708330,-90.718708330,0,No Special Jurisdiction,33,Curb,0,The First Harmful Event was Not a Collision with a Motor Vehicle in Transport,0,No,1,Non-Junction,1,Not an Intersection,0,None,,,4,On Roadside,2,Dark - Not Lighted,,,,,10,Cloudy,0,No,0000000,Not Applicable,99,Unknown,98,Unknown if Notified,99,Unknown EMS Scene Arrival Hour,98,Unknown if Arrived,88,"Not Applicable (Not Transported) ",88,Not Applicable (Not Transported),,,,,,,1,
2021,29,290465,Missouri,1,1,0,0,0,2,2,209,STONE (209),0,NOT APPLICABLE,19,19,7,July,2021,2,Monday,19,7:00pm-7:59pm,28,28,0,This section IS NOT on the NHS,1,Rural,5,Major Collector,1,State Highway Agency,3,State Highway,SR-176,,50,50,36.82830556,36.82830556,-93.381972220,-93.381972220,0,No Special Jurisdiction,42,Tree (Standing Only),0,The First Harmful Event was Not a Collision with a Motor Vehicle in Transport,0,No,1,Non-Junction,1,Not an Intersection,0,None,,,4,On Roadside,1,Daylight,,,,,10,Cloudy,0,No,0000000,Not Applicable,19,7:00pm-7:59pm,30,30,19,7:00pm-7:59pm,41,41,19,7:00pm-7:59pm,54,54,,,,,,,1,
2021,29,290466,Missouri,3,3,0,0,0,4,4,183,ST. CHARLES (183),8286,WEST ALTON,19,19,7,July,2021,2,Monday,16,4:00pm-4:59pm,20,20,1,This section IS ON the NHS,1,Rural,3,Principal Arterial - Other,1,State Highway Agency,2,U.S. Highway,US-67,RED SCHOOL RD,10,10,38.85447778,38.85447778,-90.227861110,-90.227861110,0,No Special Jurisdiction,12,Motor Vehicle In-Transport,6,Angle,0,No,2,Intersection,2,Four-Way Intersection,0,None,,,1,On Roadway,1,Daylight,,,,,1,Clear,0,No,0000000,Not Applicable,16,4:00pm-4:59pm,31,31,16,4:00pm-4:59pm,37,37,17,5:00pm-5:59pm,14,14,,,,,,,1,
2021,29,290467,Missouri,2,1,1,0,0,1,1,189,ST LOUIS (189),4220,KINLOCH,19,19,7,July,2021,2,Monday,18,6:00pm-6:59pm,54,54,0,This section IS NOT on the NHS,2,Urban,7,Local,4,City or Municipal Highway Agency,6,Local Street - Municipality,MABLE AVE,,0,None,38.74103333,38.74103333,-90.319069440,-90.319069440,0,No Special Jurisdiction,5,Fell/Jumped from Vehicle,0,The First Harmful Event was Not a Collision with a Motor Vehicle in Transport,0,No,1,Non-Junction,1,Not an Intersection,0,None,,,1,On Roadway,1,Daylight,,,,,1,Clear,0,No,0000000,Not Applicable,18,6:00pm-6:59pm,56,56,19,7:00pm-7:59pm,3,3,19,7:00pm-7:59pm,37,37,,,,,,,1,
2021,29,290468,Missouri,1,1,0,0,0,1,1,77,GREENE (77),7460,SPRINGFIELD,20,20,7,July,2021,3,Tuesday,23,11:00pm-11:59pm,9,9,0,This section IS NOT on the NHS,2,Urban,5,Major Collector,4,City or Municipal Highway Agency,6,Local Street - Municipality,INGRAM MILL RD,,10,10,37.16073889,37.16073889,-93.227083330,-93.227083330,0,No Special Jurisdiction,33,Curb,0,The First Harmful Event was Not a Collision with a Motor Vehicle in Transport,0,No,1,Non-Junction,1,Not an Intersection,0,None,,,4,On Roadside,3,Dark - Lighted,,,,,1,Clear,0,No,0000000,Not Applicable,99,Unknown,98,Unknown if Notified,99,Unknown EMS Scene Arrival Hour,98,Unknown if Arrived,88,"Not Applicable (Not Transported) ",88,Not Applicable (Not Transported),,,,,,,1,
2021,29,290469,Missouri,2,2,0,0,0,2,2,209,STONE (209),0,NOT APPLICABLE,20,20,7,July,2021,3,Tuesday,17,5:00pm-5:59pm,35,35,0,This section IS NOT on the NHS,1,Rural,5,Major Collector,1,State Highway Agency,3,State Highway,SR-JJ,,50,50,36.54258333,36.54258333,-93.359861110,-93.359861110,0,No Special Jurisdiction,12,Motor Vehicle In-Transport,6,Angle,0,No,8,Driveway Access Related,1,Not an Intersection,0,None,,,1,On Roadway,1,Daylight,,,,,1,Clear,0,No,0000000,Not Applicable,17,5:00pm-5:59pm,35,35,17,5:00pm-5:59pm,50,50,19,7:00pm-7:59pm,16,16,,,,,,,1,
2021,29,290470,Missouri,2,2,0,0,0,3,3,95,JACKSON (95),4120,KANSAS CITY,20,20,7,July,2021,3,Tuesday,18,6:00pm-6:59pm,18,18,1,This section IS ON the NHS,2,Urban,1,Interstate,1,State Highway Agency,1,Interstate,I-435,,160,160,38.93897222,38.93897222,-94.543250000,-94.543250000,0,No Special Jurisdiction,12,Motor Vehicle In-Transport,7,Sideswipe - Same Direction,0,No,1,Non-Junction,1,Not an Intersection,0,None,,,1,On Roadway,1,Daylight,,,,,10,Cloudy,0,No,0000000,Not Applicable,18,6:00pm-6:59pm,23,23,18,6:00pm-6:59pm,32,32,18,6:00pm-6:59pm,57,57,,,,,,,1,
2021,29,290471,Missouri,1,1,0,1,1,2,2,95,JACKSON (95),4120,KANSAS CITY,20,20,7,July,2021,3,Tuesday,0,0:00am-0:59am,13,13,1,This section IS ON the NHS,2,Urban,1,Interstate,1,State Highway Agency,1,Interstate,I-435,,190,190,39.13711111,39.13711111,-94.498666670,-94.498666670,0,No Special Jurisdiction,8,Pedestrian,0,The First Harmful Event was Not a Collision with a Motor Vehicle in Transport,0,No,1,Non-Junction,1,Not an Intersection,1,Construction,,,1,On Roadway,2,Dark - Not Lighted,,,,,1,Clear,0,No,0000000,Not Applicable,99,Unknown,98,Unknown if Notified,99,Unknown EMS Scene Arrival Hour,98,Unknown if Arrived,88,"Not Applicable (Not Transported) ",88,Not Applicable (Not Transported),,,,,,,1,
2021,29,290472,Missouri,1,1,0,1,1,2,2,95,JACKSON (95),4120,KANSAS CITY,21,21,7,July,2021,4,Wednesday,1,1:00am-1:59am,7,7,1,This section IS ON the NHS,2,Urban,1,Interstate,1,State Highway Agency,1,Interstate,I-70,,30,30,39.09577778,39.09577778,-94.556166670,-94.556166670,0,No Special Jurisdiction,8,Pedestrian,0,The First Harmful Event was Not a Collision with a Motor Vehicle in Transport,0,No,1,Non-Junction,1,Not an Intersection,0,None,,,1,On Roadway,3,Dark - Lighted,,,,,1,Clear,0,No,0000000,Not Applicable,1,1:00am-1:59am,15,15,1,1:00am-1:59am,19,19,1,1:00am-1:59am,32,32,,,,,,,1,
2021,29,290473,Missouri,1,1,0,0,0,1,1,95,JACKSON (95),4120,KANSAS CITY,21,21,7,July,2021,4,Wednesday,0,0:00am-0:59am,32,32,0,This section IS NOT on the NHS,2,Urban,5,Major Collector,1,State Highway Agency,6,Local Street - Municipality,S FRONTAGE RD,I-49 OUTER RD,10,10,38.91651944,38.91651944,-94.527916670,-94.527916670,0,No Special Jurisdiction,33,Curb,0,The First Harmful Event was Not a Collision with a Motor Vehicle in Transport,0,No,3,Intersection-Related,6,Roundabout,0,None,,,12,Pedestrian Refuge Island or Traffic Island,3,Dark - Lighted,,,,,1,Clear,0,No,0000000,Not Applicable,99,Unknown,98,Unknown if Notified,99,Unknown EMS Scene Arrival Hour,98,Unknown if Arrived,88,"Not Applicable (Not Transported) ",88,Not Applicable (Not Transported),,,,,,,1,
2021,29,290474,Missouri,4,4,0,0,0,11,11,55,CRAWFORD (55),920,BOURBON,23,23,7,July,2021,6,Friday,16,4:00pm-4:59pm,54,54,1,This section IS ON the NHS,1,Rural,1,Interstate,1,State Highway Agency,1,Interstate,I-44,,100,100,38.12130556,38.12130556,-91.311833330,-91.311833330,0,No Special Jurisdiction,12,Motor Vehicle In-Transport,7,Sideswipe - Same Direction,0,No,1,Non-Junction,1,Not an Intersection,0,None,,,1,On Roadway,1,Daylight,,,,,1,Clear,0,No,0000000,Not Applicable,17,5:00pm-5:59pm,2,2,17,5:00pm-5:59pm,11,11,17,5:00pm-5:59pm,48,48,,,,,,,3,