caseyear,state,st_case,statename,ve_total,ve_forms,pvh_invl,peds,pernotmvit,permvit,persons,county,countyname,city,cityname,day,dayname,month,monthname,year,day_week,day_weekname,hour,hourname,minute,minutename,nhs,nhsname,rur_urb,rur_urbname,func_sys,func_sysname,rd_owner,rd_ownername,route,routename,tway_id,tway_id2,milept,mileptname,latitude,latitudename,longitud,longitudname,sp_jur,sp_jurname,harm_ev,harm_evname,man_coll,man_collname,reljct1,reljct1name,reljct2,reljct2name,typ_int,typ_intname,wrk_zone,wrk_zonename,road_fnc,road_fncname,rel_road,rel_roadname,lgt_cond,lgt_condname,weather1,weather1name,weather2,weather2name,weather,weathername,sch_bus,sch_busname,rail,railname,not_hour,not_hourname,not_min,not_minname,arr_hour,arr_hourname,arr_min,arr_minname,hosp_hr,hosp_hrname,hosp_mn,hosp_mnname,cf1,cf1name,cf2,cf2name,cf3,cf3name,fatals,drunk_dr
2021,29,290476,Missouri,1,1,0,0,0,1,1,21,BUCHANAN (21),7070,ST. JOSEPH,11,11,7,July,2021,1,Sunday,15,3:00pm-3:59pm,23,23,1,This section IS ON the NHS,2,Urban,3,Principal Arterial - Other,4,City or Municipal Highway Agency,6,Local Street - Municipality,BELT HWY,,40,40,39.76483056,39.76483056,-94.803755560,-94.803755560,0,No Special Jurisdiction,33,Curb,0,The First Harmful Event was Not a Collision with a Motor Vehicle in Transport,0,No,1,Non-Junction,1,Not an Intersection,0,None,,,4,On Roadside,1,Daylight,,,,,1,Clear,0,No,0000000,Not Applicable,15,3:00pm-3:59pm,20,20,15,3:00pm-3:59pm,25,25,15,3:00pm-3:59pm,42,42,,,,,,,1,
2021,29,290477,Missouri,2,2,0,0,0,4,4,77,GREENE (77),7460,SPRINGFIELD,11,11,7,July,2021,1,Sunday,17,5:00pm-5:59pm,7,7,1,This section IS ON the NHS,2,Urban,3,Principal Arterial - Other,1,State Highway Agency,6,Local Street - Municipality,KEARNEY ST,,60,60,37.24062778,37.24062778,-93.275375000,-93.275375000,0,No Special Jurisdiction,1,Rollover/Overturn,0,The First Harmful Event was Not a Collision with a Motor Vehicle in Transport,0,No,1,Non-Junction,1,Not an Intersection,0,None,,,1,On Roadway,1,Daylight,,,,,10,Cloudy,0,No,0000000,Not Applicable,99,Unknown,98,Unknown if Notified,99,Unknown EMS Scene Arrival Hour,98,Unknown if Arrived,88,"Not Applicable (Not Transported) ",88,Not Applicable (Not Transported),,,,,,,1,
2021,29,290478,Missouri,1,1,0,1,1,1,1,189,ST LOUIS (189),1690,CLAYTON,12,12,7,July,2021,2,Monday,0,0:00am-0:59am,19,19,1,This section IS ON the NHS,2,Urban,1,Interstate,1,State Highway Agency,1,Interstate,I-170,,10,10,38.64480556,38.64480556,-90.347694440,-90.347694440,0,No Special Jurisdiction,9,Pedalcyclist,0,The First Harmful Event was Not a Collision with a Motor Vehicle in Transport,1,Yes,18,Through Roadway,1,Not an Intersection,0,None,,,1,On Roadway,2,Dark - Not Lighted,,,,,1,Clear,0,No,0000000,Not Applicable,0,0:00am-0:59am,22,22,0,0:00am-0:59am,27,27,88,"Not Applicable (Not Transported) ",88,Not Applicable (Not Transported),,,,,,,1,
2021,29,290479,Missouri,3,3,0,0,0,4,4,161,PHELPS (161),0,NOT APPLICABLE,13,13,7,July,2021,3,Tuesday,14,2:00pm-2:59pm,58,58,1,This section IS ON the NHS,1,Rural,3,Principal Arterial - Other,1,State Highway Agency,2,U.S. Highway,US-63,,40,40,37.98869444,37.98869444,-91.767194440,-91.767194440,0,No Special Jurisdiction,12,Motor Vehicle In-Transport,8,Sideswipe - Opposite Direction,0,No,1,Non-Junction,1,Not an Intersection,0,None,,,1,On Roadway,1,Daylight,,,,,1,Clear,0,No,0000000,Not Applicable,14,2:00pm-2:59pm,55,55,14,2:00pm-2:59pm,59,59,15,3:00pm-3:59pm,30,30,,,,,,,1,
2021,29,290480,Missouri,4,3,1,0,0,3,3,510,ST. LOUIS (CITY) (510),7080,ST. LOUIS,15,15,7,July,2021,5,Thursday,0,0:00am-0:59am,46,46,1,This section IS ON the NHS,2,Urban,3,Principal Arterial - Other,4,City or Municipal Highway Agency,6,Local Street - Municipality,GRAND BLVD,MONTGOMERY ST,20,20,38.65289722,38.65289722,-90.222666670,-90.222666670,0,No Special Jurisdiction,12,Motor Vehicle In-Transport,6,Angle,0,No,2,Intersection,3,T-Intersection,0,None,,,1,On Roadway,3,Dark - Lighted,,,,,1,Clear,0,No,0000000,Not Applicable,99,Unknown,99,Unknown,99,Unknown EMS Scene Arrival Hour,99,Unknown EMS Scene Arrival Minutes,99,Unknown,99,Unknown EMS Hospital Arrival Time,,,,,,,1,
2021,29,290481,Missouri,2,2,0,0,0,4,4,183,ST. CHARLES (183),8235,WELDON SPRING,16,16,7,July,2021,6,Friday,9,9:00am-9:59am,0,0,1,This section IS ON the NHS,2,Urban,3,Principal Arterial - Other,1,State Highway Agency,3,State Highway,SR-94,WOLFRUM RD,340,340,38.72779167,38.72779167,-90.644397220,-90.644397220,0,No Special Jurisdiction,12,Motor Vehicle In-Transport,6,Angle,0,No,2,Intersection,2,Four-Way Intersection,0,None,,,1,On Roadway,1,Daylight,,,,,2,Rain,0,No,0000000,Not Applicable,9,9:00am-9:59am,2,2,9,9:00am-9:59am,7,7,88,"Not Applicable (Not Transported) ",88,Not Applicable (Not Transported),,,,,,,1,
2021,29,290482,Missouri,2,2,0,1,1,2,2,189,ST LOUIS (189),4060,JENNINGS,16,16,7,July,2021,6,Friday,21,9:00pm-9:59pm,29,29,1,This section IS ON the NHS,2,Urban,3,Principal Arterial - Other,1,State Highway Agency,6,Local Street - Municipality,HALLS FERRY RD,DAWN CT NJ--,20,20,38.73129444,38.73129444,-90.245650000,-90.245650000,0,No Special Jurisdiction,15,Non-Motorist on Personal Conveyance,0,The First Harmful Event was Not a Collision with a Motor Vehicle in Transport,0,No,2,Intersection,2,Four-Way Intersection,0,None,,,1,On Roadway,3,Dark - Lighted,,,,,1,Clear,0,No,0000000,Not Applicable,21,9:00pm-9:59pm,30,30,21,9:00pm-9:59pm,34,34,21,9:00pm-9:59pm,58,58,,,,,,,1,
2021,29,290483,Missouri,3,3,0,0,0,3,3,169,PULASKI (169),7105,ST. ROBERT,16,16,7,July,2021,6,Friday,6,6:00am-6:59am,1,1,1,This section IS ON the NHS,2,Urban,1,Interstate,1,State Highway Agency,1,Interstate,I-44,,60,60,37.82550000,37.82550000,-92.113583330,-92.113583330,0,No Special Jurisdiction,24,Guardrail Face,0,The First Harmful Event was Not a Collision with a Motor Vehicle in Transport,0,No,1,Non-Junction,1,Not an Intersection,0,None,,,4,On Roadside,1,Daylight,,,,,2,Rain,0,No,0000000,Not Applicable,99,Unknown,98,Unknown if Notified,99,Unknown EMS Scene Arrival Hour,98,Unknown if Arrived,88,"Not Applicable (Not Transported) ",88,Not Applicable (Not Transported),,,,,,,1,
2021,29,290484,Missouri,1,1,0,0,0,1,1,510,ST. LOUIS (CITY) (510),7080,ST. LOUIS,16,16,7,July,2021,6,Friday,0,0:00am-0:59am,19,19,0,This section IS NOT on the NHS,2,Urban,4,Minor Arterial,4,City or Municipal Highway Agency,6,Local Street - Municipality,RIVER DES PERES BLVD,,10,10,38.57910556,38.57910556,-90.310555560,-90.310555560,0,No Special Jurisdiction,25,Concrete Traffic Barrier,0,The First Harmful Event was Not a Collision with a Motor Vehicle in Transport,0,No,1,Non-Junction,1,Not an Intersection,0,None,,,4,On Roadside,3,Dark - Lighted,,,,,2,Rain,0,No,0000000,Not Applicable,99,Unknown,99,Unknown,99,Unknown EMS Scene Arrival Hour,99,Unknown EMS Scene Arrival Minutes,99,Unknown,99,Unknown EMS Hospital Arrival Time,,,,,,,1,
2021,29,290485,Missouri,1,1,0,0,0,2,2,121,MACON (121),0,NOT APPLICABLE,16,16,7,July,2021,6,Friday,13,1:00pm-1:59pm,13,13,0,This section IS NOT on the NHS,2,Urban,7,Local,2,County Highway Agency,4,County Road,CR-VINE ST RD,,10,10,39.73727778,39.73727778,-92.436222220,-92.436222220,0,No Special Jurisdiction,23,Bridge Rail (Includes parapet),0,The First Harmful Event was Not a Collision with a Motor Vehicle in Transport,0,No,1,Non-Junction,1,Not an Intersection,0,None,,,4,On Roadside,1,Daylight,,,,,1,Clear,0,No,0000000,Not Applicable,13,1:00pm-1:59pm,17,17,13,1:00pm-1:59pm,22,22,14,2:00pm-2:59pm,20,20,,,,,,,1,
2021,29,290486,Missouri,1,1,0,0,0,1,1,213,TANEY (213),980,BRANSON,2,2,7,July,2021,6,Friday,3,3:00am-3:59am,42,42,0,This section IS NOT on the NHS,2,Urban,5,Major Collector,1,State Highway Agency,3,State Highway,SR-165,,20,20,36.60989722,36.60989722,-93.281288890,-93.281288890,0,No Special Jurisdiction,35,Embankment,0,The First Harmful Event was Not a Collision with a Motor Vehicle in Transport,0,No,1,Non-Junction,1,Not an Intersection,0,None,,,4,On Roadside,2,Dark - Not Lighted,,,,,5,"Fog, Smog, Smoke",0,No,0000000,Not Applicable,99,Unknown,98,Unknown if Notified,99,Unknown EMS Scene Arrival Hour,98,Unknown if Arrived,88,"Not Applicable (Not Transported) ",88,Not Applicable (Not Transported),,,,,,,1,
2021,29,290487,Missouri,2,2,0,0,0,4,4,510,ST. LOUIS (CITY) (510),7080,ST. LOUIS,13,13,7,July,2021,3,Tuesday,7,7:00am-7:59am,35,35,0,This section IS NOT on the NHS,2,Urban,7,Local,4,City or Municipal Highway Agency,6,Local Street - Municipality,WINNEBAGO ST,OHIO AVE,10,10,38.58821111,38.58821111,-90.228816670,-90.228816670,0,No Special Jurisdiction,12,Motor Vehicle In-Transport,6,Angle,0,No,2,Intersection,2,Four-Way Intersection,0,None,,,1,On Roadway,1,Daylight,,,,,1,Clear,0,No,0000000,Not Applicable,7,7:00am-7:59am,39,39,7,7:00am-7:59am,50,50,8,8:00am-8:59am,27,27,,,,,,,1,
2021,29,290488,Missouri,2,2,0,0,0,2,2,189,ST LOUIS (189),4060,JENNINGS,22,22,7,July,2021,5,Thursday,10,10:00am-10:59am,58,58,0,This section IS NOT on the NHS,2,Urban,3,Principal Arterial - Other,4,City or Municipal Highway Agency,6,Local Street - Municipality,LEWIS AND CLARK,JENNINGS STATION RD,60,60,38.72887222,38.72887222,-90.239950000,-90.239950000,0,No Special Jurisdiction,12,Motor Vehicle In-Transport,6,Angle,0,No,2,Intersection,2,Four-Way Intersection,0,None,,,1,On Roadway,1,Daylight,,,,,1,Clear,0,No,0000000,Not Applicable,11,11:00am-11:59am,0,0,11,11:00am-11:59am,13,13,11,11:00am-11:59am,22,22,,,,,,,1,
2021,29,290489,Missouri,1,1,0,0,0,5,5,83,HENRY (83),0,NOT APPLICABLE,24,24,7,July,2021,7,Saturday,23,11:00pm-11:59pm,45,45,0,This section IS NOT on the NHS,1,Rural,5,Major Collector,1,State Highway Agency,3,State Highway,SR-C,,30,30,38.39073611,38.39073611,-93.587916670,-93.587916670,0,No Special Jurisdiction,5,Fell/Jumped from Vehicle,0,The First Harmful Event was Not a Collision with a Motor Vehicle in Transport,0,No,1,Non-Junction,1,Not an Intersection,0,None,,,1,On Roadway,2,Dark - Not Lighted,,,,,1,Clear,0,No,0000000,Not Applicable,23,11:00pm-11:59pm,42,42,23,11:00pm-11:59pm,55,55,0,0:00am-0:59am,31,31,,,,,,,1,
2021,29,290490,Missouri,2,2,0,0,0,3,3,183,ST. CHARLES (183),0,NOT APPLICABLE,24,24,7,July,2021,7,Saturday,17,5:00pm-5:59pm,12,12,0,This section IS NOT on the NHS,1,Rural,5,Major Collector,1,State Highway Agency,3,State Highway,SR-94,,410,410,38.86790556,38.86790556,-90.445277780,-90.445277780,0,No Special Jurisdiction,12,Motor Vehicle In-Transport,6,Angle,0,No,1,Non-Junction,1,Not an Intersection,0,None,,,1,On Roadway,1,Daylight,,,,,1,Clear,0,No,0000000,Not Applicable,17,5:00pm-5:59pm,13,13,17,5:00pm-5:59pm,31,31,17,5:00pm-5:59pm,49,49,,,,,,,1,
2021,29,290491,Missouri,1,1,0,0,0,1,1,167,POLK (167),0,NOT APPLICABLE,25,25,7,July,2021,1,Sunday,99,Unknown Hours,99,Unknown Minutes,0,This section IS NOT on the NHS,1,Rural,5,Major Collector,26,Private (other than Railroad),8,Other,PVT OVERHANG RD,,210,210,37.54456111,37.54456111,-93.552483330,-93.552483330,0,No Special Jurisdiction,18,Other Object (not fixed),0,The First Harmful Event was Not a Collision with a Motor Vehicle in Transport,0,No,1,Non-Junction,1,Not an Intersection,0,None,,,1,On Roadway,2,Dark - Not Lighted,,,,,1,Clear,0,No,0000000,Not Applicable,99,Unknown,98,Unknown if Notified,99,Unknown EMS Scene Arrival Hour,98,Unknown if Arrived,88,"Not Applicable (Not Transported) ",88,Not Applicable (Not Transported),,,,,,,1,
2021,29,290492,Missouri,1,1,0,2,2,1,1,186,STE GENEVIEVE (186),0,NOT APPLICABLE,25,25,7,July,2021,1,Sunday,17,5:00pm-5:59pm,14,14,1,This section IS ON the NHS,1,Rural,1,Interstate,1,State Highway Agency,1,Interstate,I-55,,170,170,37.91843333,37.91843333,-90.089527780,-90.089527780,0,No Special Jurisdiction,57,Cable Barrier,0,The First Harmful Event was Not a Collision with a Motor Vehicle in Transport,0,No,1,Non-Junction,1,Not an Intersection,0,None,,,3,On Median,1,Daylight,,,,,2,Rain,0,No,0000000,Not Applicable,17,5:00pm-5:59pm,14,14,17,5:00pm-5:59pm,24,24,18,6:00pm-6:59pm,10,10,,,,,,,1,
2021,29,290493,Missouri,2,2,0,0,0,4,4,145,NEWTON (145),0,NOT APPLICABLE,26,26,7,July,2021,2,Monday,16,4:00pm-4:59pm,40,40,0,This section IS NOT on the NHS,1,Rural,4,Minor Arterial,1,State Highway Agency,3,State Highway,SR-43,SR-BB,100,100,36.92561667,36.92561667,-94.572130560,-94.572130560,0,No Special Jurisdiction,12,Motor Vehicle In-Transport,6,Angle,0,No,2,Intersection,2,Four-Way Intersection,0,None,,,1,On Roadway,1,Daylight,,,,,1,Clear,0,No,0000000,Not Applicable,16,4:00pm-4:59pm,37,37,16,4:00pm-4:59pm,50,50,17,5:00pm-5:59pm,12,12,,,,,,,1,
2021,29,290494,Missouri,1,1,0,0,0,1,1,13,BATES (13),0,NOT APPLICABLE,27,27,7,July,2021,3,Tuesday,1,1:00am-1:59am,30,30,0,This section IS NOT on the NHS,1,Rural,5,Major Collector,1,State Highway Agency,3,State Highway,SR-H,,100,100,38.25997222,38.25997222,-94.154833330,-94.154833330,0,No Special Jurisdiction,58,Ground,0,The First Harmful Event was Not a Collision with a Motor Vehicle in Transport,0,No,1,Non-Junction,1,Not an Intersection,0,None,,,4,On Roadside,2,Dark - Not Lighted,,,,,10,Cloudy,0,No,0000000,Not Applicable,99,Unknown,98,Unknown if Notified,99,Unknown EMS Scene Arrival Hour,98,Unknown if Arrived,88,"Not Applicable (Not Transported) ",88,Not Applicable (Not Transported),,,,,,,1,
2021,29,290495,Missouri,3,3,0,0,0,3,3,183,ST. CHARLES (183),7010,ST. CHARLES,28,28,7,July,2021,4,Wednesday,12,12:00pm-12:59pm,20,20,0,This section IS NOT on the NHS,2,Urban,5,Major Collector,4,City or Municipal Highway Agency,6,Local Street - Municipality,VETERANS MEMORIAL PKWY,REGENCY PLAZA WAY,50,50,38.78406944,38.78406944,-90.525102780,-90.525102780,0,No Special Jurisdiction,12,Motor Vehicle In-Transport,6,Angle,0,No,2,Intersection,3,T-Intersection,0,None,,,1,On Roadway,1,Daylight,,,,,1,Clear,0,No,0000000,Not Applicable,12,12:00pm-12:59pm,22,22,12,12:00pm-12:59pm,25,25,12,12:00pm-12:59pm,49,49,,,,,,,1,
2021,29,290496,Missouri,4,4,0,0,0,8,8,189,ST LOUIS (189),4950,MARLBOROUGH,5,5,5,May,2021,4,Wednesday,8,8:00am-8:59am,24,24,0,This section IS NOT on the NHS,2,Urban,3,Principal Arterial - Other,1,State Highway Agency,3,State Highway,SR-366,LACLEDE STATION RD,50,50,38.56812500,38.56812500,-90.339866670,-90.339866670,0,No Special Jurisdiction,12,Motor Vehicle In-Transport,6,Angle,0,No,2,Intersection,2,Four-Way Intersection,0,None,,,1,On Roadway,1,Daylight,,,,,1,Clear,0,No,0000000,Not Applicable,8,8:00am-8:59am,32,32,8,8:00am-8:59am,34,34,9,9:00am-9:59am,5,5,,,,,,,1,
2021,29,290497,Missouri,3,3,0,0,0,3,3,189,ST LOUIS (189),5035,MARYLAND HEIGHTS,16,16,7,July,2021,6,Friday,15,3:00pm-3:59pm,32,32,1,This section IS ON the NHS,2,Urban,1,Interstate,1,State Highway Agency,1,Interstate,I-270,,190,190,38.72583333,38.72583333,-90.444722220,-90.444722220,0,No Special Jurisdiction,12,Motor Vehicle In-Transport,1,Front-to-Rear,0,No,1,Non-Junction,1,Not an Intersection,0,None,,,1,On Roadway,1,Daylight,,,,,1,Clear,0,No,0000000,Not Applicable,15,3:00pm-3:59pm,33,33,15,3:00pm-3:59pm,40,40,88,"Not Applicable (Not Transported) ",88,Not Applicable (Not Transported),,,,,,,1,
2021,29,290498,Missouri,2,2,0,0,0,2,2,15,BENTON (15),0,NOT APPLICABLE,23,23,7,July,2021,6,Friday,13,1:00pm-1:59pm,16,16,1,This section IS ON the NHS,1,Rural,3,Principal Arterial - Other,1,State Highway Agency,3,State Highway,SR-7,CR-COLD SPRING AVE,100,100,38.24190833,38.24190833,-93.396886110,-93.396886110,0,No Special Jurisdiction,12,Motor Vehicle In-Transport,6,Angle,0,No,2,Intersection,2,Four-Way Intersection,0,None,,,1,On Roadway,1,Daylight,,,,,1,Clear,0,No,0000000,Not Applicable,13,1:00pm-1:59pm,25,25,13,1:00pm-1:59pm,47,47,15,3:00pm-3:59pm,2,2,,,,,,,1,
2021,29,290499,Missouri,1,1,0,0,0,3,3,99,JEFFERSON (99),0,NOT APPLICABLE,25,25,7,July,2021,1,Sunday,15,3:00pm-3:59pm,19,19,0,This section IS NOT on the NHS,2,Urban,4,Minor Arterial,1,State Highway Agency,3,State Highway,SR-Z,,30,30,38.26820556,38.26820556,-90.439397220,-90.439397220,0,No Special Jurisdiction,1,Rollover/Overturn,0,The First Harmful Event was Not a Collision with a Motor Vehicle in Transport,0,No,1,Non-Junction,1,Not an Intersection,0,None,,,1,On Roadway,1,Daylight,,,,,1,Clear,0,No,0000000,Not Applicable,99,Unknown,99,Unknown,99,Unknown EMS Scene Arrival Hour,99,Unknown EMS Scene Arrival Minutes,99,Unknown,99,Unknown EMS Hospital Arrival Time,,,,,,,1,
2021,29,290500,Missouri,1,1,0,0,0,4,4,189,ST LOUIS (189),0,NOT APPLICABLE,27,27,7,July,2021,3,Tuesday,20,8:00pm-8:59pm,32,32,1,This section IS ON the NHS,2,Urban,3,Principal Arterial - Other,1,State Highway Agency,3,State Highway,SR-30,,60,60,38.54016389,38.54016389,-90.371527780,-90.371527780,0,No Special Jurisdiction,30,Utility Pole/Light Support,0,The First Harmful Event was Not a Collision with a Motor Vehicle in Transport,0,No,1,Non-Junction,1,Not an Intersection,0,None,,,4,On Roadside,2,Dark - Not Lighted,,,,,1,Clear,0,No,0000000,Not Applicable,20,8:00pm-8:59pm,46,46,20,8:00pm-8:59pm,49,49,21,9:00pm-9:59pm,7,7,,,,,,,1,
2021,29,290501,Missouri,2,2,0,0,0,3,3,189,ST LOUIS (189),8230,WEBSTER GROVES,28,28,7,July,2021,4,Wednesday,14,2:00pm-2:59pm,54,54,0,This section IS NOT on the NHS,2,Urban,4,Minor Arterial,4,City or Municipal Highway Agency,6,Local Street - Municipality,BIG BEND BLVD,,30,30,38.59417500,38.59417500,-90.335150000,-90.335150000,0,No Special Jurisdiction,12,Motor Vehicle In-Transport,6,Angle,0,No,8,Driveway Access Related,1,Not an Intersection,0,None,,,1,On Roadway,1,Daylight,,,,,1,Clear,0,No,0000000,Not Applicable,14,2:00pm-2:59pm,58,58,15,3:00pm-3:59pm,4,4,15,3:00pm-3:59pm,27,27,,,,,,,1,
2021,29,290502,Missouri,2,2,0,0,0,2,2,37,CASS (37),600,BELTON,29,29,7,July,2021,5,Thursday,15,3:00pm-3:59pm,35,35,0,This section IS NOT on the NHS,2,Urban,7,Local,4,City or Municipal Highway Agency,6,Local Street - Municipality,EOR 49,,10,10,38.83572222,38.83572222,-94.527416670,-94.527416670,0,No Special Jurisdiction,12,Motor Vehicle In-Transport,1,Front-to-Rear,0,No,8,Driveway Access Related,1,Not an Intersection,0,None,,,1,On Roadway,1,Daylight,,,,,1,Clear,0,No,0000000,Not Applicable,15,3:00pm-3:59pm,37,37,15,3:00pm-3:59pm,40,40,15,3:00pm-3:59pm,54,54,,,,,,,1,
2021,29,290503,Missouri,1,1,0,0,0,1,1,47,CLAY (47),4570,LIBERTY,29,29,7,July,2021,5,Thursday,23,11:00pm-11:59pm,27,27,0,This section IS NOT on the NHS,2,Urban,7,Local,4,City or Municipal Highway Agency,6,Local Street - Municipality,SUNSET AVE,FOREST LN,0,None,39.24482500,39.24482500,-94.430902780,-94.430902780,0,No Special Jurisdiction,1,Rollover/Overturn,0,The First Harmful Event was Not a Collision with a Motor Vehicle in Transport,0,No,2,Intersection,4,Y-Intersection,0,None,,,1,On Roadway,3,Dark - Lighted,,,,,1,Clear,0,No,0000000,Not Applicable,23,11:00pm-11:59pm,28,28,23,11:00pm-11:59pm,31,31,23,11:00pm-11:59pm,47,47,,,,,,,1,
2021,29,290504,Missouri,1,1,0,0,0,3,3,119,MCDONALD (119),0,NOT APPLICABLE,29,29,7,July,2021,5,Thursday,14,2:00pm-2:59pm,30,30,0,This section IS NOT on the NHS,1,Rural,5,Major Collector,1,State Highway Agency,3,State Highway,SR-90,,0,None,36.53305556,36.53305556,-94.589916670,-94.589916670,0,No Special Jurisdiction,1,Rollover/Overturn,0,The First Harmful Event was Not a Collision with a Motor Vehicle in Transport,0,No,1,Non-Junction,1,Not an Intersection,0,None,,,4,On Roadside,1,Daylight,,,,,1,Clear,0,No,0000000,Not Applicable,14,2:00pm-2:59pm,24,24,14,2:00pm-2:59pm,42,42,99,Unknown,99,Unknown EMS Hospital Arrival Time,,,,,,,1,
2021,29,290505,Missouri,2,2,0,0,0,3,3,49,CLINTON (49),0,NOT APPLICABLE,29,29,7,July,2021,5,Thursday,14,2:00pm-2:59pm,12,12,1,This section IS ON the NHS,1,Rural,1,Interstate,1,State Highway Agency,1,Interstate,I-35,,200,200,39.46329722,39.46329722,-94.318922220,-94.318922220,0,No Special Jurisdiction,12,Motor Vehicle In-Transport,7,Sideswipe - Same Direction,0,No,1,Non-Junction,1,Not an Intersection,0,None,,,1,On Roadway,1,Daylight,,,,,1,Clear,0,No,0000000,Not Applicable,99,Unknown,98,Unknown if Notified,99,Unknown EMS Scene Arrival Hour,98,Unknown if Arrived,88,"Not Applicable (Not Transported) ",88,Not Applicable (Not Transported),,,,,,,1,
2021,29,290506,Missouri,2,2,0,0,0,4,4,43,CHRISTIAN (43),5730,NIXA,25,25,7,July,2021,1,Sunday,10,10:00am-10:59am,25,25,1,This section IS ON the NHS,2,Urban,3,Principal Arterial - Other,4,City or Municipal Highway Agency,6,Local Street - Municipality,N MASSEY BLVD,ALDERSGATE DR,180,180,37.06012222,37.06012222,-93.303344440,-93.303344440,0,No Special Jurisdiction,12,Motor Vehicle In-Transport,6,Angle,0,No,2,Intersection,2,Four-Way Intersection,0,None,,,1,On Roadway,1,Daylight,,,,,1,Clear,0,No,0000000,Not Applicable,10,10:00am-10:59am,26,26,10,10:00am-10:59am,35,35,10,10:00am-10:59am,56,56,,,,,,,1,
2021,29,290507,Missouri,2,2,0,0,0,3,3,147,NODAWAY (147),0,NOT APPLICABLE,30,30,7,July,2021,6,Friday,8,8:00am-8:59am,47,47,1,This section IS ON the NHS,1,Rural,3,Principal Arterial - Other,1,State Highway Agency,2,U.S. Highway,US-71,,150,150,40.39898333,40.39898333,-94.968844440,-94.968844440,0,No Special Jurisdiction,12,Motor Vehicle In-Transport,1,Front-to-Rear,0,No,1,Non-Junction,1,Not an Intersection,0,None,,,1,On Roadway,1,Daylight,,,,,1,Clear,0,No,0000000,Not Applicable,8,8:00am-8:59am,47,47,9,9:00am-9:59am,2,2,99,Unknown,99,Unknown EMS Hospital Arrival Time,,,,,,,1,
2021,29,290508,Missouri,1,1,0,0,0,1,1,187,ST FRANCOIS (187),3964,IRON MOUNTAIN,30,30,7,July,2021,6,Friday,13,1:00pm-1:59pm,0,0,0,This section IS NOT on the NHS,1,Rural,7,Local,26,Private (other than Railroad),6,Local Street - Municipality,BROWN MOUNTAIN RD,,0,None,37.68275000,37.68275000,-90.612916670,-90.612916670,0,No Special Jurisdiction,1,Rollover/Overturn,0,The First Harmful Event was Not a Collision with a Motor Vehicle in Transport,0,No,1,Non-Junction,1,Not an Intersection,0,None,,,4,On Roadside,1,Daylight,,,,,10,Cloudy,0,No,0000000,Not Applicable,12,12:00pm-12:59pm,57,57,13,1:00pm-1:59pm,20,20,14,2:00pm-2:59pm,13,13,,,,,,,1,
2021,29,290509,Missouri,2,2,0,0,0,2,2,117,LIVINGSTON (117),0,NOT APPLICABLE,30,30,7,July,2021,6,Friday,8,8:00am-8:59am,0,0,0,This section IS NOT on the NHS,2,Urban,5,Major Collector,1,State Highway Agency,3,State Highway,SR-V,,150,150,39.79725000,39.79725000,-93.535666670,-93.535666670,0,No Special Jurisdiction,1,Rollover/Overturn,0,The First Harmful Event was Not a Collision with a Motor Vehicle in Transport,0,No,8,Driveway Access Related,1,Not an Intersection,0,None,,,1,On Roadway,1,Daylight,,,,,1,Clear,0,No,0000000,Not Applicable,8,8:00am-8:59am,2,2,8,8:00am-8:59am,4,4,99,Unknown,99,Unknown EMS Hospital Arrival Time,,,,,,,1,
2021,29,290510,Missouri,1,1,0,0,0,1,1,55,CRAWFORD (55),920,BOURBON,30,30,7,July,2021,6,Friday,4,4:00am-4:59am,42,42,1,This section IS ON the NHS,1,Rural,1,Interstate,1,State Highway Agency,1,Interstate,I-44,,130,130,38.12177778,38.12177778,-91.310611110,-91.310611110,0,No Special Jurisdiction,43,Other Fixed Object,0,The First Harmful Event was Not a Collision with a Motor Vehicle in Transport,0,No,1,Non-Junction,1,Not an Intersection,0,None,,,10,Separator,2,Dark - Not Lighted,,,,,10,Cloudy,0,No,0000000,Not Applicable,99,Unknown,98,Unknown if Notified,99,Unknown EMS Scene Arrival Hour,98,Unknown if Arrived,88,"Not Applicable (Not Transported) ",88,Not Applicable (Not Transported),,,,,,,1,
2021,29,290511,Missouri,1,1,0,0,0,4,4,209,STONE (209),0,NOT APPLICABLE,30,30,7,July,2021,6,Friday,23,11:00pm-11:59pm,25,25,0,This section IS NOT on the NHS,1,Rural,7,Local,26,Private (other than Railroad),8,Other,PVT H140,,10,10,36.56688889,36.56688889,-93.465305560,-93.465305560,0,No Special Jurisdiction,42,Tree (Standing Only),0,The First Harmful Event was Not a Collision with a Motor Vehicle in Transport,0,No,1,Non-Junction,1,Not an Intersection,0,None,,,4,On Roadside,2,Dark - Not Lighted,,,,,1,Clear,0,No,0000000,Not Applicable,23,11:00pm-11:59pm,38,38,0,0:00am-0:59am,39,39,1,1:00am-1:59am,6,6,,,,,,,1,
2021,29,290512,Missouri,1,1,0,1,1,1,1,155,PEMISCOT (155),1450,CARUTHERSVILLE,30,30,7,July,2021,6,Friday,20,8:00pm-8:59pm,22,22,0,This section IS NOT on the NHS,2,Urban,7,Local,4,City or Municipal Highway Agency,6,Local Street - Municipality,15TH ST,,0,None,36.18369167,36.18369167,-89.668125000,-89.668125000,0,No Special Jurisdiction,8,Pedestrian,0,The First Harmful Event was Not a Collision with a Motor Vehicle in Transport,0,No,1,Non-Junction,1,Not an Intersection,0,None,,,1,On Roadway,1,Daylight,,,,,10,Cloudy,0,No,0000000,Not Applicable,99,Unknown,98,Unknown if Notified,99,Unknown EMS Scene Arrival Hour,98,Unknown if Arrived,88,"Not Applicable (Not Transported) ",88,Not Applicable (Not Transported),,,,,,,1,