caseyear,state,st_case,statename,ve_total,ve_forms,pvh_invl,peds,pernotmvit,permvit,persons,county,countyname,city,cityname,day,dayname,month,monthname,year,day_week,day_weekname,hour,hourname,minute,minutename,nhs,nhsname,rur_urb,rur_urbname,func_sys,func_sysname,rd_owner,rd_ownername,route,routename,tway_id,tway_id2,milept,mileptname,latitude,latitudename,longitud,longitudname,sp_jur,sp_jurname,harm_ev,harm_evname,man_coll,man_collname,reljct1,reljct1name,reljct2,reljct2name,typ_int,typ_intname,wrk_zone,wrk_zonename,road_fnc,road_fncname,rel_road,rel_roadname,lgt_cond,lgt_condname,weather1,weather1name,weather2,weather2name,weather,weathername,sch_bus,sch_busname,rail,railname,not_hour,not_hourname,not_min,not_minname,arr_hour,arr_hourname,arr_min,arr_minname,hosp_hr,hosp_hrname,hosp_mn,hosp_mnname,cf1,cf1name,cf2,cf2name,cf3,cf3name,fatals,drunk_dr
2021,29,290513,Missouri,1,1,0,0,0,1,1,77,GREENE (77),7460,SPRINGFIELD,29,29,7,July,2021,5,Thursday,20,8:00pm-8:59pm,45,45,1,This section IS ON the NHS,2,Urban,3,Principal Arterial - Other,4,City or Municipal Highway Agency,6,Local Street - Municipality,GLENSTONE AVE,,80,80,37.22201667,37.22201667,-93.261650000,-93.261650000,0,No Special Jurisdiction,33,Curb,0,The First Harmful Event was Not a Collision with a Motor Vehicle in Transport,0,No,1,Non-Junction,1,Not an Intersection,0,None,,,4,On Roadside,3,Dark - Lighted,,,,,1,Clear,0,No,0000000,Not Applicable,20,8:00pm-8:59pm,49,49,20,8:00pm-8:59pm,56,56,21,9:00pm-9:59pm,15,15,,,,,,,1,
2021,29,290514,Missouri,2,2,0,0,0,2,2,21,BUCHANAN (21),7070,ST. JOSEPH,31,31,7,July,2021,7,Saturday,21,9:00pm-9:59pm,31,31,1,This section IS ON the NHS,2,Urban,3,Principal Arterial - Other,4,City or Municipal Highway Agency,6,Local Street - Municipality,BELT HWY,NORTHRIDGE DR,110,110,39.81100000,39.81100000,-94.815027780,-94.815027780,0,No Special Jurisdiction,12,Motor Vehicle In-Transport,6,Angle,0,No,2,Intersection,2,Four-Way Intersection,0,None,,,1,On Roadway,3,Dark - Lighted,,,,,1,Clear,0,No,0000000,Not Applicable,21,9:00pm-9:59pm,32,32,21,9:00pm-9:59pm,38,38,22,10:00pm-10:59pm,6,6,,,,,,,1,
2021,29,290515,Missouri,1,1,0,0,0,2,2,177,RAY (177),0,NOT APPLICABLE,31,31,7,July,2021,7,Saturday,20,8:00pm-8:59pm,25,25,0,This section IS NOT on the NHS,1,Rural,7,Local,2,County Highway Agency,4,County Road,CR-HARTMAN RD,CR-W 156TH ST,0,None,39.37266667,39.37266667,-94.042444440,-94.042444440,0,No Special Jurisdiction,1,Rollover/Overturn,0,The First Harmful Event was Not a Collision with a Motor Vehicle in Transport,0,No,3,Intersection-Related,98,Not Reported,0,None,,,4,On Roadside,2,Dark - Not Lighted,,,,,10,Cloudy,0,No,0000000,Not Applicable,99,Unknown,98,Unknown if Notified,99,Unknown EMS Scene Arrival Hour,98,Unknown if Arrived,88,"Not Applicable (Not Transported) ",88,Not Applicable (Not Transported),,,,,,,1,
2021,29,290516,Missouri,1,1,0,0,0,1,1,99,JEFFERSON (99),3620,HERCULANEUM,31,31,7,July,2021,7,Saturday,0,0:00am-0:59am,25,25,1,This section IS ON the NHS,2,Urban,1,Interstate,1,State Highway Agency,1,Interstate,I-55,,130,130,38.26558333,38.26558333,-90.402944440,-90.402944440,0,No Special Jurisdiction,1,Rollover/Overturn,0,The First Harmful Event was Not a Collision with a Motor Vehicle in Transport,0,No,1,Non-Junction,1,Not an Intersection,0,None,,,4,On Roadside,2,Dark - Not Lighted,,,,,1,Clear,0,No,0000000,Not Applicable,0,0:00am-0:59am,22,22,0,0:00am-0:59am,29,29,1,1:00am-1:59am,17,17,,,,,,,1,
2021,29,290517,Missouri,1,1,0,0,0,1,1,183,ST. CHARLES (183),8235,WELDON SPRING,1,1,8,August,2021,1,Sunday,1,1:00am-1:59am,43,43,1,This section IS ON the NHS,2,Urban,1,Interstate,1,State Highway Agency,1,Interstate,I-64,,20,20,38.70883333,38.70883333,-90.677222220,-90.677222220,0,No Special Jurisdiction,1,Rollover/Overturn,0,The First Harmful Event was Not a Collision with a Motor Vehicle in Transport,0,No,1,Non-Junction,1,Not an Intersection,0,None,,,4,On Roadside,2,Dark - Not Lighted,,,,,10,Cloudy,0,No,0000000,Not Applicable,1,1:00am-1:59am,54,54,2,2:00am-2:59am,4,4,88,"Not Applicable (Not Transported) ",88,Not Applicable (Not Transported),,,,,,,1,
2021,29,290518,Missouri,3,3,0,0,0,3,3,77,GREENE (77),7460,SPRINGFIELD,1,1,8,August,2021,1,Sunday,22,10:00pm-10:59pm,19,19,1,This section IS ON the NHS,2,Urban,3,Principal Arterial - Other,4,City or Municipal Highway Agency,6,Local Street - Municipality,CAMPBELL AVE,WALNUT LAWN ST,30,30,37.15265556,37.15265556,-93.295725000,-93.295725000,0,No Special Jurisdiction,12,Motor Vehicle In-Transport,6,Angle,0,No,2,Intersection,2,Four-Way Intersection,0,None,,,1,On Roadway,3,Dark - Lighted,,,,,1,Clear,0,No,0000000,Not Applicable,22,10:00pm-10:59pm,20,20,22,10:00pm-10:59pm,27,27,22,10:00pm-10:59pm,35,35,,,,,,,1,
2021,29,290519,Missouri,1,1,0,0,0,2,2,73,GASCONADE (73),0,NOT APPLICABLE,1,1,8,August,2021,1,Sunday,15,3:00pm-3:59pm,15,15,0,This section IS NOT on the NHS,1,Rural,7,Local,1,State Highway Agency,4,County Road,CR-HORSTMAN RD,,0,None,38.57663889,38.57663889,-91.373055560,-91.373055560,0,No Special Jurisdiction,1,Rollover/Overturn,0,The First Harmful Event was Not a Collision with a Motor Vehicle in Transport,0,No,1,Non-Junction,1,Not an Intersection,0,None,,,4,On Roadside,1,Daylight,,,,,10,Cloudy,0,No,0000000,Not Applicable,15,3:00pm-3:59pm,2,2,15,3:00pm-3:59pm,25,25,99,Unknown,99,Unknown EMS Hospital Arrival Time,,,,,,,1,
2021,29,290520,Missouri,1,1,0,1,1,2,2,95,JACKSON (95),4120,KANSAS CITY,1,1,8,August,2021,1,Sunday,3,3:00am-3:59am,27,27,0,This section IS NOT on the NHS,2,Urban,4,Minor Arterial,1,State Highway Agency,6,Local Street - Municipality,TRUMAN RD,,0,None,39.09288889,39.09288889,-94.487194440,-94.487194440,0,No Special Jurisdiction,33,Curb,0,The First Harmful Event was Not a Collision with a Motor Vehicle in Transport,0,No,1,Non-Junction,1,Not an Intersection,0,None,,,4,On Roadside,3,Dark - Lighted,,,,,1,Clear,0,No,0000000,Not Applicable,99,Unknown,98,Unknown if Notified,99,Unknown EMS Scene Arrival Hour,98,Unknown if Arrived,88,"Not Applicable (Not Transported) ",88,Not Applicable (Not Transported),,,,,,,1,
2021,29,290521,Missouri,2,2,0,0,0,3,3,47,CLAY (47),0,NOT APPLICABLE,1,1,8,August,2021,1,Sunday,22,10:00pm-10:59pm,50,50,1,This section IS ON the NHS,1,Rural,3,Principal Arterial - Other,1,State Highway Agency,2,U.S. Highway,US-69,STOCKDALE RD,180,180,39.30636111,39.30636111,-94.343111110,-94.343111110,0,No Special Jurisdiction,12,Motor Vehicle In-Transport,6,Angle,0,No,2,Intersection,2,Four-Way Intersection,0,None,,,1,On Roadway,1,Daylight,,,,,1,Clear,0,No,0000000,Not Applicable,22,10:00pm-10:59pm,52,52,23,11:00pm-11:59pm,3,3,23,11:00pm-11:59pm,16,16,,,,,,,1,
2021,29,290522,Missouri,1,1,0,0,0,1,1,510,ST. LOUIS (CITY) (510),7080,ST. LOUIS,1,1,8,August,2021,1,Sunday,8,8:00am-8:59am,11,11,0,This section IS NOT on the NHS,2,Urban,5,Major Collector,1,State Highway Agency,6,Local Street - Municipality,CARRIE AVE,,10,10,38.68991667,38.68991667,-90.210225000,-90.210225000,0,No Special Jurisdiction,25,Concrete Traffic Barrier,0,The First Harmful Event was Not a Collision with a Motor Vehicle in Transport,0,No,1,Non-Junction,1,Not an Intersection,0,None,,,4,On Roadside,1,Daylight,,,,,1,Clear,0,No,0000000,Not Applicable,99,Unknown,98,Unknown if Notified,99,Unknown EMS Scene Arrival Hour,98,Unknown if Arrived,88,"Not Applicable (Not Transported) ",88,Not Applicable (Not Transported),,,,,,,1,
2021,29,290523,Missouri,2,2,0,0,0,2,2,93,IRON (93),0,NOT APPLICABLE,2,2,8,August,2021,2,Monday,12,12:00pm-12:59pm,5,5,0,This section IS NOT on the NHS,1,Rural,5,Major Collector,1,State Highway Agency,3,State Highway,SR-N,,10,10,37.66452778,37.66452778,-90.652361110,-90.652361110,0,No Special Jurisdiction,12,Motor Vehicle In-Transport,2,Front-to-Front,0,No,1,Non-Junction,1,Not an Intersection,0,None,,,1,On Roadway,1,Daylight,,,,,10,Cloudy,0,No,0000000,Not Applicable,12,12:00pm-12:59pm,9,9,12,12:00pm-12:59pm,16,16,12,12:00pm-12:59pm,40,40,,,,,,,1,
2021,29,290524,Missouri,2,2,0,0,0,5,5,37,CASS (37),0,NOT APPLICABLE,2,2,8,August,2021,2,Monday,10,10:00am-10:59am,30,30,0,This section IS NOT on the NHS,1,Rural,5,Major Collector,1,State Highway Agency,3,State Highway,SR-Z,,0,None,38.57283889,38.57283889,-94.193641670,-94.193641670,0,No Special Jurisdiction,35,Embankment,0,The First Harmful Event was Not a Collision with a Motor Vehicle in Transport,0,No,1,Non-Junction,1,Not an Intersection,0,None,,,8,Gore,1,Daylight,,,,,10,Cloudy,0,No,0000000,Not Applicable,10,10:00am-10:59am,48,48,11,11:00am-11:59am,6,6,12,12:00pm-12:59pm,1,1,,,,,,,5,
2021,29,290525,Missouri,2,2,0,0,0,4,4,95,JACKSON (95),4120,KANSAS CITY,3,3,8,August,2021,3,Tuesday,10,10:00am-10:59am,10,10,0,This section IS NOT on the NHS,2,Urban,4,Minor Arterial,1,State Highway Agency,6,Local Street - Municipality,TRUMAN RD,BENNINGTON AVE,40,40,39.09375000,39.09375000,-94.505527780,-94.505527780,0,No Special Jurisdiction,12,Motor Vehicle In-Transport,6,Angle,0,No,2,Intersection,2,Four-Way Intersection,0,None,,,1,On Roadway,1,Daylight,,,,,1,Clear,0,No,0000000,Not Applicable,10,10:00am-10:59am,9,9,10,10:00am-10:59am,16,16,10,10:00am-10:59am,35,35,,,,,,,1,
2021,29,290526,Missouri,1,1,0,0,0,1,1,119,MCDONALD (119),3200,GOODMAN,4,4,8,August,2021,4,Wednesday,8,8:00am-8:59am,17,17,0,This section IS NOT on the NHS,1,Rural,4,Minor Arterial,1,State Highway Agency,3,State Highway,SR-59,,40,40,36.70040556,36.70040556,-94.428883330,-94.428883330,0,No Special Jurisdiction,42,Tree (Standing Only),0,The First Harmful Event was Not a Collision with a Motor Vehicle in Transport,0,No,1,Non-Junction,1,Not an Intersection,0,None,,,4,On Roadside,1,Daylight,,,,,1,Clear,0,No,0000000,Not Applicable,8,8:00am-8:59am,18,18,8,8:00am-8:59am,24,24,88,"Not Applicable (Not Transported) ",88,Not Applicable (Not Transported),,,,,,,1,
2021,29,290527,Missouri,2,2,0,0,0,5,5,147,NODAWAY (147),0,NOT APPLICABLE,4,4,8,August,2021,4,Wednesday,17,5:00pm-5:59pm,48,48,0,This section IS NOT on the NHS,1,Rural,4,Minor Arterial,1,State Highway Agency,3,State Highway,SR-148,,40,40,40.43933333,40.43933333,-94.852777780,-94.852777780,0,No Special Jurisdiction,12,Motor Vehicle In-Transport,2,Front-to-Front,0,No,1,Non-Junction,1,Not an Intersection,0,None,,,1,On Roadway,1,Daylight,,,,,1,Clear,0,No,0000000,Not Applicable,17,5:00pm-5:59pm,49,49,18,6:00pm-6:59pm,3,3,99,Unknown,99,Unknown EMS Hospital Arrival Time,,,,,,,2,
2021,29,290528,Missouri,1,1,0,1,1,5,5,77,GREENE (77),0,NOT APPLICABLE,4,4,8,August,2021,4,Wednesday,21,9:00pm-9:59pm,35,35,0,This section IS NOT on the NHS,1,Rural,4,Minor Arterial,1,State Highway Agency,3,State Highway,SR-125,,180,180,37.16577778,37.16577778,-93.118777780,-93.118777780,0,No Special Jurisdiction,8,Pedestrian,0,The First Harmful Event was Not a Collision with a Motor Vehicle in Transport,0,No,1,Non-Junction,1,Not an Intersection,0,None,,,1,On Roadway,2,Dark - Not Lighted,,,,,1,Clear,0,No,0000000,Not Applicable,99,Unknown,98,Unknown if Notified,99,Unknown EMS Scene Arrival Hour,98,Unknown if Arrived,88,"Not Applicable (Not Transported) ",88,Not Applicable (Not Transported),,,,,,,1,
2021,29,290529,Missouri,1,1,0,0,0,1,1,510,ST. LOUIS (CITY) (510),7080,ST. LOUIS,5,5,8,August,2021,5,Thursday,18,6:00pm-6:59pm,8,8,0,This section IS NOT on the NHS,2,Urban,7,Local,4,City or Municipal Highway Agency,6,Local Street - Municipality,GRANT ST,HARRIS AVE,0,None,38.67756667,38.67756667,-90.219541670,-90.219541670,0,No Special Jurisdiction,42,Tree (Standing Only),0,The First Harmful Event was Not a Collision with a Motor Vehicle in Transport,0,No,3,Intersection-Related,3,T-Intersection,0,None,,,4,On Roadside,1,Daylight,,,,,1,Clear,0,No,0000000,Not Applicable,99,Unknown,98,Unknown if Notified,99,Unknown EMS Scene Arrival Hour,98,Unknown if Arrived,88,"Not Applicable (Not Transported) ",88,Not Applicable (Not Transported),,,,,,,1,
2021,29,290530,Missouri,3,3,0,2,2,4,4,95,JACKSON (95),3280,GRANDVIEW,5,5,8,August,2021,5,Thursday,7,7:00am-7:59am,5,5,1,This section IS ON the NHS,2,Urban,1,Interstate,1,State Highway Agency,1,Interstate,I-49,,30,30,38.90613889,38.90613889,-94.524000000,-94.524000000,0,No Special Jurisdiction,12,Motor Vehicle In-Transport,1,Front-to-Rear,0,No,1,Non-Junction,1,Not an Intersection,0,None,,,1,On Roadway,1,Daylight,,,,,10,Cloudy,0,No,0000000,Not Applicable,7,7:00am-7:59am,13,13,7,7:00am-7:59am,20,20,7,7:00am-7:59am,44,44,,,,,,,1,
2021,29,290531,Missouri,2,2,0,0,0,2,2,510,ST. LOUIS (CITY) (510),7080,ST. LOUIS,5,5,8,August,2021,5,Thursday,23,11:00pm-11:59pm,17,17,1,This section IS ON the NHS,2,Urban,1,Interstate,1,State Highway Agency,1,Interstate,I-70,,10,10,38.65343333,38.65343333,-90.194008330,-90.194008330,0,No Special Jurisdiction,12,Motor Vehicle In-Transport,1,Front-to-Rear,0,No,1,Non-Junction,1,Not an Intersection,0,None,,,1,On Roadway,3,Dark - Lighted,,,,,1,Clear,0,No,0000000,Not Applicable,99,Unknown,98,Unknown if Notified,99,Unknown EMS Scene Arrival Hour,98,Unknown if Arrived,88,"Not Applicable (Not Transported) ",88,Not Applicable (Not Transported),,,,,,,1,
2021,29,290532,Missouri,1,1,0,0,0,1,1,189,ST LOUIS (189),0,NOT APPLICABLE,20,20,7,July,2021,3,Tuesday,8,8:00am-8:59am,43,43,0,This section IS NOT on the NHS,2,Urban,5,Major Collector,2,County Highway Agency,4,County Road,CR-VALCOUR RD,,0,None,38.55511667,38.55511667,-90.335544440,-90.335544440,0,No Special Jurisdiction,42,Tree (Standing Only),0,The First Harmful Event was Not a Collision with a Motor Vehicle in Transport,0,No,1,Non-Junction,1,Not an Intersection,0,None,,,4,On Roadside,1,Daylight,,,,,1,Clear,0,No,0000000,Not Applicable,8,8:00am-8:59am,45,45,8,8:00am-8:59am,51,51,9,9:00am-9:59am,9,9,,,,,,,1,
2021,29,290533,Missouri,3,3,0,0,0,3,3,47,CLAY (47),0,NOT APPLICABLE,3,3,8,August,2021,3,Tuesday,7,7:00am-7:59am,0,0,0,This section IS NOT on the NHS,1,Rural,5,Major Collector,1,State Highway Agency,3,State Highway,SR-210,,10,10,39.24716944,39.24716944,-94.288544440,-94.288544440,0,No Special Jurisdiction,12,Motor Vehicle In-Transport,2,Front-to-Front,0,No,1,Non-Junction,1,Not an Intersection,0,None,,,1,On Roadway,1,Daylight,,,,,1,Clear,0,No,0000000,Not Applicable,99,Unknown,99,Unknown,99,Unknown EMS Scene Arrival Hour,99,Unknown EMS Scene Arrival Minutes,99,Unknown,99,Unknown EMS Hospital Arrival Time,,,,,,,1,
2021,29,290534,Missouri,1,1,0,0,0,2,2,59,DALLAS (59),1170,BUFFALO,5,5,8,August,2021,5,Thursday,12,12:00pm-12:59pm,24,24,1,This section IS ON the NHS,1,Rural,3,Principal Arterial - Other,1,State Highway Agency,2,U.S. Highway,US-65,,180,180,37.65672222,37.65672222,-93.103719440,-93.103719440,0,No Special Jurisdiction,43,Other Fixed Object,0,The First Harmful Event was Not a Collision with a Motor Vehicle in Transport,0,No,1,Non-Junction,1,Not an Intersection,0,None,,,4,On Roadside,1,Daylight,,,,,1,Clear,0,No,0000000,Not Applicable,12,12:00pm-12:59pm,24,24,12,12:00pm-12:59pm,32,32,99,Unknown,99,Unknown EMS Hospital Arrival Time,,,,,,,1,
2021,29,290535,Missouri,2,2,0,0,0,3,3,77,GREENE (77),7460,SPRINGFIELD,6,6,8,August,2021,6,Friday,19,7:00pm-7:59pm,37,37,0,This section IS NOT on the NHS,2,Urban,7,Local,4,City or Municipal Highway Agency,6,Local Street - Municipality,WARREN AVE,,10,10,37.21010000,37.21010000,-93.322977780,-93.322977780,0,No Special Jurisdiction,33,Curb,0,The First Harmful Event was Not a Collision with a Motor Vehicle in Transport,0,No,1,Non-Junction,1,Not an Intersection,0,None,,,4,On Roadside,1,Daylight,,,,,1,Clear,0,No,0000000,Not Applicable,19,7:00pm-7:59pm,37,37,19,7:00pm-7:59pm,44,44,20,8:00pm-8:59pm,8,8,,,,,,,1,
2021,29,290536,Missouri,1,1,0,0,0,2,2,173,RALLS (173),0,NOT APPLICABLE,6,6,8,August,2021,6,Friday,1,1:00am-1:59am,57,57,0,This section IS NOT on the NHS,1,Rural,7,Local,2,County Highway Agency,4,County Road,CR-KINGBIRD LN,,20,20,39.48835556,39.48835556,-91.491083330,-91.491083330,0,No Special Jurisdiction,1,Rollover/Overturn,0,The First Harmful Event was Not a Collision with a Motor Vehicle in Transport,0,No,1,Non-Junction,1,Not an Intersection,0,None,,,4,On Roadside,2,Dark - Not Lighted,,,,,1,Clear,0,No,0000000,Not Applicable,2,2:00am-2:59am,10,10,2,2:00am-2:59am,37,37,88,"Not Applicable (Not Transported) ",88,Not Applicable (Not Transported),,,,,,,1,
2021,29,290538,Missouri,2,2,0,0,0,4,4,95,JACKSON (95),4490,LEES SUMMIT,6,6,8,August,2021,6,Friday,21,9:00pm-9:59pm,46,46,0,This section IS NOT on the NHS,2,Urban,4,Minor Arterial,4,City or Municipal Highway Agency,6,Local Street - Municipality,NE CHIPMAN RD,NE INDEPENDENCE AVE,10,10,38.92440278,38.92440278,-94.365047220,-94.365047220,0,No Special Jurisdiction,12,Motor Vehicle In-Transport,6,Angle,0,No,2,Intersection,2,Four-Way Intersection,0,None,,,1,On Roadway,3,Dark - Lighted,,,,,1,Clear,0,No,0000000,Not Applicable,21,9:00pm-9:59pm,48,48,21,9:00pm-9:59pm,51,51,22,10:00pm-10:59pm,6,6,,,,,,,1,
2021,29,290539,Missouri,2,2,0,0,0,4,4,510,ST. LOUIS (CITY) (510),7080,ST. LOUIS,7,7,8,August,2021,7,Saturday,15,3:00pm-3:59pm,36,36,0,This section IS NOT on the NHS,2,Urban,7,Local,4,City or Municipal Highway Agency,6,Local Street - Municipality,EVANS AVE,VANDEVENTER AVE,10,10,38.64978056,38.64978056,-90.233194440,-90.233194440,0,No Special Jurisdiction,12,Motor Vehicle In-Transport,6,Angle,0,No,2,Intersection,2,Four-Way Intersection,0,None,,,1,On Roadway,1,Daylight,,,,,1,Clear,0,No,0000000,Not Applicable,15,3:00pm-3:59pm,42,42,15,3:00pm-3:59pm,49,49,16,4:00pm-4:59pm,16,16,,,,,,,1,
2021,29,290540,Missouri,1,1,0,0,0,2,2,139,MONTGOMERY (139),0,NOT APPLICABLE,7,7,8,August,2021,7,Saturday,15,3:00pm-3:59pm,35,35,1,This section IS ON the NHS,1,Rural,1,Interstate,1,State Highway Agency,1,Interstate,I-70,,50,50,38.86761111,38.86761111,-91.349875000,-91.349875000,0,No Special Jurisdiction,1,Rollover/Overturn,0,The First Harmful Event was Not a Collision with a Motor Vehicle in Transport,0,No,1,Non-Junction,1,Not an Intersection,0,None,,,1,On Roadway,1,Daylight,,,,,1,Clear,0,No,0000000,Not Applicable,15,3:00pm-3:59pm,37,37,15,3:00pm-3:59pm,58,58,17,5:00pm-5:59pm,1,1,,,,,,,1,
2021,29,290541,Missouri,1,1,0,0,0,2,2,157,PERRY (157),0,NOT APPLICABLE,7,7,8,August,2021,7,Saturday,8,8:00am-8:59am,3,3,0,This section IS NOT on the NHS,1,Rural,4,Minor Arterial,1,State Highway Agency,3,State Highway,SR-51,,240,240,37.60912500,37.60912500,-89.981558330,-89.981558330,0,No Special Jurisdiction,35,Embankment,0,The First Harmful Event was Not a Collision with a Motor Vehicle in Transport,0,No,1,Non-Junction,1,Not an Intersection,0,None,,,4,On Roadside,1,Daylight,,,,,1,Clear,0,No,0000000,Not Applicable,8,8:00am-8:59am,3,3,8,8:00am-8:59am,21,21,9,9:00am-9:59am,16,16,,,,,,,1,
2021,29,290542,Missouri,1,1,0,1,1,1,1,510,ST. LOUIS (CITY) (510),7080,ST. LOUIS,7,7,8,August,2021,7,Saturday,9,9:00am-9:59am,21,21,1,This section IS ON the NHS,2,Urban,3,Principal Arterial - Other,1,State Highway Agency,6,Local Street - Municipality,PAGE BLVD,,20,20,38.65776667,38.65776667,-90.254361110,-90.254361110,0,No Special Jurisdiction,8,Pedestrian,0,The First Harmful Event was Not a Collision with a Motor Vehicle in Transport,0,No,1,Non-Junction,1,Not an Intersection,0,None,,,1,On Roadway,1,Daylight,,,,,1,Clear,0,No,0000000,Not Applicable,99,Unknown,98,Unknown if Notified,99,Unknown EMS Scene Arrival Hour,98,Unknown if Arrived,88,"Not Applicable (Not Transported) ",88,Not Applicable (Not Transported),,,,,,,1,
2021,29,290543,Missouri,2,1,1,0,0,2,2,510,ST. LOUIS (CITY) (510),7080,ST. LOUIS,7,7,8,August,2021,7,Saturday,5,5:00am-5:59am,13,13,1,This section IS ON the NHS,2,Urban,3,Principal Arterial - Other,4,City or Municipal Highway Agency,6,Local Street - Municipality,GRAVOIS AVE,,50,50,38.60587222,38.60587222,-90.221150000,-90.221150000,0,No Special Jurisdiction,14,Parked Motor Vehicle,0,The First Harmful Event was Not a Collision with a Motor Vehicle in Transport,0,No,1,Non-Junction,1,Not an Intersection,0,None,,,4,On Roadside,3,Dark - Lighted,,,,,1,Clear,0,No,0000000,Not Applicable,5,5:00am-5:59am,15,15,5,5:00am-5:59am,27,27,6,6:00am-6:59am,5,5,,,,,,,1,
2021,29,290544,Missouri,2,2,0,0,0,2,2,221,WASHINGTON (221),0,NOT APPLICABLE,8,8,8,August,2021,1,Sunday,14,2:00pm-2:59pm,18,18,0,This section IS NOT on the NHS,1,Rural,5,Major Collector,1,State Highway Agency,3,State Highway,SR-8,,40,40,37.91883333,37.91883333,-90.960277780,-90.960277780,0,No Special Jurisdiction,12,Motor Vehicle In-Transport,2,Front-to-Front,0,No,1,Non-Junction,1,Not an Intersection,0,None,,,1,On Roadway,1,Daylight,,,,,10,Cloudy,0,No,0000000,Not Applicable,14,2:00pm-2:59pm,22,22,14,2:00pm-2:59pm,38,38,88,"Not Applicable (Not Transported) ",88,Not Applicable (Not Transported),,,,,,,1,
2021,29,290545,Missouri,2,2,0,2,2,1,1,195,SALINE (195),0,NOT APPLICABLE,8,8,8,August,2021,1,Sunday,20,8:00pm-8:59pm,52,52,0,This section IS NOT on the NHS,1,Rural,4,Minor Arterial,1,State Highway Agency,3,State Highway,SR-240,,240,240,39.21600000,39.21600000,-92.880277780,-92.880277780,0,No Special Jurisdiction,12,Motor Vehicle In-Transport,1,Front-to-Rear,0,No,1,Non-Junction,1,Not an Intersection,0,None,,,1,On Roadway,2,Dark - Not Lighted,,,,,1,Clear,0,No,0000000,Not Applicable,21,9:00pm-9:59pm,36,36,21,9:00pm-9:59pm,58,58,22,10:00pm-10:59pm,37,37,,,,,,,1,
2021,29,290546,Missouri,1,1,0,0,0,3,3,113,LINCOLN (113),0,NOT APPLICABLE,8,8,8,August,2021,1,Sunday,1,1:00am-1:59am,35,35,0,This section IS NOT on the NHS,1,Rural,5,Major Collector,1,State Highway Agency,3,State Highway,SR-DD,,10,10,39.01102778,39.01102778,-91.250000000,-91.250000000,0,No Special Jurisdiction,1,Rollover/Overturn,0,The First Harmful Event was Not a Collision with a Motor Vehicle in Transport,0,No,1,Non-Junction,1,Not an Intersection,0,None,,,4,On Roadside,2,Dark - Not Lighted,,,,,1,Clear,0,No,0000000,Not Applicable,1,1:00am-1:59am,49,49,2,2:00am-2:59am,11,11,88,"Not Applicable (Not Transported) ",88,Not Applicable (Not Transported),,,,,,,1,
2021,29,290547,Missouri,1,1,0,0,0,4,4,29,CAMDEN (29),0,NOT APPLICABLE,8,8,8,August,2021,1,Sunday,18,6:00pm-6:59pm,50,50,0,This section IS NOT on the NHS,1,Rural,7,Local,2,County Highway Agency,4,County Road,CR-TURN BRIDGE LN,,0,None,38.17758333,38.17758333,-92.682861110,-92.682861110,0,No Special Jurisdiction,1,Rollover/Overturn,0,The First Harmful Event was Not a Collision with a Motor Vehicle in Transport,0,No,1,Non-Junction,1,Not an Intersection,0,None,,,4,On Roadside,1,Daylight,,,,,10,Cloudy,0,No,0000000,Not Applicable,20,8:00pm-8:59pm,31,31,20,8:00pm-8:59pm,52,52,21,9:00pm-9:59pm,21,21,,,,,,,1,
2021,29,290548,Missouri,1,1,0,0,0,1,1,221,WASHINGTON (221),0,NOT APPLICABLE,8,8,8,August,2021,1,Sunday,5,5:00am-5:59am,20,20,0,This section IS NOT on the NHS,1,Rural,5,Major Collector,1,State Highway Agency,3,State Highway,SR-U,,40,40,37.88633333,37.88633333,-90.725388890,-90.725388890,0,No Special Jurisdiction,1,Rollover/Overturn,0,The First Harmful Event was Not a Collision with a Motor Vehicle in Transport,0,No,1,Non-Junction,1,Not an Intersection,0,None,,,4,On Roadside,2,Dark - Not Lighted,,,,,1,Clear,0,No,0000000,Not Applicable,99,Unknown,98,Unknown if Notified,99,Unknown EMS Scene Arrival Hour,98,Unknown if Arrived,88,"Not Applicable (Not Transported) ",88,Not Applicable (Not Transported),,,,,,,1,
2021,29,290549,Missouri,1,1,0,0,0,1,1,167,POLK (167),0,NOT APPLICABLE,8,8,8,August,2021,1,Sunday,3,3:00am-3:59am,10,10,0,This section IS NOT on the NHS,1,Rural,5,Major Collector,1,State Highway Agency,3,State Highway,SR-D,,20,20,37.73205556,37.73205556,-93.299083330,-93.299083330,0,No Special Jurisdiction,42,Tree (Standing Only),0,The First Harmful Event was Not a Collision with a Motor Vehicle in Transport,0,No,1,Non-Junction,1,Not an Intersection,0,None,,,4,On Roadside,2,Dark - Not Lighted,,,,,1,Clear,0,No,0000000,Not Applicable,99,Unknown,98,Unknown if Notified,99,Unknown EMS Scene Arrival Hour,98,Unknown if Arrived,88,"Not Applicable (Not Transported) ",88,Not Applicable (Not Transported),,,,,,,1,
2021,29,290550,Missouri,2,2,0,0,0,2,2,95,JACKSON (95),4120,KANSAS CITY,8,8,8,August,2021,1,Sunday,18,6:00pm-6:59pm,24,24,0,This section IS NOT on the NHS,2,Urban,4,Minor Arterial,4,City or Municipal Highway Agency,6,Local Street - Municipality,BROADWAY BLVD,,10,10,39.05203056,39.05203056,-94.589563890,-94.589563890,0,No Special Jurisdiction,12,Motor Vehicle In-Transport,6,Angle,0,No,1,Non-Junction,1,Not an Intersection,0,None,,,1,On Roadway,1,Daylight,,,,,10,Cloudy,0,No,0000000,Not Applicable,18,6:00pm-6:59pm,25,25,18,6:00pm-6:59pm,29,29,18,6:00pm-6:59pm,38,38,,,,,,,1,