caseyear,state,st_case,statename,ve_total,ve_forms,pvh_invl,peds,pernotmvit,permvit,persons,county,countyname,city,cityname,day,dayname,month,monthname,year,day_week,day_weekname,hour,hourname,minute,minutename,nhs,nhsname,rur_urb,rur_urbname,func_sys,func_sysname,rd_owner,rd_ownername,route,routename,tway_id,tway_id2,milept,mileptname,latitude,latitudename,longitud,longitudname,sp_jur,sp_jurname,harm_ev,harm_evname,man_coll,man_collname,reljct1,reljct1name,reljct2,reljct2name,typ_int,typ_intname,wrk_zone,wrk_zonename,road_fnc,road_fncname,rel_road,rel_roadname,lgt_cond,lgt_condname,weather1,weather1name,weather2,weather2name,weather,weathername,sch_bus,sch_busname,rail,railname,not_hour,not_hourname,not_min,not_minname,arr_hour,arr_hourname,arr_min,arr_minname,hosp_hr,hosp_hrname,hosp_mn,hosp_mnname,cf1,cf1name,cf2,cf2name,cf3,cf3name,fatals,drunk_dr
2021,29,290551,Missouri,1,1,0,0,0,1,1,77,GREENE (77),0,NOT APPLICABLE,9,9,8,August,2021,2,Monday,2,2:00am-2:59am,10,10,0,This section IS NOT on the NHS,2,Urban,3,Principal Arterial - Other,1,State Highway Agency,3,State Highway,SR-413,PVT UNKNOWN RD,100,100,37.18075000,37.18075000,-93.361750000,-93.361750000,0,No Special Jurisdiction,35,Embankment,0,The First Harmful Event was Not a Collision with a Motor Vehicle in Transport,0,No,3,Intersection-Related,3,T-Intersection,0,None,,,4,On Roadside,2,Dark - Not Lighted,,,,,1,Clear,0,No,0000000,Not Applicable,2,2:00am-2:59am,11,11,2,2:00am-2:59am,24,24,2,2:00am-2:59am,35,35,,,,,,,1,
2021,29,290552,Missouri,2,2,0,0,0,2,2,105,LACLEDE (105),0,NOT APPLICABLE,9,9,8,August,2021,2,Monday,16,4:00pm-4:59pm,45,45,0,This section IS NOT on the NHS,1,Rural,5,Major Collector,1,State Highway Agency,3,State Highway,SR-A,NOR 44 NJ,60,60,37.55681389,37.55681389,-92.794847220,-92.794847220,0,No Special Jurisdiction,12,Motor Vehicle In-Transport,2,Front-to-Front,0,No,2,Intersection,3,T-Intersection,0,None,,,1,On Roadway,1,Daylight,,,,,10,Cloudy,0,No,0000000,Not Applicable,16,4:00pm-4:59pm,57,57,17,5:00pm-5:59pm,28,28,18,6:00pm-6:59pm,42,42,,,,,,,1,
2021,29,290553,Missouri,2,1,1,0,0,1,1,510,ST. LOUIS (CITY) (510),7080,ST. LOUIS,9,9,8,August,2021,2,Monday,0,0:00am-0:59am,53,53,0,This section IS NOT on the NHS,2,Urban,7,Local,4,City or Municipal Highway Agency,6,Local Street - Municipality,PESTALOZZI ST,LOUISIANA AVE,0,None,38.60393611,38.60393611,-90.237305560,-90.237305560,0,No Special Jurisdiction,1,Rollover/Overturn,0,The First Harmful Event was Not a Collision with a Motor Vehicle in Transport,0,No,2,Intersection,2,Four-Way Intersection,0,None,,,1,On Roadway,3,Dark - Lighted,,,,,2,Rain,0,No,0000000,Not Applicable,0,0:00am-0:59am,30,30,0,0:00am-0:59am,39,39,1,1:00am-1:59am,8,8,,,,,,,1,
2021,29,290554,Missouri,3,3,0,0,0,4,4,19,BOONE (19),0,NOT APPLICABLE,10,10,8,August,2021,3,Tuesday,16,4:00pm-4:59pm,10,10,0,This section IS NOT on the NHS,1,Rural,4,Minor Arterial,1,State Highway Agency,3,State Highway,SR-22,,30,30,39.22413889,39.22413889,-92.168333330,-92.168333330,0,No Special Jurisdiction,54,"Motor Vehicle In-Transport Strikes or is Struck by Cargo, Persons or Objects Set-in-Motion from/by Another Motor Vehicle In Transport",11,"Other ",0,No,1,Non-Junction,1,Not an Intersection,0,None,,,1,On Roadway,1,Daylight,,,,,10,Cloudy,0,No,0000000,Not Applicable,16,4:00pm-4:59pm,11,11,16,4:00pm-4:59pm,17,17,17,5:00pm-5:59pm,0,0,,,,,,,1,
2021,29,290555,Missouri,3,3,0,0,0,4,4,189,ST LOUIS (189),650,BERKELEY,10,10,8,August,2021,3,Tuesday,16,4:00pm-4:59pm,15,15,1,This section IS ON the NHS,2,Urban,1,Interstate,1,State Highway Agency,1,Interstate,I-170,,90,90,38.74371389,38.74371389,-90.336830560,-90.336830560,0,No Special Jurisdiction,12,Motor Vehicle In-Transport,7,Sideswipe - Same Direction,0,No,1,Non-Junction,1,Not an Intersection,0,None,,,1,On Roadway,1,Daylight,,,,,10,Cloudy,0,No,0000000,Not Applicable,16,4:00pm-4:59pm,18,18,16,4:00pm-4:59pm,24,24,16,4:00pm-4:59pm,45,45,,,,,,,2,
2021,29,290556,Missouri,2,2,0,0,0,3,3,145,NEWTON (145),0,NOT APPLICABLE,10,10,8,August,2021,3,Tuesday,19,7:00pm-7:59pm,30,30,0,This section IS NOT on the NHS,1,Rural,4,Minor Arterial,1,State Highway Agency,3,State Highway,SR-43,,120,120,36.89223889,36.89223889,-94.587816670,-94.587816670,0,No Special Jurisdiction,12,Motor Vehicle In-Transport,2,Front-to-Front,0,No,1,Non-Junction,1,Not an Intersection,0,None,,,1,On Roadway,1,Daylight,,,,,1,Clear,0,No,0000000,Not Applicable,19,7:00pm-7:59pm,33,33,19,7:00pm-7:59pm,40,40,20,8:00pm-8:59pm,10,10,,,,,,,1,
2021,29,290557,Missouri,1,1,0,1,1,1,1,189,ST LOUIS (189),7940,VALLEY PARK,11,11,8,August,2021,4,Wednesday,21,9:00pm-9:59pm,22,22,1,This section IS ON the NHS,2,Urban,3,Principal Arterial - Other,1,State Highway Agency,3,State Highway,SR-D,,60,60,38.68558333,38.68558333,-90.346750000,-90.346750000,0,No Special Jurisdiction,8,Pedestrian,0,The First Harmful Event was Not a Collision with a Motor Vehicle in Transport,0,No,1,Non-Junction,1,Not an Intersection,0,None,,,1,On Roadway,2,Dark - Not Lighted,,,,,1,Clear,0,No,0000000,Not Applicable,21,9:00pm-9:59pm,28,28,21,9:00pm-9:59pm,33,33,88,"Not Applicable (Not Transported) ",88,Not Applicable (Not Transported),,,,,,,1,
2021,29,290558,Missouri,2,2,0,0,0,3,3,95,JACKSON (95),4120,KANSAS CITY,11,11,8,August,2021,4,Wednesday,0,0:00am-0:59am,48,48,0,This section IS NOT on the NHS,2,Urban,4,Minor Arterial,4,City or Municipal Highway Agency,6,Local Street - Municipality,BLUE RIDGE BLVD,,20,20,38.98365833,38.98365833,-94.483208330,-94.483208330,0,No Special Jurisdiction,12,Motor Vehicle In-Transport,2,Front-to-Front,0,No,1,Non-Junction,1,Not an Intersection,0,None,,,1,On Roadway,3,Dark - Lighted,,,,,1,Clear,0,No,0000000,Not Applicable,0,0:00am-0:59am,39,39,0,0:00am-0:59am,44,44,1,1:00am-1:59am,2,2,,,,,,,1,
2021,29,290559,Missouri,2,1,1,0,1,1,2,189,ST LOUIS (189),1050,BRIDGETON,13,13,8,August,2021,6,Friday,18,6:00pm-6:59pm,35,35,1,This section IS ON the NHS,2,Urban,1,Interstate,1,State Highway Agency,1,Interstate,I-270,,220,220,38.76802778,38.76802778,-90.410611110,-90.410611110,0,No Special Jurisdiction,14,Parked Motor Vehicle,0,The First Harmful Event was Not a Collision with a Motor Vehicle in Transport,1,Yes,19,Other location within Interchange Area,1,Not an Intersection,0,None,,,2,On Shoulder,1,Daylight,,,,,1,Clear,0,No,0000000,Not Applicable,18,6:00pm-6:59pm,36,36,18,6:00pm-6:59pm,44,44,88,"Not Applicable (Not Transported) ",88,Not Applicable (Not Transported),,,,,,,1,
2021,29,290560,Missouri,1,1,0,0,0,1,1,107,LAFAYETTE (107),0,NOT APPLICABLE,12,12,8,August,2021,5,Thursday,23,11:00pm-11:59pm,20,20,0,This section IS NOT on the NHS,1,Rural,7,Local,2,County Highway Agency,4,County Road,CR-PLUMB BOB TRL,,0,None,39.07525556,39.07525556,-93.663880560,-93.663880560,0,No Special Jurisdiction,1,Rollover/Overturn,0,The First Harmful Event was Not a Collision with a Motor Vehicle in Transport,0,No,1,Non-Junction,1,Not an Intersection,0,None,,,1,On Roadway,2,Dark - Not Lighted,,,,,2,Rain,0,No,0000000,Not Applicable,99,Unknown,98,Unknown if Notified,99,Unknown EMS Scene Arrival Hour,98,Unknown if Arrived,88,"Not Applicable (Not Transported) ",88,Not Applicable (Not Transported),,,,,,,1,
2021,29,290561,Missouri,1,1,0,0,0,1,1,109,LAWRENCE (109),0,NOT APPLICABLE,12,12,8,August,2021,5,Thursday,1,1:00am-1:59am,17,17,1,This section IS ON the NHS,1,Rural,1,Interstate,1,State Highway Agency,1,Interstate,I-44 RP 3213,,0,None,37.09464167,37.09464167,-93.801716670,-93.801716670,0,No Special Jurisdiction,43,Other Fixed Object,0,The First Harmful Event was Not a Collision with a Motor Vehicle in Transport,1,Yes,5,Entrance/Exit Ramp Related,1,Not an Intersection,0,None,,,10,Separator,2,Dark - Not Lighted,,,,,1,Clear,0,No,0000000,Not Applicable,99,Unknown,99,Unknown,99,Unknown EMS Scene Arrival Hour,99,Unknown EMS Scene Arrival Minutes,88,"Not Applicable (Not Transported) ",88,Not Applicable (Not Transported),,,,,,,1,
2021,29,290562,Missouri,4,2,2,0,0,4,4,9,BARRY (9),1460,CASSVILLE,13,13,8,August,2021,6,Friday,14,2:00pm-2:59pm,32,32,1,This section IS ON the NHS,1,Rural,3,Principal Arterial - Other,1,State Highway Agency,3,State Highway,SR-37,CR-2160,170,170,36.69991667,36.69991667,-93.889833330,-93.889833330,0,No Special Jurisdiction,12,Motor Vehicle In-Transport,6,Angle,0,No,2,Intersection,2,Four-Way Intersection,0,None,,,1,On Roadway,1,Daylight,,,,,10,Cloudy,0,No,0000000,Not Applicable,14,2:00pm-2:59pm,38,38,14,2:00pm-2:59pm,44,44,15,3:00pm-3:59pm,20,20,,,,,,,1,
2021,29,290563,Missouri,3,3,0,0,0,5,5,99,JEFFERSON (99),0,NOT APPLICABLE,14,14,8,August,2021,7,Saturday,23,11:00pm-11:59pm,35,35,1,This section IS ON the NHS,2,Urban,1,Interstate,1,State Highway Agency,1,Interstate,I-55,,210,210,38.36383333,38.36383333,-90.386500000,-90.386500000,0,No Special Jurisdiction,12,Motor Vehicle In-Transport,6,Angle,0,No,1,Non-Junction,1,Not an Intersection,0,None,,,1,On Roadway,2,Dark - Not Lighted,,,,,1,Clear,0,No,0000000,Not Applicable,23,11:00pm-11:59pm,29,29,23,11:00pm-11:59pm,49,49,0,0:00am-0:59am,24,24,,,,,,,1,
2021,29,290564,Missouri,1,1,0,0,0,1,1,57,DADE (57),0,NOT APPLICABLE,14,14,8,August,2021,7,Saturday,12,12:00pm-12:59pm,37,37,0,This section IS NOT on the NHS,1,Rural,4,Minor Arterial,1,State Highway Agency,2,U.S. Highway,US-160,,230,230,37.42297222,37.42297222,-93.704527780,-93.704527780,0,No Special Jurisdiction,1,Rollover/Overturn,0,The First Harmful Event was Not a Collision with a Motor Vehicle in Transport,0,No,1,Non-Junction,1,Not an Intersection,0,None,,,4,On Roadside,1,Daylight,,,,,1,Clear,0,No,0000000,Not Applicable,12,12:00pm-12:59pm,34,34,12,12:00pm-12:59pm,46,46,99,Unknown,99,Unknown EMS Hospital Arrival Time,,,,,,,1,
2021,29,290565,Missouri,4,4,0,0,0,7,7,95,JACKSON (95),3940,INDEPENDENCE,14,14,8,August,2021,7,Saturday,22,10:00pm-10:59pm,30,30,1,This section IS ON the NHS,2,Urban,3,Principal Arterial - Other,1,State Highway Agency,3,State Highway,SR-78,SR-291,60,60,39.07788611,39.07788611,-94.379258330,-94.379258330,0,No Special Jurisdiction,12,Motor Vehicle In-Transport,6,Angle,0,No,2,Intersection,2,Four-Way Intersection,0,None,,,1,On Roadway,3,Dark - Lighted,,,,,1,Clear,0,No,0000000,Not Applicable,22,10:00pm-10:59pm,35,35,22,10:00pm-10:59pm,40,40,22,10:00pm-10:59pm,51,51,,,,,,,1,
2021,29,290566,Missouri,1,1,0,0,0,1,1,119,MCDONALD (119),0,NOT APPLICABLE,14,14,8,August,2021,7,Saturday,1,1:00am-1:59am,0,0,0,This section IS NOT on the NHS,1,Rural,5,Major Collector,1,State Highway Agency,3,State Highway,SR-90,,180,180,36.54019444,36.54019444,-94.348638890,-94.348638890,0,No Special Jurisdiction,1,Rollover/Overturn,0,The First Harmful Event was Not a Collision with a Motor Vehicle in Transport,0,No,1,Non-Junction,1,Not an Intersection,0,None,,,4,On Roadside,2,Dark - Not Lighted,,,,,1,Clear,0,No,0000000,Not Applicable,99,Unknown,98,Unknown if Notified,99,Unknown EMS Scene Arrival Hour,98,Unknown if Arrived,88,"Not Applicable (Not Transported) ",88,Not Applicable (Not Transported),,,,,,,1,
2021,29,290567,Missouri,1,1,0,1,1,1,1,510,ST. LOUIS (CITY) (510),7080,ST. LOUIS,14,14,8,August,2021,7,Saturday,1,1:00am-1:59am,26,26,0,This section IS NOT on the NHS,2,Urban,3,Principal Arterial - Other,1,State Highway Agency,3,State Highway,SR-115,UNION BLVD,10,10,38.67928056,38.67928056,-90.258250000,-90.258250000,0,No Special Jurisdiction,8,Pedestrian,0,The First Harmful Event was Not a Collision with a Motor Vehicle in Transport,0,No,3,Intersection-Related,2,Four-Way Intersection,0,None,,,1,On Roadway,3,Dark - Lighted,,,,,1,Clear,0,No,0000000,Not Applicable,1,1:00am-1:59am,31,31,1,1:00am-1:59am,36,36,1,1:00am-1:59am,59,59,,,,,,,1,
2021,29,290568,Missouri,1,1,0,1,1,1,1,85,HICKORY (85),0,NOT APPLICABLE,15,15,8,August,2021,1,Sunday,8,8:00am-8:59am,0,0,0,This section IS NOT on the NHS,1,Rural,7,Local,25,Other Local Agency,5,Local Street - Township,S NEMO PARK,,0,None,37.85958333,37.85958333,-93.274500000,-93.274500000,0,No Special Jurisdiction,8,Pedestrian,0,The First Harmful Event was Not a Collision with a Motor Vehicle in Transport,0,No,1,Non-Junction,1,Not an Intersection,0,None,,,1,On Roadway,1,Daylight,,,,,10,Cloudy,0,No,0000000,Not Applicable,8,8:00am-8:59am,8,8,8,8:00am-8:59am,21,21,99,Unknown,99,Unknown EMS Hospital Arrival Time,,,,,,,1,
2021,29,290569,Missouri,1,1,0,1,1,1,1,27,CALLAWAY (27),2960,FULTON,15,15,8,August,2021,1,Sunday,14,2:00pm-2:59pm,45,45,0,This section IS NOT on the NHS,2,Urban,5,Major Collector,1,State Highway Agency,3,State Highway,SR-UU,,0,None,38.84061111,38.84061111,-91.923388890,-91.923388890,0,No Special Jurisdiction,15,Non-Motorist on Personal Conveyance,0,The First Harmful Event was Not a Collision with a Motor Vehicle in Transport,0,No,1,Non-Junction,1,Not an Intersection,0,None,,,1,On Roadway,1,Daylight,,,,,1,Clear,0,No,0000000,Not Applicable,14,2:00pm-2:59pm,46,46,14,2:00pm-2:59pm,58,58,15,3:00pm-3:59pm,58,58,,,,,,,1,
2021,29,290570,Missouri,2,2,0,0,0,3,3,186,STE GENEVIEVE (186),0,NOT APPLICABLE,15,15,8,August,2021,1,Sunday,16,4:00pm-4:59pm,0,0,0,This section IS NOT on the NHS,1,Rural,5,Major Collector,1,State Highway Agency,2,U.S. Highway,US-61,SR-O,100,100,37.97626389,37.97626389,-90.187333330,-90.187333330,0,No Special Jurisdiction,12,Motor Vehicle In-Transport,6,Angle,0,No,2,Intersection,3,T-Intersection,0,None,,,1,On Roadway,1,Daylight,,,,,1,Clear,0,No,0000000,Not Applicable,16,4:00pm-4:59pm,3,3,16,4:00pm-4:59pm,34,34,17,5:00pm-5:59pm,29,29,,,,,,,1,
2021,29,290571,Missouri,3,3,0,0,0,3,3,79,GRUNDY (79),7780,TRENTON,16,16,8,August,2021,2,Monday,16,4:00pm-4:59pm,12,12,1,This section IS ON the NHS,2,Urban,3,Principal Arterial - Other,1,State Highway Agency,3,State Highway,SR-6,,80,80,40.06980556,40.06980556,-93.630444440,-93.630444440,0,No Special Jurisdiction,12,Motor Vehicle In-Transport,1,Front-to-Rear,0,No,1,Non-Junction,1,Not an Intersection,0,None,,,1,On Roadway,1,Daylight,,,,,1,Clear,0,No,0000000,Not Applicable,16,4:00pm-4:59pm,12,12,16,4:00pm-4:59pm,20,20,16,4:00pm-4:59pm,49,49,,,,,,,1,
2021,29,290572,Missouri,1,1,0,1,1,2,2,95,JACKSON (95),3940,INDEPENDENCE,16,16,8,August,2021,2,Monday,12,12:00pm-12:59pm,38,38,1,This section IS ON the NHS,2,Urban,2,Principal Arterial - Other Freeways and Expressways,1,State Highway Agency,3,State Highway,SR-291,,80,80,39.07766944,39.07766944,-94.379272220,-94.379272220,0,No Special Jurisdiction,8,Pedestrian,0,The First Harmful Event was Not a Collision with a Motor Vehicle in Transport,0,No,1,Non-Junction,1,Not an Intersection,0,None,,,1,On Roadway,1,Daylight,,,,,1,Clear,0,No,0000000,Not Applicable,12,12:00pm-12:59pm,39,39,12,12:00pm-12:59pm,41,41,12,12:00pm-12:59pm,53,53,,,,,,,1,
2021,29,290573,Missouri,1,1,0,1,1,1,1,510,ST. LOUIS (CITY) (510),7080,ST. LOUIS,17,17,8,August,2021,3,Tuesday,0,0:00am-0:59am,20,20,0,This section IS NOT on the NHS,2,Urban,4,Minor Arterial,4,City or Municipal Highway Agency,6,Local Street - Municipality,UNION BLVD,,20,20,38.66979167,38.66979167,-90.264888890,-90.264888890,0,No Special Jurisdiction,8,Pedestrian,0,The First Harmful Event was Not a Collision with a Motor Vehicle in Transport,0,No,1,Non-Junction,1,Not an Intersection,0,None,,,1,On Roadway,3,Dark - Lighted,,,,,1,Clear,0,No,0000000,Not Applicable,0,0:00am-0:59am,30,30,0,0:00am-0:59am,36,36,0,0:00am-0:59am,55,55,,,,,,,1,
2021,29,290574,Missouri,1,1,0,0,0,1,1,189,ST LOUIS (189),0,NOT APPLICABLE,17,17,8,August,2021,3,Tuesday,19,7:00pm-7:59pm,45,45,0,This section IS NOT on the NHS,1,Rural,7,Local,2,County Highway Agency,4,County Road,CR-FORT BELLEFONTAINE RD,,0,None,38.83795833,38.83795833,-90.246825000,-90.246825000,0,No Special Jurisdiction,42,Tree (Standing Only),0,The First Harmful Event was Not a Collision with a Motor Vehicle in Transport,0,No,1,Non-Junction,1,Not an Intersection,0,None,,,4,On Roadside,1,Daylight,,,,,1,Clear,0,No,0000000,Not Applicable,99,Unknown,98,Unknown if Notified,99,Unknown EMS Scene Arrival Hour,98,Unknown if Arrived,88,"Not Applicable (Not Transported) ",88,Not Applicable (Not Transported),,,,,,,1,
2021,29,290575,Missouri,1,1,0,0,0,1,1,71,FRANKLIN (71),0,NOT APPLICABLE,18,18,8,August,2021,4,Wednesday,0,0:00am-0:59am,45,45,1,This section IS ON the NHS,2,Urban,1,Interstate,1,State Highway Agency,1,Interstate,I-44,,250,250,38.45222222,38.45222222,-90.887500000,-90.887500000,0,No Special Jurisdiction,42,Tree (Standing Only),0,The First Harmful Event was Not a Collision with a Motor Vehicle in Transport,0,No,1,Non-Junction,1,Not an Intersection,0,None,,,4,On Roadside,2,Dark - Not Lighted,,,,,10,Cloudy,0,No,0000000,Not Applicable,0,0:00am-0:59am,45,45,0,0:00am-0:59am,53,53,1,1:00am-1:59am,32,32,,,,,,,1,
2021,29,290576,Missouri,1,1,0,0,0,1,1,77,GREENE (77),7460,SPRINGFIELD,19,19,8,August,2021,5,Thursday,18,6:00pm-6:59pm,47,47,1,This section IS ON the NHS,1,Rural,2,Principal Arterial - Other Freeways and Expressways,1,State Highway Agency,3,State Highway,SR-266,,10,10,37.21380833,37.21380833,-93.400230560,-93.400230560,0,No Special Jurisdiction,34,Ditch,0,The First Harmful Event was Not a Collision with a Motor Vehicle in Transport,0,No,1,Non-Junction,1,Not an Intersection,0,None,,,4,On Roadside,1,Daylight,,,,,1,Clear,0,No,0000000,Not Applicable,18,6:00pm-6:59pm,48,48,18,6:00pm-6:59pm,58,58,19,7:00pm-7:59pm,28,28,,,,,,,1,
2021,29,290577,Missouri,4,4,0,0,0,5,5,77,GREENE (77),7460,SPRINGFIELD,19,19,8,August,2021,5,Thursday,10,10:00am-10:59am,44,44,1,This section IS ON the NHS,2,Urban,2,Principal Arterial - Other Freeways and Expressways,1,State Highway Agency,6,Local Street - Municipality,CAMPBELL AVE,RP 2185,40,40,37.13553611,37.13553611,-93.296461110,-93.296461110,0,No Special Jurisdiction,12,Motor Vehicle In-Transport,6,Angle,1,Yes,2,Intersection,3,T-Intersection,0,None,,,1,On Roadway,1,Daylight,,,,,10,Cloudy,0,No,0000000,Not Applicable,10,10:00am-10:59am,44,44,10,10:00am-10:59am,48,48,11,11:00am-11:59am,1,1,,,,,,,1,
2021,29,290578,Missouri,2,2,0,0,0,3,3,95,JACKSON (95),4120,KANSAS CITY,19,19,8,August,2021,5,Thursday,20,8:00pm-8:59pm,8,8,0,This section IS NOT on the NHS,2,Urban,4,Minor Arterial,4,City or Municipal Highway Agency,6,Local Street - Municipality,WEST PENNWAY,W 25TH ST,0,None,39.08221667,39.08221667,-94.591644440,-94.591644440,0,No Special Jurisdiction,12,Motor Vehicle In-Transport,6,Angle,0,No,2,Intersection,2,Four-Way Intersection,0,None,,,1,On Roadway,3,Dark - Lighted,,,,,1,Clear,0,No,0000000,Not Applicable,20,8:00pm-8:59pm,9,9,20,8:00pm-8:59pm,19,19,20,8:00pm-8:59pm,27,27,,,,,,,1,
2021,29,290579,Missouri,2,2,0,0,0,3,3,201,SCOTT (201),0,NOT APPLICABLE,19,19,8,August,2021,5,Thursday,21,9:00pm-9:59pm,20,20,0,This section IS NOT on the NHS,1,Rural,5,Major Collector,1,State Highway Agency,2,U.S. Highway,US-61,,180,180,37.02205556,37.02205556,-89.623861110,-89.623861110,0,No Special Jurisdiction,12,Motor Vehicle In-Transport,2,Front-to-Front,0,No,1,Non-Junction,1,Not an Intersection,0,None,,,1,On Roadway,2,Dark - Not Lighted,,,,,1,Clear,0,No,0000000,Not Applicable,21,9:00pm-9:59pm,33,33,21,9:00pm-9:59pm,45,45,99,Unknown,99,Unknown EMS Hospital Arrival Time,,,,,,,1,
2021,29,290580,Missouri,2,1,1,0,0,5,5,47,CLAY (47),2600,EXCELSIOR SPRINGS,20,20,8,August,2021,6,Friday,19,7:00pm-7:59pm,45,45,0,This section IS NOT on the NHS,2,Urban,7,Local,4,City or Municipal Highway Agency,6,Local Street - Municipality,SEYBOLD RD,,20,20,39.32283333,39.32283333,-94.216805560,-94.216805560,0,No Special Jurisdiction,14,Parked Motor Vehicle,0,The First Harmful Event was Not a Collision with a Motor Vehicle in Transport,0,No,1,Non-Junction,1,Not an Intersection,0,None,,,2,On Shoulder,1,Daylight,,,,,1,Clear,0,No,0000000,Not Applicable,19,7:00pm-7:59pm,50,50,20,8:00pm-8:59pm,20,20,20,8:00pm-8:59pm,49,49,,,,,,,1,
2021,29,290581,Missouri,1,1,0,0,0,1,1,195,SALINE (195),0,NOT APPLICABLE,20,20,8,August,2021,6,Friday,21,9:00pm-9:59pm,0,0,0,This section IS NOT on the NHS,1,Rural,6,Minor Collector,1,State Highway Agency,3,State Highway,SR-T,,0,None,39.23366667,39.23366667,-93.461944440,-93.461944440,0,No Special Jurisdiction,35,Embankment,0,The First Harmful Event was Not a Collision with a Motor Vehicle in Transport,0,No,1,Non-Junction,1,Not an Intersection,0,None,,,4,On Roadside,2,Dark - Not Lighted,,,,,1,Clear,0,No,0000000,Not Applicable,99,Unknown,98,Unknown if Notified,99,Unknown EMS Scene Arrival Hour,98,Unknown if Arrived,88,"Not Applicable (Not Transported) ",88,Not Applicable (Not Transported),,,,,,,1,
2021,29,290582,Missouri,3,3,0,0,0,3,3,47,CLAY (47),4120,KANSAS CITY,20,20,8,August,2021,6,Friday,22,10:00pm-10:59pm,28,28,0,This section IS NOT on the NHS,2,Urban,5,Major Collector,4,City or Municipal Highway Agency,6,Local Street - Municipality,N ANTIOCH RD,,60,60,39.16096389,39.16096389,-94.546786110,-94.546786110,0,No Special Jurisdiction,1,Rollover/Overturn,0,The First Harmful Event was Not a Collision with a Motor Vehicle in Transport,0,No,1,Non-Junction,1,Not an Intersection,0,None,,,1,On Roadway,3,Dark - Lighted,,,,,2,Rain,0,No,0000000,Not Applicable,22,10:00pm-10:59pm,29,29,22,10:00pm-10:59pm,39,39,22,10:00pm-10:59pm,47,47,,,,,,,1,
2021,29,290583,Missouri,2,2,0,2,2,1,1,510,ST. LOUIS (CITY) (510),7080,ST. LOUIS,20,20,8,August,2021,6,Friday,10,10:00am-10:59am,47,47,1,This section IS ON the NHS,2,Urban,1,Interstate,1,State Highway Agency,1,Interstate,I-44,,20,20,38.62441667,38.62441667,-90.187688890,-90.187688890,0,No Special Jurisdiction,18,Other Object (not fixed),0,The First Harmful Event was Not a Collision with a Motor Vehicle in Transport,0,No,1,Non-Junction,1,Not an Intersection,0,None,,,1,On Roadway,1,Daylight,,,,,1,Clear,0,No,0000000,Not Applicable,10,10:00am-10:59am,48,48,10,10:00am-10:59am,59,59,11,11:00am-11:59am,12,12,,,,,,,1,
2021,29,290584,Missouri,2,2,0,1,1,1,1,510,ST. LOUIS (CITY) (510),7080,ST. LOUIS,20,20,8,August,2021,6,Friday,8,8:00am-8:59am,19,19,1,This section IS ON the NHS,2,Urban,1,Interstate,1,State Highway Agency,1,Interstate,I-70,,40,40,38.68054167,38.68054167,-90.212969440,-90.212969440,0,No Special Jurisdiction,12,Motor Vehicle In-Transport,1,Front-to-Rear,1,Yes,18,Through Roadway,1,Not an Intersection,0,None,,,1,On Roadway,1,Daylight,,,,,1,Clear,0,No,0000000,Not Applicable,8,8:00am-8:59am,19,19,8,8:00am-8:59am,35,35,9,9:00am-9:59am,4,4,,,,,,,1,
2021,29,290585,Missouri,1,1,0,0,0,1,1,27,CALLAWAY (27),0,NOT APPLICABLE,20,20,8,August,2021,6,Friday,10,10:00am-10:59am,30,30,0,This section IS NOT on the NHS,1,Rural,7,Local,2,County Highway Agency,4,County Road,CR-OLD 54,,0,None,38.73722222,38.73722222,-92.059583330,-92.059583330,0,No Special Jurisdiction,1,Rollover/Overturn,0,The First Harmful Event was Not a Collision with a Motor Vehicle in Transport,0,No,1,Non-Junction,1,Not an Intersection,0,None,,,10,Separator,1,Daylight,,,,,1,Clear,0,No,0000000,Not Applicable,99,Unknown,98,Unknown if Notified,99,Unknown EMS Scene Arrival Hour,98,Unknown if Arrived,88,"Not Applicable (Not Transported) ",88,Not Applicable (Not Transported),,,,,,,1,
2021,29,290586,Missouri,1,1,0,0,0,1,1,55,CRAWFORD (55),0,NOT APPLICABLE,21,21,8,August,2021,7,Saturday,18,6:00pm-6:59pm,5,5,0,This section IS NOT on the NHS,1,Rural,6,Minor Collector,1,State Highway Agency,3,State Highway,SR-FF,,20,20,38.16400000,38.16400000,-91.186194440,-91.186194440,0,No Special Jurisdiction,1,Rollover/Overturn,0,The First Harmful Event was Not a Collision with a Motor Vehicle in Transport,0,No,1,Non-Junction,1,Not an Intersection,0,None,,,4,On Roadside,1,Daylight,,,,,1,Clear,0,No,0000000,Not Applicable,99,Unknown,98,Unknown if Notified,99,Unknown EMS Scene Arrival Hour,98,Unknown if Arrived,88,"Not Applicable (Not Transported) ",88,Not Applicable (Not Transported),,,,,,,1,
2021,29,290587,Missouri,1,1,0,1,1,1,1,189,ST LOUIS (189),0,NOT APPLICABLE,30,30,7,July,2021,6,Friday,21,9:00pm-9:59pm,45,45,1,This section IS ON the NHS,2,Urban,3,Principal Arterial - Other,1,State Highway Agency,3,State Highway,SR-180,,70,70,38.70050000,38.70050000,-90.331227780,-90.331227780,0,No Special Jurisdiction,8,Pedestrian,0,The First Harmful Event was Not a Collision with a Motor Vehicle in Transport,0,No,1,Non-Junction,1,Not an Intersection,0,None,,,1,On Roadway,2,Dark - Not Lighted,,,,,1,Clear,0,No,0000000,Not Applicable,21,9:00pm-9:59pm,46,46,21,9:00pm-9:59pm,53,53,22,10:00pm-10:59pm,8,8,,,,,,,1,
2021,29,290588,Missouri,2,2,0,0,0,3,3,175,RANDOLPH (175),0,NOT APPLICABLE,21,21,8,August,2021,7,Saturday,21,9:00pm-9:59pm,0,0,1,This section IS ON the NHS,1,Rural,3,Principal Arterial - Other,1,State Highway Agency,2,U.S. Highway,US-63,BU 63 SJ,80,80,39.34227778,39.34227778,-92.390916670,-92.390916670,0,No Special Jurisdiction,12,Motor Vehicle In-Transport,6,Angle,0,No,2,Intersection,2,Four-Way Intersection,0,None,,,1,On Roadway,2,Dark - Not Lighted,,,,,1,Clear,0,No,0000000,Not Applicable,21,9:00pm-9:59pm,8,8,21,9:00pm-9:59pm,16,16,99,Unknown,99,Unknown EMS Hospital Arrival Time,,,,,,,1,