caseyear,state,st_case,statename,ve_total,ve_forms,pvh_invl,peds,pernotmvit,permvit,persons,county,countyname,city,cityname,day,dayname,month,monthname,year,day_week,day_weekname,hour,hourname,minute,minutename,nhs,nhsname,rur_urb,rur_urbname,func_sys,func_sysname,rd_owner,rd_ownername,route,routename,tway_id,tway_id2,milept,mileptname,latitude,latitudename,longitud,longitudname,sp_jur,sp_jurname,harm_ev,harm_evname,man_coll,man_collname,reljct1,reljct1name,reljct2,reljct2name,typ_int,typ_intname,wrk_zone,wrk_zonename,road_fnc,road_fncname,rel_road,rel_roadname,lgt_cond,lgt_condname,weather1,weather1name,weather2,weather2name,weather,weathername,sch_bus,sch_busname,rail,railname,not_hour,not_hourname,not_min,not_minname,arr_hour,arr_hourname,arr_min,arr_minname,hosp_hr,hosp_hrname,hosp_mn,hosp_mnname,cf1,cf1name,cf2,cf2name,cf3,cf3name,fatals,drunk_dr
2021,29,290626,Missouri,2,2,0,0,0,4,4,125,MARIES (125),0,NOT APPLICABLE,28,28,8,August,2021,7,Saturday,11,11:00am-11:59am,47,47,1,This section IS ON the NHS,1,Rural,3,Principal Arterial - Other,1,State Highway Agency,2,U.S. Highway,US-63,,250,250,38.06286111,38.06286111,-91.774805560,-91.774805560,0,No Special Jurisdiction,12,Motor Vehicle In-Transport,6,Angle,0,No,1,Non-Junction,1,Not an Intersection,0,None,,,1,On Roadway,1,Daylight,,,,,1,Clear,0,No,0000000,Not Applicable,99,Unknown,98,Unknown if Notified,99,Unknown EMS Scene Arrival Hour,98,Unknown if Arrived,88,"Not Applicable (Not Transported) ",88,Not Applicable (Not Transported),,,,,,,2,
2021,29,290627,Missouri,1,1,0,1,1,2,2,95,JACKSON (95),4120,KANSAS CITY,28,28,8,August,2021,7,Saturday,3,3:00am-3:59am,27,27,1,This section IS ON the NHS,2,Urban,1,Interstate,1,State Highway Agency,1,Interstate,I-70,,190,190,39.04795833,39.04795833,-94.462391670,-94.462391670,0,No Special Jurisdiction,8,Pedestrian,0,The First Harmful Event was Not a Collision with a Motor Vehicle in Transport,0,No,1,Non-Junction,1,Not an Intersection,0,None,,,2,On Shoulder,2,Dark - Not Lighted,,,,,1,Clear,0,No,0000000,Not Applicable,3,3:00am-3:59am,26,26,3,3:00am-3:59am,34,34,4,4:00am-4:59am,18,18,,,,,,,1,
2021,29,290628,Missouri,2,2,0,0,0,2,2,37,CASS (37),0,NOT APPLICABLE,29,29,8,August,2021,1,Sunday,18,6:00pm-6:59pm,5,5,0,This section IS NOT on the NHS,1,Rural,3,Principal Arterial - Other,1,State Highway Agency,3,State Highway,SR-291,,70,70,38.73086111,38.73086111,-94.376083330,-94.376083330,0,No Special Jurisdiction,12,Motor Vehicle In-Transport,2,Front-to-Front,0,No,1,Non-Junction,1,Not an Intersection,0,None,,,1,On Roadway,1,Daylight,,,,,1,Clear,0,No,0000000,Not Applicable,18,6:00pm-6:59pm,15,15,18,6:00pm-6:59pm,27,27,19,7:00pm-7:59pm,10,10,,,,,,,1,
2021,29,290629,Missouri,2,2,0,0,0,3,3,131,MILLER (131),0,NOT APPLICABLE,29,29,8,August,2021,1,Sunday,12,12:00pm-12:59pm,50,50,0,This section IS NOT on the NHS,1,Rural,4,Minor Arterial,1,State Highway Agency,3,State Highway,SR-42,,160,160,38.08650000,38.08650000,-92.392916670,-92.392916670,0,No Special Jurisdiction,12,Motor Vehicle In-Transport,2,Front-to-Front,0,No,1,Non-Junction,1,Not an Intersection,0,None,,,1,On Roadway,1,Daylight,,,,,1,Clear,0,No,0000000,Not Applicable,12,12:00pm-12:59pm,53,53,13,1:00pm-1:59pm,3,3,99,Unknown,99,Unknown EMS Hospital Arrival Time,,,,,,,2,
2021,29,290630,Missouri,2,2,0,0,0,2,2,510,ST. LOUIS (CITY) (510),7080,ST. LOUIS,29,29,8,August,2021,1,Sunday,9,9:00am-9:59am,6,6,1,This section IS ON the NHS,2,Urban,1,Interstate,1,State Highway Agency,1,Interstate,I-44,,40,40,38.61456944,38.61456944,-90.229950000,-90.229950000,0,No Special Jurisdiction,12,Motor Vehicle In-Transport,2,Front-to-Front,0,No,1,Non-Junction,1,Not an Intersection,0,None,,,1,On Roadway,1,Daylight,,,,,1,Clear,0,No,0000000,Not Applicable,9,9:00am-9:59am,7,7,9,9:00am-9:59am,20,20,9,9:00am-9:59am,59,59,,,,,,,2,
2021,29,290631,Missouri,2,2,0,0,0,2,2,95,JACKSON (95),4120,KANSAS CITY,30,30,8,August,2021,2,Monday,0,0:00am-0:59am,23,23,0,This section IS NOT on the NHS,2,Urban,4,Minor Arterial,4,City or Municipal Highway Agency,6,Local Street - Municipality,TRUMAN RD,EWING AVE,40,40,39.09366667,39.09366667,-94.503527780,-94.503527780,0,No Special Jurisdiction,12,Motor Vehicle In-Transport,6,Angle,0,No,2,Intersection,2,Four-Way Intersection,0,None,,,1,On Roadway,3,Dark - Lighted,,,,,1,Clear,0,No,0000000,Not Applicable,0,0:00am-0:59am,23,23,0,0:00am-0:59am,31,31,0,0:00am-0:59am,50,50,,,,,,,1,
2021,29,290632,Missouri,1,1,0,0,0,1,1,173,RALLS (173),0,NOT APPLICABLE,31,31,8,August,2021,3,Tuesday,13,1:00pm-1:59pm,52,52,0,This section IS NOT on the NHS,1,Rural,5,Major Collector,1,State Highway Agency,3,State Highway,SR-P,,140,140,39.32405556,39.32405556,-91.551888890,-91.551888890,0,No Special Jurisdiction,34,Ditch,0,The First Harmful Event was Not a Collision with a Motor Vehicle in Transport,0,No,1,Non-Junction,1,Not an Intersection,0,None,,,4,On Roadside,1,Daylight,,,,,1,Clear,0,No,0000000,Not Applicable,99,Unknown,98,Unknown if Notified,99,Unknown EMS Scene Arrival Hour,98,Unknown if Arrived,88,"Not Applicable (Not Transported) ",88,Not Applicable (Not Transported),,,,,,,1,
2021,29,290634,Missouri,1,1,0,0,0,1,1,19,BOONE (19),1800,COLUMBIA,23,23,6,June,2021,4,Wednesday,16,4:00pm-4:59pm,58,58,1,This section IS ON the NHS,2,Urban,2,Principal Arterial - Other Freeways and Expressways,1,State Highway Agency,2,U.S. Highway,US-63,,210,210,38.93189444,38.93189444,-92.294694440,-92.294694440,0,No Special Jurisdiction,52,Guardrail End,0,The First Harmful Event was Not a Collision with a Motor Vehicle in Transport,1,Yes,19,Other location within Interchange Area,1,Not an Intersection,0,None,,,3,On Median,1,Daylight,,,,,1,Clear,0,No,0000000,Not Applicable,99,Unknown,98,Unknown if Notified,99,Unknown EMS Scene Arrival Hour,98,Unknown if Arrived,88,"Not Applicable (Not Transported) ",88,Not Applicable (Not Transported),,,,,,,1,
2021,29,290635,Missouri,1,1,0,0,0,2,2,163,PIKE (163),0,NOT APPLICABLE,25,25,8,August,2021,4,Wednesday,2,2:00am-2:59am,30,30,1,This section IS ON the NHS,1,Rural,3,Principal Arterial - Other,1,State Highway Agency,2,U.S. Highway,US-54,,20,20,39.34658333,39.34658333,-91.413000000,-91.413000000,0,No Special Jurisdiction,59,"Traffic Sign Support ",0,The First Harmful Event was Not a Collision with a Motor Vehicle in Transport,0,No,1,Non-Junction,1,Not an Intersection,0,None,,,4,On Roadside,2,Dark - Not Lighted,,,,,1,Clear,0,No,0000000,Not Applicable,6,6:00am-6:59am,23,23,6,6:00am-6:59am,49,49,7,7:00am-7:59am,29,29,,,,,,,1,
2021,29,290636,Missouri,2,2,0,0,0,2,2,47,CLAY (47),4120,KANSAS CITY,6,6,9,September,2021,2,Monday,4,4:00am-4:59am,22,22,1,This section IS ON the NHS,2,Urban,1,Interstate,1,State Highway Agency,1,Interstate,I-29,,10,10,39.17952778,39.17952778,-94.583361110,-94.583361110,0,No Special Jurisdiction,12,Motor Vehicle In-Transport,2,Front-to-Front,1,Yes,18,Through Roadway,1,Not an Intersection,0,None,,,1,On Roadway,2,Dark - Not Lighted,,,,,1,Clear,0,No,0000000,Not Applicable,4,4:00am-4:59am,26,26,4,4:00am-4:59am,39,39,5,5:00am-5:59am,24,24,,,,,,,2,
2021,29,290637,Missouri,2,2,0,0,0,2,2,51,COLE (51),4040,JEFFERSON CITY,7,7,9,September,2021,3,Tuesday,8,8:00am-8:59am,53,53,1,This section IS ON the NHS,2,Urban,3,Principal Arterial - Other,1,State Highway Agency,6,Local Street - Municipality,MISSOURI BLVD,OHIO ST,30,30,38.57783333,38.57783333,-92.186494440,-92.186494440,0,No Special Jurisdiction,12,Motor Vehicle In-Transport,6,Angle,0,No,2,Intersection,2,Four-Way Intersection,0,None,,,1,On Roadway,1,Daylight,,,,,1,Clear,0,No,0000000,Not Applicable,8,8:00am-8:59am,54,54,8,8:00am-8:59am,58,58,9,9:00am-9:59am,36,36,,,,,,,1,
2021,29,290638,Missouri,1,1,0,0,0,1,1,187,ST FRANCOIS (187),0,NOT APPLICABLE,7,7,9,September,2021,3,Tuesday,23,11:00pm-11:59pm,0,0,0,This section IS NOT on the NHS,1,Rural,7,Local,2,County Highway Agency,4,County Road,CR-SILVER SPRINGS RD,,10,10,37.99925000,37.99925000,-90.525111110,-90.525111110,0,No Special Jurisdiction,52,Guardrail End,0,The First Harmful Event was Not a Collision with a Motor Vehicle in Transport,0,No,1,Non-Junction,1,Not an Intersection,0,None,,,4,On Roadside,2,Dark - Not Lighted,,,,,99,Reported as Unknown,0,No,0000000,Not Applicable,99,Unknown,98,Unknown if Notified,99,Unknown EMS Scene Arrival Hour,98,Unknown if Arrived,88,"Not Applicable (Not Transported) ",88,Not Applicable (Not Transported),,,,,,,1,
2021,29,290639,Missouri,1,1,0,0,0,2,2,71,FRANKLIN (71),0,NOT APPLICABLE,7,7,9,September,2021,3,Tuesday,21,9:00pm-9:59pm,50,50,0,This section IS NOT on the NHS,1,Rural,7,Local,2,County Highway Agency,4,County Road,CR-AMERICAN INN RD,,30,30,38.43605556,38.43605556,-90.888000000,-90.888000000,0,No Special Jurisdiction,43,Other Fixed Object,0,The First Harmful Event was Not a Collision with a Motor Vehicle in Transport,0,No,1,Non-Junction,1,Not an Intersection,0,None,,,4,On Roadside,2,Dark - Not Lighted,,,,,10,Cloudy,0,No,0000000,Not Applicable,21,9:00pm-9:59pm,50,50,21,9:00pm-9:59pm,59,59,88,"Not Applicable (Not Transported) ",88,Not Applicable (Not Transported),,,,,,,1,
2021,29,290640,Missouri,2,2,0,0,0,3,3,47,CLAY (47),4120,KANSAS CITY,8,8,9,September,2021,4,Wednesday,12,12:00pm-12:59pm,35,35,0,This section IS NOT on the NHS,2,Urban,7,Local,4,City or Municipal Highway Agency,6,Local Street - Municipality,N CHAUMIERE RD,NE 39TH ST,0,None,39.16488889,39.16488889,-94.541138890,-94.541138890,0,No Special Jurisdiction,12,Motor Vehicle In-Transport,6,Angle,0,No,2,Intersection,2,Four-Way Intersection,0,None,,,1,On Roadway,1,Daylight,,,,,1,Clear,0,No,0000000,Not Applicable,12,12:00pm-12:59pm,36,36,12,12:00pm-12:59pm,39,39,12,12:00pm-12:59pm,57,57,,,,,,,1,
2021,29,290641,Missouri,2,2,0,0,0,3,3,95,JACKSON (95),4120,KANSAS CITY,9,9,9,September,2021,5,Thursday,20,8:00pm-8:59pm,50,50,0,This section IS NOT on the NHS,2,Urban,7,Local,4,City or Municipal Highway Agency,6,Local Street - Municipality,TOPPING AVE,,10,10,39.05194444,39.05194444,-94.516805560,-94.516805560,0,No Special Jurisdiction,12,Motor Vehicle In-Transport,2,Front-to-Front,0,No,1,Non-Junction,1,Not an Intersection,0,None,,,1,On Roadway,3,Dark - Lighted,,,,,1,Clear,0,No,0000000,Not Applicable,99,Unknown,99,Unknown,99,Unknown EMS Scene Arrival Hour,99,Unknown EMS Scene Arrival Minutes,99,Unknown,99,Unknown EMS Hospital Arrival Time,,,,,,,1,
2021,29,290642,Missouri,2,2,0,0,0,2,2,163,PIKE (163),0,NOT APPLICABLE,9,9,9,September,2021,5,Thursday,18,6:00pm-6:59pm,15,15,0,This section IS NOT on the NHS,1,Rural,4,Minor Arterial,1,State Highway Agency,3,State Highway,SR-161,,80,80,39.23991667,39.23991667,-91.240916670,-91.240916670,0,No Special Jurisdiction,12,Motor Vehicle In-Transport,2,Front-to-Front,0,No,1,Non-Junction,1,Not an Intersection,0,None,,,1,On Roadway,1,Daylight,,,,,1,Clear,0,No,0000000,Not Applicable,18,6:00pm-6:59pm,25,25,18,6:00pm-6:59pm,48,48,19,7:00pm-7:59pm,50,50,,,,,,,1,
2021,29,290643,Missouri,4,4,0,0,0,8,8,77,GREENE (77),7460,SPRINGFIELD,16,16,6,June,2021,4,Wednesday,12,12:00pm-12:59pm,39,39,1,This section IS ON the NHS,2,Urban,3,Principal Arterial - Other,1,State Highway Agency,6,Local Street - Municipality,WEST BYPASS,SR-744,140,140,37.24146389,37.24146389,-93.347616670,-93.347616670,0,No Special Jurisdiction,12,Motor Vehicle In-Transport,6,Angle,0,No,2,Intersection,2,Four-Way Intersection,0,None,,,1,On Roadway,1,Daylight,,,,,1,Clear,0,No,0000000,Not Applicable,99,Unknown,98,Unknown if Notified,99,Unknown EMS Scene Arrival Hour,98,Unknown if Arrived,88,"Not Applicable (Not Transported) ",88,Not Applicable (Not Transported),,,,,,,1,
2021,29,290644,Missouri,2,2,0,0,0,2,2,31,CAPE GIRARDEAU (31),1390,CAPE GIRARDEAU,8,8,9,September,2021,4,Wednesday,18,6:00pm-6:59pm,30,30,1,This section IS ON the NHS,2,Urban,3,Principal Arterial - Other,1,State Highway Agency,2,U.S. Highway,US-61,GERHARDT ST,270,270,37.28492500,37.28492500,-89.555777780,-89.555777780,0,No Special Jurisdiction,1,Rollover/Overturn,0,The First Harmful Event was Not a Collision with a Motor Vehicle in Transport,0,No,2,Intersection,2,Four-Way Intersection,0,None,,,1,On Roadway,1,Daylight,,,,,1,Clear,0,No,0000000,Not Applicable,99,Unknown,98,Unknown if Notified,99,Unknown EMS Scene Arrival Hour,98,Unknown if Arrived,88,"Not Applicable (Not Transported) ",88,Not Applicable (Not Transported),,,,,,,1,
2021,29,290645,Missouri,2,2,0,0,0,2,2,47,CLAY (47),4120,KANSAS CITY,8,8,9,September,2021,4,Wednesday,21,9:00pm-9:59pm,52,52,1,This section IS ON the NHS,2,Urban,1,Interstate,1,State Highway Agency,1,Interstate,I-35,,230,230,39.17491667,39.17491667,-94.535083330,-94.535083330,0,No Special Jurisdiction,12,Motor Vehicle In-Transport,2,Front-to-Front,1,Yes,18,Through Roadway,1,Not an Intersection,0,None,,,1,On Roadway,2,Dark - Not Lighted,,,,,1,Clear,0,No,0000000,Not Applicable,21,9:00pm-9:59pm,55,55,22,10:00pm-10:59pm,5,5,22,10:00pm-10:59pm,25,25,,,,,,,1,
2021,29,290646,Missouri,4,4,0,0,0,4,4,183,ST. CHARLES (183),7100,ST. PETERS,8,8,9,September,2021,4,Wednesday,8,8:00am-8:59am,53,53,1,This section IS ON the NHS,2,Urban,1,Interstate,1,State Highway Agency,1,Interstate,I-70,,190,190,38.79997222,38.79997222,-90.621944440,-90.621944440,0,No Special Jurisdiction,12,Motor Vehicle In-Transport,1,Front-to-Rear,1,Yes,18,Through Roadway,1,Not an Intersection,0,None,,,1,On Roadway,1,Daylight,,,,,1,Clear,0,No,0000000,Not Applicable,8,8:00am-8:59am,57,57,9,9:00am-9:59am,3,3,88,"Not Applicable (Not Transported) ",88,Not Applicable (Not Transported),,,,,,,1,
2021,29,290647,Missouri,1,1,0,1,1,1,1,89,HOWARD (89),2680,FAYETTE,10,10,9,September,2021,6,Friday,7,7:00am-7:59am,45,45,0,This section IS NOT on the NHS,1,Rural,7,Local,4,City or Municipal Highway Agency,6,Local Street - Municipality,LUCKY ST,,0,None,39.14896944,39.14896944,-92.687894440,-92.687894440,0,No Special Jurisdiction,8,Pedestrian,0,The First Harmful Event was Not a Collision with a Motor Vehicle in Transport,0,No,1,Non-Junction,1,Not an Intersection,0,None,,,1,On Roadway,1,Daylight,,,,,1,Clear,0,No,0000000,Not Applicable,7,7:00am-7:59am,51,51,7,7:00am-7:59am,56,56,8,8:00am-8:59am,42,42,,,,,,,1,
2021,29,290648,Missouri,1,1,0,0,0,1,1,95,JACKSON (95),4120,KANSAS CITY,10,10,9,September,2021,6,Friday,20,8:00pm-8:59pm,40,40,1,This section IS ON the NHS,2,Urban,2,Principal Arterial - Other Freeways and Expressways,1,State Highway Agency,2,U.S. Highway,US-71,,110,110,38.99511111,38.99511111,-94.554944440,-94.554944440,0,No Special Jurisdiction,42,Tree (Standing Only),0,The First Harmful Event was Not a Collision with a Motor Vehicle in Transport,0,No,1,Non-Junction,1,Not an Intersection,0,None,,,3,On Median,3,Dark - Lighted,,,,,1,Clear,0,No,0000000,Not Applicable,20,8:00pm-8:59pm,41,41,20,8:00pm-8:59pm,46,46,21,9:00pm-9:59pm,12,12,,,,,,,1,
2021,29,290649,Missouri,1,1,0,0,0,1,1,225,WEBSTER (225),0,NOT APPLICABLE,10,10,9,September,2021,6,Friday,1,1:00am-1:59am,0,0,0,This section IS NOT on the NHS,1,Rural,7,Local,2,County Highway Agency,4,County Road,CR-OAK LAWN RD,,10,10,37.12138889,37.12138889,-92.746000000,-92.746000000,0,No Special Jurisdiction,38,Fence,0,The First Harmful Event was Not a Collision with a Motor Vehicle in Transport,0,No,1,Non-Junction,1,Not an Intersection,0,None,,,5,Outside Trafficway,2,Dark - Not Lighted,,,,,1,Clear,0,No,0000000,Not Applicable,99,Unknown,98,Unknown if Notified,99,Unknown EMS Scene Arrival Hour,98,Unknown if Arrived,88,"Not Applicable (Not Transported) ",88,Not Applicable (Not Transported),,,,,,,1,
2021,29,290650,Missouri,2,2,0,0,0,5,5,187,ST FRANCOIS (187),0,NOT APPLICABLE,11,11,9,September,2021,7,Saturday,16,4:00pm-4:59pm,31,31,0,This section IS NOT on the NHS,1,Rural,5,Major Collector,1,State Highway Agency,3,State Highway,SR-O,CR-HILLSBORO RD,40,40,37.85113889,37.85113889,-90.450083330,-90.450083330,0,No Special Jurisdiction,12,Motor Vehicle In-Transport,9,Rear-to-Side,0,No,2,Intersection,2,Four-Way Intersection,0,None,,,1,On Roadway,1,Daylight,,,,,1,Clear,0,No,0000000,Not Applicable,16,4:00pm-4:59pm,41,41,17,5:00pm-5:59pm,1,1,17,5:00pm-5:59pm,41,41,,,,,,,1,
2021,29,290651,Missouri,2,2,0,0,0,3,3,189,ST LOUIS (189),0,NOT APPLICABLE,11,11,9,September,2021,7,Saturday,12,12:00pm-12:59pm,42,42,1,This section IS ON the NHS,2,Urban,3,Principal Arterial - Other,1,State Highway Agency,2,U.S. Highway,US-67,CR-OLD HALLS FERRY RD,50,50,38.81593333,38.81593333,-90.280738890,-90.280738890,0,No Special Jurisdiction,12,Motor Vehicle In-Transport,6,Angle,0,No,2,Intersection,2,Four-Way Intersection,0,None,,,1,On Roadway,1,Daylight,,,,,1,Clear,0,No,0000000,Not Applicable,12,12:00pm-12:59pm,43,43,12,12:00pm-12:59pm,52,52,13,1:00pm-1:59pm,6,6,,,,,,,1,
2021,29,290652,Missouri,1,1,0,0,0,2,2,99,JEFFERSON (99),0,NOT APPLICABLE,11,11,9,September,2021,7,Saturday,20,8:00pm-8:59pm,50,50,0,This section IS NOT on the NHS,1,Rural,6,Minor Collector,2,County Highway Agency,4,County Road,CR-DITTMER CATAWISSA RD,,30,30,38.34342500,38.34342500,-90.709080560,-90.709080560,0,No Special Jurisdiction,5,Fell/Jumped from Vehicle,0,The First Harmful Event was Not a Collision with a Motor Vehicle in Transport,0,No,1,Non-Junction,1,Not an Intersection,0,None,,,1,On Roadway,2,Dark - Not Lighted,,,,,1,Clear,0,No,0000000,Not Applicable,20,8:00pm-8:59pm,50,50,21,9:00pm-9:59pm,1,1,21,9:00pm-9:59pm,35,35,,,,,,,1,
2021,29,290653,Missouri,2,2,0,0,0,2,2,19,BOONE (19),1800,COLUMBIA,30,30,8,August,2021,2,Monday,4,4:00am-4:59am,47,47,1,This section IS ON the NHS,2,Urban,2,Principal Arterial - Other Freeways and Expressways,1,State Highway Agency,2,U.S. Highway,US-63,,240,240,38.97852222,38.97852222,-92.281336110,-92.281336110,0,No Special Jurisdiction,12,Motor Vehicle In-Transport,6,Angle,0,No,1,Non-Junction,1,Not an Intersection,0,None,,,1,On Roadway,2,Dark - Not Lighted,,,,,1,Clear,0,No,0000000,Not Applicable,99,Unknown,98,Unknown if Notified,99,Unknown EMS Scene Arrival Hour,98,Unknown if Arrived,88,"Not Applicable (Not Transported) ",88,Not Applicable (Not Transported),,,,,,,1,
2021,29,290654,Missouri,2,2,0,0,0,2,2,165,PLATTE (165),0,NOT APPLICABLE,12,12,9,September,2021,1,Sunday,1,1:00am-1:59am,3,3,1,This section IS ON the NHS,1,Rural,1,Interstate,1,State Highway Agency,1,Interstate,I-29,,210,210,39.42894444,39.42894444,-94.789666670,-94.789666670,0,No Special Jurisdiction,12,Motor Vehicle In-Transport,2,Front-to-Front,0,No,1,Non-Junction,1,Not an Intersection,0,None,,,1,On Roadway,2,Dark - Not Lighted,,,,,1,Clear,0,No,0000000,Not Applicable,1,1:00am-1:59am,7,7,1,1:00am-1:59am,17,17,99,Unknown,99,Unknown EMS Hospital Arrival Time,,,,,,,1,
2021,29,290655,Missouri,1,1,0,0,0,1,1,109,LAWRENCE (109),0,NOT APPLICABLE,12,12,9,September,2021,1,Sunday,20,8:00pm-8:59pm,17,17,1,This section IS ON the NHS,1,Rural,1,Interstate,1,State Highway Agency,1,Interstate,I-44,,140,140,37.08616667,37.08616667,-93.818722220,-93.818722220,0,No Special Jurisdiction,57,Cable Barrier,0,The First Harmful Event was Not a Collision with a Motor Vehicle in Transport,0,No,1,Non-Junction,1,Not an Intersection,0,None,,,3,On Median,1,Daylight,,,,,1,Clear,0,No,0000000,Not Applicable,99,Unknown,98,Unknown if Notified,99,Unknown EMS Scene Arrival Hour,98,Unknown if Arrived,88,"Not Applicable (Not Transported) ",88,Not Applicable (Not Transported),,,,,,,1,
2021,29,290656,Missouri,1,1,0,0,0,1,1,111,LEWIS (111),0,NOT APPLICABLE,12,12,9,September,2021,1,Sunday,4,4:00am-4:59am,30,30,0,This section IS NOT on the NHS,1,Rural,7,Local,2,County Highway Agency,4,County Road,CR-224,,40,40,40.02847222,40.02847222,-91.883500000,-91.883500000,0,No Special Jurisdiction,31,"Post, Pole or Other Supports",0,The First Harmful Event was Not a Collision with a Motor Vehicle in Transport,0,No,1,Non-Junction,1,Not an Intersection,0,None,,,4,On Roadside,2,Dark - Not Lighted,,,,,1,Clear,0,No,0000000,Not Applicable,99,Unknown,98,Unknown if Notified,99,Unknown EMS Scene Arrival Hour,98,Unknown if Arrived,88,"Not Applicable (Not Transported) ",88,Not Applicable (Not Transported),,,,,,,1,
2021,29,290657,Missouri,2,2,0,0,0,2,2,95,JACKSON (95),4120,KANSAS CITY,12,12,9,September,2021,1,Sunday,2,2:00am-2:59am,9,9,0,This section IS NOT on the NHS,2,Urban,3,Principal Arterial - Other,4,City or Municipal Highway Agency,6,Local Street - Municipality,INDEPENDENCE AVE,SPRUCE AVE,20,20,39.10563889,39.10563889,-94.531472220,-94.531472220,0,No Special Jurisdiction,12,Motor Vehicle In-Transport,6,Angle,0,No,2,Intersection,2,Four-Way Intersection,0,None,,,1,On Roadway,3,Dark - Lighted,,,,,1,Clear,0,No,0000000,Not Applicable,99,Unknown,98,Unknown if Notified,99,Unknown EMS Scene Arrival Hour,98,Unknown if Arrived,88,"Not Applicable (Not Transported) ",88,Not Applicable (Not Transported),,,,,,,1,
2021,29,290658,Missouri,1,1,0,0,0,1,1,47,CLAY (47),4130,KEARNEY,13,13,9,September,2021,2,Monday,3,3:00am-3:59am,10,10,1,This section IS ON the NHS,2,Urban,1,Interstate,1,State Highway Agency,1,Interstate,I-35,,70,70,39.35777778,39.35777778,-94.377888890,-94.377888890,0,No Special Jurisdiction,57,Cable Barrier,0,The First Harmful Event was Not a Collision with a Motor Vehicle in Transport,0,No,1,Non-Junction,1,Not an Intersection,0,None,,,3,On Median,2,Dark - Not Lighted,,,,,1,Clear,0,No,0000000,Not Applicable,99,Unknown,98,Unknown if Notified,99,Unknown EMS Scene Arrival Hour,98,Unknown if Arrived,88,"Not Applicable (Not Transported) ",88,Not Applicable (Not Transported),,,,,,,1,
2021,29,290659,Missouri,3,3,0,0,0,3,3,71,FRANKLIN (71),0,NOT APPLICABLE,13,13,9,September,2021,2,Monday,12,12:00pm-12:59pm,20,20,1,This section IS ON the NHS,1,Rural,3,Principal Arterial - Other,1,State Highway Agency,3,State Highway,SR-47,CR-WOODLAND RD,30,30,38.51350000,38.51350000,-91.006027780,-91.006027780,0,No Special Jurisdiction,12,Motor Vehicle In-Transport,1,Front-to-Rear,0,No,3,Intersection-Related,3,T-Intersection,0,None,,,1,On Roadway,1,Daylight,,,,,1,Clear,0,No,0000000,Not Applicable,12,12:00pm-12:59pm,24,24,12,12:00pm-12:59pm,34,34,12,12:00pm-12:59pm,53,53,,,,,,,1,
2021,29,290660,Missouri,1,1,0,0,0,2,2,145,NEWTON (145),0,NOT APPLICABLE,13,13,9,September,2021,2,Monday,15,3:00pm-3:59pm,11,11,0,This section IS NOT on the NHS,1,Rural,5,Major Collector,1,State Highway Agency,3,State Highway,SR-CC,,0,None,36.89363889,36.89363889,-94.526277780,-94.526277780,0,No Special Jurisdiction,50,Bridge Overhead Structure,0,The First Harmful Event was Not a Collision with a Motor Vehicle in Transport,0,No,1,Non-Junction,1,Not an Intersection,0,None,,,1,On Roadway,1,Daylight,,,,,1,Clear,0,No,0000000,Not Applicable,15,3:00pm-3:59pm,12,12,15,3:00pm-3:59pm,26,26,16,4:00pm-4:59pm,8,8,,,,,,,1,
2021,29,290661,Missouri,1,1,0,0,0,1,1,157,PERRY (157),0,NOT APPLICABLE,14,14,9,September,2021,3,Tuesday,15,3:00pm-3:59pm,54,54,0,This section IS NOT on the NHS,1,Rural,7,Local,1,State Highway Agency,4,County Road,CR-428,,10,10,37.61286111,37.61286111,-89.623472220,-89.623472220,0,No Special Jurisdiction,42,Tree (Standing Only),0,The First Harmful Event was Not a Collision with a Motor Vehicle in Transport,0,No,1,Non-Junction,1,Not an Intersection,0,None,,,4,On Roadside,1,Daylight,,,,,1,Clear,0,No,0000000,Not Applicable,15,3:00pm-3:59pm,54,54,16,4:00pm-4:59pm,17,17,17,5:00pm-5:59pm,0,0,,,,,,,1,
2021,29,290662,Missouri,2,2,0,0,0,2,2,189,ST LOUIS (189),7665,SUNSET HILLS,14,14,9,September,2021,3,Tuesday,8,8:00am-8:59am,50,50,1,This section IS ON the NHS,2,Urban,1,Interstate,1,State Highway Agency,1,Interstate,I-270,,60,60,38.54275000,38.54275000,-90.421194440,-90.421194440,0,No Special Jurisdiction,12,Motor Vehicle In-Transport,1,Front-to-Rear,0,No,1,Non-Junction,1,Not an Intersection,0,None,,,1,On Roadway,1,Daylight,,,,,1,Clear,0,No,0000000,Not Applicable,8,8:00am-8:59am,53,53,9,9:00am-9:59am,3,3,9,9:00am-9:59am,49,49,,,,,,,1,
2021,29,290663,Missouri,2,2,0,0,0,2,2,155,PEMISCOT (155),0,NOT APPLICABLE,14,14,9,September,2021,3,Tuesday,5,5:00am-5:59am,45,45,0,This section IS NOT on the NHS,1,Rural,5,Major Collector,1,State Highway Agency,3,State Highway,SR-D,,70,70,36.13694444,36.13694444,-89.699416670,-89.699416670,0,No Special Jurisdiction,12,Motor Vehicle In-Transport,1,Front-to-Rear,0,No,1,Non-Junction,1,Not an Intersection,0,None,,,1,On Roadway,2,Dark - Not Lighted,,,,,1,Clear,0,No,0000000,Not Applicable,6,6:00am-6:59am,1,1,6,6:00am-6:59am,12,12,6,6:00am-6:59am,25,25,,,,,,,1,