caseyear,state,st_case,statename,ve_total,ve_forms,pvh_invl,peds,pernotmvit,permvit,persons,county,countyname,city,cityname,day,dayname,month,monthname,year,day_week,day_weekname,hour,hourname,minute,minutename,nhs,nhsname,rur_urb,rur_urbname,func_sys,func_sysname,rd_owner,rd_ownername,route,routename,tway_id,tway_id2,milept,mileptname,latitude,latitudename,longitud,longitudname,sp_jur,sp_jurname,harm_ev,harm_evname,man_coll,man_collname,reljct1,reljct1name,reljct2,reljct2name,typ_int,typ_intname,wrk_zone,wrk_zonename,road_fnc,road_fncname,rel_road,rel_roadname,lgt_cond,lgt_condname,weather1,weather1name,weather2,weather2name,weather,weathername,sch_bus,sch_busname,rail,railname,not_hour,not_hourname,not_min,not_minname,arr_hour,arr_hourname,arr_min,arr_minname,hosp_hr,hosp_hrname,hosp_mn,hosp_mnname,cf1,cf1name,cf2,cf2name,cf3,cf3name,fatals,drunk_dr
2021,29,290664,Missouri,1,1,0,0,0,2,2,93,IRON (93),0,NOT APPLICABLE,14,14,9,September,2021,3,Tuesday,18,6:00pm-6:59pm,9,9,0,This section IS NOT on the NHS,1,Rural,4,Minor Arterial,1,State Highway Agency,3,State Highway,SR-21,,260,260,37.48255556,37.48255556,-90.741555560,-90.741555560,0,No Special Jurisdiction,16,Thrown or Falling Object,0,The First Harmful Event was Not a Collision with a Motor Vehicle in Transport,0,No,1,Non-Junction,1,Not an Intersection,0,None,,,1,On Roadway,1,Daylight,,,,,2,Rain,0,No,0000000,Not Applicable,18,6:00pm-6:59pm,10,10,18,6:00pm-6:59pm,32,32,18,6:00pm-6:59pm,57,57,,,,,,,1,
2021,29,290665,Missouri,2,2,0,0,0,2,2,5,ATCHISON (5),6870,ROCK PORT,14,14,9,September,2021,3,Tuesday,17,5:00pm-5:59pm,17,17,1,This section IS ON the NHS,1,Rural,3,Principal Arterial - Other,1,State Highway Agency,2,U.S. Highway,US-136,,80,80,40.41675000,40.41675000,-95.506083330,-95.506083330,0,No Special Jurisdiction,12,Motor Vehicle In-Transport,1,Front-to-Rear,0,No,1,Non-Junction,1,Not an Intersection,0,None,,,1,On Roadway,1,Daylight,,,,,1,Clear,0,No,0000000,Not Applicable,17,5:00pm-5:59pm,17,17,17,5:00pm-5:59pm,52,52,18,6:00pm-6:59pm,35,35,,,,,,,1,
2021,29,290666,Missouri,2,2,0,0,0,2,2,225,WEBSTER (225),0,NOT APPLICABLE,14,14,9,September,2021,3,Tuesday,7,7:00am-7:59am,35,35,0,This section IS NOT on the NHS,1,Rural,6,Minor Collector,1,State Highway Agency,3,State Highway,SR-FF,,10,10,37.23097222,37.23097222,-92.901666670,-92.901666670,0,No Special Jurisdiction,12,Motor Vehicle In-Transport,6,Angle,0,No,8,Driveway Access Related,1,Not an Intersection,0,None,,,1,On Roadway,1,Daylight,,,,,1,Clear,0,No,0000000,Not Applicable,99,Unknown,98,Unknown if Notified,99,Unknown EMS Scene Arrival Hour,98,Unknown if Arrived,88,"Not Applicable (Not Transported) ",88,Not Applicable (Not Transported),,,,,,,1,
2021,29,290667,Missouri,1,1,0,0,0,1,1,29,CAMDEN (29),5956,OSAGE BEACH,16,16,9,September,2021,5,Thursday,20,8:00pm-8:59pm,33,33,0,This section IS NOT on the NHS,1,Rural,98,Not Reported,1,State Highway Agency,2,U.S. Highway,US-54,,0,None,38.09847222,38.09847222,-92.685638890,-92.685638890,0,No Special Jurisdiction,43,Other Fixed Object,0,The First Harmful Event was Not a Collision with a Motor Vehicle in Transport,1,Yes,5,Entrance/Exit Ramp Related,1,Not an Intersection,0,None,,,4,On Roadside,2,Dark - Not Lighted,,,,,1,Clear,0,No,0000000,Not Applicable,20,8:00pm-8:59pm,34,34,20,8:00pm-8:59pm,40,40,20,8:00pm-8:59pm,51,51,,,,,,,1,
2021,29,290668,Missouri,2,2,0,0,0,2,2,187,ST FRANCOIS (187),0,NOT APPLICABLE,7,7,9,September,2021,3,Tuesday,18,6:00pm-6:59pm,19,19,0,This section IS NOT on the NHS,1,Rural,5,Major Collector,1,State Highway Agency,3,State Highway,SR-Y,,80,80,37.96961111,37.96961111,-90.359861110,-90.359861110,0,No Special Jurisdiction,12,Motor Vehicle In-Transport,2,Front-to-Front,0,No,8,Driveway Access Related,1,Not an Intersection,0,None,,,1,On Roadway,1,Daylight,,,,,1,Clear,0,No,0000000,Not Applicable,99,Unknown,98,Unknown if Notified,99,Unknown EMS Scene Arrival Hour,98,Unknown if Arrived,88,"Not Applicable (Not Transported) ",88,Not Applicable (Not Transported),,,,,,,1,
2021,29,290669,Missouri,1,1,0,1,1,1,1,95,JACKSON (95),0,NOT APPLICABLE,16,16,9,September,2021,5,Thursday,0,0:00am-0:59am,30,30,0,This section IS NOT on the NHS,2,Urban,4,Minor Arterial,1,State Highway Agency,3,State Highway,SR-12,,10,10,39.09238889,39.09238889,-94.477444440,-94.477444440,0,No Special Jurisdiction,8,Pedestrian,0,The First Harmful Event was Not a Collision with a Motor Vehicle in Transport,0,No,1,Non-Junction,1,Not an Intersection,0,None,,,1,On Roadway,3,Dark - Lighted,,,,,1,Clear,0,No,0000000,Not Applicable,99,Unknown,99,Unknown,99,Unknown EMS Scene Arrival Hour,99,Unknown EMS Scene Arrival Minutes,88,"Not Applicable (Not Transported) ",88,Not Applicable (Not Transported),,,,,,,1,
2021,29,290670,Missouri,1,1,0,1,1,1,1,510,ST. LOUIS (CITY) (510),7080,ST. LOUIS,16,16,9,September,2021,5,Thursday,22,10:00pm-10:59pm,43,43,0,This section IS NOT on the NHS,2,Urban,7,Local,4,City or Municipal Highway Agency,6,Local Street - Municipality,THEODOSIA AVE,,0,None,38.67422500,38.67422500,-90.281461110,-90.281461110,0,No Special Jurisdiction,8,Pedestrian,0,The First Harmful Event was Not a Collision with a Motor Vehicle in Transport,0,No,1,Non-Junction,1,Not an Intersection,0,None,,,1,On Roadway,3,Dark - Lighted,,,,,1,Clear,0,No,0000000,Not Applicable,22,10:00pm-10:59pm,30,30,22,10:00pm-10:59pm,58,58,88,"Not Applicable (Not Transported) ",88,Not Applicable (Not Transported),,,,,,,1,
2021,29,290671,Missouri,1,1,0,0,0,1,1,183,ST. CHARLES (183),0,NOT APPLICABLE,16,16,9,September,2021,5,Thursday,6,6:00am-6:59am,53,53,1,This section IS ON the NHS,2,Urban,2,Principal Arterial - Other Freeways and Expressways,1,State Highway Agency,2,U.S. Highway,US-61,,40,40,38.84527778,38.84527778,-90.863666670,-90.863666670,0,No Special Jurisdiction,57,Cable Barrier,0,The First Harmful Event was Not a Collision with a Motor Vehicle in Transport,0,No,1,Non-Junction,1,Not an Intersection,0,None,,,3,On Median,1,Daylight,,,,,1,Clear,0,No,0000000,Not Applicable,6,6:00am-6:59am,55,55,7,7:00am-7:59am,4,4,99,Unknown,99,Unknown EMS Hospital Arrival Time,,,,,,,1,
2021,29,290672,Missouri,1,1,0,0,0,1,1,99,JEFFERSON (99),0,NOT APPLICABLE,16,16,9,September,2021,5,Thursday,14,2:00pm-2:59pm,41,41,1,This section IS ON the NHS,2,Urban,3,Principal Arterial - Other,1,State Highway Agency,3,State Highway,SR-30,CR-HIGH RIDGE BLVD,50,50,38.46427778,38.46427778,-90.525166670,-90.525166670,0,No Special Jurisdiction,46,Traffic Signal Support,0,The First Harmful Event was Not a Collision with a Motor Vehicle in Transport,0,No,3,Intersection-Related,2,Four-Way Intersection,0,None,,,12,Pedestrian Refuge Island or Traffic Island,1,Daylight,,,,,1,Clear,0,No,0000000,Not Applicable,14,2:00pm-2:59pm,46,46,14,2:00pm-2:59pm,50,50,88,"Not Applicable (Not Transported) ",88,Not Applicable (Not Transported),,,,,,,1,
2021,29,290673,Missouri,1,1,0,1,1,1,1,161,PHELPS (161),0,NOT APPLICABLE,17,17,9,September,2021,6,Friday,8,8:00am-8:59am,29,29,0,This section IS NOT on the NHS,1,Rural,7,Local,2,County Highway Agency,4,County Road,CR-6120,,30,30,37.72044444,37.72044444,-91.867972220,-91.867972220,0,No Special Jurisdiction,9,Pedalcyclist,0,The First Harmful Event was Not a Collision with a Motor Vehicle in Transport,0,No,1,Non-Junction,1,Not an Intersection,0,None,,,1,On Roadway,1,Daylight,,,,,1,Clear,0,No,0000000,Not Applicable,8,8:00am-8:59am,31,31,8,8:00am-8:59am,49,49,9,9:00am-9:59am,35,35,,,,,,,1,
2021,29,290674,Missouri,2,2,0,0,0,2,2,189,ST LOUIS (189),650,BERKELEY,17,17,9,September,2021,6,Friday,5,5:00am-5:59am,55,55,1,This section IS ON the NHS,2,Urban,3,Principal Arterial - Other,4,City or Municipal Highway Agency,6,Local Street - Municipality,JAMES S MCDONNELL BLVD,CR-BANSHEE RD,30,30,38.75788889,38.75788889,-90.349805560,-90.349805560,0,No Special Jurisdiction,12,Motor Vehicle In-Transport,2,Front-to-Front,0,No,2,Intersection,4,Y-Intersection,0,None,,,1,On Roadway,2,Dark - Not Lighted,,,,,1,Clear,0,No,0000000,Not Applicable,5,5:00am-5:59am,56,56,6,6:00am-6:59am,3,3,88,"Not Applicable (Not Transported) ",88,Not Applicable (Not Transported),,,,,,,1,
2021,29,290675,Missouri,1,1,0,0,0,1,1,95,JACKSON (95),4120,KANSAS CITY,17,17,9,September,2021,6,Friday,13,1:00pm-1:59pm,29,29,1,This section IS ON the NHS,2,Urban,1,Interstate,1,State Highway Agency,1,Interstate,I-435 RP 924945,,10,10,38.94091667,38.94091667,-94.537916670,-94.537916670,0,No Special Jurisdiction,31,"Post, Pole or Other Supports",0,The First Harmful Event was Not a Collision with a Motor Vehicle in Transport,1,Yes,5,Entrance/Exit Ramp Related,1,Not an Intersection,0,None,,,4,On Roadside,1,Daylight,,,,,1,Clear,0,No,0000000,Not Applicable,99,Unknown,99,Unknown,99,Unknown EMS Scene Arrival Hour,97,Officially Cancelled,99,Unknown,97,Officially Canceled,,,,,,,1,
2021,29,290676,Missouri,5,2,3,0,0,5,5,95,JACKSON (95),4120,KANSAS CITY,17,17,9,September,2021,6,Friday,6,6:00am-6:59am,19,19,0,This section IS NOT on the NHS,2,Urban,5,Major Collector,4,City or Municipal Highway Agency,6,Local Street - Municipality,E 12TH ST,BALES AVE,10,10,39.09847222,39.09847222,-94.541055560,-94.541055560,0,No Special Jurisdiction,12,Motor Vehicle In-Transport,6,Angle,0,No,2,Intersection,2,Four-Way Intersection,0,None,,,1,On Roadway,1,Daylight,,,,,1,Clear,0,No,0000000,Not Applicable,6,6:00am-6:59am,19,19,6,6:00am-6:59am,26,26,6,6:00am-6:59am,51,51,,,,,,,1,
2021,29,290677,Missouri,1,1,0,0,0,6,6,11,BARTON (11),0,NOT APPLICABLE,18,18,9,September,2021,7,Saturday,20,8:00pm-8:59pm,9,9,0,This section IS NOT on the NHS,1,Rural,4,Minor Arterial,1,State Highway Agency,2,U.S. Highway,US-160,,320,320,37.45841667,37.45841667,-94.097000000,-94.097000000,0,No Special Jurisdiction,11,Live Animal,0,The First Harmful Event was Not a Collision with a Motor Vehicle in Transport,0,No,1,Non-Junction,1,Not an Intersection,0,None,,,1,On Roadway,2,Dark - Not Lighted,,,,,1,Clear,0,No,0000000,Not Applicable,20,8:00pm-8:59pm,8,8,20,8:00pm-8:59pm,25,25,20,8:00pm-8:59pm,45,45,,,,,,,1,
2021,29,290678,Missouri,1,1,0,0,0,1,1,95,JACKSON (95),4120,KANSAS CITY,18,18,9,September,2021,7,Saturday,1,1:00am-1:59am,56,56,1,This section IS ON the NHS,2,Urban,1,Interstate,1,State Highway Agency,1,Interstate,I-435 RP 904628,,0,None,38.93300000,38.93300000,-94.529361110,-94.529361110,0,No Special Jurisdiction,21,Bridge Pier or Support,0,The First Harmful Event was Not a Collision with a Motor Vehicle in Transport,1,Yes,5,Entrance/Exit Ramp Related,1,Not an Intersection,0,None,,,10,Separator,3,Dark - Lighted,,,,,1,Clear,0,No,0000000,Not Applicable,99,Unknown,99,Unknown,99,Unknown EMS Scene Arrival Hour,99,Unknown EMS Scene Arrival Minutes,88,"Not Applicable (Not Transported) ",88,Not Applicable (Not Transported),,,,,,,1,
2021,29,290679,Missouri,2,2,0,0,0,3,3,189,ST LOUIS (189),0,NOT APPLICABLE,13,13,8,August,2021,6,Friday,16,4:00pm-4:59pm,25,25,0,This section IS NOT on the NHS,2,Urban,5,Major Collector,2,County Highway Agency,4,County Road,CR-BOWLES AVE,GREEN KNOLL DR,10,10,38.51315278,38.51315278,-90.474700000,-90.474700000,0,No Special Jurisdiction,12,Motor Vehicle In-Transport,6,Angle,0,No,2,Intersection,2,Four-Way Intersection,0,None,,,1,On Roadway,1,Daylight,,,,,1,Clear,0,No,0000000,Not Applicable,16,4:00pm-4:59pm,27,27,16,4:00pm-4:59pm,31,31,16,4:00pm-4:59pm,59,59,,,,,,,1,
2021,29,290680,Missouri,1,1,0,0,0,1,1,71,FRANKLIN (71),0,NOT APPLICABLE,20,20,8,August,2021,6,Friday,10,10:00am-10:59am,48,48,0,This section IS NOT on the NHS,1,Rural,3,Principal Arterial - Other,2,County Highway Agency,3,State Highway,SR-E,,7,7,38.55450000,38.55450000,-91.351305560,-91.351305560,0,No Special Jurisdiction,53,Mail Box,0,The First Harmful Event was Not a Collision with a Motor Vehicle in Transport,0,No,1,Non-Junction,1,Not an Intersection,0,None,,,4,On Roadside,1,Daylight,,,,,1,Clear,0,No,0000000,Not Applicable,14,2:00pm-2:59pm,55,55,15,3:00pm-3:59pm,17,17,16,4:00pm-4:59pm,12,12,,,,,,,1,
2021,29,290681,Missouri,1,1,0,0,0,1,1,99,JEFFERSON (99),0,NOT APPLICABLE,18,18,9,September,2021,7,Saturday,19,7:00pm-7:59pm,35,35,1,This section IS ON the NHS,2,Urban,2,Principal Arterial - Other Freeways and Expressways,1,State Highway Agency,2,U.S. Highway,US-67,,210,210,38.19077778,38.19077778,-90.420277780,-90.420277780,0,No Special Jurisdiction,25,Concrete Traffic Barrier,0,The First Harmful Event was Not a Collision with a Motor Vehicle in Transport,0,No,1,Non-Junction,1,Not an Intersection,0,None,,,3,On Median,2,Dark - Not Lighted,,,,,1,Clear,0,No,0000000,Not Applicable,19,7:00pm-7:59pm,37,37,19,7:00pm-7:59pm,42,42,20,8:00pm-8:59pm,23,23,,,,,,,1,
2021,29,290682,Missouri,1,1,0,0,0,1,1,209,STONE (209),0,NOT APPLICABLE,18,18,9,September,2021,7,Saturday,20,8:00pm-8:59pm,2,2,0,This section IS NOT on the NHS,1,Rural,3,Principal Arterial - Other,1,State Highway Agency,3,State Highway,SR-13,,260,260,36.51250000,36.51250000,-93.405694440,-93.405694440,0,No Special Jurisdiction,35,Embankment,0,The First Harmful Event was Not a Collision with a Motor Vehicle in Transport,0,No,1,Non-Junction,1,Not an Intersection,0,None,,,4,On Roadside,2,Dark - Not Lighted,,,,,1,Clear,0,No,0000000,Not Applicable,99,Unknown,98,Unknown if Notified,99,Unknown EMS Scene Arrival Hour,98,Unknown if Arrived,88,"Not Applicable (Not Transported) ",88,Not Applicable (Not Transported),,,,,,,1,
2021,29,290683,Missouri,1,1,0,0,0,1,1,131,MILLER (131),0,NOT APPLICABLE,18,18,9,September,2021,7,Saturday,20,8:00pm-8:59pm,17,17,0,This section IS NOT on the NHS,1,Rural,7,Local,2,County Highway Agency,4,County Road,CR-OLD TEN MILE RD,,80,80,38.29080556,38.29080556,-92.356722220,-92.356722220,0,No Special Jurisdiction,42,Tree (Standing Only),0,The First Harmful Event was Not a Collision with a Motor Vehicle in Transport,0,No,1,Non-Junction,1,Not an Intersection,0,None,,,4,On Roadside,2,Dark - Not Lighted,,,,,1,Clear,0,No,0000000,Not Applicable,99,Unknown,98,Unknown if Notified,99,Unknown EMS Scene Arrival Hour,98,Unknown if Arrived,88,"Not Applicable (Not Transported) ",88,Not Applicable (Not Transported),,,,,,,1,
2021,29,290684,Missouri,2,2,0,0,0,2,2,21,BUCHANAN (21),7070,ST. JOSEPH,19,19,9,September,2021,1,Sunday,14,2:00pm-2:59pm,1,1,0,This section IS NOT on the NHS,2,Urban,7,Local,1,State Highway Agency,6,Local Street - Municipality,LAFAYETTE ST,16TH ST,0,None,39.75801944,39.75801944,-94.840913890,-94.840913890,0,No Special Jurisdiction,12,Motor Vehicle In-Transport,6,Angle,0,No,2,Intersection,2,Four-Way Intersection,0,None,,,1,On Roadway,1,Daylight,,,,,1,Clear,0,No,0000000,Not Applicable,14,2:00pm-2:59pm,3,3,14,2:00pm-2:59pm,6,6,14,2:00pm-2:59pm,36,36,,,,,,,1,
2021,29,290685,Missouri,1,1,0,0,0,1,1,510,ST. LOUIS (CITY) (510),7080,ST. LOUIS,20,20,9,September,2021,2,Monday,5,5:00am-5:59am,32,32,0,This section IS NOT on the NHS,2,Urban,7,Local,1,State Highway Agency,6,Local Street - Municipality,DELMAR BLVD,,0,None,38.64041111,38.64041111,-90.229441670,-90.229441670,0,No Special Jurisdiction,30,Utility Pole/Light Support,0,The First Harmful Event was Not a Collision with a Motor Vehicle in Transport,0,No,1,Non-Junction,1,Not an Intersection,0,None,,,4,On Roadside,3,Dark - Lighted,,,,,1,Clear,0,No,0000000,Not Applicable,5,5:00am-5:59am,36,36,5,5:00am-5:59am,47,47,6,6:00am-6:59am,12,12,,,,,,,1,
2021,29,290686,Missouri,2,2,0,0,0,2,2,167,POLK (167),0,NOT APPLICABLE,20,20,9,September,2021,2,Monday,11,11:00am-11:59am,18,18,0,This section IS NOT on the NHS,1,Rural,5,Major Collector,1,State Highway Agency,3,State Highway,SR-215,,220,220,37.45616389,37.45616389,-93.293050000,-93.293050000,0,No Special Jurisdiction,12,Motor Vehicle In-Transport,6,Angle,0,No,8,Driveway Access Related,1,Not an Intersection,0,None,,,1,On Roadway,1,Daylight,,,,,1,Clear,0,No,0000000,Not Applicable,99,Unknown,98,Unknown if Notified,99,Unknown EMS Scene Arrival Hour,98,Unknown if Arrived,88,"Not Applicable (Not Transported) ",88,Not Applicable (Not Transported),,,,,,,1,
2021,29,290687,Missouri,1,1,0,0,0,1,1,189,ST LOUIS (189),8230,WEBSTER GROVES,20,20,9,September,2021,2,Monday,6,6:00am-6:59am,27,27,1,This section IS ON the NHS,2,Urban,1,Interstate,1,State Highway Agency,1,Interstate,I-44,,20,20,38.58185556,38.58185556,-90.356569440,-90.356569440,0,No Special Jurisdiction,59,"Traffic Sign Support ",0,The First Harmful Event was Not a Collision with a Motor Vehicle in Transport,0,No,1,Non-Junction,1,Not an Intersection,0,None,,,3,On Median,9,Reported as Unknown,,,,,99,Reported as Unknown,0,No,0000000,Not Applicable,99,Unknown,98,Unknown if Notified,99,Unknown EMS Scene Arrival Hour,98,Unknown if Arrived,88,"Not Applicable (Not Transported) ",88,Not Applicable (Not Transported),,,,,,,1,
2021,29,290688,Missouri,1,1,0,0,0,1,1,15,BENTON (15),0,NOT APPLICABLE,21,21,9,September,2021,3,Tuesday,16,4:00pm-4:59pm,30,30,0,This section IS NOT on the NHS,1,Rural,6,Minor Collector,1,State Highway Agency,3,State Highway,SR-MM,,80,80,38.20586111,38.20586111,-93.322250000,-93.322250000,0,No Special Jurisdiction,42,Tree (Standing Only),0,The First Harmful Event was Not a Collision with a Motor Vehicle in Transport,0,No,1,Non-Junction,1,Not an Intersection,0,None,,,4,On Roadside,1,Daylight,,,,,1,Clear,0,No,0000000,Not Applicable,16,4:00pm-4:59pm,47,47,17,5:00pm-5:59pm,11,11,17,5:00pm-5:59pm,57,57,,,,,,,1,
2021,29,290689,Missouri,1,1,0,1,1,2,2,95,JACKSON (95),4120,KANSAS CITY,22,22,9,September,2021,4,Wednesday,3,3:00am-3:59am,50,50,1,This section IS ON the NHS,2,Urban,1,Interstate,1,State Highway Agency,1,Interstate,I-70,,30,30,39.09577778,39.09577778,-94.556166670,-94.556166670,0,No Special Jurisdiction,8,Pedestrian,0,The First Harmful Event was Not a Collision with a Motor Vehicle in Transport,1,Yes,18,Through Roadway,1,Not an Intersection,0,None,,,1,On Roadway,3,Dark - Lighted,,,,,1,Clear,0,No,0000000,Not Applicable,99,Unknown,98,Unknown if Notified,99,Unknown EMS Scene Arrival Hour,98,Unknown if Arrived,88,"Not Applicable (Not Transported) ",88,Not Applicable (Not Transported),,,,,,,1,
2021,29,290691,Missouri,1,1,0,0,0,1,1,97,JASPER (97),8220,WEBB CITY,22,22,9,September,2021,4,Wednesday,12,12:00pm-12:59pm,49,49,1,This section IS ON the NHS,2,Urban,3,Principal Arterial - Other,1,State Highway Agency,3,State Highway,SR-171,,170,170,37.14188889,37.14188889,-94.484333330,-94.484333330,0,No Special Jurisdiction,1,Rollover/Overturn,0,The First Harmful Event was Not a Collision with a Motor Vehicle in Transport,0,No,1,Non-Junction,1,Not an Intersection,0,None,,,1,On Roadway,1,Daylight,,,,,1,Clear,0,No,0000000,Not Applicable,99,Unknown,99,Unknown,99,Unknown EMS Scene Arrival Hour,99,Unknown EMS Scene Arrival Minutes,99,Unknown,99,Unknown EMS Hospital Arrival Time,,,,,,,1,
2021,29,290692,Missouri,2,2,0,0,0,2,2,113,LINCOLN (113),0,NOT APPLICABLE,23,23,9,September,2021,5,Thursday,19,7:00pm-7:59pm,34,34,0,This section IS NOT on the NHS,1,Rural,4,Minor Arterial,1,State Highway Agency,3,State Highway,SR-47,,90,90,38.99108333,38.99108333,-90.889444440,-90.889444440,0,No Special Jurisdiction,12,Motor Vehicle In-Transport,2,Front-to-Front,0,No,8,Driveway Access Related,1,Not an Intersection,0,None,,,1,On Roadway,2,Dark - Not Lighted,,,,,1,Clear,0,No,0000000,Not Applicable,99,Unknown,98,Unknown if Notified,99,Unknown EMS Scene Arrival Hour,98,Unknown if Arrived,88,"Not Applicable (Not Transported) ",88,Not Applicable (Not Transported),,,,,,,1,
2021,29,290693,Missouri,1,1,0,0,0,1,1,91,HOWELL (91),0,NOT APPLICABLE,23,23,9,September,2021,5,Thursday,19,7:00pm-7:59pm,11,11,1,This section IS ON the NHS,1,Rural,2,Principal Arterial - Other Freeways and Expressways,1,State Highway Agency,2,U.S. Highway,US-63,,240,240,36.86991667,36.86991667,-91.916750000,-91.916750000,0,No Special Jurisdiction,1,Rollover/Overturn,0,The First Harmful Event was Not a Collision with a Motor Vehicle in Transport,0,No,1,Non-Junction,1,Not an Intersection,0,None,,,3,On Median,1,Daylight,,,,,1,Clear,0,No,0000000,Not Applicable,99,Unknown,98,Unknown if Notified,99,Unknown EMS Scene Arrival Hour,98,Unknown if Arrived,88,"Not Applicable (Not Transported) ",88,Not Applicable (Not Transported),,,,,,,1,
2021,29,290694,Missouri,3,3,0,0,0,4,4,95,JACKSON (95),4120,KANSAS CITY,23,23,9,September,2021,5,Thursday,22,10:00pm-10:59pm,5,5,0,This section IS NOT on the NHS,2,Urban,4,Minor Arterial,4,City or Municipal Highway Agency,6,Local Street - Municipality,31ST ST,INDIANA AVE,20,20,39.06955556,39.06955556,-94.543638890,-94.543638890,0,No Special Jurisdiction,12,Motor Vehicle In-Transport,6,Angle,0,No,2,Intersection,2,Four-Way Intersection,0,None,,,1,On Roadway,3,Dark - Lighted,,,,,1,Clear,0,No,0000000,Not Applicable,22,10:00pm-10:59pm,4,4,22,10:00pm-10:59pm,6,6,22,10:00pm-10:59pm,28,28,,,,,,,1,
2021,29,290695,Missouri,1,1,0,1,1,1,1,169,PULASKI (169),2280,DIXON,24,24,9,September,2021,6,Friday,9,9:00am-9:59am,50,50,0,This section IS NOT on the NHS,1,Rural,4,Minor Arterial,1,State Highway Agency,3,State Highway,SR-28,,120,120,37.98611111,37.98611111,-92.093722220,-92.093722220,0,No Special Jurisdiction,8,Pedestrian,0,The First Harmful Event was Not a Collision with a Motor Vehicle in Transport,0,No,1,Non-Junction,1,Not an Intersection,0,None,,,5,Outside Trafficway,1,Daylight,,,,,1,Clear,0,No,0000000,Not Applicable,10,10:00am-10:59am,7,7,10,10:00am-10:59am,10,10,88,"Not Applicable (Not Transported) ",88,Not Applicable (Not Transported),,,,,,,1,
2021,29,290696,Missouri,1,1,0,1,1,1,1,187,ST FRANCOIS (187),0,NOT APPLICABLE,24,24,9,September,2021,6,Friday,19,7:00pm-7:59pm,50,50,0,This section IS NOT on the NHS,1,Rural,5,Major Collector,1,State Highway Agency,3,State Highway,SR-Y,,70,70,37.97236111,37.97236111,-90.390388890,-90.390388890,0,No Special Jurisdiction,8,Pedestrian,0,The First Harmful Event was Not a Collision with a Motor Vehicle in Transport,0,No,1,Non-Junction,1,Not an Intersection,0,None,,,1,On Roadway,2,Dark - Not Lighted,,,,,1,Clear,0,No,0000000,Not Applicable,19,7:00pm-7:59pm,57,57,20,8:00pm-8:59pm,14,14,21,9:00pm-9:59pm,10,10,,,,,,,1,
2021,29,290697,Missouri,2,2,0,0,0,2,2,77,GREENE (77),0,NOT APPLICABLE,24,24,9,September,2021,6,Friday,16,4:00pm-4:59pm,35,35,0,This section IS NOT on the NHS,1,Rural,7,Local,2,County Highway Agency,4,County Road,CR-164,CR-227,20,20,37.14458333,37.14458333,-93.128027780,-93.128027780,0,No Special Jurisdiction,12,Motor Vehicle In-Transport,6,Angle,0,No,2,Intersection,2,Four-Way Intersection,0,None,,,1,On Roadway,1,Daylight,,,,,1,Clear,0,No,0000000,Not Applicable,99,Unknown,98,Unknown if Notified,99,Unknown EMS Scene Arrival Hour,98,Unknown if Arrived,88,"Not Applicable (Not Transported) ",88,Not Applicable (Not Transported),,,,,,,1,
2021,29,290698,Missouri,1,1,0,0,0,1,1,119,MCDONALD (119),0,NOT APPLICABLE,24,24,9,September,2021,6,Friday,16,4:00pm-4:59pm,12,12,0,This section IS NOT on the NHS,1,Rural,7,Local,2,County Highway Agency,4,County Road,CR-PINE TREE,,10,10,36.51908333,36.51908333,-94.167777780,-94.167777780,0,No Special Jurisdiction,42,Tree (Standing Only),0,The First Harmful Event was Not a Collision with a Motor Vehicle in Transport,0,No,1,Non-Junction,1,Not an Intersection,0,None,,,4,On Roadside,1,Daylight,,,,,10,Cloudy,0,No,0000000,Not Applicable,99,Unknown,98,Unknown if Notified,99,Unknown EMS Scene Arrival Hour,98,Unknown if Arrived,88,"Not Applicable (Not Transported) ",88,Not Applicable (Not Transported),,,,,,,1,
2021,29,290700,Missouri,2,2,0,0,0,4,4,127,MARION (127),6050,PALMYRA,26,26,9,September,2021,1,Sunday,12,12:00pm-12:59pm,20,20,1,This section IS ON the NHS,1,Rural,2,Principal Arterial - Other Freeways and Expressways,1,State Highway Agency,2,U.S. Highway,US-61,,150,150,39.79977778,39.79977778,-91.516722220,-91.516722220,0,No Special Jurisdiction,12,Motor Vehicle In-Transport,6,Angle,0,No,7,"Crossover-Related ",1,Not an Intersection,0,None,,,1,On Roadway,1,Daylight,,,,,1,Clear,0,No,0000000,Not Applicable,12,12:00pm-12:59pm,18,18,12,12:00pm-12:59pm,29,29,13,1:00pm-1:59pm,8,8,,,,,,,2,
2021,29,290701,Missouri,1,1,0,0,0,5,5,99,JEFFERSON (99),0,NOT APPLICABLE,26,26,9,September,2021,1,Sunday,1,1:00am-1:59am,46,46,0,This section IS NOT on the NHS,2,Urban,5,Major Collector,2,County Highway Agency,4,County Road,CR-CAROL PARK RD,,10,10,38.43972222,38.43972222,-90.541527780,-90.541527780,0,No Special Jurisdiction,40,Fire Hydrant,0,The First Harmful Event was Not a Collision with a Motor Vehicle in Transport,0,No,1,Non-Junction,1,Not an Intersection,0,None,,,4,On Roadside,2,Dark - Not Lighted,,,,,1,Clear,0,No,0000000,Not Applicable,1,1:00am-1:59am,52,52,2,2:00am-2:59am,3,3,2,2:00am-2:59am,43,43,,,,,,,1,