caseyear,state,st_case,statename,ve_total,ve_forms,pvh_invl,peds,pernotmvit,permvit,persons,county,countyname,city,cityname,day,dayname,month,monthname,year,day_week,day_weekname,hour,hourname,minute,minutename,nhs,nhsname,rur_urb,rur_urbname,func_sys,func_sysname,rd_owner,rd_ownername,route,routename,tway_id,tway_id2,milept,mileptname,latitude,latitudename,longitud,longitudname,sp_jur,sp_jurname,harm_ev,harm_evname,man_coll,man_collname,reljct1,reljct1name,reljct2,reljct2name,typ_int,typ_intname,wrk_zone,wrk_zonename,road_fnc,road_fncname,rel_road,rel_roadname,lgt_cond,lgt_condname,weather1,weather1name,weather2,weather2name,weather,weathername,sch_bus,sch_busname,rail,railname,not_hour,not_hourname,not_min,not_minname,arr_hour,arr_hourname,arr_min,arr_minname,hosp_hr,hosp_hrname,hosp_mn,hosp_mnname,cf1,cf1name,cf2,cf2name,cf3,cf3name,fatals,drunk_dr
2021,29,290852,Missouri,2,2,0,0,0,4,4,95,JACKSON (95),3940,INDEPENDENCE,21,21,11,November,2021,1,Sunday,11,11:00am-11:59am,15,15,1,This section IS ON the NHS,2,Urban,3,Principal Arterial - Other,4,City or Municipal Highway Agency,6,Local Street - Municipality,NOLAND RD,,60,60,39.03712500,39.03712500,-94.415530560,-94.415530560,0,No Special Jurisdiction,12,Motor Vehicle In-Transport,6,Angle,0,No,8,Driveway Access Related,1,Not an Intersection,0,None,,,1,On Roadway,1,Daylight,,,,,1,Clear,0,No,0000000,Not Applicable,11,11:00am-11:59am,17,17,11,11:00am-11:59am,22,22,11,11:00am-11:59am,44,44,,,,,,,1,
2021,29,290853,Missouri,1,1,0,0,0,2,2,145,NEWTON (145),0,NOT APPLICABLE,21,21,11,November,2021,1,Sunday,2,2:00am-2:59am,10,10,0,This section IS NOT on the NHS,1,Rural,5,Major Collector,1,State Highway Agency,3,State Highway,SR-NN,,40,40,36.97752778,36.97752778,-94.480277780,-94.480277780,0,No Special Jurisdiction,34,Ditch,0,The First Harmful Event was Not a Collision with a Motor Vehicle in Transport,0,No,1,Non-Junction,1,Not an Intersection,0,None,,,4,On Roadside,2,Dark - Not Lighted,,,,,10,Cloudy,0,No,0000000,Not Applicable,2,2:00am-2:59am,12,12,2,2:00am-2:59am,26,26,2,2:00am-2:59am,53,53,,,,,,,1,
2021,29,290854,Missouri,3,3,0,0,0,3,3,510,ST. LOUIS (CITY) (510),7080,ST. LOUIS,21,21,11,November,2021,1,Sunday,3,3:00am-3:59am,17,17,1,This section IS ON the NHS,2,Urban,1,Interstate,1,State Highway Agency,1,Interstate,I-64,,70,70,38.63165278,38.63165278,-90.303255560,-90.303255560,0,No Special Jurisdiction,12,Motor Vehicle In-Transport,6,Angle,0,No,1,Non-Junction,1,Not an Intersection,0,None,,,1,On Roadway,3,Dark - Lighted,,,,,10,Cloudy,0,No,0000000,Not Applicable,3,3:00am-3:59am,19,19,3,3:00am-3:59am,26,26,3,3:00am-3:59am,56,56,,,,,,,1,
2021,29,290855,Missouri,1,1,0,0,0,1,1,169,PULASKI (169),0,NOT APPLICABLE,22,22,11,November,2021,2,Monday,18,6:00pm-6:59pm,0,0,0,This section IS NOT on the NHS,1,Rural,4,Minor Arterial,1,State Highway Agency,3,State Highway,SR-17,,10,10,38.00977778,38.00977778,-92.265916670,-92.265916670,0,No Special Jurisdiction,1,Rollover/Overturn,0,The First Harmful Event was Not a Collision with a Motor Vehicle in Transport,0,No,1,Non-Junction,1,Not an Intersection,0,None,,,4,On Roadside,2,Dark - Not Lighted,,,,,1,Clear,0,No,0000000,Not Applicable,99,Unknown,98,Unknown if Notified,99,Unknown EMS Scene Arrival Hour,98,Unknown if Arrived,88,"Not Applicable (Not Transported) ",88,Not Applicable (Not Transported),,,,,,,1,
2021,29,290856,Missouri,1,1,0,0,0,1,1,19,BOONE (19),1800,COLUMBIA,4,4,8,August,2021,4,Wednesday,16,4:00pm-4:59pm,45,45,0,This section IS NOT on the NHS,2,Urban,6,Minor Collector,4,City or Municipal Highway Agency,6,Local Street - Municipality," ROCK QUARRY RD",,20,20,38.90187778,38.90187778,-92.312936110,-92.312936110,0,No Special Jurisdiction,18,Other Object (not fixed),0,The First Harmful Event was Not a Collision with a Motor Vehicle in Transport,0,No,1,Non-Junction,1,Not an Intersection,0,None,,,1,On Roadway,1,Daylight,,,,,99,Reported as Unknown,0,No,0000000,Not Applicable,99,Unknown,98,Unknown if Notified,99,Unknown EMS Scene Arrival Hour,98,Unknown if Arrived,88,"Not Applicable (Not Transported) ",88,Not Applicable (Not Transported),,,,,,,1,
2021,29,290857,Missouri,3,3,0,0,0,5,5,189,ST LOUIS (189),0,NOT APPLICABLE,17,17,10,October,2021,1,Sunday,17,5:00pm-5:59pm,42,42,0,This section IS NOT on the NHS,2,Urban,4,Minor Arterial,2,County Highway Agency,4,County Road,CR-FORDER RD,CR-RINGER RD,10,10,38.49241111,38.49241111,-90.318058330,-90.318058330,0,No Special Jurisdiction,33,Curb,0,The First Harmful Event was Not a Collision with a Motor Vehicle in Transport,0,No,3,Intersection-Related,98,Not Reported,0,None,,,4,On Roadside,1,Daylight,,,,,1,Clear,0,No,0000000,Not Applicable,17,5:00pm-5:59pm,44,44,17,5:00pm-5:59pm,48,48,18,6:00pm-6:59pm,10,10,,,,,,,1,
2021,29,290859,Missouri,2,2,0,0,0,2,2,183,ST. CHARLES (183),7100,ST. PETERS,22,22,11,November,2021,2,Monday,10,10:00am-10:59am,27,27,1,This section IS ON the NHS,2,Urban,2,Principal Arterial - Other Freeways and Expressways,1,State Highway Agency,3,State Highway,SR-364,,290,290,38.74930556,38.74930556,-90.573500000,-90.573500000,0,No Special Jurisdiction,12,Motor Vehicle In-Transport,1,Front-to-Rear,0,No,1,Non-Junction,1,Not an Intersection,0,None,,,1,On Roadway,1,Daylight,,,,,1,Clear,0,No,0000000,Not Applicable,10,10:00am-10:59am,30,30,10,10:00am-10:59am,38,38,10,10:00am-10:59am,59,59,,,,,,,1,
2021,29,290860,Missouri,2,2,0,0,0,3,3,113,LINCOLN (113),3560,HAWK POINT,22,22,11,November,2021,2,Monday,11,11:00am-11:59am,27,27,0,This section IS NOT on the NHS,1,Rural,5,Major Collector,1,State Highway Agency,3,State Highway,SR-A,,10,10,38.97736111,38.97736111,-91.149472220,-91.149472220,0,No Special Jurisdiction,12,Motor Vehicle In-Transport,2,Front-to-Front,0,No,1,Non-Junction,1,Not an Intersection,0,None,,,1,On Roadway,1,Daylight,,,,,1,Clear,0,No,0000000,Not Applicable,11,11:00am-11:59am,40,40,12,12:00pm-12:59pm,9,9,12,12:00pm-12:59pm,47,47,,,,,,,1,
2021,29,290861,Missouri,1,1,0,0,0,1,1,211,SULLIVAN (211),0,NOT APPLICABLE,23,23,11,November,2021,3,Tuesday,8,8:00am-8:59am,59,59,0,This section IS NOT on the NHS,1,Rural,5,Major Collector,1,State Highway Agency,3,State Highway,SR-139,,220,220,40.09541667,40.09541667,-93.319416670,-93.319416670,0,No Special Jurisdiction,35,Embankment,0,The First Harmful Event was Not a Collision with a Motor Vehicle in Transport,0,No,1,Non-Junction,1,Not an Intersection,0,None,,,4,On Roadside,1,Daylight,,,,,1,Clear,0,No,0000000,Not Applicable,99,Unknown,98,Unknown if Notified,99,Unknown EMS Scene Arrival Hour,98,Unknown if Arrived,88,"Not Applicable (Not Transported) ",88,Not Applicable (Not Transported),,,,,,,1,
2021,29,290862,Missouri,1,1,0,0,0,1,1,47,CLAY (47),750,BIRMINGHAM,23,23,11,November,2021,3,Tuesday,13,1:00pm-1:59pm,24,24,0,This section IS NOT on the NHS,2,Urban,7,Local,4,City or Municipal Highway Agency,6,Local Street - Municipality,ATLANTIC ST,FIFTH ST,0,None,39.16576389,39.16576389,-94.452430560,-94.452430560,0,No Special Jurisdiction,1,Rollover/Overturn,0,The First Harmful Event was Not a Collision with a Motor Vehicle in Transport,0,No,3,Intersection-Related,2,Four-Way Intersection,0,None,,,1,On Roadway,1,Daylight,,,,,1,Clear,0,No,0000000,Not Applicable,13,1:00pm-1:59pm,25,25,13,1:00pm-1:59pm,38,38,14,2:00pm-2:59pm,4,4,,,,,,,1,
2021,29,290863,Missouri,2,2,0,0,0,3,3,77,GREENE (77),0,NOT APPLICABLE,26,26,11,November,2021,6,Friday,18,6:00pm-6:59pm,16,16,1,This section IS ON the NHS,1,Rural,2,Principal Arterial - Other Freeways and Expressways,1,State Highway Agency,2,U.S. Highway,US-60,,230,230,37.11894444,37.11894444,-93.133972220,-93.133972220,0,No Special Jurisdiction,12,Motor Vehicle In-Transport,1,Front-to-Rear,0,No,1,Non-Junction,1,Not an Intersection,0,None,,,1,On Roadway,2,Dark - Not Lighted,,,,,1,Clear,0,No,0000000,Not Applicable,18,6:00pm-6:59pm,17,17,18,6:00pm-6:59pm,23,23,19,7:00pm-7:59pm,5,5,,,,,,,1,
2021,29,290864,Missouri,2,2,0,0,0,4,4,23,BUTLER (23),0,NOT APPLICABLE,26,26,11,November,2021,6,Friday,14,2:00pm-2:59pm,10,10,1,This section IS ON the NHS,1,Rural,3,Principal Arterial - Other,1,State Highway Agency,2,U.S. Highway,US-67,CR-323,140,140,36.68750000,36.68750000,-90.484361110,-90.484361110,0,No Special Jurisdiction,12,Motor Vehicle In-Transport,6,Angle,0,No,2,Intersection,2,Four-Way Intersection,0,None,,,1,On Roadway,1,Daylight,,,,,1,Clear,0,No,0000000,Not Applicable,14,2:00pm-2:59pm,14,14,14,2:00pm-2:59pm,24,24,14,2:00pm-2:59pm,59,59,,,,,,,1,
2021,29,290865,Missouri,2,2,0,0,0,3,3,95,JACKSON (95),7620,SUGAR CREEK,26,26,11,November,2021,6,Friday,16,4:00pm-4:59pm,19,19,1,This section IS ON the NHS,2,Urban,3,Principal Arterial - Other,1,State Highway Agency,3,State Highway,SR-291,CEMENT CITY RD,30,30,39.15843056,39.15843056,-94.395608330,-94.395608330,0,No Special Jurisdiction,12,Motor Vehicle In-Transport,6,Angle,0,No,2,Intersection,2,Four-Way Intersection,0,None,,,1,On Roadway,1,Daylight,,,,,1,Clear,0,No,0000000,Not Applicable,16,4:00pm-4:59pm,23,23,16,4:00pm-4:59pm,29,29,16,4:00pm-4:59pm,58,58,,,,,,,2,
2021,29,290866,Missouri,1,1,0,0,0,1,1,510,ST. LOUIS (CITY) (510),7080,ST. LOUIS,8,8,10,October,2021,6,Friday,23,11:00pm-11:59pm,35,35,0,This section IS NOT on the NHS,2,Urban,3,Principal Arterial - Other,4,City or Municipal Highway Agency,6,Local Street - Municipality,BROADWAY ST,,10,10,38.59302778,38.59302778,-90.212416670,-90.212416670,0,No Special Jurisdiction,26,Other Traffic Barrier,0,The First Harmful Event was Not a Collision with a Motor Vehicle in Transport,0,No,1,Non-Junction,1,Not an Intersection,0,None,,,3,On Median,3,Dark - Lighted,,,,,1,Clear,0,No,0000000,Not Applicable,23,11:00pm-11:59pm,37,37,23,11:00pm-11:59pm,50,50,0,0:00am-0:59am,9,9,,,,,,,1,
2021,29,290867,Missouri,2,2,0,0,0,3,3,99,JEFFERSON (99),0,NOT APPLICABLE,15,15,10,October,2021,6,Friday,20,8:00pm-8:59pm,8,8,1,This section IS ON the NHS,2,Urban,2,Principal Arterial - Other Freeways and Expressways,1,State Highway Agency,2,U.S. Highway,US-67,,210,210,38.19211111,38.19211111,-90.413972220,-90.413972220,0,No Special Jurisdiction,12,Motor Vehicle In-Transport,1,Front-to-Rear,0,No,1,Non-Junction,1,Not an Intersection,0,None,,,1,On Roadway,2,Dark - Not Lighted,,,,,2,Rain,0,No,0000000,Not Applicable,20,8:00pm-8:59pm,11,11,20,8:00pm-8:59pm,16,16,20,8:00pm-8:59pm,55,55,,,,,,,1,
2021,29,290868,Missouri,1,1,0,0,0,3,3,215,TEXAS (215),0,NOT APPLICABLE,27,27,11,November,2021,7,Saturday,22,10:00pm-10:59pm,35,35,0,This section IS NOT on the NHS,1,Rural,5,Major Collector,1,State Highway Agency,3,State Highway,SR-181,,20,20,37.08750000,37.08750000,-92.106111110,-92.106111110,0,No Special Jurisdiction,38,Fence,0,The First Harmful Event was Not a Collision with a Motor Vehicle in Transport,0,No,1,Non-Junction,1,Not an Intersection,0,None,,,4,On Roadside,2,Dark - Not Lighted,,,,,1,Clear,0,No,0000000,Not Applicable,22,10:00pm-10:59pm,40,40,23,11:00pm-11:59pm,13,13,0,0:00am-0:59am,8,8,,,,,,,1,
2021,29,290869,Missouri,1,1,0,0,0,1,1,79,GRUNDY (79),7439,SPICKARD,27,27,11,November,2021,7,Saturday,16,4:00pm-4:59pm,0,0,0,This section IS NOT on the NHS,1,Rural,5,Major Collector,1,State Highway Agency,3,State Highway,SR-C,,70,70,40.24388889,40.24388889,-93.596833330,-93.596833330,0,No Special Jurisdiction,34,Ditch,0,The First Harmful Event was Not a Collision with a Motor Vehicle in Transport,0,No,1,Non-Junction,1,Not an Intersection,0,None,,,4,On Roadside,1,Daylight,,,,,10,Cloudy,0,No,0000000,Not Applicable,99,Unknown,98,Unknown if Notified,99,Unknown EMS Scene Arrival Hour,98,Unknown if Arrived,88,"Not Applicable (Not Transported) ",88,Not Applicable (Not Transported),,,,,,,1,
2021,29,290870,Missouri,2,2,0,0,0,2,2,101,JOHNSON (101),0,NOT APPLICABLE,28,28,11,November,2021,1,Sunday,15,3:00pm-3:59pm,43,43,0,This section IS NOT on the NHS,1,Rural,4,Minor Arterial,1,State Highway Agency,3,State Highway,SR-58,,180,180,38.72663889,38.72663889,-93.841333330,-93.841333330,0,No Special Jurisdiction,12,Motor Vehicle In-Transport,2,Front-to-Front,0,No,1,Non-Junction,1,Not an Intersection,0,None,,,4,On Roadside,1,Daylight,,,,,1,Clear,0,No,0000000,Not Applicable,99,Unknown,98,Unknown if Notified,99,Unknown EMS Scene Arrival Hour,98,Unknown if Arrived,88,"Not Applicable (Not Transported) ",88,Not Applicable (Not Transported),,,,,,,1,
2021,29,290871,Missouri,3,3,0,0,0,9,9,189,ST LOUIS (189),0,NOT APPLICABLE,28,28,11,November,2021,1,Sunday,18,6:00pm-6:59pm,0,0,1,This section IS ON the NHS,2,Urban,1,Interstate,1,State Highway Agency,1,Interstate,I-270,,290,290,38.77141667,38.77141667,-90.291250000,-90.291250000,0,No Special Jurisdiction,12,Motor Vehicle In-Transport,7,Sideswipe - Same Direction,0,No,1,Non-Junction,1,Not an Intersection,1,Construction,,,1,On Roadway,2,Dark - Not Lighted,,,,,1,Clear,0,No,0000000,Not Applicable,18,6:00pm-6:59pm,9,9,18,6:00pm-6:59pm,20,20,18,6:00pm-6:59pm,42,42,,,,,,,3,
2021,29,290872,Missouri,4,4,0,0,0,5,5,189,ST LOUIS (189),0,NOT APPLICABLE,29,29,11,November,2021,2,Monday,21,9:00pm-9:59pm,55,55,1,This section IS ON the NHS,2,Urban,1,Interstate,1,State Highway Agency,1,Interstate,I-44,,100,100,38.53975000,38.53975000,-90.482666670,-90.482666670,0,No Special Jurisdiction,12,Motor Vehicle In-Transport,8,Sideswipe - Opposite Direction,0,No,1,Non-Junction,1,Not an Intersection,0,None,,,1,On Roadway,2,Dark - Not Lighted,,,,,1,Clear,0,No,0000000,Not Applicable,21,9:00pm-9:59pm,58,58,22,10:00pm-10:59pm,6,6,22,10:00pm-10:59pm,46,46,,,,,,,1,
2021,29,290873,Missouri,1,1,0,1,1,1,1,173,RALLS (173),0,NOT APPLICABLE,30,30,11,November,2021,3,Tuesday,5,5:00am-5:59am,15,15,0,This section IS NOT on the NHS,1,Rural,3,Principal Arterial - Other,1,State Highway Agency,3,State Highway,SR-19,,200,200,39.38394444,39.38394444,-91.641861110,-91.641861110,0,No Special Jurisdiction,8,Pedestrian,0,The First Harmful Event was Not a Collision with a Motor Vehicle in Transport,0,No,1,Non-Junction,1,Not an Intersection,0,None,,,1,On Roadway,2,Dark - Not Lighted,,,,,1,Clear,0,No,0000000,Not Applicable,99,Unknown,98,Unknown if Notified,99,Unknown EMS Scene Arrival Hour,98,Unknown if Arrived,88,"Not Applicable (Not Transported) ",88,Not Applicable (Not Transported),,,,,,,1,
2021,29,290874,Missouri,1,1,0,0,0,1,1,189,ST LOUIS (189),0,NOT APPLICABLE,1,1,12,December,2021,4,Wednesday,5,5:00am-5:59am,0,0,1,This section IS ON the NHS,2,Urban,1,Interstate,1,State Highway Agency,1,Interstate,I-70 RAMP,,0,None,38.74911111,38.74911111,-90.441388890,-90.441388890,0,No Special Jurisdiction,21,Bridge Pier or Support,0,The First Harmful Event was Not a Collision with a Motor Vehicle in Transport,1,Yes,5,Entrance/Exit Ramp Related,1,Not an Intersection,0,None,,,4,On Roadside,2,Dark - Not Lighted,,,,,1,Clear,0,No,0000000,Not Applicable,99,Unknown,98,Unknown if Notified,99,Unknown EMS Scene Arrival Hour,98,Unknown if Arrived,88,"Not Applicable (Not Transported) ",88,Not Applicable (Not Transported),,,,,,,1,
2021,29,290875,Missouri,1,1,0,2,2,1,1,105,LACLEDE (105),0,NOT APPLICABLE,1,1,12,December,2021,4,Wednesday,17,5:00pm-5:59pm,20,20,1,This section IS ON the NHS,1,Rural,3,Principal Arterial - Other,1,State Highway Agency,7,Local Street - Frontage Road,I-44 OUTER RD,,10,10,37.51752778,37.51752778,-92.835388890,-92.835388890,0,No Special Jurisdiction,8,Pedestrian,0,The First Harmful Event was Not a Collision with a Motor Vehicle in Transport,0,No,1,Non-Junction,1,Not an Intersection,0,None,,,1,On Roadway,2,Dark - Not Lighted,,,,,1,Clear,0,No,0000000,Not Applicable,17,5:00pm-5:59pm,26,26,17,5:00pm-5:59pm,39,39,18,6:00pm-6:59pm,22,22,,,,,,,1,
2021,29,290876,Missouri,1,1,0,0,0,2,2,95,JACKSON (95),4120,KANSAS CITY,1,1,12,December,2021,4,Wednesday,16,4:00pm-4:59pm,0,0,1,This section IS ON the NHS,2,Urban,1,Interstate,1,State Highway Agency,1,Interstate,I-70 RAMP,,0,None,39.06027778,39.06027778,-94.490888890,-94.490888890,0,No Special Jurisdiction,1,Rollover/Overturn,0,The First Harmful Event was Not a Collision with a Motor Vehicle in Transport,1,Yes,5,Entrance/Exit Ramp Related,1,Not an Intersection,0,None,,,4,On Roadside,1,Daylight,,,,,1,Clear,0,No,0000000,Not Applicable,99,Unknown,98,Unknown if Notified,99,Unknown EMS Scene Arrival Hour,98,Unknown if Arrived,88,"Not Applicable (Not Transported) ",88,Not Applicable (Not Transported),,,,,,,2,
2021,29,290877,Missouri,1,1,0,0,0,1,1,510,ST. LOUIS (CITY) (510),7080,ST. LOUIS,1,1,12,December,2021,4,Wednesday,23,11:00pm-11:59pm,30,30,0,This section IS NOT on the NHS,2,Urban,4,Minor Arterial,1,State Highway Agency,6,Local Street - Municipality,GOODFELLOW BLVD,DRESSELL AVE,30,30,38.68865556,38.68865556,-90.270202780,-90.270202780,0,No Special Jurisdiction,31,"Post, Pole or Other Supports",0,The First Harmful Event was Not a Collision with a Motor Vehicle in Transport,0,No,3,Intersection-Related,2,Four-Way Intersection,0,None,,,3,On Median,3,Dark - Lighted,,,,,1,Clear,0,No,0000000,Not Applicable,99,Unknown,98,Unknown if Notified,99,Unknown EMS Scene Arrival Hour,98,Unknown if Arrived,88,"Not Applicable (Not Transported) ",88,Not Applicable (Not Transported),,,,,,,1,
2021,29,290878,Missouri,1,1,0,0,0,1,1,187,ST FRANCOIS (187),0,NOT APPLICABLE,5,5,12,December,2021,1,Sunday,0,0:00am-0:59am,28,28,0,This section IS NOT on the NHS,1,Rural,7,Local,26,Private (other than Railroad),5,Local Street - Township,OFFICE RD,,10,10,37.96975000,37.96975000,-90.349888890,-90.349888890,0,No Special Jurisdiction,42,Tree (Standing Only),0,The First Harmful Event was Not a Collision with a Motor Vehicle in Transport,0,No,1,Non-Junction,1,Not an Intersection,0,None,,,4,On Roadside,2,Dark - Not Lighted,,,,,10,Cloudy,0,No,0000000,Not Applicable,99,Unknown,98,Unknown if Notified,99,Unknown EMS Scene Arrival Hour,98,Unknown if Arrived,88,"Not Applicable (Not Transported) ",88,Not Applicable (Not Transported),,,,,,,1,
2021,29,290879,Missouri,1,1,0,0,0,2,2,95,JACKSON (95),3382,KANSAS CITY,5,5,12,December,2021,1,Sunday,10,10:00am-10:59am,51,51,1,This section IS ON the NHS,2,Urban,1,Interstate,1,State Highway Agency,1,Interstate,I-70,,260,260,39.09594444,39.09594444,-94.555416670,-94.555416670,0,No Special Jurisdiction,24,Guardrail Face,0,The First Harmful Event was Not a Collision with a Motor Vehicle in Transport,0,No,1,Non-Junction,1,Not an Intersection,0,None,,,4,On Roadside,1,Daylight,,,,,1,Clear,0,No,0000000,Not Applicable,10,10:00am-10:59am,51,51,10,10:00am-10:59am,56,56,11,11:00am-11:59am,10,10,,,,,,,1,
2021,29,290880,Missouri,1,1,0,1,1,1,1,95,JACKSON (95),4120,KANSAS CITY,7,7,12,December,2021,3,Tuesday,16,4:00pm-4:59pm,28,28,0,This section IS NOT on the NHS,2,Urban,7,Local,4,City or Municipal Highway Agency,6,Local Street - Municipality,76TH ST,HOLMES RD,0,None,38.98994444,38.98994444,-94.580333330,-94.580333330,0,No Special Jurisdiction,8,Pedestrian,0,The First Harmful Event was Not a Collision with a Motor Vehicle in Transport,0,No,3,Intersection-Related,3,T-Intersection,0,None,,,1,On Roadway,1,Daylight,,,,,1,Clear,0,No,0000000,Not Applicable,16,4:00pm-4:59pm,28,28,16,4:00pm-4:59pm,37,37,16,4:00pm-4:59pm,45,45,,,,,,,1,
2021,29,290881,Missouri,2,2,0,0,0,2,2,121,MACON (121),4390,LA PLATA,23,23,11,November,2021,3,Tuesday,16,4:00pm-4:59pm,27,27,1,This section IS ON the NHS,1,Rural,3,Principal Arterial - Other,1,State Highway Agency,2,U.S. Highway,US-63,CLARK ST,290,290,40.02205556,40.02205556,-92.478750000,-92.478750000,0,No Special Jurisdiction,12,Motor Vehicle In-Transport,6,Angle,0,No,2,Intersection,2,Four-Way Intersection,0,None,,,1,On Roadway,1,Daylight,,,,,1,Clear,0,No,0000000,Not Applicable,16,4:00pm-4:59pm,27,27,16,4:00pm-4:59pm,44,44,17,5:00pm-5:59pm,17,17,,,,,,,1,
2021,29,290882,Missouri,2,2,0,0,0,5,5,11,BARTON (11),0,NOT APPLICABLE,7,7,12,December,2021,3,Tuesday,14,2:00pm-2:59pm,32,32,0,This section IS NOT on the NHS,1,Rural,5,Major Collector,1,State Highway Agency,3,State Highway,SR-T,SR-U,40,40,37.43925000,37.43925000,-94.189055560,-94.189055560,0,No Special Jurisdiction,12,Motor Vehicle In-Transport,6,Angle,0,No,2,Intersection,2,Four-Way Intersection,0,None,,,1,On Roadway,1,Daylight,,,,,10,Cloudy,0,No,0000000,Not Applicable,14,2:00pm-2:59pm,45,45,15,3:00pm-3:59pm,24,24,16,4:00pm-4:59pm,2,2,,,,,,,1,
2021,29,290883,Missouri,1,1,0,0,0,1,1,145,NEWTON (145),0,NOT APPLICABLE,7,7,12,December,2021,3,Tuesday,13,1:00pm-1:59pm,30,30,0,This section IS NOT on the NHS,1,Rural,4,Minor Arterial,1,State Highway Agency,3,State Highway,SR-59,,60,60,36.96600000,36.96600000,-94.316000000,-94.316000000,0,No Special Jurisdiction,32,Culvert,0,The First Harmful Event was Not a Collision with a Motor Vehicle in Transport,0,No,1,Non-Junction,1,Not an Intersection,0,None,,,4,On Roadside,1,Daylight,,,,,1,Clear,0,No,0000000,Not Applicable,13,1:00pm-1:59pm,25,25,13,1:00pm-1:59pm,37,37,14,2:00pm-2:59pm,19,19,,,,,,,1,
2021,29,290884,Missouri,1,1,0,2,2,1,1,189,ST LOUIS (189),650,BERKELEY,8,8,12,December,2021,4,Wednesday,21,9:00pm-9:59pm,52,52,1,This section IS ON the NHS,2,Urban,3,Principal Arterial - Other,4,City or Municipal Highway Agency,6,Local Street - Municipality,AIRPORT RD,,10,10,38.75001944,38.75001944,-90.328688890,-90.328688890,0,No Special Jurisdiction,8,Pedestrian,0,The First Harmful Event was Not a Collision with a Motor Vehicle in Transport,0,No,1,Non-Junction,1,Not an Intersection,0,None,,,1,On Roadway,3,Dark - Lighted,,,,,1,Clear,0,No,0000000,Not Applicable,21,9:00pm-9:59pm,56,56,21,9:00pm-9:59pm,59,59,22,10:00pm-10:59pm,14,14,,,,,,,1,
2021,29,290885,Missouri,2,2,0,0,0,2,2,113,LINCOLN (113),0,NOT APPLICABLE,9,9,12,December,2021,5,Thursday,6,6:00am-6:59am,3,3,0,This section IS NOT on the NHS,1,Rural,4,Minor Arterial,1,State Highway Agency,3,State Highway,SR-47,,250,250,38.94100833,38.94100833,-91.129091670,-91.129091670,0,No Special Jurisdiction,12,Motor Vehicle In-Transport,2,Front-to-Front,0,No,1,Non-Junction,1,Not an Intersection,0,None,,,1,On Roadway,2,Dark - Not Lighted,,,,,1,Clear,0,No,0000000,Not Applicable,99,Unknown,98,Unknown if Notified,99,Unknown EMS Scene Arrival Hour,98,Unknown if Arrived,88,"Not Applicable (Not Transported) ",88,Not Applicable (Not Transported),,,,,,,2,
2021,29,290886,Missouri,1,1,0,0,0,2,2,23,BUTLER (23),0,NOT APPLICABLE,9,9,12,December,2021,5,Thursday,12,12:00pm-12:59pm,40,40,0,This section IS NOT on the NHS,1,Rural,4,Minor Arterial,1,State Highway Agency,3,State Highway,SR-142,,190,190,36.70025000,36.70025000,-90.410138890,-90.410138890,0,No Special Jurisdiction,34,Ditch,0,The First Harmful Event was Not a Collision with a Motor Vehicle in Transport,0,No,1,Non-Junction,1,Not an Intersection,0,None,,,4,On Roadside,1,Daylight,,,,,1,Clear,0,No,0000000,Not Applicable,12,12:00pm-12:59pm,45,45,12,12:00pm-12:59pm,52,52,13,1:00pm-1:59pm,16,16,,,,,,,1,
2021,29,290887,Missouri,2,1,1,0,1,1,2,155,PEMISCOT (155),0,NOT APPLICABLE,10,10,12,December,2021,6,Friday,8,8:00am-8:59am,0,0,1,This section IS ON the NHS,1,Rural,1,Interstate,1,State Highway Agency,1,Interstate,I-55,,290,290,36.03330556,36.03330556,-89.864000000,-89.864000000,0,No Special Jurisdiction,14,Parked Motor Vehicle,0,The First Harmful Event was Not a Collision with a Motor Vehicle in Transport,0,No,1,Non-Junction,1,Not an Intersection,0,None,,,2,On Shoulder,1,Daylight,,,,,5,"Fog, Smog, Smoke",0,No,0000000,Not Applicable,99,Unknown,98,Unknown if Notified,99,Unknown EMS Scene Arrival Hour,98,Unknown if Arrived,88,"Not Applicable (Not Transported) ",88,Not Applicable (Not Transported),,,,,,,1,
2021,29,290888,Missouri,1,1,0,0,0,1,1,85,HICKORY (85),0,NOT APPLICABLE,11,11,12,December,2021,7,Saturday,99,Unknown Hours,99,Unknown Minutes,0,This section IS NOT on the NHS,1,Rural,6,Minor Collector,1,State Highway Agency,3,State Highway,SR-Y,,50,50,37.98863889,37.98863889,-93.321944440,-93.321944440,0,No Special Jurisdiction,35,Embankment,0,The First Harmful Event was Not a Collision with a Motor Vehicle in Transport,0,No,1,Non-Junction,1,Not an Intersection,0,None,,,4,On Roadside,2,Dark - Not Lighted,,,,,99,Reported as Unknown,0,No,0000000,Not Applicable,99,Unknown,98,Unknown if Notified,99,Unknown EMS Scene Arrival Hour,98,Unknown if Arrived,88,"Not Applicable (Not Transported) ",88,Not Applicable (Not Transported),,,,,,,1,