caseyear,state,st_case,statename,ve_total,ve_forms,pvh_invl,peds,pernotmvit,permvit,persons,county,countyname,city,cityname,day,dayname,month,monthname,year,day_week,day_weekname,hour,hourname,minute,minutename,nhs,nhsname,rur_urb,rur_urbname,func_sys,func_sysname,rd_owner,rd_ownername,route,routename,tway_id,tway_id2,milept,mileptname,latitude,latitudename,longitud,longitudname,sp_jur,sp_jurname,harm_ev,harm_evname,man_coll,man_collname,reljct1,reljct1name,reljct2,reljct2name,typ_int,typ_intname,wrk_zone,wrk_zonename,road_fnc,road_fncname,rel_road,rel_roadname,lgt_cond,lgt_condname,weather1,weather1name,weather2,weather2name,weather,weathername,sch_bus,sch_busname,rail,railname,not_hour,not_hourname,not_min,not_minname,arr_hour,arr_hourname,arr_min,arr_minname,hosp_hr,hosp_hrname,hosp_mn,hosp_mnname,cf1,cf1name,cf2,cf2name,cf3,cf3name,fatals,drunk_dr
2021,29,290889,Missouri,1,1,0,0,0,1,1,181,RIPLEY (181),0,NOT APPLICABLE,10,10,12,December,2021,6,Friday,19,7:00pm-7:59pm,29,29,0,This section IS NOT on the NHS,1,Rural,4,Minor Arterial,1,State Highway Agency,3,State Highway,SR-142,,250,250,36.59369444,36.59369444,-90.755805560,-90.755805560,0,No Special Jurisdiction,35,Embankment,0,The First Harmful Event was Not a Collision with a Motor Vehicle in Transport,0,No,1,Non-Junction,1,Not an Intersection,0,None,,,4,On Roadside,2,Dark - Not Lighted,,,,,5,"Fog, Smog, Smoke",0,No,0000000,Not Applicable,99,Unknown,98,Unknown if Notified,99,Unknown EMS Scene Arrival Hour,98,Unknown if Arrived,88,"Not Applicable (Not Transported) ",88,Not Applicable (Not Transported),,,,,,,1,
2021,29,290890,Missouri,1,1,0,1,1,1,1,510,ST. LOUIS (CITY) (510),7080,ST. LOUIS,11,11,12,December,2021,7,Saturday,12,12:00pm-12:59pm,12,12,0,This section IS NOT on the NHS,2,Urban,4,Minor Arterial,4,City or Municipal Highway Agency,6,Local Street - Municipality,DR MARTIN LUTHER KING DR,,20,20,38.65820000,38.65820000,-90.248830560,-90.248830560,0,No Special Jurisdiction,8,Pedestrian,0,The First Harmful Event was Not a Collision with a Motor Vehicle in Transport,0,No,1,Non-Junction,1,Not an Intersection,0,None,,,4,On Roadside,1,Daylight,,,,,1,Clear,0,No,0000000,Not Applicable,12,12:00pm-12:59pm,15,15,12,12:00pm-12:59pm,42,42,88,"Not Applicable (Not Transported) ",88,Not Applicable (Not Transported),,,,,,,1,
2021,29,290891,Missouri,1,1,0,0,0,1,1,161,PHELPS (161),7050,ST. JAMES,11,11,12,December,2021,7,Saturday,18,6:00pm-6:59pm,3,3,1,This section IS ON the NHS,1,Rural,1,Interstate,1,State Highway Agency,1,Interstate,I-44,,90,90,37.98693056,37.98693056,-91.668663890,-91.668663890,0,No Special Jurisdiction,32,Culvert,0,The First Harmful Event was Not a Collision with a Motor Vehicle in Transport,0,No,1,Non-Junction,1,Not an Intersection,0,None,,,4,On Roadside,2,Dark - Not Lighted,,,,,1,Clear,0,No,0000000,Not Applicable,18,6:00pm-6:59pm,0,0,18,6:00pm-6:59pm,8,8,18,6:00pm-6:59pm,36,36,,,,,,,1,
2021,29,290892,Missouri,1,1,0,1,1,1,1,47,CLAY (47),5770,NORTH KANSAS CITY,9,9,11,November,2021,3,Tuesday,18,6:00pm-6:59pm,8,8,1,This section IS ON the NHS,2,Urban,2,Principal Arterial - Other Freeways and Expressways,1,State Highway Agency,3,State Highway,SR-210 RP 5415,,0,None,39.15136111,39.15136111,-94.532916670,-94.532916670,0,No Special Jurisdiction,8,Pedestrian,0,The First Harmful Event was Not a Collision with a Motor Vehicle in Transport,1,Yes,20,Entrance/Exit Ramp,1,Not an Intersection,0,None,,,1,On Roadway,3,Dark - Lighted,,,,,10,Cloudy,0,No,0000000,Not Applicable,18,6:00pm-6:59pm,8,8,18,6:00pm-6:59pm,15,15,88,"Not Applicable (Not Transported) ",88,Not Applicable (Not Transported),,,,,,,1,
2021,29,290893,Missouri,1,1,0,0,0,1,1,77,GREENE (77),7460,SPRINGFIELD,20,20,11,November,2021,7,Saturday,17,5:00pm-5:59pm,41,41,0,This section IS NOT on the NHS,2,Urban,3,Principal Arterial - Other,4,City or Municipal Highway Agency,6,Local Street - Municipality,SUNSHINE ST,,60,60,37.18231944,37.18231944,-93.302325000,-93.302325000,0,No Special Jurisdiction,1,Rollover/Overturn,0,The First Harmful Event was Not a Collision with a Motor Vehicle in Transport,0,No,8,Driveway Access Related,1,Not an Intersection,0,None,,,1,On Roadway,3,Dark - Lighted,,,,,1,Clear,0,No,0000000,Not Applicable,17,5:00pm-5:59pm,42,42,17,5:00pm-5:59pm,51,51,18,6:00pm-6:59pm,3,3,,,,,,,1,
2021,29,290894,Missouri,2,2,0,0,0,3,3,189,ST LOUIS (189),553,BELLEFONTAINE NEIGHBOR,1,1,12,December,2021,4,Wednesday,14,2:00pm-2:59pm,10,10,0,This section IS NOT on the NHS,2,Urban,4,Minor Arterial,2,County Highway Agency,4,County Road,CR-CHAMBERS RD,,40,40,38.74999444,38.74999444,-90.226275000,-90.226275000,0,No Special Jurisdiction,12,Motor Vehicle In-Transport,2,Front-to-Front,0,No,1,Non-Junction,1,Not an Intersection,0,None,,,1,On Roadway,1,Daylight,,,,,1,Clear,0,No,0000000,Not Applicable,14,2:00pm-2:59pm,13,13,14,2:00pm-2:59pm,18,18,14,2:00pm-2:59pm,25,25,,,,,,,2,
2021,29,290895,Missouri,2,2,0,0,0,4,4,510,ST. LOUIS (CITY) (510),7080,ST. LOUIS,2,2,12,December,2021,5,Thursday,15,3:00pm-3:59pm,8,8,0,This section IS NOT on the NHS,2,Urban,4,Minor Arterial,4,City or Municipal Highway Agency,6,Local Street - Municipality,VANDEVENTER AVE,IKEA WAY,30,30,38.63368056,38.63368056,-90.242675000,-90.242675000,0,No Special Jurisdiction,12,Motor Vehicle In-Transport,2,Front-to-Front,0,No,2,Intersection,3,T-Intersection,0,None,,,1,On Roadway,1,Daylight,,,,,1,Clear,0,No,0000000,Not Applicable,15,3:00pm-3:59pm,10,10,15,3:00pm-3:59pm,14,14,15,3:00pm-3:59pm,30,30,,,,,,,1,
2021,29,290897,Missouri,2,2,0,1,1,1,1,99,JEFFERSON (99),0,NOT APPLICABLE,6,6,12,December,2021,2,Monday,19,7:00pm-7:59pm,15,15,0,This section IS NOT on the NHS,1,Rural,6,Minor Collector,1,State Highway Agency,3,State Highway,SR-TT,,80,80,38.09363889,38.09363889,-90.297444440,-90.297444440,0,No Special Jurisdiction,12,Motor Vehicle In-Transport,1,Front-to-Rear,0,No,1,Non-Junction,1,Not an Intersection,0,None,,,1,On Roadway,2,Dark - Not Lighted,,,,,1,Clear,0,No,0000000,Not Applicable,19,7:00pm-7:59pm,25,25,19,7:00pm-7:59pm,33,33,88,"Not Applicable (Not Transported) ",88,Not Applicable (Not Transported),,,,,,,1,
2021,29,290898,Missouri,1,1,0,1,1,1,1,109,LAWRENCE (109),420,AURORA,8,8,12,December,2021,4,Wednesday,17,5:00pm-5:59pm,28,28,1,This section IS ON the NHS,2,Urban,3,Principal Arterial - Other,1,State Highway Agency,3,State Highway,SR-BU 60,,60,60,36.97070833,36.97070833,-93.718916670,-93.718916670,0,No Special Jurisdiction,8,Pedestrian,0,The First Harmful Event was Not a Collision with a Motor Vehicle in Transport,0,No,1,Non-Junction,1,Not an Intersection,0,None,,,1,On Roadway,2,Dark - Not Lighted,,,,,1,Clear,0,No,0000000,Not Applicable,17,5:00pm-5:59pm,29,29,17,5:00pm-5:59pm,33,33,18,6:00pm-6:59pm,5,5,,,,,,,1,
2021,29,290899,Missouri,1,1,0,0,0,2,2,155,PEMISCOT (155),0,NOT APPLICABLE,10,10,12,December,2021,6,Friday,20,8:00pm-8:59pm,35,35,0,This section IS NOT on the NHS,1,Rural,4,Minor Arterial,1,State Highway Agency,3,State Highway,SR-84,,140,140,36.22058333,36.22058333,-89.708141670,-89.708141670,0,No Special Jurisdiction,18,Other Object (not fixed),0,The First Harmful Event was Not a Collision with a Motor Vehicle in Transport,0,No,1,Non-Junction,1,Not an Intersection,0,None,,,1,On Roadway,2,Dark - Not Lighted,,,,,2,Rain,0,No,0000000,Not Applicable,88,Not Applicable (Not Notified),88,Not Applicable (Not Notified),88,Not Applicable,88,Not Applicable,88,"Not Applicable (Not Transported) ",88,Not Applicable (Not Transported),,,,,,,1,
2021,29,290900,Missouri,1,1,0,1,1,1,1,77,GREENE (77),7460,SPRINGFIELD,10,10,12,December,2021,6,Friday,18,6:00pm-6:59pm,20,20,1,This section IS ON the NHS,2,Urban,3,Principal Arterial - Other,4,City or Municipal Highway Agency,6,Local Street - Municipality,CHESTNUT EXPY,,20,20,37.21229444,37.21229444,-93.357241670,-93.357241670,0,No Special Jurisdiction,8,Pedestrian,0,The First Harmful Event was Not a Collision with a Motor Vehicle in Transport,0,No,1,Non-Junction,1,Not an Intersection,0,None,,,1,On Roadway,3,Dark - Lighted,,,,,2,Rain,0,No,0000000,Not Applicable,18,6:00pm-6:59pm,20,20,18,6:00pm-6:59pm,32,32,18,6:00pm-6:59pm,59,59,,,,,,,1,
2021,29,290901,Missouri,2,2,0,0,0,2,2,77,GREENE (77),7460,SPRINGFIELD,11,11,12,December,2021,7,Saturday,21,9:00pm-9:59pm,26,26,1,This section IS ON the NHS,2,Urban,3,Principal Arterial - Other,4,City or Municipal Highway Agency,6,Local Street - Municipality,GLENSTONE AVE,CINDERELLA ST,40,40,37.18588889,37.18588889,-93.262230560,-93.262230560,0,No Special Jurisdiction,12,Motor Vehicle In-Transport,6,Angle,0,No,2,Intersection,2,Four-Way Intersection,0,None,,,1,On Roadway,3,Dark - Lighted,,,,,1,Clear,0,No,0000000,Not Applicable,21,9:00pm-9:59pm,35,35,21,9:00pm-9:59pm,41,41,21,9:00pm-9:59pm,56,56,,,,,,,1,
2021,29,290902,Missouri,2,2,0,0,0,2,2,155,PEMISCOT (155),0,NOT APPLICABLE,12,12,12,December,2021,1,Sunday,11,11:00am-11:59am,10,10,1,This section IS ON the NHS,1,Rural,1,Interstate,1,State Highway Agency,1,Interstate,I-55,,150,150,36.17327778,36.17327778,-89.753250000,-89.753250000,0,No Special Jurisdiction,12,Motor Vehicle In-Transport,1,Front-to-Rear,1,Yes,18,Through Roadway,1,Not an Intersection,0,None,,,1,On Roadway,1,Daylight,,,,,1,Clear,0,No,0000000,Not Applicable,99,Unknown,98,Unknown if Notified,99,Unknown EMS Scene Arrival Hour,98,Unknown if Arrived,88,"Not Applicable (Not Transported) ",88,Not Applicable (Not Transported),,,,,,,1,
2021,29,290903,Missouri,2,2,0,0,0,5,5,21,BUCHANAN (21),7070,ST. JOSEPH,12,12,12,December,2021,1,Sunday,15,3:00pm-3:59pm,35,35,0,This section IS NOT on the NHS,2,Urban,5,Major Collector,4,City or Municipal Highway Agency,6,Local Street - Municipality,MILLER RD,COOK RD,10,10,39.80654722,39.80654722,-94.824716670,-94.824716670,0,No Special Jurisdiction,12,Motor Vehicle In-Transport,6,Angle,0,No,2,Intersection,2,Four-Way Intersection,0,None,,,1,On Roadway,1,Daylight,,,,,1,Clear,0,No,0000000,Not Applicable,15,3:00pm-3:59pm,36,36,15,3:00pm-3:59pm,45,45,16,4:00pm-4:59pm,10,10,,,,,,,1,
2021,29,290904,Missouri,2,2,0,0,0,2,2,117,LIVINGSTON (117),1590,CHILLICOTHE,14,14,12,December,2021,3,Tuesday,12,12:00pm-12:59pm,36,36,1,This section IS ON the NHS,2,Urban,3,Principal Arterial - Other,1,State Highway Agency,2,U.S. Highway,US-36,MITCHELL AVE,130,130,39.77324722,39.77324722,-93.538744440,-93.538744440,0,No Special Jurisdiction,12,Motor Vehicle In-Transport,1,Front-to-Rear,0,No,3,Intersection-Related,2,Four-Way Intersection,0,None,,,1,On Roadway,1,Daylight,,,,,1,Clear,0,No,0000000,Not Applicable,12,12:00pm-12:59pm,36,36,12,12:00pm-12:59pm,42,42,14,2:00pm-2:59pm,9,9,,,,,,,1,
2021,29,290905,Missouri,1,1,0,1,1,1,1,510,ST. LOUIS (CITY) (510),7080,ST. LOUIS,14,14,12,December,2021,3,Tuesday,8,8:00am-8:59am,33,33,1,This section IS ON the NHS,2,Urban,1,Interstate,1,State Highway Agency,1,Interstate,I-44,,90,90,38.63795000,38.63795000,-90.186152780,-90.186152780,0,No Special Jurisdiction,8,Pedestrian,0,The First Harmful Event was Not a Collision with a Motor Vehicle in Transport,1,Yes,18,Through Roadway,1,Not an Intersection,0,None,,,1,On Roadway,1,Daylight,,,,,1,Clear,0,No,0000000,Not Applicable,8,8:00am-8:59am,38,38,8,8:00am-8:59am,50,50,88,"Not Applicable (Not Transported) ",88,Not Applicable (Not Transported),,,,,,,1,
2021,29,290906,Missouri,2,2,0,0,0,2,2,99,JEFFERSON (99),0,NOT APPLICABLE,15,15,12,December,2021,4,Wednesday,8,8:00am-8:59am,5,5,0,This section IS NOT on the NHS,1,Rural,3,Principal Arterial - Other,1,State Highway Agency,3,State Highway,SR-21,,330,330,38.08379444,38.08379444,-90.633541670,-90.633541670,0,No Special Jurisdiction,12,Motor Vehicle In-Transport,6,Angle,0,No,1,Non-Junction,1,Not an Intersection,0,None,,,1,On Roadway,1,Daylight,,,,,10,Cloudy,0,No,0000000,Not Applicable,8,8:00am-8:59am,15,15,8,8:00am-8:59am,19,19,9,9:00am-9:59am,15,15,,,,,,,1,
2021,29,290907,Missouri,1,1,0,0,0,2,2,21,BUCHANAN (21),7070,ST. JOSEPH,30,30,10,October,2021,7,Saturday,17,5:00pm-5:59pm,5,5,1,This section IS ON the NHS,2,Urban,3,Principal Arterial - Other,1,State Highway Agency,2,U.S. Highway,US-59 RP 1039040,,40,40,39.76902222,39.76902222,-94.861572220,-94.861572220,0,No Special Jurisdiction,18,Other Object (not fixed),0,The First Harmful Event was Not a Collision with a Motor Vehicle in Transport,1,Yes,20,Entrance/Exit Ramp,1,Not an Intersection,0,None,,,1,On Roadway,1,Daylight,,,,,1,Clear,0,No,0000000,Not Applicable,17,5:00pm-5:59pm,6,6,17,5:00pm-5:59pm,15,15,17,5:00pm-5:59pm,40,40,,,,,,,1,
2021,29,290908,Missouri,1,1,0,0,0,2,2,189,ST LOUIS (189),4060,JENNINGS,28,28,11,November,2021,1,Sunday,0,0:00am-0:59am,1,1,1,This section IS ON the NHS,2,Urban,3,Principal Arterial - Other,1,State Highway Agency,3,State Highway,SR-367,CR-JENNINGS STATION RD,60,60,38.72892778,38.72892778,-90.239972220,-90.239972220,0,No Special Jurisdiction,46,Traffic Signal Support,0,The First Harmful Event was Not a Collision with a Motor Vehicle in Transport,0,No,3,Intersection-Related,2,Four-Way Intersection,0,None,,,12,Pedestrian Refuge Island or Traffic Island,3,Dark - Lighted,,,,,1,Clear,0,No,0000000,Not Applicable,0,0:00am-0:59am,3,3,0,0:00am-0:59am,14,14,0,0:00am-0:59am,34,34,,,,,,,1,
2021,29,290909,Missouri,4,4,0,0,0,6,6,510,ST. LOUIS (CITY) (510),7080,ST. LOUIS,1,1,12,December,2021,4,Wednesday,15,3:00pm-3:59pm,6,6,1,This section IS ON the NHS,2,Urban,3,Principal Arterial - Other,1,State Highway Agency,3,State Highway,SR-30,UTAH ST,40,40,38.59674167,38.59674167,-90.238197220,-90.238197220,0,No Special Jurisdiction,12,Motor Vehicle In-Transport,6,Angle,0,No,2,Intersection,2,Four-Way Intersection,0,None,,,1,On Roadway,1,Daylight,,,,,1,Clear,0,No,0000000,Not Applicable,15,3:00pm-3:59pm,5,5,15,3:00pm-3:59pm,20,20,88,"Not Applicable (Not Transported) ",88,Not Applicable (Not Transported),,,,,,,1,
2021,29,290911,Missouri,2,2,0,0,0,2,2,181,RIPLEY (181),0,NOT APPLICABLE,14,14,12,December,2021,3,Tuesday,0,0:00am-0:59am,45,45,0,This section IS NOT on the NHS,1,Rural,4,Minor Arterial,1,State Highway Agency,2,U.S. Highway,US-160,,240,240,36.64546389,36.64546389,-90.766194440,-90.766194440,0,No Special Jurisdiction,12,Motor Vehicle In-Transport,2,Front-to-Front,0,No,1,Non-Junction,1,Not an Intersection,0,None,,,1,On Roadway,2,Dark - Not Lighted,,,,,1,Clear,0,No,0000000,Not Applicable,99,Unknown,99,Unknown,99,Unknown EMS Scene Arrival Hour,99,Unknown EMS Scene Arrival Minutes,99,Unknown,99,Unknown EMS Hospital Arrival Time,,,,,,,2,
2021,29,290912,Missouri,1,1,0,0,0,1,1,189,ST LOUIS (189),4240,KIRKWOOD,15,15,12,December,2021,4,Wednesday,21,9:00pm-9:59pm,4,4,0,This section IS NOT on the NHS,2,Urban,4,Minor Arterial,2,County Highway Agency,4,County Road,CR-WEST ADAMS AVE,,0,None,38.58072222,38.58072222,-90.435805560,-90.435805560,0,No Special Jurisdiction,40,Fire Hydrant,0,The First Harmful Event was Not a Collision with a Motor Vehicle in Transport,0,No,1,Non-Junction,1,Not an Intersection,0,None,,,4,On Roadside,2,Dark - Not Lighted,,,,,10,Cloudy,0,No,0000000,Not Applicable,21,9:00pm-9:59pm,4,4,21,9:00pm-9:59pm,10,10,21,9:00pm-9:59pm,28,28,,,,,,,1,
2021,29,290913,Missouri,5,2,3,1,1,6,6,95,JACKSON (95),4120,KANSAS CITY,15,15,12,December,2021,4,Wednesday,22,10:00pm-10:59pm,19,19,0,This section IS NOT on the NHS,2,Urban,4,Minor Arterial,4,City or Municipal Highway Agency,6,Local Street - Municipality,BROADWAY BLVD,WESTPORT RD,10,10,39.05327778,39.05327778,-94.590555560,-94.590555560,0,No Special Jurisdiction,12,Motor Vehicle In-Transport,6,Angle,0,No,2,Intersection,2,Four-Way Intersection,0,None,,,1,On Roadway,3,Dark - Lighted,,,,,1,Clear,0,No,0000000,Not Applicable,99,Unknown,99,Unknown,99,Unknown EMS Scene Arrival Hour,99,Unknown EMS Scene Arrival Minutes,88,"Not Applicable (Not Transported) ",88,Not Applicable (Not Transported),,,,,,,3,
2021,29,290914,Missouri,1,1,0,1,1,2,2,109,LAWRENCE (109),0,NOT APPLICABLE,17,17,12,December,2021,6,Friday,17,5:00pm-5:59pm,51,51,1,This section IS ON the NHS,1,Rural,1,Interstate,1,State Highway Agency,1,Interstate,I-44,,240,240,37.17850000,37.17850000,-93.656527780,-93.656527780,0,No Special Jurisdiction,8,Pedestrian,0,The First Harmful Event was Not a Collision with a Motor Vehicle in Transport,0,No,1,Non-Junction,1,Not an Intersection,0,None,,,1,On Roadway,2,Dark - Not Lighted,,,,,2,Rain,0,No,0000000,Not Applicable,17,5:00pm-5:59pm,54,54,18,6:00pm-6:59pm,10,10,18,6:00pm-6:59pm,51,51,,,,,,,1,
2021,29,290915,Missouri,1,1,0,0,0,1,1,145,NEWTON (145),0,NOT APPLICABLE,17,17,12,December,2021,6,Friday,18,6:00pm-6:59pm,58,58,0,This section IS NOT on the NHS,1,Rural,7,Local,2,County Highway Agency,4,County Road,CR-NORWAY RD,,10,10,36.84952778,36.84952778,-94.311222220,-94.311222220,0,No Special Jurisdiction,42,Tree (Standing Only),0,The First Harmful Event was Not a Collision with a Motor Vehicle in Transport,0,No,1,Non-Junction,1,Not an Intersection,0,None,,,4,On Roadside,1,Daylight,,,,,2,Rain,0,No,0000000,Not Applicable,99,Unknown,98,Unknown if Notified,99,Unknown EMS Scene Arrival Hour,98,Unknown if Arrived,88,"Not Applicable (Not Transported) ",88,Not Applicable (Not Transported),,,,,,,1,
2021,29,290916,Missouri,1,1,0,1,1,1,1,95,JACKSON (95),3940,INDEPENDENCE,17,17,12,December,2021,6,Friday,6,6:00am-6:59am,22,22,1,This section IS ON the NHS,2,Urban,3,Principal Arterial - Other,1,State Highway Agency,2,U.S. Highway,US-40,,110,110,39.05052500,39.05052500,-94.449694440,-94.449694440,0,No Special Jurisdiction,9,Pedalcyclist,0,The First Harmful Event was Not a Collision with a Motor Vehicle in Transport,0,No,8,Driveway Access Related,1,Not an Intersection,0,None,,,1,On Roadway,3,Dark - Lighted,,,,,1,Clear,0,No,0000000,Not Applicable,99,Unknown,99,Unknown,99,Unknown EMS Scene Arrival Hour,99,Unknown EMS Scene Arrival Minutes,99,Unknown,99,Unknown EMS Hospital Arrival Time,,,,,,,1,
2021,29,290917,Missouri,1,1,0,0,0,1,1,29,CAMDEN (29),5956,OSAGE BEACH,18,18,12,December,2021,7,Saturday,23,11:00pm-11:59pm,30,30,0,This section IS NOT on the NHS,1,Rural,7,Local,4,City or Municipal Highway Agency,6,Local Street - Municipality,HOSPITAL DR,,0,None,38.12188889,38.12188889,-92.683194440,-92.683194440,0,No Special Jurisdiction,33,Curb,0,The First Harmful Event was Not a Collision with a Motor Vehicle in Transport,0,No,1,Non-Junction,1,Not an Intersection,0,None,,,4,On Roadside,3,Dark - Lighted,,,,,1,Clear,0,No,0000000,Not Applicable,23,11:00pm-11:59pm,34,34,23,11:00pm-11:59pm,43,43,0,0:00am-0:59am,4,4,,,,,,,1,
2021,29,290918,Missouri,1,1,0,1,1,1,1,109,LAWRENCE (109),0,NOT APPLICABLE,19,19,12,December,2021,1,Sunday,21,9:00pm-9:59pm,50,50,0,This section IS NOT on the NHS,1,Rural,4,Minor Arterial,1,State Highway Agency,3,State Highway,SR-37,,30,30,36.95900000,36.95900000,-94.016694440,-94.016694440,0,No Special Jurisdiction,8,Pedestrian,0,The First Harmful Event was Not a Collision with a Motor Vehicle in Transport,0,No,1,Non-Junction,1,Not an Intersection,0,None,,,1,On Roadway,2,Dark - Not Lighted,,,,,1,Clear,0,No,0000000,Not Applicable,99,Unknown,98,Unknown if Notified,99,Unknown EMS Scene Arrival Hour,98,Unknown if Arrived,88,"Not Applicable (Not Transported) ",88,Not Applicable (Not Transported),,,,,,,1,
2021,29,290919,Missouri,1,1,0,0,0,1,1,225,WEBSTER (225),0,NOT APPLICABLE,20,20,12,December,2021,2,Monday,20,8:00pm-8:59pm,40,40,0,This section IS NOT on the NHS,1,Rural,7,Local,2,County Highway Agency,4,County Road,CR-TEAGUES RD,,10,10,37.25063889,37.25063889,-92.825111110,-92.825111110,0,No Special Jurisdiction,32,Culvert,0,The First Harmful Event was Not a Collision with a Motor Vehicle in Transport,0,No,1,Non-Junction,1,Not an Intersection,0,None,,,4,On Roadside,2,Dark - Not Lighted,,,,,1,Clear,0,No,0000000,Not Applicable,99,Unknown,98,Unknown if Notified,99,Unknown EMS Scene Arrival Hour,98,Unknown if Arrived,88,"Not Applicable (Not Transported) ",88,Not Applicable (Not Transported),,,,,,,1,
2021,29,290920,Missouri,2,2,0,0,0,3,3,213,TANEY (213),980,BRANSON,24,24,11,November,2021,4,Wednesday,10,10:00am-10:59am,4,4,0,This section IS NOT on the NHS,2,Urban,7,Local,4,City or Municipal Highway Agency,6,Local Street - Municipality,MAIN ST,,10,10,36.64411111,36.64411111,-93.215458330,-93.215458330,0,No Special Jurisdiction,12,Motor Vehicle In-Transport,6,Angle,0,No,8,Driveway Access Related,1,Not an Intersection,0,None,,,1,On Roadway,1,Daylight,,,,,1,Clear,0,No,0000000,Not Applicable,99,Unknown,98,Unknown if Notified,99,Unknown EMS Scene Arrival Hour,98,Unknown if Arrived,88,"Not Applicable (Not Transported) ",88,Not Applicable (Not Transported),,,,,,,1,
2021,29,290921,Missouri,1,1,0,1,1,1,1,165,PLATTE (165),4120,KANSAS CITY,20,20,12,December,2021,2,Monday,20,8:00pm-8:59pm,12,12,1,This section IS ON the NHS,2,Urban,1,Interstate,1,State Highway Agency,1,Interstate,I-435,,200,200,39.30688889,39.30688889,-94.602111110,-94.602111110,0,No Special Jurisdiction,8,Pedestrian,0,The First Harmful Event was Not a Collision with a Motor Vehicle in Transport,1,Yes,18,Through Roadway,1,Not an Intersection,0,None,,,1,On Roadway,2,Dark - Not Lighted,,,,,1,Clear,0,No,0000000,Not Applicable,99,Unknown,98,Unknown if Notified,99,Unknown EMS Scene Arrival Hour,98,Unknown if Arrived,88,"Not Applicable (Not Transported) ",88,Not Applicable (Not Transported),,,,,,,1,
2021,29,290922,Missouri,2,2,0,0,0,2,2,203,SHANNON (203),740,BIRCH TREE,21,21,12,December,2021,3,Tuesday,6,6:00am-6:59am,45,45,1,This section IS ON the NHS,1,Rural,2,Principal Arterial - Other Freeways and Expressways,1,State Highway Agency,2,U.S. Highway,US-60,,100,100,36.99927778,36.99927778,-91.489250000,-91.489250000,0,No Special Jurisdiction,12,Motor Vehicle In-Transport,1,Front-to-Rear,0,No,1,Non-Junction,1,Not an Intersection,0,None,,,1,On Roadway,1,Daylight,,,,,1,Clear,0,No,0000000,Not Applicable,99,Unknown,98,Unknown if Notified,99,Unknown EMS Scene Arrival Hour,98,Unknown if Arrived,88,"Not Applicable (Not Transported) ",88,Not Applicable (Not Transported),,,,,,,1,
2021,29,290923,Missouri,2,2,0,0,0,5,5,47,CLAY (47),7370,SMITHVILLE,21,21,12,December,2021,3,Tuesday,18,6:00pm-6:59pm,50,50,1,This section IS ON the NHS,2,Urban,3,Principal Arterial - Other,1,State Highway Agency,2,U.S. Highway,US-169,PARK DR,70,70,39.36419444,39.36419444,-94.583638890,-94.583638890,0,No Special Jurisdiction,12,Motor Vehicle In-Transport,6,Angle,0,No,2,Intersection,3,T-Intersection,0,None,,,1,On Roadway,2,Dark - Not Lighted,,,,,1,Clear,0,No,0000000,Not Applicable,18,6:00pm-6:59pm,35,35,18,6:00pm-6:59pm,38,38,19,7:00pm-7:59pm,8,8,,,,,,,1,
2021,29,290924,Missouri,4,4,0,0,0,4,4,19,BOONE (19),0,NOT APPLICABLE,22,22,12,December,2021,4,Wednesday,4,4:00am-4:59am,48,48,1,This section IS ON the NHS,1,Rural,1,Interstate,1,State Highway Agency,1,Interstate,I-70,,10,10,38.95830556,38.95830556,-92.173666670,-92.173666670,0,No Special Jurisdiction,12,Motor Vehicle In-Transport,1,Front-to-Rear,0,No,1,Non-Junction,1,Not an Intersection,0,None,,,1,On Roadway,2,Dark - Not Lighted,,,,,1,Clear,0,No,0000000,Not Applicable,4,4:00am-4:59am,34,34,4,4:00am-4:59am,46,46,5,5:00am-5:59am,16,16,,,,,,,1,
2021,29,290925,Missouri,1,1,0,1,1,1,1,207,STODDARD (207),2230,DEXTER,22,22,12,December,2021,4,Wednesday,21,9:00pm-9:59pm,10,10,0,This section IS NOT on the NHS,2,Urban,7,Local,4,City or Municipal Highway Agency,6,Local Street - Municipality,COOPER ST,ARVIN RD,0,None,36.79971667,36.79971667,-89.965747220,-89.965747220,0,No Special Jurisdiction,9,Pedalcyclist,0,The First Harmful Event was Not a Collision with a Motor Vehicle in Transport,0,No,2,Intersection,3,T-Intersection,0,None,,,1,On Roadway,3,Dark - Lighted,,,,,1,Clear,0,No,0000000,Not Applicable,21,9:00pm-9:59pm,9,9,21,9:00pm-9:59pm,12,12,22,10:00pm-10:59pm,22,22,,,,,,,1,
2021,29,290926,Missouri,2,2,0,0,0,3,3,151,OSAGE (151),0,NOT APPLICABLE,24,24,12,December,2021,6,Friday,10,10:00am-10:59am,35,35,0,This section IS NOT on the NHS,1,Rural,4,Minor Arterial,1,State Highway Agency,3,State Highway,SR-28,,30,30,38.30308333,38.30308333,-91.653972220,-91.653972220,0,No Special Jurisdiction,12,Motor Vehicle In-Transport,2,Front-to-Front,0,No,1,Non-Junction,1,Not an Intersection,0,None,,,1,On Roadway,1,Daylight,,,,,1,Clear,0,No,0000000,Not Applicable,10,10:00am-10:59am,36,36,10,10:00am-10:59am,40,40,88,"Not Applicable (Not Transported) ",88,Not Applicable (Not Transported),,,,,,,1,
2021,29,290927,Missouri,3,3,0,0,0,5,5,189,ST LOUIS (189),1050,BRIDGETON,24,24,12,December,2021,6,Friday,23,11:00pm-11:59pm,35,35,1,This section IS ON the NHS,2,Urban,1,Interstate,1,State Highway Agency,1,Interstate,I-70,,80,80,38.74405556,38.74405556,-90.401500000,-90.401500000,0,No Special Jurisdiction,12,Motor Vehicle In-Transport,1,Front-to-Rear,0,No,1,Non-Junction,1,Not an Intersection,0,None,,,1,On Roadway,3,Dark - Lighted,,,,,1,Clear,0,No,0000000,Not Applicable,23,11:00pm-11:59pm,37,37,23,11:00pm-11:59pm,41,41,23,11:00pm-11:59pm,49,49,,,,,,,1,