caseyear,state,st_case,statename,ve_total,ve_forms,pvh_invl,peds,pernotmvit,permvit,persons,county,countyname,city,cityname,day,dayname,month,monthname,year,day_week,day_weekname,hour,hourname,minute,minutename,nhs,nhsname,rur_urb,rur_urbname,func_sys,func_sysname,rd_owner,rd_ownername,route,routename,tway_id,tway_id2,milept,mileptname,latitude,latitudename,longitud,longitudname,sp_jur,sp_jurname,harm_ev,harm_evname,man_coll,man_collname,reljct1,reljct1name,reljct2,reljct2name,typ_int,typ_intname,wrk_zone,wrk_zonename,road_fnc,road_fncname,rel_road,rel_roadname,lgt_cond,lgt_condname,weather1,weather1name,weather2,weather2name,weather,weathername,sch_bus,sch_busname,rail,railname,not_hour,not_hourname,not_min,not_minname,arr_hour,arr_hourname,arr_min,arr_minname,hosp_hr,hosp_hrname,hosp_mn,hosp_mnname,cf1,cf1name,cf2,cf2name,cf3,cf3name,fatals,drunk_dr
2022,29,290049,Missouri,2,2,0,0,0,2,2,21,BUCHANAN (21),7070,ST. JOSEPH,30,30,1,January,2022,1,Sunday,15,3:00pm-3:59pm,58,58,1,This section IS ON the NHS,2,Urban,3,Principal Arterial - Other,4,City or Municipal Highway Agency,6,Local Street - Municipality,BELT HWY,NORTHRIDGE,110,110,39.81103611,39.81103611,-94.814975000,-94.81497500,0,No Special Jurisdiction,12,Motor Vehicle In-Transport,6,Angle,0,No,2,Intersection,2,Four-Way Intersection,0,None,,,1,On Roadway,1,Daylight,,,,,1,Clear,0,No,0000000,Not Applicable,16,4:00pm-4:59pm,0,0,16,4:00pm-4:59pm,9,9,16,4:00pm-4:59pm,15,15,,,,,,,1,
2022,29,290050,Missouri,1,1,0,0,0,1,1,77,GREENE (77),7460,SPRINGFIELD,23,23,1,January,2022,1,Sunday,14,2:00pm-2:59pm,55,55,1,This section IS ON the NHS,2,Urban,2,Principal Arterial - Other Freeways and Expressways,1,State Highway Agency,2,U.S. Highway,US-65 RP 105434,,0,None,37.15492500,37.15492500,-93.224866670,-93.22486667,0,No Special Jurisdiction,39,Wall,0,The First Harmful Event was Not a Collision with a Motor Vehicle in Transport,1,Yes,5,Entrance/Exit Ramp Related,1,Not an Intersection,0,None,,,4,On Roadside,1,Daylight,,,,,1,Clear,0,No,0000000,Not Applicable,14,2:00pm-2:59pm,58,58,15,3:00pm-3:59pm,6,6,15,3:00pm-3:59pm,26,26,,,,,,,1,
2022,29,290051,Missouri,1,1,0,0,0,1,1,189,ST LOUIS (189),0,NOT APPLICABLE,12,12,1,January,2022,4,Wednesday,7,7:00am-7:59am,10,10,0,This section IS NOT on the NHS,2,Urban,7,Local,2,County Highway Agency,4,County Road,CR-EDGAR QUEENY PARK RD,,0,None,38.61082222,38.61082222,-90.486544440,-90.48654444,0,No Special Jurisdiction,42,Tree (Standing Only),0,The First Harmful Event was Not a Collision with a Motor Vehicle in Transport,0,No,1,Non-Junction,1,Not an Intersection,0,None,,,4,On Roadside,1,Daylight,,,,,1,Clear,0,No,0000000,Not Applicable,7,7:00am-7:59am,15,15,7,7:00am-7:59am,22,22,88,"Not Applicable (Not Transported) ",88,Not Applicable (Not Transported),,,,,,,1,
2022,29,290052,Missouri,1,1,0,0,0,2,2,135,MONITEAU (135),0,NOT APPLICABLE,25,25,1,January,2022,3,Tuesday,0,0:00am-0:59am,7,7,1,This section IS ON the NHS,1,Rural,2,Principal Arterial - Other Freeways and Expressways,1,State Highway Agency,2,U.S. Highway,US-50,,10,10,38.60788333,38.60788333,-92.447747220,-92.44774722,0,No Special Jurisdiction,1,Rollover/Overturn,0,The First Harmful Event was Not a Collision with a Motor Vehicle in Transport,0,No,1,Non-Junction,1,Not an Intersection,0,None,,,4,On Roadside,2,Dark - Not Lighted,,,,,1,Clear,0,No,0000000,Not Applicable,0,0:00am-0:59am,21,21,0,0:00am-0:59am,36,36,88,"Not Applicable (Not Transported) ",88,Not Applicable (Not Transported),,,,,,,2,
2022,29,290053,Missouri,1,1,0,0,0,1,1,99,JEFFERSON (99),0,NOT APPLICABLE,1,1,2,February,2022,3,Tuesday,19,7:00pm-7:59pm,10,10,0,This section IS NOT on the NHS,2,Urban,7,Local,1,State Highway Agency,6,Local Street - Municipality,FRANKS RD,,10,10,38.44586111,38.44586111,-90.571944440,-90.57194444,0,No Special Jurisdiction,42,Tree (Standing Only),0,The First Harmful Event was Not a Collision with a Motor Vehicle in Transport,0,No,1,Non-Junction,1,Not an Intersection,0,None,,,4,On Roadside,2,Dark - Not Lighted,,,,,2,Rain,0,No,0000000,Not Applicable,18,6:00pm-6:59pm,41,41,18,6:00pm-6:59pm,44,44,88,"Not Applicable (Not Transported) ",88,Not Applicable (Not Transported),,,,,,,1,
2022,29,290054,Missouri,1,1,0,0,0,1,1,169,PULASKI (169),0,NOT APPLICABLE,2,2,2,February,2022,4,Wednesday,14,2:00pm-2:59pm,36,36,0,This section IS NOT on the NHS,1,Rural,5,Major Collector,1,State Highway Agency,3,State Highway,SR-P,,20,20,37.77015556,37.77015556,-92.290330560,-92.29033056,0,No Special Jurisdiction,21,Bridge Pier or Support,0,The First Harmful Event was Not a Collision with a Motor Vehicle in Transport,0,No,1,Non-Junction,1,Not an Intersection,0,None,,,4,On Roadside,1,Daylight,,,,,4,Snow,0,No,0000000,Not Applicable,99,Unknown,98,Unknown if Notified,99,Unknown EMS Scene Arrival Hour,98,Unknown if Arrived,88,"Not Applicable (Not Transported) ",88,Not Applicable (Not Transported),,,,,,,1,
2022,29,290055,Missouri,1,1,0,0,0,1,1,510,ST. LOUIS (CITY) (510),7080,ST. LOUIS,2,2,2,February,2022,4,Wednesday,2,2:00am-2:59am,50,50,0,This section IS NOT on the NHS,2,Urban,7,Local,4,City or Municipal Highway Agency,6,Local Street - Municipality,CHIPPEWA ST,MARINE AVE,50,50,38.58533611,38.58533611,-90.220705560,-90.22070556,0,No Special Jurisdiction,42,Tree (Standing Only),0,The First Harmful Event was Not a Collision with a Motor Vehicle in Transport,0,No,3,Intersection-Related,3,T-Intersection,0,None,,,4,On Roadside,3,Dark - Lighted,,,,,3,Sleet or Hail,0,No,0000000,Not Applicable,99,Unknown,99,Unknown,99,Unknown EMS Scene Arrival Hour,99,Unknown EMS Scene Arrival Minutes,88,"Not Applicable (Not Transported) ",88,Not Applicable (Not Transported),,,,,,,1,
2022,29,290056,Missouri,1,1,0,1,1,0,0,97,JASPER (97),0,NOT APPLICABLE,4,4,2,February,2022,6,Friday,18,6:00pm-6:59pm,19,19,0,This section IS NOT on the NHS,1,Rural,5,Major Collector,2,County Highway Agency,4,County Road,CR-OAK RD,,10,10,37.27600000,37.27600000,-94.603805560,-94.60380556,0,No Special Jurisdiction,10,Railway Vehicle,0,The First Harmful Event was Not a Collision with a Motor Vehicle in Transport,0,No,6,"Railway Grade Crossing ",1,Not an Intersection,0,None,,,1,On Roadway,2,Dark - Not Lighted,,,,,1,Clear,0,No,330013L,330013L,99,Unknown,98,Unknown if Notified,99,Unknown EMS Scene Arrival Hour,98,Unknown if Arrived,88,"Not Applicable (Not Transported) ",88,Not Applicable (Not Transported),,,,,,,1,
2022,29,290057,Missouri,2,1,1,0,2,3,5,189,ST LOUIS (189),5035,MARYLAND HEIGHTS,6,6,2,February,2022,1,Sunday,1,1:00am-1:59am,30,30,1,This section IS ON the NHS,2,Urban,1,Interstate,1,State Highway Agency,1,Interstate,I-270,,180,180,38.70116667,38.70116667,-90.450527780,-90.45052778,0,No Special Jurisdiction,14,Parked Motor Vehicle,0,The First Harmful Event was Not a Collision with a Motor Vehicle in Transport,1,Yes,19,Other location within Interchange Area,1,Not an Intersection,0,None,,,2,On Shoulder,2,Dark - Not Lighted,,,,,1,Clear,0,No,0000000,Not Applicable,1,1:00am-1:59am,34,34,1,1:00am-1:59am,40,40,2,2:00am-2:59am,2,2,,,,,,,2,
2022,29,290058,Missouri,1,1,0,0,0,1,1,43,CHRISTIAN (43),6020,OZARK,7,7,2,February,2022,2,Monday,0,0:00am-0:59am,31,31,1,This section IS ON the NHS,2,Urban,3,Principal Arterial - Other,1,State Highway Agency,3,State Highway,SR-14,,230,230,37.02398611,37.02398611,-93.246730560,-93.24673056,0,No Special Jurisdiction,59,"Traffic Sign Support ",0,The First Harmful Event was Not a Collision with a Motor Vehicle in Transport,0,No,1,Non-Junction,1,Not an Intersection,0,None,,,4,On Roadside,2,Dark - Not Lighted,,,,,1,Clear,0,No,0000000,Not Applicable,0,0:00am-0:59am,31,31,0,0:00am-0:59am,31,31,88,"Not Applicable (Not Transported) ",88,Not Applicable (Not Transported),,,,,,,1,
2022,29,290059,Missouri,2,2,0,0,0,3,3,141,MORGAN (141),0,NOT APPLICABLE,7,7,2,February,2022,2,Monday,11,11:00am-11:59am,0,0,1,This section IS ON the NHS,1,Rural,3,Principal Arterial - Other,1,State Highway Agency,2,U.S. Highway,US-50,,120,120,38.66905556,38.66905556,-92.843972220,-92.84397222,0,No Special Jurisdiction,12,Motor Vehicle In-Transport,2,Front-to-Front,0,No,1,Non-Junction,1,Not an Intersection,0,None,,,4,On Roadside,1,Daylight,,,,,10,Cloudy,0,No,0000000,Not Applicable,11,11:00am-11:59am,39,39,12,12:00pm-12:59pm,0,0,12,12:00pm-12:59pm,47,47,,,,,,,1,
2022,29,290060,Missouri,1,1,0,0,0,2,2,133,MISSISSIPPI (133),1560,CHARLESTON,6,6,1,January,2022,5,Thursday,10,10:00am-10:59am,53,53,0,This section IS NOT on the NHS,2,Urban,5,Major Collector,1,State Highway Agency,3,State Highway,SR-N,,50,50,36.92822222,36.92822222,-89.349833330,-89.34983333,0,No Special Jurisdiction,43,Other Fixed Object,0,The First Harmful Event was Not a Collision with a Motor Vehicle in Transport,0,No,1,Non-Junction,1,Not an Intersection,0,None,,,4,On Roadside,1,Daylight,,,,,4,Snow,0,No,0000000,Not Applicable,99,Unknown,98,Unknown if Notified,99,Unknown EMS Scene Arrival Hour,98,Unknown if Arrived,88,"Not Applicable (Not Transported) ",88,Not Applicable (Not Transported),,,,,,,1,
2022,29,290061,Missouri,2,2,0,0,0,4,4,77,GREENE (77),6710,REPUBLIC,28,28,1,January,2022,6,Friday,18,6:00pm-6:59pm,12,12,0,This section IS NOT on the NHS,2,Urban,5,Major Collector,1,State Highway Agency,3,State Highway,SR-ZZ,HINES ST,10,10,37.12501667,37.12501667,-93.420597220,-93.42059722,0,No Special Jurisdiction,12,Motor Vehicle In-Transport,6,Angle,0,No,2,Intersection,2,Four-Way Intersection,0,None,,,1,On Roadway,2,Dark - Not Lighted,,,,,1,Clear,0,No,0000000,Not Applicable,18,6:00pm-6:59pm,15,15,18,6:00pm-6:59pm,21,21,88,"Not Applicable (Not Transported) ",88,Not Applicable (Not Transported),,,,,,,1,
2022,29,290062,Missouri,2,2,0,0,0,5,5,143,NEW MADRID (143),7310,SIKESTON,7,7,2,February,2022,2,Monday,17,5:00pm-5:59pm,1,1,0,This section IS NOT on the NHS,2,Urban,4,Minor Arterial,1,State Highway Agency,2,U.S. Highway,US-61,MURRAY,0,None,36.86934722,36.86934722,-89.579430560,-89.57943056,0,No Special Jurisdiction,12,Motor Vehicle In-Transport,6,Angle,0,No,2,Intersection,3,T-Intersection,0,None,,,1,On Roadway,1,Daylight,,,,,1,Clear,0,No,0000000,Not Applicable,17,5:00pm-5:59pm,2,2,17,5:00pm-5:59pm,11,11,17,5:00pm-5:59pm,26,26,,,,,,,1,
2022,29,290063,Missouri,3,3,0,0,0,3,3,37,CASS (37),0,NOT APPLICABLE,7,7,2,February,2022,2,Monday,13,1:00pm-1:59pm,12,12,1,This section IS ON the NHS,2,Urban,1,Interstate,1,State Highway Agency,1,Interstate,I-49,,160,160,38.66283333,38.66283333,-94.377277780,-94.37727778,0,No Special Jurisdiction,12,Motor Vehicle In-Transport,2,Front-to-Front,0,No,1,Non-Junction,1,Not an Intersection,0,None,,,1,On Roadway,1,Daylight,,,,,10,Cloudy,0,No,0000000,Not Applicable,13,1:00pm-1:59pm,13,13,13,1:00pm-1:59pm,20,20,88,"Not Applicable (Not Transported) ",88,Not Applicable (Not Transported),,,,,,,2,
2022,29,290064,Missouri,1,1,0,0,0,2,2,215,TEXAS (215),0,NOT APPLICABLE,7,7,2,February,2022,2,Monday,0,0:00am-0:59am,2,2,0,This section IS NOT on the NHS,1,Rural,5,Major Collector,1,State Highway Agency,3,State Highway,SR-U,,20,20,37.13597222,37.13597222,-92.048333330,-92.04833333,0,No Special Jurisdiction,11,Live Animal,0,The First Harmful Event was Not a Collision with a Motor Vehicle in Transport,0,No,1,Non-Junction,1,Not an Intersection,0,None,,,1,On Roadway,2,Dark - Not Lighted,,,,,1,Clear,0,No,0000000,Not Applicable,0,0:00am-0:59am,20,20,0,0:00am-0:59am,32,32,1,1:00am-1:59am,55,55,,,,,,,1,
2022,29,290065,Missouri,1,1,0,1,1,1,1,95,JACKSON (95),4120,KANSAS CITY,11,11,2,February,2022,6,Friday,18,6:00pm-6:59pm,30,30,0,This section IS NOT on the NHS,2,Urban,4,Minor Arterial,4,City or Municipal Highway Agency,6,Local Street - Municipality,TROOST AVE,,100,100,38.96606389,38.96606389,-94.576861110,-94.57686111,0,No Special Jurisdiction,8,Pedestrian,0,The First Harmful Event was Not a Collision with a Motor Vehicle in Transport,0,No,1,Non-Junction,1,Not an Intersection,0,None,,,1,On Roadway,3,Dark - Lighted,,,,,98,Not Reported,0,No,0000000,Not Applicable,99,Unknown,98,Unknown if Notified,99,Unknown EMS Scene Arrival Hour,98,Unknown if Arrived,88,"Not Applicable (Not Transported) ",88,Not Applicable (Not Transported),,,,,,,1,
2022,29,290066,Missouri,2,2,0,0,0,3,3,95,JACKSON (95),4120,KANSAS CITY,11,11,2,February,2022,6,Friday,1,1:00am-1:59am,42,42,1,This section IS ON the NHS,2,Urban,3,Principal Arterial - Other,4,City or Municipal Highway Agency,6,Local Street - Municipality,SOUTHWEST TRFY,W 39TH ST,0,None,39.05691944,39.05691944,-94.595372220,-94.59537222,0,No Special Jurisdiction,12,Motor Vehicle In-Transport,6,Angle,0,No,2,Intersection,2,Four-Way Intersection,0,None,,,1,On Roadway,3,Dark - Lighted,,,,,1,Clear,0,No,0000000,Not Applicable,1,1:00am-1:59am,49,49,1,1:00am-1:59am,53,53,2,2:00am-2:59am,15,15,,,,,,,1,
2022,29,290067,Missouri,1,1,0,0,0,1,1,47,CLAY (47),4120,KANSAS CITY,11,11,2,February,2022,6,Friday,0,0:00am-0:59am,57,57,1,This section IS ON the NHS,2,Urban,2,Principal Arterial - Other Freeways and Expressways,1,State Highway Agency,2,U.S. Highway,US-169,,90,90,39.24020000,39.24020000,-94.590336110,-94.59033611,0,No Special Jurisdiction,58,Ground,0,The First Harmful Event was Not a Collision with a Motor Vehicle in Transport,0,No,1,Non-Junction,1,Not an Intersection,0,None,,,3,On Median,3,Dark - Lighted,,,,,1,Clear,0,No,0000000,Not Applicable,0,0:00am-0:59am,58,58,1,1:00am-1:59am,3,3,88,"Not Applicable (Not Transported) ",88,Not Applicable (Not Transported),,,,,,,1,
2022,29,290068,Missouri,2,2,0,0,0,2,2,95,JACKSON (95),4120,KANSAS CITY,11,11,2,February,2022,6,Friday,22,10:00pm-10:59pm,34,34,1,This section IS ON the NHS,2,Urban,1,Interstate,1,State Highway Agency,1,Interstate,I-435,,180,180,38.94045833,38.94045833,-94.578916670,-94.57891667,0,No Special Jurisdiction,12,Motor Vehicle In-Transport,1,Front-to-Rear,1,Yes,18,Through Roadway,1,Not an Intersection,0,None,,,1,On Roadway,3,Dark - Lighted,,,,,1,Clear,0,No,0000000,Not Applicable,22,10:00pm-10:59pm,38,38,22,10:00pm-10:59pm,54,54,23,11:00pm-11:59pm,8,8,,,,,,,1,
2022,29,290069,Missouri,2,2,0,0,0,3,3,95,JACKSON (95),4120,KANSAS CITY,11,11,2,February,2022,6,Friday,23,11:00pm-11:59pm,0,0,0,This section IS NOT on the NHS,2,Urban,7,Local,4,City or Municipal Highway Agency,6,Local Street - Municipality,MICHIGAN AVE,E 39TH ST,0,None,39.05567222,39.05567222,-94.562000000,-94.56200000,0,No Special Jurisdiction,12,Motor Vehicle In-Transport,6,Angle,1,Yes,2,Intersection,2,Four-Way Intersection,0,None,,,1,On Roadway,3,Dark - Lighted,,,,,1,Clear,0,No,0000000,Not Applicable,23,11:00pm-11:59pm,0,0,23,11:00pm-11:59pm,5,5,23,11:00pm-11:59pm,35,35,,,,,,,1,
2022,29,290071,Missouri,2,2,0,0,0,2,2,510,ST. LOUIS (CITY) (510),7080,ST. LOUIS,10,10,2,February,2022,5,Thursday,10,10:00am-10:59am,23,23,1,This section IS ON the NHS,2,Urban,3,Principal Arterial - Other,4,City or Municipal Highway Agency,6,Local Street - Municipality,4TH ST,,10,10,38.62224722,38.62224722,-90.189986110,-90.18998611,0,No Special Jurisdiction,12,Motor Vehicle In-Transport,1,Front-to-Rear,0,No,1,Non-Junction,1,Not an Intersection,0,None,,,1,On Roadway,1,Daylight,,,,,1,Clear,0,No,0000000,Not Applicable,99,Unknown,99,Unknown,99,Unknown EMS Scene Arrival Hour,99,Unknown EMS Scene Arrival Minutes,99,Unknown,99,Unknown EMS Hospital Arrival Time,,,,,,,1,
2022,29,290072,Missouri,1,1,0,0,0,1,1,187,ST FRANCOIS (187),6056,PARK HILLS,11,11,2,February,2022,6,Friday,10,10:00am-10:59am,32,32,1,This section IS ON the NHS,2,Urban,2,Principal Arterial - Other Freeways and Expressways,1,State Highway Agency,2,U.S. Highway,US-67,,150,150,37.85950000,37.85950000,-90.488305560,-90.48830556,0,No Special Jurisdiction,39,Wall,0,The First Harmful Event was Not a Collision with a Motor Vehicle in Transport,0,No,1,Non-Junction,1,Not an Intersection,0,None,,,4,On Roadside,1,Daylight,,,,,10,Cloudy,0,No,0000000,Not Applicable,10,10:00am-10:59am,38,38,10,10:00am-10:59am,58,58,11,11:00am-11:59am,41,41,,,,,,,1,
2022,29,290073,Missouri,1,1,0,0,0,1,1,187,ST FRANCOIS (187),0,NOT APPLICABLE,13,13,2,February,2022,1,Sunday,17,5:00pm-5:59pm,35,35,0,This section IS NOT on the NHS,1,Rural,7,Local,26,Private (other than Railroad),8,Other,OSAGE DR,,0,None,37.97172222,37.97172222,-90.347972220,-90.34797222,0,No Special Jurisdiction,1,Rollover/Overturn,0,The First Harmful Event was Not a Collision with a Motor Vehicle in Transport,0,No,1,Non-Junction,1,Not an Intersection,0,None,,,1,On Roadway,1,Daylight,,,,,1,Clear,0,No,0000000,Not Applicable,17,5:00pm-5:59pm,33,33,17,5:00pm-5:59pm,50,50,88,"Not Applicable (Not Transported) ",88,Not Applicable (Not Transported),,,,,,,1,
2022,29,290074,Missouri,1,1,0,0,0,1,1,43,CHRISTIAN (43),730,BILLINGS,13,13,2,February,2022,1,Sunday,10,10:00am-10:59am,30,30,0,This section IS NOT on the NHS,1,Rural,4,Minor Arterial,1,State Highway Agency,3,State Highway,SR-14,,60,60,37.03897222,37.03897222,-93.540416670,-93.54041667,0,No Special Jurisdiction,1,Rollover/Overturn,0,The First Harmful Event was Not a Collision with a Motor Vehicle in Transport,0,No,1,Non-Junction,1,Not an Intersection,0,None,,,4,On Roadside,1,Daylight,,,,,1,Clear,0,No,0000000,Not Applicable,10,10:00am-10:59am,39,39,10,10:00am-10:59am,51,51,88,"Not Applicable (Not Transported) ",88,Not Applicable (Not Transported),,,,,,,1,
2022,29,290075,Missouri,1,1,0,0,0,2,2,95,JACKSON (95),4120,KANSAS CITY,13,13,2,February,2022,1,Sunday,15,3:00pm-3:59pm,47,47,0,This section IS NOT on the NHS,2,Urban,7,Local,4,City or Municipal Highway Agency,6,Local Street - Municipality,E 14TH ST,,10,10,39.09459722,39.09459722,-94.502913890,-94.50291389,0,No Special Jurisdiction,5,Fell/Jumped from Vehicle,0,The First Harmful Event was Not a Collision with a Motor Vehicle in Transport,0,No,1,Non-Junction,1,Not an Intersection,0,None,,,1,On Roadway,1,Daylight,,,,,1,Clear,0,No,0000000,Not Applicable,15,3:00pm-3:59pm,48,48,15,3:00pm-3:59pm,52,52,16,4:00pm-4:59pm,19,19,,,,,,,1,
2022,29,290076,Missouri,1,1,0,0,0,2,2,21,BUCHANAN (21),7070,ST. JOSEPH,19,19,2,February,2022,7,Saturday,16,4:00pm-4:59pm,27,27,0,This section IS NOT on the NHS,2,Urban,7,Local,26,Private (other than Railroad),8,Other,FARM RD,,0,None,39.80465000,39.80465000,-94.874002780,-94.87400278,0,No Special Jurisdiction,10,Railway Vehicle,0,The First Harmful Event was Not a Collision with a Motor Vehicle in Transport,0,No,6,"Railway Grade Crossing ",1,Not an Intersection,0,None,,,1,On Roadway,1,Daylight,,,,,1,Clear,0,No,9999999,Unknown,16,4:00pm-4:59pm,29,29,16,4:00pm-4:59pm,37,37,17,5:00pm-5:59pm,10,10,,,,,,,1,
2022,29,290077,Missouri,2,2,0,0,0,5,5,165,PLATTE (165),0,NOT APPLICABLE,20,20,2,February,2022,1,Sunday,9,9:00am-9:59am,48,48,1,This section IS ON the NHS,1,Rural,3,Principal Arterial - Other,1,State Highway Agency,3,State Highway,SR-92,,160,160,39.36808333,39.36808333,-94.665666670,-94.66566667,0,No Special Jurisdiction,12,Motor Vehicle In-Transport,2,Front-to-Front,0,No,1,Non-Junction,1,Not an Intersection,0,None,,,1,On Roadway,1,Daylight,,,,,1,Clear,0,No,0000000,Not Applicable,10,10:00am-10:59am,0,0,10,10:00am-10:59am,15,15,11,11:00am-11:59am,0,0,,,,,,,2,
2022,29,290078,Missouri,1,1,0,1,1,1,1,510,ST. LOUIS (CITY) (510),7080,ST. LOUIS,20,20,2,February,2022,1,Sunday,23,11:00pm-11:59pm,20,20,0,This section IS NOT on the NHS,2,Urban,4,Minor Arterial,4,City or Municipal Highway Agency,6,Local Street - Municipality,GOODFELLOW BLVD,,20,20,38.70425278,38.70425278,-90.261436110,-90.26143611,0,No Special Jurisdiction,8,Pedestrian,0,The First Harmful Event was Not a Collision with a Motor Vehicle in Transport,0,No,1,Non-Junction,1,Not an Intersection,0,None,,,1,On Roadway,3,Dark - Lighted,,,,,1,Clear,0,No,0000000,Not Applicable,99,Unknown,99,Unknown,99,Unknown EMS Scene Arrival Hour,99,Unknown EMS Scene Arrival Minutes,88,"Not Applicable (Not Transported) ",88,Not Applicable (Not Transported),,,,,,,1,
2022,29,290080,Missouri,2,2,0,0,0,3,3,181,RIPLEY (181),0,NOT APPLICABLE,31,31,1,January,2022,2,Monday,16,4:00pm-4:59pm,30,30,0,This section IS NOT on the NHS,1,Rural,4,Minor Arterial,1,State Highway Agency,3,State Highway,SR-142,CR-160W-11,110,110,36.59311111,36.59311111,-90.939027780,-90.93902778,0,No Special Jurisdiction,12,Motor Vehicle In-Transport,2,Front-to-Front,0,No,2,Intersection,3,T-Intersection,0,None,,,1,On Roadway,1,Daylight,,,,,1,Clear,0,No,0000000,Not Applicable,99,Unknown,99,Unknown,99,Unknown EMS Scene Arrival Hour,99,Unknown EMS Scene Arrival Minutes,99,Unknown,99,Unknown EMS Hospital Arrival Time,,,,,,,1,
2022,29,290081,Missouri,2,2,0,0,0,3,3,510,ST. LOUIS (CITY) (510),7080,ST. LOUIS,2,2,2,February,2022,4,Wednesday,7,7:00am-7:59am,6,6,1,This section IS ON the NHS,2,Urban,1,Interstate,1,State Highway Agency,1,Interstate,I-44,,60,60,38.61429444,38.61429444,-90.228830560,-90.22883056,0,No Special Jurisdiction,12,Motor Vehicle In-Transport,1,Front-to-Rear,0,No,1,Non-Junction,1,Not an Intersection,0,None,,,1,On Roadway,1,Daylight,,,,,4,Snow,0,No,0000000,Not Applicable,7,7:00am-7:59am,18,18,7,7:00am-7:59am,26,26,7,7:00am-7:59am,39,39,,,,,,,1,
2022,29,290082,Missouri,1,1,0,1,1,1,1,27,CALLAWAY (27),4192,KINGDOM CITY,9,9,2,February,2022,4,Wednesday,4,4:00am-4:59am,30,30,1,This section IS ON the NHS,1,Rural,1,Interstate,1,State Highway Agency,1,Interstate,I-70,,120,120,38.94413889,38.94413889,-91.935250000,-91.93525000,0,No Special Jurisdiction,8,Pedestrian,0,The First Harmful Event was Not a Collision with a Motor Vehicle in Transport,0,No,1,Non-Junction,1,Not an Intersection,0,None,,,1,On Roadway,2,Dark - Not Lighted,,,,,1,Clear,0,No,0000000,Not Applicable,99,Unknown,98,Unknown if Notified,99,Unknown EMS Scene Arrival Hour,98,Unknown if Arrived,88,"Not Applicable (Not Transported) ",88,Not Applicable (Not Transported),,,,,,,1,
2022,29,290083,Missouri,1,1,0,0,0,1,1,95,JACKSON (95),4120,KANSAS CITY,13,13,2,February,2022,1,Sunday,22,10:00pm-10:59pm,52,52,0,This section IS NOT on the NHS,2,Urban,5,Major Collector,4,City or Municipal Highway Agency,6,Local Street - Municipality,E 43RD ST,,10,10,39.04825278,39.04825278,-94.554441670,-94.55444167,0,No Special Jurisdiction,30,Utility Pole/Light Support,0,The First Harmful Event was Not a Collision with a Motor Vehicle in Transport,0,No,1,Non-Junction,1,Not an Intersection,0,None,,,4,On Roadside,3,Dark - Lighted,,,,,1,Clear,0,No,0000000,Not Applicable,22,10:00pm-10:59pm,53,53,23,11:00pm-11:59pm,2,2,88,"Not Applicable (Not Transported) ",88,Not Applicable (Not Transported),,,,,,,1,
2022,29,290084,Missouri,2,2,0,0,0,2,2,7,AUDRAIN (7),0,NOT APPLICABLE,18,18,2,February,2022,6,Friday,12,12:00pm-12:59pm,45,45,1,This section IS ON the NHS,1,Rural,3,Principal Arterial - Other,1,State Highway Agency,2,U.S. Highway,US-54,,250,250,39.25922222,39.25922222,-91.644875000,-91.64487500,0,No Special Jurisdiction,24,Guardrail Face,0,The First Harmful Event was Not a Collision with a Motor Vehicle in Transport,0,No,1,Non-Junction,1,Not an Intersection,0,None,,,4,On Roadside,1,Daylight,,,,,1,Clear,0,No,0000000,Not Applicable,12,12:00pm-12:59pm,44,44,12,12:00pm-12:59pm,57,57,88,"Not Applicable (Not Transported) ",88,Not Applicable (Not Transported),,,,,,,1,
2022,29,290085,Missouri,1,1,0,0,0,1,1,3,ANDREW (3),0,NOT APPLICABLE,23,23,2,February,2022,4,Wednesday,5,5:00am-5:59am,59,59,1,This section IS ON the NHS,1,Rural,2,Principal Arterial - Other Freeways and Expressways,1,State Highway Agency,2,U.S. Highway,US-71,,120,120,39.97327778,39.97327778,-94.874416670,-94.87441667,0,No Special Jurisdiction,1,Rollover/Overturn,0,The First Harmful Event was Not a Collision with a Motor Vehicle in Transport,0,No,1,Non-Junction,1,Not an Intersection,0,None,,,3,On Median,3,Dark - Lighted,,,,,1,Clear,0,No,0000000,Not Applicable,6,6:00am-6:59am,5,5,6,6:00am-6:59am,12,12,88,"Not Applicable (Not Transported) ",88,Not Applicable (Not Transported),,,,,,,1,
2022,29,290086,Missouri,1,1,0,0,0,1,1,213,TANEY (213),0,NOT APPLICABLE,20,20,2,February,2022,1,Sunday,19,7:00pm-7:59pm,30,30,0,This section IS NOT on the NHS,2,Urban,7,Local,2,County Highway Agency,4,County Road,CR-STEHLE RD,US-160,30,30,36.58809722,36.58809722,-92.783194440,-92.78319444,0,No Special Jurisdiction,58,Ground,0,The First Harmful Event was Not a Collision with a Motor Vehicle in Transport,0,No,3,Intersection-Related,3,T-Intersection,0,None,,,4,On Roadside,2,Dark - Not Lighted,,,,,1,Clear,0,No,0000000,Not Applicable,99,Unknown,99,Unknown,99,Unknown EMS Scene Arrival Hour,99,Unknown EMS Scene Arrival Minutes,88,"Not Applicable (Not Transported) ",88,Not Applicable (Not Transported),,,,,,,1,
2022,29,290087,Missouri,1,1,0,0,0,1,1,95,JACKSON (95),4120,KANSAS CITY,21,21,2,February,2022,2,Monday,21,9:00pm-9:59pm,57,57,1,This section IS ON the NHS,2,Urban,2,Principal Arterial - Other Freeways and Expressways,1,State Highway Agency,3,State Highway,SR-350,,10,10,39.01208889,39.01208889,-94.491994440,-94.49199444,0,No Special Jurisdiction,24,Guardrail Face,0,The First Harmful Event was Not a Collision with a Motor Vehicle in Transport,0,No,1,Non-Junction,1,Not an Intersection,0,None,,,3,On Median,2,Dark - Not Lighted,,,,,1,Clear,0,No,0000000,Not Applicable,99,Unknown,98,Unknown if Notified,99,Unknown EMS Scene Arrival Hour,98,Unknown if Arrived,88,"Not Applicable (Not Transported) ",88,Not Applicable (Not Transported),,,,,,,1,