caseyear,state,st_case,statename,ve_total,ve_forms,pvh_invl,peds,pernotmvit,permvit,persons,county,countyname,city,cityname,day,dayname,month,monthname,year,day_week,day_weekname,hour,hourname,minute,minutename,nhs,nhsname,rur_urb,rur_urbname,func_sys,func_sysname,rd_owner,rd_ownername,route,routename,tway_id,tway_id2,milept,mileptname,latitude,latitudename,longitud,longitudname,sp_jur,sp_jurname,harm_ev,harm_evname,man_coll,man_collname,reljct1,reljct1name,reljct2,reljct2name,typ_int,typ_intname,wrk_zone,wrk_zonename,road_fnc,road_fncname,rel_road,rel_roadname,lgt_cond,lgt_condname,weather1,weather1name,weather2,weather2name,weather,weathername,sch_bus,sch_busname,rail,railname,not_hour,not_hourname,not_min,not_minname,arr_hour,arr_hourname,arr_min,arr_minname,hosp_hr,hosp_hrname,hosp_mn,hosp_mnname,cf1,cf1name,cf2,cf2name,cf3,cf3name,fatals,drunk_dr
2022,29,290088,Missouri,1,1,0,0,0,1,1,215,TEXAS (215),0,NOT APPLICABLE,22,22,2,February,2022,3,Tuesday,13,1:00pm-1:59pm,45,45,0,This section IS NOT on the NHS,1,Rural,7,Local,2,County Highway Agency,4,County Road,CR-PUMP STATION RD,,60,60,37.59363889,37.59363889,-92.141138890,-92.14113889,0,No Special Jurisdiction,16,Thrown or Falling Object,0,The First Harmful Event was Not a Collision with a Motor Vehicle in Transport,0,No,1,Non-Junction,1,Not an Intersection,0,None,,,1,On Roadway,1,Daylight,,,,,10,Cloudy,0,No,0000000,Not Applicable,99,Unknown,98,Unknown if Notified,99,Unknown EMS Scene Arrival Hour,98,Unknown if Arrived,88,"Not Applicable (Not Transported) ",88,Not Applicable (Not Transported),,,,,,,1,
2022,29,290090,Missouri,1,1,0,0,0,4,4,141,MORGAN (141),0,NOT APPLICABLE,12,12,2,February,2022,7,Saturday,15,3:00pm-3:59pm,15,15,0,This section IS NOT on the NHS,1,Rural,7,Local,2,County Highway Agency,4,County Road,CR-SEALS RD,,20,20,38.37046944,38.37046944,-92.807650000,-92.80765000,0,No Special Jurisdiction,1,Rollover/Overturn,0,The First Harmful Event was Not a Collision with a Motor Vehicle in Transport,0,No,1,Non-Junction,1,Not an Intersection,0,None,,,4,On Roadside,1,Daylight,,,,,1,Clear,0,No,0000000,Not Applicable,99,Unknown,98,Unknown if Notified,99,Unknown EMS Scene Arrival Hour,98,Unknown if Arrived,88,"Not Applicable (Not Transported) ",88,Not Applicable (Not Transported),,,,,,,1,
2022,29,290092,Missouri,1,1,0,0,0,1,1,19,BOONE (19),0,NOT APPLICABLE,24,24,2,February,2022,5,Thursday,19,7:00pm-7:59pm,39,39,1,This section IS ON the NHS,1,Rural,2,Principal Arterial - Other Freeways and Expressways,1,State Highway Agency,2,U.S. Highway,US-63,,70,70,38.74938889,38.74938889,-92.253222220,-92.25322222,0,No Special Jurisdiction,59,"Traffic Sign Support ",0,The First Harmful Event was Not a Collision with a Motor Vehicle in Transport,0,No,1,Non-Junction,1,Not an Intersection,0,None,,,3,On Median,2,Dark - Not Lighted,,,,,5,"Fog, Smog, Smoke",0,No,0000000,Not Applicable,99,Unknown,98,Unknown if Notified,99,Unknown EMS Scene Arrival Hour,98,Unknown if Arrived,88,"Not Applicable (Not Transported) ",88,Not Applicable (Not Transported),,,,,,,1,
2022,29,290093,Missouri,2,2,0,0,0,2,2,27,CALLAWAY (27),0,NOT APPLICABLE,25,25,2,February,2022,6,Friday,0,0:00am-0:59am,59,59,1,This section IS ON the NHS,1,Rural,1,Interstate,1,State Highway Agency,1,Interstate,I-70,,270,270,38.95369444,38.95369444,-92.129166670,-92.12916667,0,No Special Jurisdiction,12,Motor Vehicle In-Transport,9,Rear-to-Side,1,Yes,18,Through Roadway,1,Not an Intersection,0,None,,,1,On Roadway,2,Dark - Not Lighted,,,,,1,Clear,0,No,0000000,Not Applicable,99,Unknown,99,Unknown,99,Unknown EMS Scene Arrival Hour,99,Unknown EMS Scene Arrival Minutes,88,"Not Applicable (Not Transported) ",88,Not Applicable (Not Transported),,,,,,,1,
2022,29,290094,Missouri,1,1,0,0,0,1,1,1,ADAIR (1),0,NOT APPLICABLE,25,25,2,February,2022,6,Friday,10,10:00am-10:59am,30,30,0,This section IS NOT on the NHS,1,Rural,5,Major Collector,1,State Highway Agency,3,State Highway,SR-11,,250,250,40.12703333,40.12703333,-92.678813890,-92.67881389,0,No Special Jurisdiction,1,Rollover/Overturn,0,The First Harmful Event was Not a Collision with a Motor Vehicle in Transport,0,No,1,Non-Junction,1,Not an Intersection,0,None,,,4,On Roadside,1,Daylight,,,,,10,Cloudy,0,No,0000000,Not Applicable,10,10:00am-10:59am,43,43,10,10:00am-10:59am,58,58,88,"Not Applicable (Not Transported) ",88,Not Applicable (Not Transported),,,,,,,1,
2022,29,290095,Missouri,1,1,0,0,0,1,1,113,LINCOLN (113),0,NOT APPLICABLE,28,28,2,February,2022,2,Monday,18,6:00pm-6:59pm,50,50,0,This section IS NOT on the NHS,1,Rural,6,Minor Collector,1,State Highway Agency,3,State Highway,SR-MM,,20,20,38.92653611,38.92653611,-90.894333330,-90.89433333,0,No Special Jurisdiction,35,Embankment,0,The First Harmful Event was Not a Collision with a Motor Vehicle in Transport,0,No,1,Non-Junction,1,Not an Intersection,0,None,,,4,On Roadside,1,Daylight,,,,,1,Clear,0,No,0000000,Not Applicable,18,6:00pm-6:59pm,53,53,19,7:00pm-7:59pm,1,1,88,"Not Applicable (Not Transported) ",88,Not Applicable (Not Transported),,,,,,,1,
2022,29,290096,Missouri,1,1,0,0,0,3,3,95,JACKSON (95),4120,KANSAS CITY,1,1,3,March,2022,3,Tuesday,11,11:00am-11:59am,30,30,1,This section IS ON the NHS,2,Urban,1,Interstate,1,State Highway Agency,1,Interstate,I-435 RP 227598,FRONT ST,0,None,39.12997222,39.12997222,-94.498352780,-94.49835278,0,No Special Jurisdiction,1,Rollover/Overturn,0,The First Harmful Event was Not a Collision with a Motor Vehicle in Transport,1,Yes,2,Intersection,4,Y-Intersection,0,None,,,1,On Roadway,1,Daylight,,,,,1,Clear,0,No,0000000,Not Applicable,11,11:00am-11:59am,32,32,11,11:00am-11:59am,43,43,12,12:00pm-12:59pm,8,8,,,,,,,2,
2022,29,290097,Missouri,2,2,0,0,0,2,2,95,JACKSON (95),4120,KANSAS CITY,3,3,3,March,2022,5,Thursday,11,11:00am-11:59am,10,10,0,This section IS NOT on the NHS,2,Urban,7,Local,4,City or Municipal Highway Agency,6,Local Street - Municipality,E 75TH ST,MONTGALL AVE,20,20,38.99065278,38.99065278,-94.556127780,-94.55612778,0,No Special Jurisdiction,12,Motor Vehicle In-Transport,2,Front-to-Front,0,No,2,Intersection,2,Four-Way Intersection,4,"Work Zone, Type Unknown",,,1,On Roadway,1,Daylight,,,,,1,Clear,0,No,0000000,Not Applicable,11,11:00am-11:59am,11,11,11,11:00am-11:59am,15,15,88,"Not Applicable (Not Transported) ",88,Not Applicable (Not Transported),,,,,,,1,
2022,29,290098,Missouri,1,1,0,0,0,2,2,221,WASHINGTON (221),0,NOT APPLICABLE,30,30,1,January,2022,1,Sunday,2,2:00am-2:59am,20,20,1,This section IS ON the NHS,1,Rural,3,Principal Arterial - Other,1,State Highway Agency,3,State Highway,SR-8,,260,260,37.88163889,37.88163889,-90.665000000,-90.66500000,0,No Special Jurisdiction,1,Rollover/Overturn,0,The First Harmful Event was Not a Collision with a Motor Vehicle in Transport,0,No,1,Non-Junction,1,Not an Intersection,0,None,,,4,On Roadside,2,Dark - Not Lighted,,,,,1,Clear,0,No,0000000,Not Applicable,2,2:00am-2:59am,30,30,2,2:00am-2:59am,39,39,88,"Not Applicable (Not Transported) ",88,Not Applicable (Not Transported),,,,,,,1,
2022,29,290099,Missouri,1,1,0,1,1,1,1,186,STE GENEVIEVE (186),0,NOT APPLICABLE,16,16,2,February,2022,4,Wednesday,18,6:00pm-6:59pm,5,5,0,This section IS NOT on the NHS,1,Rural,5,Major Collector,1,State Highway Agency,3,State Highway,SR-F,,20,20,37.75958333,37.75958333,-90.294083330,-90.29408333,0,No Special Jurisdiction,8,Pedestrian,0,The First Harmful Event was Not a Collision with a Motor Vehicle in Transport,0,No,1,Non-Junction,1,Not an Intersection,0,None,,,1,On Roadway,1,Daylight,,,,,10,Cloudy,0,No,0000000,Not Applicable,99,Unknown,98,Unknown if Notified,99,Unknown EMS Scene Arrival Hour,98,Unknown if Arrived,88,"Not Applicable (Not Transported) ",88,Not Applicable (Not Transported),,,,,,,1,
2022,29,290100,Missouri,1,1,0,0,0,1,1,31,CAPE GIRARDEAU (31),0,NOT APPLICABLE,19,19,2,February,2022,7,Saturday,16,4:00pm-4:59pm,23,23,0,This section IS NOT on the NHS,1,Rural,5,Major Collector,1,State Highway Agency,2,U.S. Highway,US-61,,30,30,37.55788889,37.55788889,-89.691305560,-89.69130556,0,No Special Jurisdiction,35,Embankment,0,The First Harmful Event was Not a Collision with a Motor Vehicle in Transport,0,No,1,Non-Junction,1,Not an Intersection,0,None,,,4,On Roadside,1,Daylight,,,,,1,Clear,0,No,0000000,Not Applicable,16,4:00pm-4:59pm,31,31,16,4:00pm-4:59pm,58,58,17,5:00pm-5:59pm,37,37,,,,,,,1,
2022,29,290101,Missouri,1,1,0,0,0,1,1,27,CALLAWAY (27),3781,HOLTS SUMMIT,20,20,2,February,2022,1,Sunday,17,5:00pm-5:59pm,7,7,0,This section IS NOT on the NHS,2,Urban,7,Local,4,City or Municipal Highway Agency,6,Local Street - Municipality,PERREY DR,,0,None,38.64475000,38.64475000,-92.119219440,-92.11921944,0,No Special Jurisdiction,5,Fell/Jumped from Vehicle,0,The First Harmful Event was Not a Collision with a Motor Vehicle in Transport,0,No,1,Non-Junction,1,Not an Intersection,0,None,,,1,On Roadway,1,Daylight,,,,,1,Clear,0,No,0000000,Not Applicable,17,5:00pm-5:59pm,9,9,17,5:00pm-5:59pm,16,16,17,5:00pm-5:59pm,54,54,,,,,,,1,
2022,29,290102,Missouri,3,3,0,0,0,6,6,95,JACKSON (95),3940,INDEPENDENCE,27,27,2,February,2022,1,Sunday,20,8:00pm-8:59pm,16,16,1,This section IS ON the NHS,2,Urban,1,Interstate,1,State Highway Agency,1,Interstate,I-70,,130,130,39.03931111,39.03931111,-94.343236110,-94.34323611,0,No Special Jurisdiction,12,Motor Vehicle In-Transport,1,Front-to-Rear,1,Yes,18,Through Roadway,1,Not an Intersection,0,None,,,1,On Roadway,2,Dark - Not Lighted,,,,,1,Clear,0,No,0000000,Not Applicable,19,7:00pm-7:59pm,25,25,19,7:00pm-7:59pm,35,35,19,7:00pm-7:59pm,56,56,,,,,,,1,
2022,29,290103,Missouri,1,1,0,0,0,1,1,127,MARION (127),3470,HANNIBAL,10,10,1,January,2022,2,Monday,13,1:00pm-1:59pm,50,50,0,This section IS NOT on the NHS,2,Urban,4,Minor Arterial,1,State Highway Agency,3,State Highway,SR-79,,20,20,39.70509167,39.70509167,-91.354000000,-91.35400000,0,No Special Jurisdiction,42,Tree (Standing Only),0,The First Harmful Event was Not a Collision with a Motor Vehicle in Transport,0,No,1,Non-Junction,1,Not an Intersection,0,None,,,4,On Roadside,1,Daylight,,,,,1,Clear,0,No,0000000,Not Applicable,13,1:00pm-1:59pm,51,51,13,1:00pm-1:59pm,56,56,14,2:00pm-2:59pm,34,34,,,,,,,1,
2022,29,290104,Missouri,1,1,0,1,1,1,1,37,CASS (37),0,NOT APPLICABLE,19,19,2,February,2022,7,Saturday,22,10:00pm-10:59pm,26,26,1,This section IS ON the NHS,1,Rural,2,Principal Arterial - Other Freeways and Expressways,1,State Highway Agency,3,State Highway,SR-7,,170,170,38.61550000,38.61550000,-94.329166670,-94.32916667,0,No Special Jurisdiction,8,Pedestrian,0,The First Harmful Event was Not a Collision with a Motor Vehicle in Transport,0,No,1,Non-Junction,1,Not an Intersection,0,None,,,1,On Roadway,2,Dark - Not Lighted,,,,,1,Clear,0,No,0000000,Not Applicable,99,Unknown,99,Unknown,99,Unknown EMS Scene Arrival Hour,99,Unknown EMS Scene Arrival Minutes,88,"Not Applicable (Not Transported) ",88,Not Applicable (Not Transported),,,,,,,1,
2022,29,290105,Missouri,1,1,0,0,0,2,2,71,FRANKLIN (71),0,NOT APPLICABLE,24,24,2,February,2022,5,Thursday,14,2:00pm-2:59pm,37,37,1,This section IS ON the NHS,2,Urban,1,Interstate,1,State Highway Agency,1,Interstate,I-44,,40,40,38.48719444,38.48719444,-90.808083330,-90.80808333,0,No Special Jurisdiction,25,Concrete Traffic Barrier,0,The First Harmful Event was Not a Collision with a Motor Vehicle in Transport,0,No,1,Non-Junction,1,Not an Intersection,0,None,,,3,On Median,1,Daylight,,,,,10,Cloudy,0,No,0000000,Not Applicable,14,2:00pm-2:59pm,38,38,14,2:00pm-2:59pm,50,50,15,3:00pm-3:59pm,31,31,,,,,,,1,
2022,29,290106,Missouri,1,1,0,0,0,1,1,161,PHELPS (161),6910,ROLLA,24,24,2,February,2022,5,Thursday,15,3:00pm-3:59pm,55,55,1,This section IS ON the NHS,2,Urban,1,Interstate,1,State Highway Agency,1,Interstate,I-44,,160,160,37.94483333,37.94483333,-91.791611110,-91.79161111,0,No Special Jurisdiction,52,Guardrail End,0,The First Harmful Event was Not a Collision with a Motor Vehicle in Transport,1,Yes,19,Other location within Interchange Area,1,Not an Intersection,0,None,,,4,On Roadside,1,Daylight,,,,,10,Cloudy,0,No,0000000,Not Applicable,15,3:00pm-3:59pm,56,56,16,4:00pm-4:59pm,2,2,88,"Not Applicable (Not Transported) ",88,Not Applicable (Not Transported),,,,,,,1,
2022,29,290107,Missouri,1,1,0,1,1,1,1,71,FRANKLIN (71),7020,ST. CLAIR,18,18,2,February,2022,6,Friday,21,9:00pm-9:59pm,9,9,1,This section IS ON the NHS,2,Urban,1,Interstate,1,State Highway Agency,1,Interstate,I-44,,190,190,38.34741667,38.34741667,-90.990722220,-90.99072222,0,No Special Jurisdiction,8,Pedestrian,0,The First Harmful Event was Not a Collision with a Motor Vehicle in Transport,0,No,1,Non-Junction,1,Not an Intersection,0,None,,,1,On Roadway,2,Dark - Not Lighted,,,,,1,Clear,0,No,0000000,Not Applicable,99,Unknown,99,Unknown,99,Unknown EMS Scene Arrival Hour,99,Unknown EMS Scene Arrival Minutes,88,"Not Applicable (Not Transported) ",88,Not Applicable (Not Transported),,,,,,,1,
2022,29,290108,Missouri,1,1,0,0,0,2,2,29,CAMDEN (29),0,NOT APPLICABLE,28,28,1,January,2022,6,Friday,14,2:00pm-2:59pm,24,24,0,This section IS NOT on the NHS,1,Rural,5,Major Collector,1,State Highway Agency,3,State Highway,SR-TT,,20,20,38.16502778,38.16502778,-92.737527780,-92.73752778,0,No Special Jurisdiction,42,Tree (Standing Only),0,The First Harmful Event was Not a Collision with a Motor Vehicle in Transport,0,No,1,Non-Junction,1,Not an Intersection,0,None,,,4,On Roadside,1,Daylight,,,,,1,Clear,0,No,0000000,Not Applicable,14,2:00pm-2:59pm,39,39,14,2:00pm-2:59pm,46,46,15,3:00pm-3:59pm,24,24,,,,,,,1,
2022,29,290109,Missouri,2,2,0,0,0,2,2,139,MONTGOMERY (139),0,NOT APPLICABLE,1,1,3,March,2022,3,Tuesday,21,9:00pm-9:59pm,30,30,1,This section IS ON the NHS,1,Rural,1,Interstate,1,State Highway Agency,1,Interstate,I-70,,20,20,38.89541667,38.89541667,-91.609861110,-91.60986111,0,No Special Jurisdiction,12,Motor Vehicle In-Transport,1,Front-to-Rear,0,No,1,Non-Junction,1,Not an Intersection,0,None,,,1,On Roadway,2,Dark - Not Lighted,,,,,10,Cloudy,0,No,0000000,Not Applicable,21,9:00pm-9:59pm,32,32,21,9:00pm-9:59pm,41,41,88,"Not Applicable (Not Transported) ",88,Not Applicable (Not Transported),,,,,,,1,
2022,29,290110,Missouri,2,2,0,0,0,4,4,19,BOONE (19),1800,COLUMBIA,27,27,1,January,2022,5,Thursday,21,9:00pm-9:59pm,59,59,1,This section IS ON the NHS,2,Urban,1,Interstate,1,State Highway Agency,1,Interstate,I-70,,150,150,38.96089722,38.96089722,-92.273497220,-92.27349722,0,No Special Jurisdiction,12,Motor Vehicle In-Transport,1,Front-to-Rear,0,No,1,Non-Junction,1,Not an Intersection,0,None,,,1,On Roadway,2,Dark - Not Lighted,,,,,1,Clear,0,No,0000000,Not Applicable,22,10:00pm-10:59pm,25,25,22,10:00pm-10:59pm,32,32,88,"Not Applicable (Not Transported) ",88,Not Applicable (Not Transported),,,,,,,1,
2022,29,290111,Missouri,3,3,0,0,0,3,3,77,GREENE (77),6710,REPUBLIC,16,16,2,February,2022,4,Wednesday,17,5:00pm-5:59pm,32,32,0,This section IS NOT on the NHS,1,Rural,4,Minor Arterial,1,State Highway Agency,3,State Highway,SR-MM,,30,30,37.15573889,37.15573889,-93.424466670,-93.42446667,0,No Special Jurisdiction,12,Motor Vehicle In-Transport,2,Front-to-Front,0,No,1,Non-Junction,1,Not an Intersection,0,None,,,1,On Roadway,1,Daylight,,,,,10,Cloudy,0,No,0000000,Not Applicable,17,5:00pm-5:59pm,35,35,17,5:00pm-5:59pm,45,45,18,6:00pm-6:59pm,20,20,,,,,,,1,
2022,29,290112,Missouri,2,2,0,0,0,2,2,77,GREENE (77),7460,SPRINGFIELD,2,2,3,March,2022,4,Wednesday,12,12:00pm-12:59pm,39,39,1,This section IS ON the NHS,2,Urban,3,Principal Arterial - Other,4,City or Municipal Highway Agency,6,Local Street - Municipality,KEARNEY ST,,70,70,37.23991111,37.23991111,-93.256894440,-93.25689444,0,No Special Jurisdiction,1,Rollover/Overturn,0,The First Harmful Event was Not a Collision with a Motor Vehicle in Transport,0,No,8,Driveway Access Related,1,Not an Intersection,0,None,,,1,On Roadway,1,Daylight,,,,,1,Clear,0,No,0000000,Not Applicable,12,12:00pm-12:59pm,41,41,12,12:00pm-12:59pm,42,42,13,1:00pm-1:59pm,7,7,,,,,,,1,
2022,29,290113,Missouri,1,1,0,0,0,1,1,95,JACKSON (95),4120,KANSAS CITY,8,8,3,March,2022,3,Tuesday,23,11:00pm-11:59pm,39,39,0,This section IS NOT on the NHS,2,Urban,4,Minor Arterial,4,City or Municipal Highway Agency,6,Local Street - Municipality,PENN VALLEY DR,W 26TH ST,0,None,39.08030278,39.08030278,-94.591733330,-94.59173333,0,No Special Jurisdiction,1,Rollover/Overturn,0,The First Harmful Event was Not a Collision with a Motor Vehicle in Transport,0,No,3,Intersection-Related,4,Y-Intersection,0,None,,,3,On Median,3,Dark - Lighted,,,,,10,Cloudy,0,No,0000000,Not Applicable,23,11:00pm-11:59pm,51,51,23,11:00pm-11:59pm,57,57,0,0:00am-0:59am,13,13,,,,,,,1,
2022,29,290114,Missouri,1,1,0,0,0,1,1,19,BOONE (19),1800,COLUMBIA,3,3,1,January,2022,2,Monday,22,10:00pm-10:59pm,25,25,0,This section IS NOT on the NHS,2,Urban,5,Major Collector,4,City or Municipal Highway Agency,6,Local Street - Municipality,ROCK QUARRY RD,,10,10,38.92326389,38.92326389,-92.318069440,-92.31806944,0,No Special Jurisdiction,42,Tree (Standing Only),0,The First Harmful Event was Not a Collision with a Motor Vehicle in Transport,0,No,1,Non-Junction,1,Not an Intersection,0,None,,,4,On Roadside,2,Dark - Not Lighted,,,,,98,Not Reported,0,No,0000000,Not Applicable,22,10:00pm-10:59pm,27,27,22,10:00pm-10:59pm,31,31,22,10:00pm-10:59pm,45,45,,,,,,,1,
2022,29,290115,Missouri,1,1,0,0,0,1,1,209,STONE (209),0,NOT APPLICABLE,18,18,2,February,2022,6,Friday,20,8:00pm-8:59pm,18,18,0,This section IS NOT on the NHS,1,Rural,5,Major Collector,1,State Highway Agency,3,State Highway,SR-Y,,40,40,36.70091667,36.70091667,-93.468944440,-93.46894444,0,No Special Jurisdiction,58,Ground,0,The First Harmful Event was Not a Collision with a Motor Vehicle in Transport,0,No,1,Non-Junction,1,Not an Intersection,0,None,,,4,On Roadside,2,Dark - Not Lighted,,,,,1,Clear,0,No,0000000,Not Applicable,20,8:00pm-8:59pm,19,19,20,8:00pm-8:59pm,37,37,21,9:00pm-9:59pm,36,36,,,,,,,1,
2022,29,290116,Missouri,3,3,0,0,0,2,2,95,JACKSON (95),4120,KANSAS CITY,4,4,3,March,2022,6,Friday,14,2:00pm-2:59pm,32,32,1,This section IS ON the NHS,2,Urban,1,Interstate,1,State Highway Agency,1,Interstate,I-70,,200,200,39.05601389,39.05601389,-94.483227780,-94.48322778,0,No Special Jurisdiction,1,Rollover/Overturn,0,The First Harmful Event was Not a Collision with a Motor Vehicle in Transport,0,No,1,Non-Junction,1,Not an Intersection,0,None,,,1,On Roadway,1,Daylight,,,,,10,Cloudy,0,No,0000000,Not Applicable,14,2:00pm-2:59pm,34,34,14,2:00pm-2:59pm,41,41,14,2:00pm-2:59pm,58,58,,,,,,,1,
2022,29,290117,Missouri,2,2,0,0,0,8,8,95,JACKSON (95),4120,KANSAS CITY,5,5,3,March,2022,7,Saturday,21,9:00pm-9:59pm,27,27,0,This section IS NOT on the NHS,2,Urban,7,Local,4,City or Municipal Highway Agency,6,Local Street - Municipality,67TH TERR,WARD PKWY,0,None,39.00673611,39.00673611,-94.602533330,-94.60253333,0,No Special Jurisdiction,12,Motor Vehicle In-Transport,6,Angle,0,No,2,Intersection,2,Four-Way Intersection,0,None,,,1,On Roadway,3,Dark - Lighted,,,,,1,Clear,0,No,0000000,Not Applicable,21,9:00pm-9:59pm,28,28,21,9:00pm-9:59pm,45,45,22,10:00pm-10:59pm,10,10,,,,,,,1,
2022,29,290118,Missouri,2,2,0,0,0,2,2,187,ST FRANCOIS (187),0,NOT APPLICABLE,18,18,2,February,2022,6,Friday,17,5:00pm-5:59pm,30,30,0,This section IS NOT on the NHS,1,Rural,7,Local,2,County Highway Agency,4,County Road,CR-HILLSBORO RD,CR-THREE RIVERS RD,60,60,37.86047222,37.86047222,-90.457611110,-90.45761111,0,No Special Jurisdiction,12,Motor Vehicle In-Transport,2,Front-to-Front,0,No,3,Intersection-Related,98,Not Reported,0,None,,,1,On Roadway,1,Daylight,,,,,1,Clear,0,No,0000000,Not Applicable,17,5:00pm-5:59pm,33,33,17,5:00pm-5:59pm,38,38,88,"Not Applicable (Not Transported) ",88,Not Applicable (Not Transported),,,,,,,1,
2022,29,290119,Missouri,2,2,0,0,0,3,3,187,ST FRANCOIS (187),2670,FARMINGTON,21,21,2,February,2022,2,Monday,18,6:00pm-6:59pm,40,40,1,This section IS ON the NHS,2,Urban,3,Principal Arterial - Other,1,State Highway Agency,3,State Highway,SR-32,,160,160,37.78855556,37.78855556,-90.428000000,-90.42800000,0,No Special Jurisdiction,12,Motor Vehicle In-Transport,6,Angle,0,No,8,Driveway Access Related,1,Not an Intersection,0,None,,,1,On Roadway,3,Dark - Lighted,,,,,2,Rain,0,No,0000000,Not Applicable,18,6:00pm-6:59pm,43,43,18,6:00pm-6:59pm,48,48,88,"Not Applicable (Not Transported) ",88,Not Applicable (Not Transported),,,,,,,1,
2022,29,290120,Missouri,1,1,0,0,0,1,1,99,JEFFERSON (99),0,NOT APPLICABLE,3,3,3,March,2022,5,Thursday,6,6:00am-6:59am,27,27,0,This section IS NOT on the NHS,1,Rural,3,Principal Arterial - Other,1,State Highway Agency,3,State Highway,SR-21,,290,290,38.11825000,38.11825000,-90.590416670,-90.59041667,0,No Special Jurisdiction,58,Ground,0,The First Harmful Event was Not a Collision with a Motor Vehicle in Transport,0,No,1,Non-Junction,1,Not an Intersection,0,None,,,4,On Roadside,1,Daylight,,,,,1,Clear,0,No,0000000,Not Applicable,6,6:00am-6:59am,29,29,6,6:00am-6:59am,37,37,88,"Not Applicable (Not Transported) ",88,Not Applicable (Not Transported),,,,,,,1,
2022,29,290121,Missouri,2,2,0,0,0,3,3,145,NEWTON (145),0,NOT APPLICABLE,6,6,3,March,2022,1,Sunday,16,4:00pm-4:59pm,0,0,0,This section IS NOT on the NHS,2,Urban,4,Minor Arterial,2,County Highway Agency,4,County Road,CR-COYOTE DR,,30,30,37.01794444,37.01794444,-94.546222220,-94.54622222,0,No Special Jurisdiction,12,Motor Vehicle In-Transport,6,Angle,0,No,1,Non-Junction,1,Not an Intersection,0,None,,,1,On Roadway,1,Daylight,,,,,2,Rain,0,No,0000000,Not Applicable,16,4:00pm-4:59pm,10,10,16,4:00pm-4:59pm,20,20,16,4:00pm-4:59pm,52,52,,,,,,,1,
2022,29,290122,Missouri,2,2,0,0,0,2,2,189,ST LOUIS (189),2780,FLORISSANT,6,6,3,March,2022,1,Sunday,0,0:00am-0:59am,35,35,1,This section IS ON the NHS,2,Urban,3,Principal Arterial - Other,1,State Highway Agency,3,State Highway,SR-AC,,0,None,38.80287500,38.80287500,-90.294888890,-90.29488889,0,No Special Jurisdiction,12,Motor Vehicle In-Transport,2,Front-to-Front,0,No,1,Non-Junction,1,Not an Intersection,0,None,,,1,On Roadway,2,Dark - Not Lighted,,,,,1,Clear,0,No,0000000,Not Applicable,0,0:00am-0:59am,36,36,0,0:00am-0:59am,44,44,1,1:00am-1:59am,26,26,,,,,,,1,
2022,29,290123,Missouri,1,1,0,1,1,1,1,161,PHELPS (161),0,NOT APPLICABLE,20,20,2,February,2022,1,Sunday,6,6:00am-6:59am,0,0,1,This section IS ON the NHS,1,Rural,1,Interstate,1,State Highway Agency,1,Interstate,I-44,,50,50,37.91625000,37.91625000,-91.971250000,-91.97125000,0,No Special Jurisdiction,8,Pedestrian,0,The First Harmful Event was Not a Collision with a Motor Vehicle in Transport,0,No,1,Non-Junction,1,Not an Intersection,0,None,,,1,On Roadway,2,Dark - Not Lighted,,,,,1,Clear,0,No,0000000,Not Applicable,99,Unknown,98,Unknown if Notified,99,Unknown EMS Scene Arrival Hour,98,Unknown if Arrived,88,"Not Applicable (Not Transported) ",88,Not Applicable (Not Transported),,,,,,,1,
2022,29,290124,Missouri,1,1,0,1,1,1,1,43,CHRISTIAN (43),0,NOT APPLICABLE,8,8,2,February,2022,3,Tuesday,15,3:00pm-3:59pm,30,30,0,This section IS NOT on the NHS,1,Rural,7,Local,2,County Highway Agency,4,County Road,CR-MYRON WHITE AVE,,10,10,36.94305556,36.94305556,-93.267083330,-93.26708333,0,No Special Jurisdiction,8,Pedestrian,0,The First Harmful Event was Not a Collision with a Motor Vehicle in Transport,0,No,1,Non-Junction,1,Not an Intersection,0,None,,,1,On Roadway,1,Daylight,,,,,1,Clear,0,No,0000000,Not Applicable,99,Unknown,99,Unknown,99,Unknown EMS Scene Arrival Hour,99,Unknown EMS Scene Arrival Minutes,99,Unknown,99,Unknown EMS Hospital Arrival Time,,,,,,,1,
2022,29,290126,Missouri,2,2,0,0,0,3,3,99,JEFFERSON (99),0,NOT APPLICABLE,21,21,2,February,2022,2,Monday,21,9:00pm-9:59pm,27,27,1,This section IS ON the NHS,2,Urban,3,Principal Arterial - Other,1,State Highway Agency,3,State Highway,SR-21,,100,100,38.34800000,38.34800000,-90.505527780,-90.50552778,0,No Special Jurisdiction,12,Motor Vehicle In-Transport,2,Front-to-Front,0,No,1,Non-Junction,1,Not an Intersection,0,None,,,1,On Roadway,2,Dark - Not Lighted,,,,,10,Cloudy,0,No,0000000,Not Applicable,21,9:00pm-9:59pm,27,27,21,9:00pm-9:59pm,37,37,22,10:00pm-10:59pm,9,9,,,,,,,1,