caseyear,state,st_case,statename,ve_total,ve_forms,pvh_invl,peds,pernotmvit,permvit,persons,county,countyname,city,cityname,day,dayname,month,monthname,year,day_week,day_weekname,hour,hourname,minute,minutename,nhs,nhsname,rur_urb,rur_urbname,func_sys,func_sysname,rd_owner,rd_ownername,route,routename,tway_id,tway_id2,milept,mileptname,latitude,latitudename,longitud,longitudname,sp_jur,sp_jurname,harm_ev,harm_evname,man_coll,man_collname,reljct1,reljct1name,reljct2,reljct2name,typ_int,typ_intname,wrk_zone,wrk_zonename,road_fnc,road_fncname,rel_road,rel_roadname,lgt_cond,lgt_condname,weather1,weather1name,weather2,weather2name,weather,weathername,sch_bus,sch_busname,rail,railname,not_hour,not_hourname,not_min,not_minname,arr_hour,arr_hourname,arr_min,arr_minname,hosp_hr,hosp_hrname,hosp_mn,hosp_mnname,cf1,cf1name,cf2,cf2name,cf3,cf3name,fatals,drunk_dr
2022,29,290167,Missouri,1,1,0,1,1,1,1,95,JACKSON (95),4120,KANSAS CITY,2,2,4,April,2022,7,Saturday,21,9:00pm-9:59pm,30,30,0,This section IS NOT on the NHS,2,Urban,4,Minor Arterial,4,City or Municipal Highway Agency,6,Local Street - Municipality,E 87TH ST,NEWTON AVE,20,20,38.96703889,38.96703889,-94.510691670,-94.51069167,0,No Special Jurisdiction,8,Pedestrian,0,The First Harmful Event was Not a Collision with a Motor Vehicle in Transport,0,No,3,Intersection-Related,2,Four-Way Intersection,0,None,,,1,On Roadway,3,Dark - Lighted,,,,,1,Clear,0,No,0000000,Not Applicable,21,9:00pm-9:59pm,30,30,21,9:00pm-9:59pm,34,34,21,9:00pm-9:59pm,46,46,,,,,,,1,
2022,29,290168,Missouri,3,3,0,0,0,3,3,19,BOONE (19),1800,COLUMBIA,5,5,1,January,2022,4,Wednesday,7,7:00am-7:59am,19,19,0,This section IS NOT on the NHS,2,Urban,4,Minor Arterial,1,State Highway Agency,3,State Highway,SR-B,,80,80,39.00731667,39.00731667,-92.274475000,-92.27447500,0,No Special Jurisdiction,12,Motor Vehicle In-Transport,2,Front-to-Front,0,No,1,Non-Junction,1,Not an Intersection,0,None,,,1,On Roadway,1,Daylight,,,,,1,Clear,0,No,0000000,Not Applicable,99,Unknown,99,Unknown,99,Unknown EMS Scene Arrival Hour,99,Unknown EMS Scene Arrival Minutes,88,"Not Applicable (Not Transported) ",88,Not Applicable (Not Transported),,,,,,,2,
2022,29,290169,Missouri,2,2,0,0,0,3,3,49,CLINTON (49),0,NOT APPLICABLE,2,2,3,March,2022,4,Wednesday,15,3:00pm-3:59pm,32,32,0,This section IS NOT on the NHS,1,Rural,4,Minor Arterial,1,State Highway Agency,3,State Highway,SR-116,,210,210,39.55400000,39.55400000,-94.232250000,-94.23225000,0,No Special Jurisdiction,12,Motor Vehicle In-Transport,2,Front-to-Front,0,No,1,Non-Junction,1,Not an Intersection,0,None,,,1,On Roadway,1,Daylight,,,,,1,Clear,0,No,0000000,Not Applicable,15,3:00pm-3:59pm,35,35,15,3:00pm-3:59pm,49,49,16,4:00pm-4:59pm,36,36,,,,,,,2,
2022,29,290170,Missouri,1,1,0,0,0,2,2,19,BOONE (19),0,NOT APPLICABLE,2,2,3,March,2022,4,Wednesday,17,5:00pm-5:59pm,15,15,0,This section IS NOT on the NHS,1,Rural,5,Major Collector,1,State Highway Agency,3,State Highway,SR-124,,80,80,39.13347222,39.13347222,-92.355388890,-92.35538889,0,No Special Jurisdiction,58,Ground,0,The First Harmful Event was Not a Collision with a Motor Vehicle in Transport,0,No,1,Non-Junction,1,Not an Intersection,0,None,,,4,On Roadside,1,Daylight,,,,,1,Clear,0,No,0000000,Not Applicable,99,Unknown,98,Unknown if Notified,99,Unknown EMS Scene Arrival Hour,98,Unknown if Arrived,88,"Not Applicable (Not Transported) ",88,Not Applicable (Not Transported),,,,,,,1,
2022,29,290171,Missouri,2,2,0,0,0,2,2,229,WRIGHT (229),0,NOT APPLICABLE,9,9,3,March,2022,4,Wednesday,12,12:00pm-12:59pm,20,20,1,This section IS ON the NHS,1,Rural,2,Principal Arterial - Other Freeways and Expressways,1,State Highway Agency,2,U.S. Highway,US-60,,180,180,37.11433333,37.11433333,-92.553111110,-92.55311111,0,No Special Jurisdiction,31,"Post, Pole or Other Supports",0,The First Harmful Event was Not a Collision with a Motor Vehicle in Transport,0,No,1,Non-Junction,1,Not an Intersection,0,None,,,3,On Median,1,Daylight,,,,,1,Clear,0,No,0000000,Not Applicable,99,Unknown,98,Unknown if Notified,99,Unknown EMS Scene Arrival Hour,98,Unknown if Arrived,88,"Not Applicable (Not Transported) ",88,Not Applicable (Not Transported),,,,,,,1,
2022,29,290172,Missouri,1,1,0,0,0,1,1,189,ST LOUIS (189),1050,BRIDGETON,14,14,3,March,2022,2,Monday,3,3:00am-3:59am,0,0,1,This section IS ON the NHS,2,Urban,1,Interstate,1,State Highway Agency,1,Interstate,I-70 RAMP,,0,None,38.74338889,38.74338889,-90.386250000,-90.38625000,0,No Special Jurisdiction,24,Guardrail Face,0,The First Harmful Event was Not a Collision with a Motor Vehicle in Transport,1,Yes,5,Entrance/Exit Ramp Related,1,Not an Intersection,0,None,,,4,On Roadside,3,Dark - Lighted,,,,,1,Clear,0,No,0000000,Not Applicable,99,Unknown,98,Unknown if Notified,99,Unknown EMS Scene Arrival Hour,98,Unknown if Arrived,88,"Not Applicable (Not Transported) ",88,Not Applicable (Not Transported),,,,,,,1,
2022,29,290173,Missouri,1,1,0,0,0,1,1,77,GREENE (77),0,NOT APPLICABLE,18,18,3,March,2022,6,Friday,20,8:00pm-8:59pm,48,48,0,This section IS NOT on the NHS,1,Rural,5,Major Collector,1,State Highway Agency,3,State Highway,SR-A,,10,10,37.33297222,37.33297222,-93.162250000,-93.16225000,0,No Special Jurisdiction,1,Rollover/Overturn,0,The First Harmful Event was Not a Collision with a Motor Vehicle in Transport,0,No,1,Non-Junction,1,Not an Intersection,0,None,,,4,On Roadside,2,Dark - Not Lighted,,,,,5,"Fog, Smog, Smoke",0,No,0000000,Not Applicable,20,8:00pm-8:59pm,50,50,21,9:00pm-9:59pm,2,2,88,"Not Applicable (Not Transported) ",88,Not Applicable (Not Transported),,,,,,,1,
2022,29,290174,Missouri,1,1,0,0,0,3,3,105,LACLEDE (105),0,NOT APPLICABLE,21,21,3,March,2022,2,Monday,14,2:00pm-2:59pm,19,19,0,This section IS NOT on the NHS,1,Rural,7,Local,2,County Highway Agency,4,County Road,CR-NATIVE DR,,20,20,37.55294722,37.55294722,-92.760486110,-92.76048611,0,No Special Jurisdiction,58,Ground,0,The First Harmful Event was Not a Collision with a Motor Vehicle in Transport,0,No,1,Non-Junction,1,Not an Intersection,0,None,,,4,On Roadside,1,Daylight,,,,,10,Cloudy,0,No,0000000,Not Applicable,14,2:00pm-2:59pm,18,18,14,2:00pm-2:59pm,40,40,15,3:00pm-3:59pm,59,59,,,,,,,1,
2022,29,290175,Missouri,2,2,0,0,0,2,2,77,GREENE (77),0,NOT APPLICABLE,21,21,3,March,2022,2,Monday,6,6:00am-6:59am,55,55,0,This section IS NOT on the NHS,2,Urban,7,Local,2,County Highway Agency,4,County Road,CR-DARBY PL,CR-163,0,None,37.11833333,37.11833333,-93.278916670,-93.27891667,0,No Special Jurisdiction,12,Motor Vehicle In-Transport,6,Angle,0,No,2,Intersection,3,T-Intersection,0,None,,,1,On Roadway,1,Daylight,,,,,1,Clear,0,No,0000000,Not Applicable,7,7:00am-7:59am,0,0,7,7:00am-7:59am,10,10,7,7:00am-7:59am,20,20,,,,,,,1,
2022,29,290176,Missouri,1,1,0,1,1,1,1,189,ST LOUIS (189),2700,FERGUSON,1,1,4,April,2022,6,Friday,21,9:00pm-9:59pm,47,47,1,This section IS ON the NHS,2,Urban,3,Principal Arterial - Other,1,State Highway Agency,3,State Highway,SR-AC,,40,40,38.76749444,38.76749444,-90.262791670,-90.26279167,0,No Special Jurisdiction,8,Pedestrian,0,The First Harmful Event was Not a Collision with a Motor Vehicle in Transport,0,No,1,Non-Junction,1,Not an Intersection,0,None,,,1,On Roadway,2,Dark - Not Lighted,,,,,1,Clear,0,No,0000000,Not Applicable,99,Unknown,99,Unknown,99,Unknown EMS Scene Arrival Hour,99,Unknown EMS Scene Arrival Minutes,88,"Not Applicable (Not Transported) ",88,Not Applicable (Not Transported),,,,,,,1,
2022,29,290177,Missouri,1,1,0,0,0,1,1,221,WASHINGTON (221),0,NOT APPLICABLE,17,17,3,March,2022,5,Thursday,3,3:00am-3:59am,6,6,1,This section IS ON the NHS,1,Rural,3,Principal Arterial - Other,1,State Highway Agency,3,State Highway,SR-8,,280,280,37.86858056,37.86858056,-90.646091670,-90.64609167,0,No Special Jurisdiction,34,Ditch,0,The First Harmful Event was Not a Collision with a Motor Vehicle in Transport,0,No,1,Non-Junction,1,Not an Intersection,0,None,,,4,On Roadside,2,Dark - Not Lighted,,,,,1,Clear,0,No,0000000,Not Applicable,3,3:00am-3:59am,0,0,3,3:00am-3:59am,17,17,4,4:00am-4:59am,26,26,,,,,,,1,
2022,29,290178,Missouri,2,2,0,0,0,2,2,171,PUTNAM (171),0,NOT APPLICABLE,26,26,3,March,2022,7,Saturday,20,8:00pm-8:59pm,50,50,0,This section IS NOT on the NHS,1,Rural,7,Local,2,County Highway Agency,4,County Road,CR-175TH,,20,20,40.47930556,40.47930556,-93.031194440,-93.03119444,0,No Special Jurisdiction,12,Motor Vehicle In-Transport,2,Front-to-Front,0,No,1,Non-Junction,1,Not an Intersection,0,None,,,1,On Roadway,2,Dark - Not Lighted,,,,,1,Clear,0,No,0000000,Not Applicable,20,8:00pm-8:59pm,21,21,20,8:00pm-8:59pm,56,56,21,9:00pm-9:59pm,34,34,,,,,,,1,
2022,29,290179,Missouri,1,1,0,0,0,1,1,9,BARRY (9),0,NOT APPLICABLE,2,2,4,April,2022,7,Saturday,16,4:00pm-4:59pm,30,30,0,This section IS NOT on the NHS,1,Rural,7,Local,2,County Highway Agency,4,County Road,CR-2290,,10,10,36.52377778,36.52377778,-94.030666670,-94.03066667,0,No Special Jurisdiction,1,Rollover/Overturn,0,The First Harmful Event was Not a Collision with a Motor Vehicle in Transport,0,No,1,Non-Junction,1,Not an Intersection,0,None,,,4,On Roadside,1,Daylight,,,,,1,Clear,0,No,0000000,Not Applicable,16,4:00pm-4:59pm,39,39,17,5:00pm-5:59pm,24,24,88,"Not Applicable (Not Transported) ",88,Not Applicable (Not Transported),,,,,,,1,
2022,29,290180,Missouri,2,2,0,0,0,3,3,9,BARRY (9),0,NOT APPLICABLE,3,3,4,April,2022,1,Sunday,12,12:00pm-12:59pm,22,22,1,This section IS ON the NHS,1,Rural,3,Principal Arterial - Other,1,State Highway Agency,3,State Highway,SR-37,,30,30,36.88330556,36.88330556,-93.919722220,-93.91972222,0,No Special Jurisdiction,12,Motor Vehicle In-Transport,2,Front-to-Front,0,No,1,Non-Junction,1,Not an Intersection,0,None,,,1,On Roadway,1,Daylight,,,,,1,Clear,0,No,0000000,Not Applicable,12,12:00pm-12:59pm,26,26,12,12:00pm-12:59pm,55,55,13,1:00pm-1:59pm,24,24,,,,,,,2,
2022,29,290181,Missouri,1,1,0,0,0,2,2,189,ST LOUIS (189),1575,CHESTERFIELD,4,4,4,April,2022,2,Monday,21,9:00pm-9:59pm,16,16,1,This section IS ON the NHS,2,Urban,3,Principal Arterial - Other,1,State Highway Agency,3,State Highway,SR-340,,80,80,38.68127500,38.68127500,-90.513730560,-90.51373056,0,No Special Jurisdiction,33,Curb,0,The First Harmful Event was Not a Collision with a Motor Vehicle in Transport,0,No,1,Non-Junction,1,Not an Intersection,0,None,,,4,On Roadside,3,Dark - Lighted,,,,,1,Clear,0,No,0000000,Not Applicable,21,9:00pm-9:59pm,19,19,21,9:00pm-9:59pm,22,22,21,9:00pm-9:59pm,44,44,,,,,,,1,
2022,29,290182,Missouri,1,1,0,0,0,1,1,127,MARION (127),0,NOT APPLICABLE,4,4,4,April,2022,2,Monday,22,10:00pm-10:59pm,55,55,1,This section IS ON the NHS,1,Rural,2,Principal Arterial - Other Freeways and Expressways,1,State Highway Agency,2,U.S. Highway,US-61,,80,80,39.74404167,39.74404167,-91.475605560,-91.47560556,0,No Special Jurisdiction,59,"Traffic Sign Support ",0,The First Harmful Event was Not a Collision with a Motor Vehicle in Transport,0,No,1,Non-Junction,1,Not an Intersection,0,None,,,3,On Median,2,Dark - Not Lighted,,,,,10,Cloudy,0,No,0000000,Not Applicable,22,10:00pm-10:59pm,57,57,23,11:00pm-11:59pm,3,3,88,"Not Applicable (Not Transported) ",88,Not Applicable (Not Transported),,,,,,,1,
2022,29,290183,Missouri,1,1,0,1,1,1,1,95,JACKSON (95),4120,KANSAS CITY,8,8,4,April,2022,6,Friday,22,10:00pm-10:59pm,46,46,0,This section IS NOT on the NHS,2,Urban,4,Minor Arterial,4,City or Municipal Highway Agency,6,Local Street - Municipality,STADIUM DR,,30,30,39.05746667,39.05746667,-94.480025000,-94.48002500,0,No Special Jurisdiction,9,Pedalcyclist,0,The First Harmful Event was Not a Collision with a Motor Vehicle in Transport,0,No,1,Non-Junction,1,Not an Intersection,0,None,,,1,On Roadway,3,Dark - Lighted,,,,,1,Clear,0,No,0000000,Not Applicable,22,10:00pm-10:59pm,50,50,22,10:00pm-10:59pm,57,57,88,"Not Applicable (Not Transported) ",88,Not Applicable (Not Transported),,,,,,,1,
2022,29,290184,Missouri,1,1,0,0,0,1,1,97,JASPER (97),0,NOT APPLICABLE,8,8,4,April,2022,6,Friday,15,3:00pm-3:59pm,35,35,0,This section IS NOT on the NHS,1,Rural,5,Major Collector,1,State Highway Agency,3,State Highway,SR-O,,60,60,37.26838889,37.26838889,-94.416955560,-94.41695556,0,No Special Jurisdiction,42,Tree (Standing Only),0,The First Harmful Event was Not a Collision with a Motor Vehicle in Transport,0,No,1,Non-Junction,1,Not an Intersection,0,None,,,4,On Roadside,1,Daylight,,,,,10,Cloudy,0,No,0000000,Not Applicable,15,3:00pm-3:59pm,37,37,15,3:00pm-3:59pm,54,54,16,4:00pm-4:59pm,38,38,,,,,,,1,
2022,29,290185,Missouri,1,1,0,0,0,2,2,179,REYNOLDS (179),0,NOT APPLICABLE,6,6,2,February,2022,1,Sunday,14,2:00pm-2:59pm,2,2,0,This section IS NOT on the NHS,1,Rural,5,Major Collector,1,State Highway Agency,3,State Highway,SR-N,,20,20,37.58300556,37.58300556,-90.805652780,-90.80565278,0,No Special Jurisdiction,32,Culvert,0,The First Harmful Event was Not a Collision with a Motor Vehicle in Transport,0,No,1,Non-Junction,1,Not an Intersection,0,None,,,4,On Roadside,1,Daylight,,,,,1,Clear,0,No,0000000,Not Applicable,99,Unknown,99,Unknown,99,Unknown EMS Scene Arrival Hour,99,Unknown EMS Scene Arrival Minutes,99,Unknown,99,Unknown EMS Hospital Arrival Time,,,,,,,1,
2022,29,290186,Missouri,2,2,0,0,0,2,2,47,CLAY (47),4570,LIBERTY,17,17,3,March,2022,5,Thursday,20,8:00pm-8:59pm,38,38,1,This section IS ON the NHS,2,Urban,2,Principal Arterial - Other Freeways and Expressways,1,State Highway Agency,3,State Highway,SR-291,,60,60,39.25279444,39.25279444,-94.449783330,-94.44978333,0,No Special Jurisdiction,12,Motor Vehicle In-Transport,2,Front-to-Front,0,No,1,Non-Junction,1,Not an Intersection,0,None,,,1,On Roadway,3,Dark - Lighted,,,,,10,Cloudy,0,No,0000000,Not Applicable,20,8:00pm-8:59pm,39,39,20,8:00pm-8:59pm,44,44,88,"Not Applicable (Not Transported) ",88,Not Applicable (Not Transported),,,,,,,1,
2022,29,290187,Missouri,1,1,0,0,0,1,1,81,HARRISON (81),0,NOT APPLICABLE,30,30,3,March,2022,4,Wednesday,0,0:00am-0:59am,20,20,0,This section IS NOT on the NHS,1,Rural,5,Major Collector,1,State Highway Agency,2,U.S. Highway,US-69,,220,220,40.29005556,40.29005556,-94.026611110,-94.02661111,0,No Special Jurisdiction,42,Tree (Standing Only),0,The First Harmful Event was Not a Collision with a Motor Vehicle in Transport,0,No,1,Non-Junction,1,Not an Intersection,0,None,,,4,On Roadside,2,Dark - Not Lighted,,,,,2,Rain,0,No,0000000,Not Applicable,0,0:00am-0:59am,24,24,0,0:00am-0:59am,34,34,88,"Not Applicable (Not Transported) ",88,Not Applicable (Not Transported),,,,,,,1,
2022,29,290188,Missouri,1,1,0,1,1,3,3,207,STODDARD (207),0,NOT APPLICABLE,2,2,4,April,2022,7,Saturday,21,9:00pm-9:59pm,15,15,0,This section IS NOT on the NHS,1,Rural,5,Major Collector,1,State Highway Agency,3,State Highway,SR-51,,90,90,36.94302778,36.94302778,-90.164222220,-90.16422222,0,No Special Jurisdiction,8,Pedestrian,0,The First Harmful Event was Not a Collision with a Motor Vehicle in Transport,0,No,1,Non-Junction,1,Not an Intersection,0,None,,,1,On Roadway,2,Dark - Not Lighted,,,,,1,Clear,0,No,0000000,Not Applicable,21,9:00pm-9:59pm,16,16,21,9:00pm-9:59pm,21,21,22,10:00pm-10:59pm,7,7,,,,,,,1,
2022,29,290189,Missouri,4,4,0,0,0,7,7,99,JEFFERSON (99),0,NOT APPLICABLE,8,8,3,March,2022,3,Tuesday,18,6:00pm-6:59pm,50,50,0,This section IS NOT on the NHS,1,Rural,3,Principal Arterial - Other,1,State Highway Agency,3,State Highway,SR-21,,300,300,38.11672778,38.11672778,-90.601400000,-90.60140000,0,No Special Jurisdiction,12,Motor Vehicle In-Transport,8,Sideswipe - Opposite Direction,0,No,1,Non-Junction,1,Not an Intersection,0,None,,,1,On Roadway,2,Dark - Not Lighted,,,,,10,Cloudy,0,No,0000000,Not Applicable,18,6:00pm-6:59pm,51,51,18,6:00pm-6:59pm,58,58,19,7:00pm-7:59pm,40,40,,,,,,,1,
2022,29,290190,Missouri,2,2,0,0,0,2,2,189,ST LOUIS (189),0,NOT APPLICABLE,10,10,3,March,2022,5,Thursday,20,8:00pm-8:59pm,48,48,1,This section IS ON the NHS,2,Urban,1,Interstate,1,State Highway Agency,1,Interstate,I-55,,90,90,38.45483333,38.45483333,-90.376138890,-90.37613889,0,No Special Jurisdiction,12,Motor Vehicle In-Transport,1,Front-to-Rear,0,No,1,Non-Junction,1,Not an Intersection,0,None,,,1,On Roadway,3,Dark - Lighted,,,,,1,Clear,0,No,0000000,Not Applicable,20,8:00pm-8:59pm,49,49,20,8:00pm-8:59pm,58,58,21,9:00pm-9:59pm,18,18,,,,,,,1,
2022,29,290191,Missouri,2,2,0,0,0,3,3,183,ST. CHARLES (183),2824,FORISTELL,16,16,3,March,2022,4,Wednesday,21,9:00pm-9:59pm,5,5,0,This section IS NOT on the NHS,2,Urban,5,Major Collector,1,State Highway Agency,3,State Highway,SR-W,RP 7645,60,60,38.81719444,38.81719444,-90.953027780,-90.95302778,0,No Special Jurisdiction,12,Motor Vehicle In-Transport,6,Angle,1,Yes,2,Intersection,2,Four-Way Intersection,0,None,,,1,On Roadway,3,Dark - Lighted,,,,,1,Clear,0,No,0000000,Not Applicable,21,9:00pm-9:59pm,8,8,21,9:00pm-9:59pm,21,21,22,10:00pm-10:59pm,3,3,,,,,,,1,
2022,29,290192,Missouri,1,1,0,0,0,2,2,189,ST LOUIS (189),7300,SHREWSBURY,1,1,4,April,2022,6,Friday,0,0:00am-0:59am,33,33,1,This section IS ON the NHS,2,Urban,1,Interstate,1,State Highway Agency,1,Interstate,I-44,,10,10,38.59500000,38.59500000,-90.328836110,-90.32883611,0,No Special Jurisdiction,38,Fence,0,The First Harmful Event was Not a Collision with a Motor Vehicle in Transport,0,No,1,Non-Junction,1,Not an Intersection,0,None,,,5,Outside Trafficway,2,Dark - Not Lighted,,,,,10,Cloudy,0,No,0000000,Not Applicable,99,Unknown,99,Unknown,99,Unknown EMS Scene Arrival Hour,99,Unknown EMS Scene Arrival Minutes,99,Unknown,99,Unknown EMS Hospital Arrival Time,,,,,,,1,
2022,29,290193,Missouri,2,2,0,0,0,4,4,145,NEWTON (145),5580,NEOSHO,2,2,4,April,2022,7,Saturday,1,1:00am-1:59am,23,23,0,This section IS NOT on the NHS,2,Urban,4,Minor Arterial,4,City or Municipal Highway Agency,6,Local Street - Municipality,BAXTER ST,,10,10,36.88000000,36.88000000,-94.387805560,-94.38780556,0,No Special Jurisdiction,12,Motor Vehicle In-Transport,1,Front-to-Rear,0,No,1,Non-Junction,1,Not an Intersection,0,None,,,1,On Roadway,2,Dark - Not Lighted,,,,,2,Rain,0,No,0000000,Not Applicable,99,Unknown,98,Unknown if Notified,99,Unknown EMS Scene Arrival Hour,98,Unknown if Arrived,88,"Not Applicable (Not Transported) ",88,Not Applicable (Not Transported),,,,,,,1,
2022,29,290194,Missouri,1,1,0,0,0,1,1,71,FRANKLIN (71),0,NOT APPLICABLE,4,4,4,April,2022,2,Monday,15,3:00pm-3:59pm,25,25,0,This section IS NOT on the NHS,1,Rural,7,Local,2,County Highway Agency,4,County Road,CR-BALD HILL RD,,20,20,38.47805556,38.47805556,-91.258166670,-91.25816667,0,No Special Jurisdiction,1,Rollover/Overturn,0,The First Harmful Event was Not a Collision with a Motor Vehicle in Transport,0,No,1,Non-Junction,1,Not an Intersection,0,None,,,1,On Roadway,1,Daylight,,,,,1,Clear,0,No,0000000,Not Applicable,15,3:00pm-3:59pm,33,33,15,3:00pm-3:59pm,48,48,88,"Not Applicable (Not Transported) ",88,Not Applicable (Not Transported),,,,,,,1,
2022,29,290195,Missouri,1,1,0,0,0,1,1,47,CLAY (47),1680,CLAYCOMO,10,10,4,April,2022,1,Sunday,5,5:00am-5:59am,52,52,1,This section IS ON the NHS,2,Urban,1,Interstate,1,State Highway Agency,1,Interstate,I-35 RAMP,,0,None,39.20775000,39.20775000,-94.488194440,-94.48819444,0,No Special Jurisdiction,32,Culvert,0,The First Harmful Event was Not a Collision with a Motor Vehicle in Transport,1,Yes,5,Entrance/Exit Ramp Related,1,Not an Intersection,0,None,,,8,Gore,2,Dark - Not Lighted,,,,,1,Clear,0,No,0000000,Not Applicable,5,5:00am-5:59am,51,51,5,5:00am-5:59am,56,56,88,"Not Applicable (Not Transported) ",88,Not Applicable (Not Transported),,,,,,,1,
2022,29,290196,Missouri,1,1,0,0,0,2,2,37,CASS (37),0,NOT APPLICABLE,15,15,3,March,2022,3,Tuesday,22,10:00pm-10:59pm,45,45,0,This section IS NOT on the NHS,1,Rural,7,Local,2,County Highway Agency,4,County Road,CR-PROSPECT AVE,,100,100,38.69461111,38.69461111,-94.573333330,-94.57333333,0,No Special Jurisdiction,21,Bridge Pier or Support,0,The First Harmful Event was Not a Collision with a Motor Vehicle in Transport,0,No,1,Non-Junction,1,Not an Intersection,0,None,,,4,On Roadside,2,Dark - Not Lighted,,,,,1,Clear,0,No,0000000,Not Applicable,22,10:00pm-10:59pm,58,58,23,11:00pm-11:59pm,14,14,23,11:00pm-11:59pm,59,59,,,,,,,1,
2022,29,290197,Missouri,2,2,0,0,0,3,3,47,CLAY (47),5430,MOSBY,4,4,4,April,2022,2,Monday,6,6:00am-6:59am,45,45,1,This section IS ON the NHS,2,Urban,3,Principal Arterial - Other,1,State Highway Agency,2,U.S. Highway,US-69,RHODUS RD,120,120,39.32288889,39.32288889,-94.307555560,-94.30755556,0,No Special Jurisdiction,12,Motor Vehicle In-Transport,6,Angle,0,No,2,Intersection,2,Four-Way Intersection,0,None,,,1,On Roadway,2,Dark - Not Lighted,,,,,1,Clear,0,No,0000000,Not Applicable,6,6:00am-6:59am,48,48,6,6:00am-6:59am,54,54,7,7:00am-7:59am,24,24,,,,,,,1,
2022,29,290198,Missouri,2,2,0,0,0,3,3,159,PETTIS (159),0,NOT APPLICABLE,7,7,4,April,2022,5,Thursday,15,3:00pm-3:59pm,43,43,1,This section IS ON the NHS,1,Rural,2,Principal Arterial - Other Freeways and Expressways,1,State Highway Agency,2,U.S. Highway,US-65,SR-F,60,60,38.62613889,38.62613889,-93.267222220,-93.26722222,0,No Special Jurisdiction,12,Motor Vehicle In-Transport,6,Angle,0,No,2,Intersection,2,Four-Way Intersection,0,None,,,1,On Roadway,1,Daylight,,,,,10,Cloudy,0,No,0000000,Not Applicable,15,3:00pm-3:59pm,48,48,15,3:00pm-3:59pm,58,58,16,4:00pm-4:59pm,33,33,,,,,,,1,
2022,29,290199,Missouri,3,3,0,0,0,4,4,183,ST. CHARLES (183),0,NOT APPLICABLE,29,29,3,March,2022,3,Tuesday,15,3:00pm-3:59pm,43,43,1,This section IS ON the NHS,2,Urban,2,Principal Arterial - Other Freeways and Expressways,1,State Highway Agency,2,U.S. Highway,US-61,,190,190,38.87583333,38.87583333,-90.907888890,-90.90788889,0,No Special Jurisdiction,12,Motor Vehicle In-Transport,7,Sideswipe - Same Direction,0,No,1,Non-Junction,1,Not an Intersection,0,None,,,1,On Roadway,1,Daylight,,,,,10,Cloudy,0,No,0000000,Not Applicable,15,3:00pm-3:59pm,44,44,15,3:00pm-3:59pm,51,51,16,4:00pm-4:59pm,28,28,,,,,,,1,
2022,29,290200,Missouri,1,1,0,1,1,1,1,510,ST. LOUIS (CITY) (510),7080,ST. LOUIS,14,14,4,April,2022,5,Thursday,8,8:00am-8:59am,54,54,0,This section IS NOT on the NHS,2,Urban,4,Minor Arterial,1,State Highway Agency,3,State Highway,SR-100,TAMM AVE,10,10,38.62127778,38.62127778,-90.294205560,-90.29420556,0,No Special Jurisdiction,9,Pedalcyclist,0,The First Harmful Event was Not a Collision with a Motor Vehicle in Transport,0,No,2,Intersection,3,T-Intersection,0,None,,,1,On Roadway,1,Daylight,,,,,1,Clear,0,No,0000000,Not Applicable,8,8:00am-8:59am,59,59,9,9:00am-9:59am,6,6,88,"Not Applicable (Not Transported) ",88,Not Applicable (Not Transported),,,,,,,1,
2022,29,290201,Missouri,2,2,0,0,0,3,3,77,GREENE (77),0,NOT APPLICABLE,23,23,3,March,2022,4,Wednesday,5,5:00am-5:59am,20,20,1,This section IS ON the NHS,1,Rural,3,Principal Arterial - Other,1,State Highway Agency,2,U.S. Highway,US-65,SR-C,80,80,37.30103056,37.30103056,-93.176827780,-93.17682778,0,No Special Jurisdiction,12,Motor Vehicle In-Transport,6,Angle,0,No,2,Intersection,2,Four-Way Intersection,0,None,,,1,On Roadway,2,Dark - Not Lighted,,,,,2,Rain,0,No,0000000,Not Applicable,5,5:00am-5:59am,15,15,5,5:00am-5:59am,31,31,6,6:00am-6:59am,13,13,,,,,,,1,
2022,29,290202,Missouri,2,2,0,0,0,3,3,189,ST LOUIS (189),4060,JENNINGS,1,1,4,April,2022,6,Friday,23,11:00pm-11:59pm,4,4,0,This section IS NOT on the NHS,2,Urban,4,Minor Arterial,2,County Highway Agency,4,County Road,CR-LUCAS AND HUNT RD,,10,10,38.73378889,38.73378889,-90.265552780,-90.26555278,0,No Special Jurisdiction,12,Motor Vehicle In-Transport,6,Angle,0,No,1,Non-Junction,1,Not an Intersection,0,None,,,1,On Roadway,2,Dark - Not Lighted,,,,,1,Clear,0,No,0000000,Not Applicable,99,Unknown,99,Unknown,99,Unknown EMS Scene Arrival Hour,99,Unknown EMS Scene Arrival Minutes,99,Unknown,99,Unknown EMS Hospital Arrival Time,,,,,,,2,
2022,29,290203,Missouri,1,1,0,0,0,1,1,17,BOLLINGER (17),0,NOT APPLICABLE,8,8,4,April,2022,6,Friday,6,6:00am-6:59am,55,55,0,This section IS NOT on the NHS,1,Rural,4,Minor Arterial,1,State Highway Agency,3,State Highway,SR-51,,20,20,37.57172222,37.57172222,-90.010000000,-90.01000000,0,No Special Jurisdiction,32,Culvert,0,The First Harmful Event was Not a Collision with a Motor Vehicle in Transport,0,No,1,Non-Junction,1,Not an Intersection,0,None,,,4,On Roadside,1,Daylight,,,,,10,Cloudy,0,No,0000000,Not Applicable,99,Unknown,98,Unknown if Notified,99,Unknown EMS Scene Arrival Hour,98,Unknown if Arrived,88,"Not Applicable (Not Transported) ",88,Not Applicable (Not Transported),,,,,,,1,