caseyear,state,st_case,statename,ve_total,ve_forms,pvh_invl,peds,pernotmvit,permvit,persons,county,countyname,city,cityname,day,dayname,month,monthname,year,day_week,day_weekname,hour,hourname,minute,minutename,nhs,nhsname,rur_urb,rur_urbname,func_sys,func_sysname,rd_owner,rd_ownername,route,routename,tway_id,tway_id2,milept,mileptname,latitude,latitudename,longitud,longitudname,sp_jur,sp_jurname,harm_ev,harm_evname,man_coll,man_collname,reljct1,reljct1name,reljct2,reljct2name,typ_int,typ_intname,wrk_zone,wrk_zonename,road_fnc,road_fncname,rel_road,rel_roadname,lgt_cond,lgt_condname,weather1,weather1name,weather2,weather2name,weather,weathername,sch_bus,sch_busname,rail,railname,not_hour,not_hourname,not_min,not_minname,arr_hour,arr_hourname,arr_min,arr_minname,hosp_hr,hosp_hrname,hosp_mn,hosp_mnname,cf1,cf1name,cf2,cf2name,cf3,cf3name,fatals,drunk_dr
2022,29,290204,Missouri,1,1,0,0,0,1,1,143,NEW MADRID (143),7310,SIKESTON,23,23,4,April,2022,7,Saturday,18,6:00pm-6:59pm,23,23,0,This section IS NOT on the NHS,2,Urban,7,Local,4,City or Municipal Highway Agency,6,Local Street - Municipality,BRUNT BLVD,,10,10,36.86278889,36.86278889,-89.569869440,-89.56986944,0,No Special Jurisdiction,1,Rollover/Overturn,0,The First Harmful Event was Not a Collision with a Motor Vehicle in Transport,0,No,1,Non-Junction,1,Not an Intersection,0,None,,,4,On Roadside,1,Daylight,,,,,1,Clear,0,No,0000000,Not Applicable,99,Unknown,99,Unknown,99,Unknown EMS Scene Arrival Hour,99,Unknown EMS Scene Arrival Minutes,88,"Not Applicable (Not Transported) ",88,Not Applicable (Not Transported),,,,,,,1,
2022,29,290205,Missouri,1,1,0,0,0,1,1,9,BARRY (9),0,NOT APPLICABLE,23,23,4,April,2022,7,Saturday,14,2:00pm-2:59pm,30,30,0,This section IS NOT on the NHS,1,Rural,4,Minor Arterial,1,State Highway Agency,3,State Highway,SR-76,,210,210,36.66852778,36.66852778,-93.670583330,-93.67058333,0,No Special Jurisdiction,59,"Traffic Sign Support ",0,The First Harmful Event was Not a Collision with a Motor Vehicle in Transport,0,No,1,Non-Junction,1,Not an Intersection,0,None,,,4,On Roadside,1,Daylight,,,,,1,Clear,0,No,0000000,Not Applicable,14,2:00pm-2:59pm,41,41,14,2:00pm-2:59pm,54,54,15,3:00pm-3:59pm,5,5,,,,,,,1,
2022,29,290206,Missouri,2,2,0,0,0,3,3,95,JACKSON (95),3940,INDEPENDENCE,22,22,4,April,2022,6,Friday,12,12:00pm-12:59pm,35,35,0,This section IS NOT on the NHS,2,Urban,4,Minor Arterial,3,Town or Township Highway Agency,6,Local Street - Municipality,39TH ST,,40,40,39.04872222,39.04872222,-94.381630560,-94.38163056,0,No Special Jurisdiction,12,Motor Vehicle In-Transport,2,Front-to-Front,0,No,1,Non-Junction,1,Not an Intersection,0,None,,,1,On Roadway,1,Daylight,,,,,10,Cloudy,0,No,0000000,Not Applicable,11,11:00am-11:59am,46,46,11,11:00am-11:59am,50,50,12,12:00pm-12:59pm,22,22,,,,,,,1,
2022,29,290207,Missouri,1,1,0,0,0,1,1,215,TEXAS (215),0,NOT APPLICABLE,20,20,4,April,2022,4,Wednesday,99,Unknown Hours,99,Unknown Minutes,0,This section IS NOT on the NHS,1,Rural,7,Local,2,County Highway Agency,4,County Road,CR-HARTZOG DR,,20,20,37.52084167,37.52084167,-92.159966670,-92.15996667,0,No Special Jurisdiction,58,Ground,0,The First Harmful Event was Not a Collision with a Motor Vehicle in Transport,0,No,1,Non-Junction,1,Not an Intersection,0,None,,,4,On Roadside,9,Reported as Unknown,,,,,10,Cloudy,0,No,0000000,Not Applicable,21,9:00pm-9:59pm,0,0,21,9:00pm-9:59pm,37,37,22,10:00pm-10:59pm,59,59,,,,,,,1,
2022,29,290208,Missouri,1,1,0,0,0,1,1,99,JEFFERSON (99),0,NOT APPLICABLE,31,31,3,March,2022,5,Thursday,1,1:00am-1:59am,1,1,1,This section IS ON the NHS,2,Urban,1,Interstate,1,State Highway Agency,1,Interstate,I-55,,220,220,38.37511111,38.37511111,-90.380000000,-90.38000000,0,No Special Jurisdiction,25,Concrete Traffic Barrier,0,The First Harmful Event was Not a Collision with a Motor Vehicle in Transport,0,No,1,Non-Junction,1,Not an Intersection,0,None,,,3,On Median,2,Dark - Not Lighted,,,,,10,Cloudy,0,No,0000000,Not Applicable,1,1:00am-1:59am,1,1,1,1:00am-1:59am,6,6,1,1:00am-1:59am,33,33,,,,,,,1,
2022,29,290209,Missouri,2,2,0,0,0,2,2,131,MILLER (131),0,NOT APPLICABLE,5,5,4,April,2022,3,Tuesday,10,10:00am-10:59am,15,15,0,This section IS NOT on the NHS,1,Rural,4,Minor Arterial,1,State Highway Agency,3,State Highway,SR-52,,80,80,38.29961111,38.29961111,-92.564083330,-92.56408333,0,No Special Jurisdiction,12,Motor Vehicle In-Transport,2,Front-to-Front,0,No,1,Non-Junction,1,Not an Intersection,0,None,,,1,On Roadway,1,Daylight,,,,,1,Clear,0,No,0000000,Not Applicable,10,10:00am-10:59am,16,16,10,10:00am-10:59am,21,21,10,10:00am-10:59am,59,59,,,,,,,1,
2022,29,290210,Missouri,1,1,0,1,1,1,1,510,ST. LOUIS (CITY) (510),7080,ST. LOUIS,7,7,4,April,2022,5,Thursday,0,0:00am-0:59am,0,0,0,This section IS NOT on the NHS,2,Urban,7,Local,4,City or Municipal Highway Agency,6,Local Street - Municipality,WALTON AVE,,0,None,38.65569722,38.65569722,-90.256791670,-90.25679167,0,No Special Jurisdiction,8,Pedestrian,0,The First Harmful Event was Not a Collision with a Motor Vehicle in Transport,0,No,1,Non-Junction,1,Not an Intersection,0,None,,,1,On Roadway,3,Dark - Lighted,,,,,1,Clear,0,No,0000000,Not Applicable,0,0:00am-0:59am,5,5,0,0:00am-0:59am,9,9,0,0:00am-0:59am,21,21,,,,,,,1,
2022,29,290211,Missouri,2,2,0,0,0,2,2,510,ST. LOUIS (CITY) (510),7080,ST. LOUIS,15,15,4,April,2022,6,Friday,14,2:00pm-2:59pm,9,9,1,This section IS ON the NHS,2,Urban,1,Interstate,1,State Highway Agency,2,U.S. Highway,US-40,,60,60,38.62210000,38.62210000,-90.196261110,-90.19626111,0,No Special Jurisdiction,12,Motor Vehicle In-Transport,1,Front-to-Rear,0,No,1,Non-Junction,1,Not an Intersection,0,None,,,1,On Roadway,1,Daylight,,,,,10,Cloudy,0,No,0000000,Not Applicable,99,Unknown,98,Unknown if Notified,99,Unknown EMS Scene Arrival Hour,98,Unknown if Arrived,88,"Not Applicable (Not Transported) ",88,Not Applicable (Not Transported),,,,,,,1,
2022,29,290212,Missouri,2,2,0,0,0,3,3,97,JASPER (97),4100,JOPLIN,16,16,4,April,2022,7,Saturday,14,2:00pm-2:59pm,9,9,0,This section IS NOT on the NHS,2,Urban,4,Minor Arterial,4,City or Municipal Highway Agency,6,Local Street - Municipality,W 20TH ST,WALL AVE,60,60,37.06952500,37.06952500,-94.516336110,-94.51633611,0,No Special Jurisdiction,12,Motor Vehicle In-Transport,6,Angle,0,No,2,Intersection,2,Four-Way Intersection,0,None,,,1,On Roadway,1,Daylight,,,,,1,Clear,0,No,0000000,Not Applicable,14,2:00pm-2:59pm,9,9,14,2:00pm-2:59pm,14,14,99,Unknown,99,Unknown EMS Hospital Arrival Time,,,,,,,1,
2022,29,290213,Missouri,1,1,0,0,0,1,1,510,ST. LOUIS (CITY) (510),7080,ST. LOUIS,16,16,4,April,2022,7,Saturday,3,3:00am-3:59am,17,17,0,This section IS NOT on the NHS,2,Urban,4,Minor Arterial,4,City or Municipal Highway Agency,6,Local Street - Municipality,BROADWAY,DOCK ST,60,60,38.65726944,38.65726944,-90.192869440,-90.19286944,0,No Special Jurisdiction,33,Curb,0,The First Harmful Event was Not a Collision with a Motor Vehicle in Transport,0,No,3,Intersection-Related,2,Four-Way Intersection,0,None,,,4,On Roadside,3,Dark - Lighted,,,,,1,Clear,0,No,0000000,Not Applicable,3,3:00am-3:59am,27,27,3,3:00am-3:59am,27,27,88,"Not Applicable (Not Transported) ",88,Not Applicable (Not Transported),,,,,,,1,
2022,29,290214,Missouri,2,2,0,0,0,2,2,101,JOHNSON (101),0,NOT APPLICABLE,18,18,4,April,2022,2,Monday,18,6:00pm-6:59pm,27,27,1,This section IS ON the NHS,1,Rural,2,Principal Arterial - Other Freeways and Expressways,1,State Highway Agency,2,U.S. Highway,US-50,CR-NW 1601,40,40,38.85713889,38.85713889,-94.041638890,-94.04163889,0,No Special Jurisdiction,12,Motor Vehicle In-Transport,6,Angle,0,No,2,Intersection,2,Four-Way Intersection,0,None,,,1,On Roadway,1,Daylight,,,,,1,Clear,0,No,0000000,Not Applicable,99,Unknown,98,Unknown if Notified,99,Unknown EMS Scene Arrival Hour,98,Unknown if Arrived,88,"Not Applicable (Not Transported) ",88,Not Applicable (Not Transported),,,,,,,1,
2022,29,290215,Missouri,1,1,0,1,1,1,1,510,ST. LOUIS (CITY) (510),7080,ST. LOUIS,19,19,4,April,2022,3,Tuesday,23,11:00pm-11:59pm,21,21,0,This section IS NOT on the NHS,2,Urban,5,Major Collector,4,City or Municipal Highway Agency,6,Local Street - Municipality,TUCKER BLVD,O FALLON,20,20,38.63853056,38.63853056,-90.194063890,-90.19406389,0,No Special Jurisdiction,8,Pedestrian,0,The First Harmful Event was Not a Collision with a Motor Vehicle in Transport,0,No,2,Intersection,2,Four-Way Intersection,0,None,,,1,On Roadway,3,Dark - Lighted,,,,,2,Rain,0,No,0000000,Not Applicable,23,11:00pm-11:59pm,25,25,23,11:00pm-11:59pm,32,32,0,0:00am-0:59am,7,7,,,,,,,1,
2022,29,290216,Missouri,1,1,0,1,1,1,1,127,MARION (127),0,NOT APPLICABLE,22,22,4,April,2022,6,Friday,21,9:00pm-9:59pm,20,20,1,This section IS ON the NHS,1,Rural,2,Principal Arterial - Other Freeways and Expressways,1,State Highway Agency,2,U.S. Highway,US-61,,180,180,39.76277778,39.76277778,-91.519416670,-91.51941667,0,No Special Jurisdiction,8,Pedestrian,0,The First Harmful Event was Not a Collision with a Motor Vehicle in Transport,0,No,1,Non-Junction,1,Not an Intersection,0,None,,,1,On Roadway,2,Dark - Not Lighted,,,,,1,Clear,0,No,0000000,Not Applicable,21,9:00pm-9:59pm,22,22,21,9:00pm-9:59pm,28,28,88,"Not Applicable (Not Transported) ",88,Not Applicable (Not Transported),,,,,,,1,
2022,29,290217,Missouri,1,1,0,0,0,2,2,510,ST. LOUIS (CITY) (510),7080,ST. LOUIS,24,24,4,April,2022,1,Sunday,20,8:00pm-8:59pm,59,59,1,This section IS ON the NHS,2,Urban,3,Principal Arterial - Other,1,State Highway Agency,3,State Highway,SR-H,,60,60,38.69642778,38.69642778,-90.216161110,-90.21616111,0,No Special Jurisdiction,30,Utility Pole/Light Support,0,The First Harmful Event was Not a Collision with a Motor Vehicle in Transport,0,No,1,Non-Junction,1,Not an Intersection,0,None,,,4,On Roadside,3,Dark - Lighted,,,,,2,Rain,0,No,0000000,Not Applicable,99,Unknown,99,Unknown,99,Unknown EMS Scene Arrival Hour,99,Unknown EMS Scene Arrival Minutes,99,Unknown,99,Unknown EMS Hospital Arrival Time,,,,,,,1,
2022,29,290218,Missouri,1,1,0,1,1,1,1,183,ST. CHARLES (183),7010,ST. CHARLES,2,2,4,April,2022,7,Saturday,22,10:00pm-10:59pm,11,11,0,This section IS NOT on the NHS,2,Urban,7,Local,4,City or Municipal Highway Agency,6,Local Street - Municipality,JEFFERSON ST,,10,10,38.78096389,38.78096389,-90.480941670,-90.48094167,0,No Special Jurisdiction,8,Pedestrian,0,The First Harmful Event was Not a Collision with a Motor Vehicle in Transport,0,No,4,Driveway Access,1,Not an Intersection,0,None,,,1,On Roadway,2,Dark - Not Lighted,,,,,1,Clear,0,No,0000000,Not Applicable,22,10:00pm-10:59pm,13,13,22,10:00pm-10:59pm,17,17,22,10:00pm-10:59pm,52,52,,,,,,,1,
2022,29,290219,Missouri,2,2,0,0,0,3,3,187,ST FRANCOIS (187),0,NOT APPLICABLE,2,2,4,April,2022,7,Saturday,9,9:00am-9:59am,45,45,1,This section IS ON the NHS,1,Rural,3,Principal Arterial - Other,1,State Highway Agency,3,State Highway,SR-8,,40,40,37.86219444,37.86219444,-90.573777780,-90.57377778,0,No Special Jurisdiction,12,Motor Vehicle In-Transport,2,Front-to-Front,0,No,1,Non-Junction,1,Not an Intersection,0,None,,,1,On Roadway,1,Daylight,,,,,1,Clear,0,No,0000000,Not Applicable,9,9:00am-9:59am,52,52,10,10:00am-10:59am,17,17,10,10:00am-10:59am,57,57,,,,,,,2,
2022,29,290220,Missouri,1,1,0,1,1,2,2,9,BARRY (9),0,NOT APPLICABLE,4,4,4,April,2022,2,Monday,21,9:00pm-9:59pm,27,27,0,This section IS NOT on the NHS,1,Rural,5,Major Collector,1,State Highway Agency,3,State Highway,SR-76,,0,None,36.74774722,36.74774722,-94.067394440,-94.06739444,0,No Special Jurisdiction,8,Pedestrian,0,The First Harmful Event was Not a Collision with a Motor Vehicle in Transport,0,No,1,Non-Junction,1,Not an Intersection,0,None,,,1,On Roadway,2,Dark - Not Lighted,,,,,1,Clear,0,No,0000000,Not Applicable,99,Unknown,98,Unknown if Notified,99,Unknown EMS Scene Arrival Hour,98,Unknown if Arrived,88,"Not Applicable (Not Transported) ",88,Not Applicable (Not Transported),,,,,,,1,
2022,29,290221,Missouri,1,1,0,0,0,2,2,77,GREENE (77),0,NOT APPLICABLE,23,23,4,April,2022,7,Saturday,11,11:00am-11:59am,19,19,1,This section IS ON the NHS,1,Rural,1,Interstate,1,State Highway Agency,1,Interstate,I-44,,270,270,37.18547222,37.18547222,-93.528444440,-93.52844444,0,No Special Jurisdiction,1,Rollover/Overturn,0,The First Harmful Event was Not a Collision with a Motor Vehicle in Transport,0,No,1,Non-Junction,1,Not an Intersection,0,None,,,1,On Roadway,1,Daylight,,,,,1,Clear,0,No,0000000,Not Applicable,11,11:00am-11:59am,21,21,11,11:00am-11:59am,34,34,11,11:00am-11:59am,58,58,,,,,,,1,
2022,29,290224,Missouri,3,3,0,0,0,3,3,189,ST LOUIS (189),1050,BRIDGETON,9,9,4,April,2022,7,Saturday,1,1:00am-1:59am,2,2,1,This section IS ON the NHS,2,Urban,1,Interstate,1,State Highway Agency,1,Interstate,I-70,,40,40,38.74350000,38.74350000,-90.417722220,-90.41772222,0,No Special Jurisdiction,12,Motor Vehicle In-Transport,2,Front-to-Front,0,No,1,Non-Junction,1,Not an Intersection,0,None,,,1,On Roadway,2,Dark - Not Lighted,,,,,1,Clear,0,No,0000000,Not Applicable,1,1:00am-1:59am,6,6,1,1:00am-1:59am,13,13,1,1:00am-1:59am,38,38,,,,,,,2,
2022,29,290225,Missouri,2,2,0,0,0,2,2,105,LACLEDE (105),0,NOT APPLICABLE,22,22,4,April,2022,6,Friday,6,6:00am-6:59am,8,8,0,This section IS NOT on the NHS,1,Rural,3,Principal Arterial - Other,1,State Highway Agency,3,State Highway,SR-5,SR-E,50,50,37.82375000,37.82375000,-92.690388890,-92.69038889,0,No Special Jurisdiction,12,Motor Vehicle In-Transport,6,Angle,0,No,2,Intersection,3,T-Intersection,0,None,,,1,On Roadway,2,Dark - Not Lighted,,,,,1,Clear,0,No,0000000,Not Applicable,99,Unknown,99,Unknown,99,Unknown EMS Scene Arrival Hour,99,Unknown EMS Scene Arrival Minutes,99,Unknown,99,Unknown EMS Hospital Arrival Time,,,,,,,1,
2022,29,290226,Missouri,1,1,0,0,0,1,1,95,JACKSON (95),3940,INDEPENDENCE,9,9,4,April,2022,7,Saturday,18,6:00pm-6:59pm,32,32,1,This section IS ON the NHS,2,Urban,2,Principal Arterial - Other Freeways and Expressways,1,State Highway Agency,2,U.S. Highway,US-24,,60,60,39.13847222,39.13847222,-94.218333330,-94.21833333,0,No Special Jurisdiction,25,Concrete Traffic Barrier,0,The First Harmful Event was Not a Collision with a Motor Vehicle in Transport,0,No,1,Non-Junction,1,Not an Intersection,1,Construction,,,4,On Roadside,1,Daylight,,,,,1,Clear,0,No,0000000,Not Applicable,18,6:00pm-6:59pm,36,36,18,6:00pm-6:59pm,40,40,18,6:00pm-6:59pm,57,57,,,,,,,1,
2022,29,290227,Missouri,3,3,0,0,0,5,5,141,MORGAN (141),0,NOT APPLICABLE,14,14,4,April,2022,5,Thursday,13,1:00pm-1:59pm,40,40,0,This section IS NOT on the NHS,1,Rural,4,Minor Arterial,1,State Highway Agency,3,State Highway,SR-52,,10,10,38.43877778,38.43877778,-93.050083330,-93.05008333,0,No Special Jurisdiction,12,Motor Vehicle In-Transport,1,Front-to-Rear,0,No,1,Non-Junction,1,Not an Intersection,0,None,,,1,On Roadway,1,Daylight,,,,,1,Clear,0,No,0000000,Not Applicable,13,1:00pm-1:59pm,55,55,14,2:00pm-2:59pm,4,4,14,2:00pm-2:59pm,29,29,,,,,,,1,
2022,29,290228,Missouri,1,1,0,0,0,1,1,109,LAWRENCE (109),0,NOT APPLICABLE,15,15,4,April,2022,6,Friday,20,8:00pm-8:59pm,37,37,1,This section IS ON the NHS,1,Rural,1,Interstate,1,State Highway Agency,1,Interstate,I-44,,150,150,37.08627778,37.08627778,-93.845444440,-93.84544444,0,No Special Jurisdiction,59,"Traffic Sign Support ",0,The First Harmful Event was Not a Collision with a Motor Vehicle in Transport,1,Yes,19,Other location within Interchange Area,1,Not an Intersection,0,None,,,4,On Roadside,2,Dark - Not Lighted,,,,,1,Clear,0,No,0000000,Not Applicable,99,Unknown,99,Unknown,99,Unknown EMS Scene Arrival Hour,99,Unknown EMS Scene Arrival Minutes,88,"Not Applicable (Not Transported) ",88,Not Applicable (Not Transported),,,,,,,1,
2022,29,290229,Missouri,4,2,2,1,1,2,2,95,JACKSON (95),4120,KANSAS CITY,21,21,4,April,2022,5,Thursday,19,7:00pm-7:59pm,37,37,1,This section IS ON the NHS,2,Urban,3,Principal Arterial - Other,4,City or Municipal Highway Agency,6,Local Street - Municipality,E WINNER RD,,120,120,39.10764167,39.10764167,-94.479991670,-94.47999167,0,No Special Jurisdiction,12,Motor Vehicle In-Transport,99,Reported as Unknown,0,No,1,Non-Junction,1,Not an Intersection,0,None,,,1,On Roadway,1,Daylight,,,,,1,Clear,0,No,0000000,Not Applicable,19,7:00pm-7:59pm,38,38,19,7:00pm-7:59pm,47,47,19,7:00pm-7:59pm,54,54,,,,,,,1,
2022,29,290230,Missouri,1,1,0,1,1,1,1,77,GREENE (77),7460,SPRINGFIELD,26,26,4,April,2022,3,Tuesday,5,5:00am-5:59am,32,32,1,This section IS ON the NHS,2,Urban,2,Principal Arterial - Other Freeways and Expressways,1,State Highway Agency,3,State Highway,SR-13 KANSAS EXPY,,100,100,37.22568889,37.22568889,-93.311633330,-93.31163333,0,No Special Jurisdiction,33,Curb,0,The First Harmful Event was Not a Collision with a Motor Vehicle in Transport,0,No,1,Non-Junction,1,Not an Intersection,0,None,,,3,On Median,3,Dark - Lighted,,,,,1,Clear,0,No,0000000,Not Applicable,5,5:00am-5:59am,36,36,5,5:00am-5:59am,40,40,5,5:00am-5:59am,53,53,,,,,,,1,
2022,29,290231,Missouri,1,1,0,0,0,1,1,107,LAFAYETTE (107),0,NOT APPLICABLE,29,29,4,April,2022,6,Friday,19,7:00pm-7:59pm,0,0,1,This section IS ON the NHS,1,Rural,3,Principal Arterial - Other,1,State Highway Agency,2,U.S. Highway,US-24,,70,70,39.12241667,39.12241667,-93.982527780,-93.98252778,0,No Special Jurisdiction,33,Curb,0,The First Harmful Event was Not a Collision with a Motor Vehicle in Transport,0,No,1,Non-Junction,1,Not an Intersection,0,None,,,4,On Roadside,1,Daylight,,,,,10,Cloudy,0,No,0000000,Not Applicable,19,7:00pm-7:59pm,8,8,19,7:00pm-7:59pm,12,12,19,7:00pm-7:59pm,36,36,,,,,,,1,
2022,29,290232,Missouri,1,1,0,1,1,1,1,183,ST. CHARLES (183),7100,ST. PETERS,14,14,3,March,2022,2,Monday,20,8:00pm-8:59pm,40,40,0,This section IS NOT on the NHS,2,Urban,3,Principal Arterial - Other,1,State Highway Agency,3,State Highway,SR-364,,270,270,38.74316667,38.74316667,-90.605833330,-90.60583333,0,No Special Jurisdiction,8,Pedestrian,0,The First Harmful Event was Not a Collision with a Motor Vehicle in Transport,0,No,1,Non-Junction,1,Not an Intersection,0,None,,,1,On Roadway,3,Dark - Lighted,,,,,1,Clear,0,No,0000000,Not Applicable,20,8:00pm-8:59pm,41,41,20,8:00pm-8:59pm,52,52,21,9:00pm-9:59pm,15,15,,,,,,,1,
2022,29,290233,Missouri,3,3,0,0,0,3,3,31,CAPE GIRARDEAU (31),0,NOT APPLICABLE,24,24,3,March,2022,5,Thursday,21,9:00pm-9:59pm,50,50,0,This section IS NOT on the NHS,1,Rural,4,Minor Arterial,1,State Highway Agency,3,State Highway,SR-AB,,20,20,37.23266667,37.23266667,-89.633722220,-89.63372222,0,No Special Jurisdiction,12,Motor Vehicle In-Transport,8,Sideswipe - Opposite Direction,0,No,1,Non-Junction,1,Not an Intersection,0,None,,,1,On Roadway,2,Dark - Not Lighted,,,,,10,Cloudy,0,No,0000000,Not Applicable,21,9:00pm-9:59pm,56,56,22,10:00pm-10:59pm,12,12,22,10:00pm-10:59pm,29,29,,,,,,,1,
2022,29,290234,Missouri,1,1,0,0,0,1,1,17,BOLLINGER (17),0,NOT APPLICABLE,16,16,4,April,2022,7,Saturday,19,7:00pm-7:59pm,55,55,1,This section IS ON the NHS,1,Rural,3,Principal Arterial - Other,1,State Highway Agency,3,State Highway,SR-72,,50,50,37.51533333,37.51533333,-90.053833330,-90.05383333,0,No Special Jurisdiction,35,Embankment,0,The First Harmful Event was Not a Collision with a Motor Vehicle in Transport,0,No,1,Non-Junction,1,Not an Intersection,0,None,,,4,On Roadside,2,Dark - Not Lighted,,,,,1,Clear,0,No,0000000,Not Applicable,19,7:00pm-7:59pm,58,58,20,8:00pm-8:59pm,23,23,88,"Not Applicable (Not Transported) ",88,Not Applicable (Not Transported),,,,,,,1,
2022,29,290235,Missouri,2,2,0,0,0,2,2,155,PEMISCOT (155),0,NOT APPLICABLE,18,18,4,April,2022,2,Monday,8,8:00am-8:59am,55,55,1,This section IS ON the NHS,1,Rural,1,Interstate,1,State Highway Agency,1,Interstate,I-155,,50,50,36.16513889,36.16513889,-89.682500000,-89.68250000,0,No Special Jurisdiction,12,Motor Vehicle In-Transport,2,Front-to-Front,0,No,1,Non-Junction,1,Not an Intersection,0,None,,,1,On Roadway,1,Daylight,,,,,10,Cloudy,0,No,0000000,Not Applicable,8,8:00am-8:59am,55,55,9,9:00am-9:59am,7,7,9,9:00am-9:59am,44,44,,,,,,,1,
2022,29,290236,Missouri,2,2,0,0,0,2,2,77,GREENE (77),0,NOT APPLICABLE,28,28,4,April,2022,5,Thursday,14,2:00pm-2:59pm,49,49,0,This section IS NOT on the NHS,1,Rural,5,Major Collector,1,State Highway Agency,3,State Highway,SR-H,SR-CC,20,20,37.39755556,37.39755556,-93.269972220,-93.26997222,0,No Special Jurisdiction,12,Motor Vehicle In-Transport,2,Front-to-Front,0,No,2,Intersection,2,Four-Way Intersection,0,None,,,1,On Roadway,1,Daylight,,,,,2,Rain,0,No,0000000,Not Applicable,14,2:00pm-2:59pm,51,51,15,3:00pm-3:59pm,3,3,15,3:00pm-3:59pm,57,57,,,,,,,1,
2022,29,290237,Missouri,2,2,0,0,0,2,2,163,PIKE (163),0,NOT APPLICABLE,28,28,4,April,2022,5,Thursday,23,11:00pm-11:59pm,50,50,1,This section IS ON the NHS,1,Rural,3,Principal Arterial - Other,1,State Highway Agency,2,U.S. Highway,US-54,,180,180,39.38202778,39.38202778,-91.134111110,-91.13411111,0,No Special Jurisdiction,12,Motor Vehicle In-Transport,2,Front-to-Front,0,No,1,Non-Junction,1,Not an Intersection,0,None,,,1,On Roadway,2,Dark - Not Lighted,,,,,1,Clear,0,No,0000000,Not Applicable,23,11:00pm-11:59pm,55,55,0,0:00am-0:59am,1,1,88,"Not Applicable (Not Transported) ",88,Not Applicable (Not Transported),,,,,,,2,
2022,29,290238,Missouri,1,1,0,0,0,2,2,95,JACKSON (95),4120,KANSAS CITY,1,1,5,May,2022,1,Sunday,23,11:00pm-11:59pm,4,4,0,This section IS NOT on the NHS,2,Urban,4,Minor Arterial,4,City or Municipal Highway Agency,6,Local Street - Municipality,E 31ST ST,TROOST AVE,10,10,39.07049444,39.07049444,-94.571166670,-94.57116667,0,No Special Jurisdiction,46,Traffic Signal Support,0,The First Harmful Event was Not a Collision with a Motor Vehicle in Transport,0,No,3,Intersection-Related,2,Four-Way Intersection,1,Construction,,,4,On Roadside,3,Dark - Lighted,,,,,10,Cloudy,0,No,0000000,Not Applicable,99,Unknown,99,Unknown,99,Unknown EMS Scene Arrival Hour,99,Unknown EMS Scene Arrival Minutes,88,"Not Applicable (Not Transported) ",88,Not Applicable (Not Transported),,,,,,,2,
2022,29,290239,Missouri,2,2,0,0,0,2,2,95,JACKSON (95),4120,KANSAS CITY,2,2,5,May,2022,2,Monday,11,11:00am-11:59am,58,58,0,This section IS NOT on the NHS,2,Urban,4,Minor Arterial,4,City or Municipal Highway Agency,6,Local Street - Municipality,E 39TH ST,BENTON BLVD,20,20,39.05522500,39.05522500,-94.546733330,-94.54673333,0,No Special Jurisdiction,12,Motor Vehicle In-Transport,6,Angle,0,No,2,Intersection,2,Four-Way Intersection,0,None,,,1,On Roadway,1,Daylight,,,,,2,Rain,0,No,0000000,Not Applicable,11,11:00am-11:59am,59,59,12,12:00pm-12:59pm,5,5,12,12:00pm-12:59pm,33,33,,,,,,,1,
2022,29,290240,Missouri,2,2,0,0,0,3,3,510,ST. LOUIS (CITY) (510),7080,ST. LOUIS,4,4,5,May,2022,4,Wednesday,17,5:00pm-5:59pm,51,51,0,This section IS NOT on the NHS,2,Urban,7,Local,4,City or Municipal Highway Agency,4,County Road,CR-RIVER CITY CASINO BLVD,BROADWAY ST,0,None,38.53767500,38.53767500,-90.269019440,-90.26901944,0,No Special Jurisdiction,12,Motor Vehicle In-Transport,6,Angle,0,No,2,Intersection,2,Four-Way Intersection,0,None,,,1,On Roadway,1,Daylight,,,,,10,Cloudy,0,No,0000000,Not Applicable,99,Unknown,99,Unknown,99,Unknown EMS Scene Arrival Hour,99,Unknown EMS Scene Arrival Minutes,99,Unknown,99,Unknown EMS Hospital Arrival Time,,,,,,,1,
2022,29,290241,Missouri,1,1,0,0,0,2,2,23,BUTLER (23),0,NOT APPLICABLE,23,23,4,April,2022,7,Saturday,15,3:00pm-3:59pm,15,15,0,This section IS NOT on the NHS,1,Rural,7,Local,2,County Highway Agency,4,County Road,CR-524,,0,None,36.82005556,36.82005556,-90.457111110,-90.45711111,0,No Special Jurisdiction,1,Rollover/Overturn,0,The First Harmful Event was Not a Collision with a Motor Vehicle in Transport,0,No,1,Non-Junction,1,Not an Intersection,0,None,,,4,On Roadside,1,Daylight,,,,,1,Clear,0,No,0000000,Not Applicable,15,3:00pm-3:59pm,20,20,15,3:00pm-3:59pm,28,28,15,3:00pm-3:59pm,51,51,,,,,,,1,
2022,29,290242,Missouri,1,1,0,0,0,1,1,189,ST LOUIS (189),0,NOT APPLICABLE,23,23,4,April,2022,7,Saturday,11,11:00am-11:59am,36,36,1,This section IS ON the NHS,2,Urban,1,Interstate,1,State Highway Agency,1,Interstate,I-270 RP 104154,LILAC AVE,0,None,38.76663889,38.76663889,-90.203000000,-90.20300000,0,No Special Jurisdiction,46,Traffic Signal Support,0,The First Harmful Event was Not a Collision with a Motor Vehicle in Transport,1,Yes,3,Intersection-Related,2,Four-Way Intersection,0,None,,,4,On Roadside,1,Daylight,,,,,1,Clear,0,No,0000000,Not Applicable,11,11:00am-11:59am,39,39,11,11:00am-11:59am,46,46,12,12:00pm-12:59pm,7,7,,,,,,,1,