caseyear,state,st_case,statename,ve_total,ve_forms,pvh_invl,peds,pernotmvit,permvit,persons,county,countyname,city,cityname,day,dayname,month,monthname,year,day_week,day_weekname,hour,hourname,minute,minutename,nhs,nhsname,rur_urb,rur_urbname,func_sys,func_sysname,rd_owner,rd_ownername,route,routename,tway_id,tway_id2,milept,mileptname,latitude,latitudename,longitud,longitudname,sp_jur,sp_jurname,harm_ev,harm_evname,man_coll,man_collname,reljct1,reljct1name,reljct2,reljct2name,typ_int,typ_intname,wrk_zone,wrk_zonename,road_fnc,road_fncname,rel_road,rel_roadname,lgt_cond,lgt_condname,weather1,weather1name,weather2,weather2name,weather,weathername,sch_bus,sch_busname,rail,railname,not_hour,not_hourname,not_min,not_minname,arr_hour,arr_hourname,arr_min,arr_minname,hosp_hr,hosp_hrname,hosp_mn,hosp_mnname,cf1,cf1name,cf2,cf2name,cf3,cf3name,fatals,drunk_dr
2022,29,290243,Missouri,1,1,0,0,0,1,1,131,MILLER (131),0,NOT APPLICABLE,4,4,5,May,2022,4,Wednesday,17,5:00pm-5:59pm,44,44,0,This section IS NOT on the NHS,1,Rural,4,Minor Arterial,1,State Highway Agency,3,State Highway,SR-42,,110,110,38.08775000,38.08775000,-92.471361110,-92.47136111,0,No Special Jurisdiction,42,Tree (Standing Only),0,The First Harmful Event was Not a Collision with a Motor Vehicle in Transport,0,No,1,Non-Junction,1,Not an Intersection,0,None,,,4,On Roadside,1,Daylight,,,,,2,Rain,0,No,0000000,Not Applicable,17,5:00pm-5:59pm,38,38,17,5:00pm-5:59pm,52,52,18,6:00pm-6:59pm,29,29,,,,,,,1,
2022,29,290244,Missouri,3,3,0,0,0,4,4,95,JACKSON (95),4120,KANSAS CITY,8,8,5,May,2022,1,Sunday,13,1:00pm-1:59pm,27,27,1,This section IS ON the NHS,2,Urban,3,Principal Arterial - Other,4,City or Municipal Highway Agency,6,Local Street - Municipality,BANNISTER RD,I-435,70,70,38.95331389,38.95331389,-94.529388890,-94.52938889,0,No Special Jurisdiction,12,Motor Vehicle In-Transport,7,Sideswipe - Same Direction,1,Yes,2,Intersection,98,Not Reported,0,None,,,1,On Roadway,1,Daylight,,,,,10,Cloudy,0,No,0000000,Not Applicable,13,1:00pm-1:59pm,28,28,13,1:00pm-1:59pm,59,59,14,2:00pm-2:59pm,18,18,,,,,,,1,
2022,29,290245,Missouri,1,1,0,0,0,1,1,167,POLK (167),0,NOT APPLICABLE,8,8,5,May,2022,1,Sunday,17,5:00pm-5:59pm,20,20,0,This section IS NOT on the NHS,1,Rural,5,Major Collector,1,State Highway Agency,3,State Highway,SR-123,,40,40,37.76716667,37.76716667,-93.560055560,-93.56005556,0,No Special Jurisdiction,1,Rollover/Overturn,0,The First Harmful Event was Not a Collision with a Motor Vehicle in Transport,0,No,1,Non-Junction,1,Not an Intersection,0,None,,,4,On Roadside,1,Daylight,,,,,1,Clear,0,No,0000000,Not Applicable,17,5:00pm-5:59pm,27,27,17,5:00pm-5:59pm,39,39,88,"Not Applicable (Not Transported) ",88,Not Applicable (Not Transported),,,,,,,1,
2022,29,290246,Missouri,3,3,0,0,0,3,3,49,CLINTON (49),0,NOT APPLICABLE,30,30,4,April,2022,7,Saturday,15,3:00pm-3:59pm,11,11,0,This section IS NOT on the NHS,1,Rural,4,Minor Arterial,1,State Highway Agency,2,U.S. Highway,US-169,,100,100,39.49547222,39.49547222,-94.569472220,-94.56947222,0,No Special Jurisdiction,12,Motor Vehicle In-Transport,8,Sideswipe - Opposite Direction,0,No,1,Non-Junction,1,Not an Intersection,0,None,,,1,On Roadway,1,Daylight,,,,,1,Clear,0,No,0000000,Not Applicable,99,Unknown,99,Unknown,99,Unknown EMS Scene Arrival Hour,99,Unknown EMS Scene Arrival Minutes,99,Unknown,99,Unknown EMS Hospital Arrival Time,,,,,,,1,
2022,29,290247,Missouri,1,1,0,0,0,1,1,95,JACKSON (95),4490,LEES SUMMIT,5,5,5,May,2022,5,Thursday,23,11:00pm-11:59pm,8,8,1,This section IS ON the NHS,2,Urban,3,Principal Arterial - Other,4,City or Municipal Highway Agency,3,State Highway,SR-291,SE LANGSFORD RD,60,60,38.91747222,38.91747222,-94.361872220,-94.36187222,0,No Special Jurisdiction,46,Traffic Signal Support,0,The First Harmful Event was Not a Collision with a Motor Vehicle in Transport,0,No,3,Intersection-Related,2,Four-Way Intersection,0,None,,,12,Pedestrian Refuge Island or Traffic Island,3,Dark - Lighted,,,,,2,Rain,0,No,0000000,Not Applicable,23,11:00pm-11:59pm,10,10,23,11:00pm-11:59pm,13,13,23,11:00pm-11:59pm,31,31,,,,,,,1,
2022,29,290248,Missouri,2,2,0,0,0,2,2,189,ST LOUIS (189),0,NOT APPLICABLE,6,6,5,May,2022,6,Friday,15,3:00pm-3:59pm,46,46,0,This section IS NOT on the NHS,2,Urban,4,Minor Arterial,2,County Highway Agency,4,County Road,CR-REAVIS BARRACKS RD,CR-LEMAY FERRY RD,20,20,38.52364167,38.52364167,-90.299111110,-90.29911111,0,No Special Jurisdiction,12,Motor Vehicle In-Transport,2,Front-to-Front,0,No,2,Intersection,98,Not Reported,0,None,,,1,On Roadway,1,Daylight,,,,,10,Cloudy,0,No,0000000,Not Applicable,15,3:00pm-3:59pm,50,50,15,3:00pm-3:59pm,54,54,16,4:00pm-4:59pm,15,15,,,,,,,1,
2022,29,290249,Missouri,2,2,0,0,0,4,4,95,JACKSON (95),4120,KANSAS CITY,8,8,5,May,2022,1,Sunday,21,9:00pm-9:59pm,14,14,1,This section IS ON the NHS,2,Urban,3,Principal Arterial - Other,4,City or Municipal Highway Agency,6,Local Street - Municipality,WARD PKWY,W 63RD TER,20,20,39.01302222,39.01302222,-94.602686110,-94.60268611,0,No Special Jurisdiction,12,Motor Vehicle In-Transport,6,Angle,0,No,2,Intersection,6,Roundabout,0,None,,,1,On Roadway,3,Dark - Lighted,,,,,1,Clear,0,No,0000000,Not Applicable,21,9:00pm-9:59pm,15,15,21,9:00pm-9:59pm,19,19,88,"Not Applicable (Not Transported) ",88,Not Applicable (Not Transported),,,,,,,1,
2022,29,290250,Missouri,1,1,0,0,0,1,1,189,ST LOUIS (189),0,NOT APPLICABLE,11,11,5,May,2022,4,Wednesday,1,1:00am-1:59am,14,14,0,This section IS NOT on the NHS,2,Urban,5,Major Collector,2,County Highway Agency,4,County Road,CR-PATTERSON RD,,0,None,38.48528889,38.48528889,-90.333805560,-90.33380556,0,No Special Jurisdiction,30,Utility Pole/Light Support,0,The First Harmful Event was Not a Collision with a Motor Vehicle in Transport,0,No,1,Non-Junction,1,Not an Intersection,0,None,,,4,On Roadside,2,Dark - Not Lighted,,,,,1,Clear,0,No,0000000,Not Applicable,0,0:00am-0:59am,57,57,1,1:00am-1:59am,5,5,1,1:00am-1:59am,30,30,,,,,,,1,
2022,29,290251,Missouri,1,1,0,0,0,1,1,510,ST. LOUIS (CITY) (510),7080,ST. LOUIS,11,11,5,May,2022,4,Wednesday,6,6:00am-6:59am,56,56,1,This section IS ON the NHS,2,Urban,1,Interstate,1,State Highway Agency,1,Interstate,I-64,,40,40,38.63043056,38.63043056,-90.229283330,-90.22928333,0,No Special Jurisdiction,25,Concrete Traffic Barrier,0,The First Harmful Event was Not a Collision with a Motor Vehicle in Transport,0,No,1,Non-Junction,1,Not an Intersection,0,None,,,3,On Median,1,Daylight,,,,,1,Clear,0,No,0000000,Not Applicable,99,Unknown,99,Unknown,99,Unknown EMS Scene Arrival Hour,99,Unknown EMS Scene Arrival Minutes,99,Unknown,99,Unknown EMS Hospital Arrival Time,,,,,,,1,
2022,29,290252,Missouri,2,2,0,0,0,2,2,183,ST. CHARLES (183),0,NOT APPLICABLE,16,16,2,February,2022,4,Wednesday,15,3:00pm-3:59pm,44,44,0,This section IS NOT on the NHS,2,Urban,5,Major Collector,2,County Highway Agency,4,County Road,CR-OLD HWY 94,CR-JUNGERMANN RD,10,10,38.74319444,38.74319444,-90.592444440,-90.59244444,0,No Special Jurisdiction,12,Motor Vehicle In-Transport,2,Front-to-Front,0,No,2,Intersection,2,Four-Way Intersection,0,None,,,1,On Roadway,1,Daylight,,,,,10,Cloudy,0,No,0000000,Not Applicable,15,3:00pm-3:59pm,44,44,15,3:00pm-3:59pm,50,50,16,4:00pm-4:59pm,22,22,,,,,,,1,
2022,29,290253,Missouri,1,1,0,0,0,2,2,71,FRANKLIN (71),0,NOT APPLICABLE,1,1,5,May,2022,1,Sunday,8,8:00am-8:59am,19,19,0,This section IS NOT on the NHS,1,Rural,4,Minor Arterial,1,State Highway Agency,3,State Highway,SR-100,,160,160,38.58936111,38.58936111,-91.119777780,-91.11977778,0,No Special Jurisdiction,1,Rollover/Overturn,0,The First Harmful Event was Not a Collision with a Motor Vehicle in Transport,0,No,1,Non-Junction,1,Not an Intersection,0,None,,,1,On Roadway,1,Daylight,,,,,10,Cloudy,0,No,0000000,Not Applicable,99,Unknown,99,Unknown,99,Unknown EMS Scene Arrival Hour,99,Unknown EMS Scene Arrival Minutes,99,Unknown,99,Unknown EMS Hospital Arrival Time,,,,,,,2,
2022,29,290254,Missouri,1,1,0,1,1,1,1,71,FRANKLIN (71),0,NOT APPLICABLE,5,5,5,May,2022,5,Thursday,4,4:00am-4:59am,34,34,1,This section IS ON the NHS,2,Urban,1,Interstate,1,State Highway Agency,1,Interstate,I-44,,20,20,38.22563889,38.22563889,-91.154333330,-91.15433333,0,No Special Jurisdiction,8,Pedestrian,0,The First Harmful Event was Not a Collision with a Motor Vehicle in Transport,1,Yes,18,Through Roadway,1,Not an Intersection,0,None,,,1,On Roadway,2,Dark - Not Lighted,,,,,2,Rain,0,No,0000000,Not Applicable,4,4:00am-4:59am,54,54,5,5:00am-5:59am,0,0,5,5:00am-5:59am,21,21,,,,,,,1,
2022,29,290255,Missouri,1,1,0,0,0,1,1,189,ST LOUIS (189),2780,FLORISSANT,7,7,5,May,2022,7,Saturday,9,9:00am-9:59am,33,33,1,This section IS ON the NHS,2,Urban,1,Interstate,1,State Highway Agency,1,Interstate,I-270,,60,60,38.77236111,38.77236111,-90.302972220,-90.30297222,0,No Special Jurisdiction,34,Ditch,0,The First Harmful Event was Not a Collision with a Motor Vehicle in Transport,0,No,1,Non-Junction,1,Not an Intersection,4,"Work Zone, Type Unknown",,,4,On Roadside,1,Daylight,,,,,1,Clear,0,No,0000000,Not Applicable,9,9:00am-9:59am,33,33,9,9:00am-9:59am,41,41,88,"Not Applicable (Not Transported) ",88,Not Applicable (Not Transported),,,,,,,1,
2022,29,290256,Missouri,2,2,0,0,0,2,2,189,ST LOUIS (189),0,NOT APPLICABLE,8,8,5,May,2022,1,Sunday,16,4:00pm-4:59pm,46,46,0,This section IS NOT on the NHS,2,Urban,3,Principal Arterial - Other,2,County Highway Agency,4,County Road,CR-NEW HALLS FERRY RD,,20,20,38.83742222,38.83742222,-90.317186110,-90.31718611,0,No Special Jurisdiction,12,Motor Vehicle In-Transport,2,Front-to-Front,0,No,1,Non-Junction,1,Not an Intersection,0,None,,,1,On Roadway,1,Daylight,,,,,1,Clear,0,No,0000000,Not Applicable,99,Unknown,99,Unknown,99,Unknown EMS Scene Arrival Hour,99,Unknown EMS Scene Arrival Minutes,99,Unknown,99,Unknown EMS Hospital Arrival Time,,,,,,,1,
2022,29,290257,Missouri,1,1,0,1,1,2,2,510,ST. LOUIS (CITY) (510),7080,ST. LOUIS,14,14,5,May,2022,7,Saturday,20,8:00pm-8:59pm,48,48,0,This section IS NOT on the NHS,2,Urban,3,Principal Arterial - Other,1,State Highway Agency,3,State Highway,SR-366,,10,10,38.58967222,38.58967222,-90.307680560,-90.30768056,0,No Special Jurisdiction,8,Pedestrian,0,The First Harmful Event was Not a Collision with a Motor Vehicle in Transport,0,No,1,Non-Junction,1,Not an Intersection,0,None,,,1,On Roadway,3,Dark - Lighted,,,,,10,Cloudy,0,No,0000000,Not Applicable,20,8:00pm-8:59pm,57,57,21,9:00pm-9:59pm,6,6,21,9:00pm-9:59pm,33,33,,,,,,,1,
2022,29,290258,Missouri,1,1,0,0,0,1,1,510,ST. LOUIS (CITY) (510),7080,ST. LOUIS,15,15,5,May,2022,1,Sunday,4,4:00am-4:59am,44,44,0,This section IS NOT on the NHS,2,Urban,5,Major Collector,4,City or Municipal Highway Agency,6,Local Street - Municipality,TOWER GROVE AVE,,20,20,38.60953333,38.60953333,-90.257772220,-90.25777222,0,No Special Jurisdiction,30,Utility Pole/Light Support,0,The First Harmful Event was Not a Collision with a Motor Vehicle in Transport,0,No,1,Non-Junction,1,Not an Intersection,0,None,,,4,On Roadside,3,Dark - Lighted,,,,,1,Clear,0,No,0000000,Not Applicable,99,Unknown,99,Unknown,99,Unknown EMS Scene Arrival Hour,99,Unknown EMS Scene Arrival Minutes,88,"Not Applicable (Not Transported) ",88,Not Applicable (Not Transported),,,,,,,1,
2022,29,290259,Missouri,4,4,0,0,0,8,8,133,MISSISSIPPI (133),1560,CHARLESTON,17,17,3,March,2022,5,Thursday,8,8:00am-8:59am,1,1,1,This section IS ON the NHS,1,Rural,1,Interstate,1,State Highway Agency,1,Interstate,I-57,,90,90,36.92930556,36.92930556,-89.309138890,-89.30913889,0,No Special Jurisdiction,12,Motor Vehicle In-Transport,1,Front-to-Rear,0,No,1,Non-Junction,1,Not an Intersection,0,None,,,1,On Roadway,1,Daylight,,,,,5,"Fog, Smog, Smoke",0,No,0000000,Not Applicable,8,8:00am-8:59am,35,35,8,8:00am-8:59am,56,56,10,10:00am-10:59am,19,19,,,,,,,1,
2022,29,290260,Missouri,2,2,0,0,0,4,4,133,MISSISSIPPI (133),1560,CHARLESTON,17,17,3,March,2022,5,Thursday,8,8:00am-8:59am,5,5,1,This section IS ON the NHS,1,Rural,1,Interstate,1,State Highway Agency,1,Interstate,I-57,,90,90,36.92930556,36.92930556,-89.309138890,-89.30913889,0,No Special Jurisdiction,12,Motor Vehicle In-Transport,1,Front-to-Rear,0,No,1,Non-Junction,1,Not an Intersection,0,None,,,1,On Roadway,1,Daylight,,,,,5,"Fog, Smog, Smoke",0,No,0000000,Not Applicable,99,Unknown,99,Unknown,99,Unknown EMS Scene Arrival Hour,99,Unknown EMS Scene Arrival Minutes,99,Unknown,99,Unknown EMS Hospital Arrival Time,,,,,,,1,
2022,29,290261,Missouri,4,4,0,0,0,4,4,133,MISSISSIPPI (133),1560,CHARLESTON,17,17,3,March,2022,5,Thursday,8,8:00am-8:59am,5,5,1,This section IS ON the NHS,1,Rural,1,Interstate,1,State Highway Agency,1,Interstate,I-57,,90,90,36.92930556,36.92930556,-89.309138890,-89.30913889,0,No Special Jurisdiction,12,Motor Vehicle In-Transport,7,Sideswipe - Same Direction,0,No,1,Non-Junction,1,Not an Intersection,0,None,,,1,On Roadway,1,Daylight,,,,,5,"Fog, Smog, Smoke",0,No,0000000,Not Applicable,8,8:00am-8:59am,32,32,9,9:00am-9:59am,3,3,11,11:00am-11:59am,24,24,,,,,,,1,
2022,29,290262,Missouri,5,5,0,0,0,4,4,133,MISSISSIPPI (133),1560,CHARLESTON,17,17,3,March,2022,5,Thursday,8,8:00am-8:59am,4,4,1,This section IS ON the NHS,1,Rural,1,Interstate,1,State Highway Agency,1,Interstate,I-57,,90,90,36.92930556,36.92930556,-89.309138890,-89.30913889,0,No Special Jurisdiction,12,Motor Vehicle In-Transport,1,Front-to-Rear,0,No,1,Non-Junction,1,Not an Intersection,0,None,,,1,On Roadway,1,Daylight,,,,,5,"Fog, Smog, Smoke",0,No,0000000,Not Applicable,99,Unknown,99,Unknown,99,Unknown EMS Scene Arrival Hour,99,Unknown EMS Scene Arrival Minutes,88,"Not Applicable (Not Transported) ",88,Not Applicable (Not Transported),,,,,,,1,
2022,29,290263,Missouri,2,1,1,0,0,2,2,21,BUCHANAN (21),7070,ST. JOSEPH,29,29,4,April,2022,6,Friday,1,1:00am-1:59am,39,39,1,This section IS ON the NHS,2,Urban,3,Principal Arterial - Other,3,Town or Township Highway Agency,6,Local Street - Municipality,ST JOSEPH AVE,,20,20,39.79223056,39.79223056,-94.846547220,-94.84654722,0,No Special Jurisdiction,14,Parked Motor Vehicle,0,The First Harmful Event was Not a Collision with a Motor Vehicle in Transport,0,No,1,Non-Junction,1,Not an Intersection,0,None,,,4,On Roadside,3,Dark - Lighted,,,,,10,Cloudy,0,No,0000000,Not Applicable,1,1:00am-1:59am,40,40,1,1:00am-1:59am,44,44,2,2:00am-2:59am,6,6,,,,,,,1,
2022,29,290264,Missouri,3,3,0,1,1,3,3,510,ST. LOUIS (CITY) (510),7080,ST. LOUIS,8,8,3,March,2022,3,Tuesday,14,2:00pm-2:59pm,54,54,0,This section IS NOT on the NHS,2,Urban,4,Minor Arterial,4,City or Municipal Highway Agency,6,Local Street - Municipality,WASHINGTON AVE,4TH ST,50,50,38.62976389,38.62976389,-90.187463890,-90.18746389,0,No Special Jurisdiction,8,Pedestrian,0,The First Harmful Event was Not a Collision with a Motor Vehicle in Transport,0,No,3,Intersection-Related,2,Four-Way Intersection,0,None,,,1,On Roadway,1,Daylight,,,,,1,Clear,0,No,0000000,Not Applicable,99,Unknown,99,Unknown,99,Unknown EMS Scene Arrival Hour,99,Unknown EMS Scene Arrival Minutes,99,Unknown,99,Unknown EMS Hospital Arrival Time,,,,,,,1,
2022,29,290265,Missouri,3,3,0,0,0,4,4,133,MISSISSIPPI (133),1560,CHARLESTON,17,17,3,March,2022,5,Thursday,8,8:00am-8:59am,0,0,1,This section IS ON the NHS,1,Rural,1,Interstate,1,State Highway Agency,1,Interstate,I-57,,110,110,36.92711111,36.92711111,-89.311277780,-89.31127778,0,No Special Jurisdiction,12,Motor Vehicle In-Transport,1,Front-to-Rear,0,No,1,Non-Junction,1,Not an Intersection,0,None,,,1,On Roadway,1,Daylight,,,,,5,"Fog, Smog, Smoke",0,No,0000000,Not Applicable,99,Unknown,99,Unknown,99,Unknown EMS Scene Arrival Hour,99,Unknown EMS Scene Arrival Minutes,99,Unknown,99,Unknown EMS Hospital Arrival Time,,,,,,,1,
2022,29,290266,Missouri,2,2,0,0,0,6,6,131,MILLER (131),0,NOT APPLICABLE,22,22,4,April,2022,6,Friday,18,6:00pm-6:59pm,4,4,1,This section IS ON the NHS,1,Rural,2,Principal Arterial - Other Freeways and Expressways,1,State Highway Agency,2,U.S. Highway,US-54,CR-LAKELAND RD,180,180,38.23226111,38.23226111,-92.622058330,-92.62205833,0,No Special Jurisdiction,12,Motor Vehicle In-Transport,6,Angle,0,No,2,Intersection,2,Four-Way Intersection,0,None,,,1,On Roadway,1,Daylight,,,,,1,Clear,0,No,0000000,Not Applicable,18,6:00pm-6:59pm,4,4,18,6:00pm-6:59pm,9,9,18,6:00pm-6:59pm,31,31,,,,,,,1,
2022,29,290267,Missouri,2,2,0,0,0,2,2,31,CAPE GIRARDEAU (31),3210,GORDONVILLE,26,26,4,April,2022,3,Tuesday,15,3:00pm-3:59pm,10,10,0,This section IS NOT on the NHS,1,Rural,5,Major Collector,1,State Highway Agency,3,State Highway,SR-25,SR-K,40,40,37.31755556,37.31755556,-89.665972220,-89.66597222,0,No Special Jurisdiction,12,Motor Vehicle In-Transport,2,Front-to-Front,0,No,2,Intersection,3,T-Intersection,0,None,,,1,On Roadway,1,Daylight,,,,,1,Clear,0,No,0000000,Not Applicable,15,3:00pm-3:59pm,17,17,15,3:00pm-3:59pm,37,37,15,3:00pm-3:59pm,45,45,,,,,,,1,
2022,29,290268,Missouri,2,2,0,0,0,3,3,9,BARRY (9),0,NOT APPLICABLE,2,2,5,May,2022,2,Monday,18,6:00pm-6:59pm,40,40,0,This section IS NOT on the NHS,1,Rural,4,Minor Arterial,1,State Highway Agency,3,State Highway,SR-76,,80,80,36.66897222,36.66897222,-93.995138890,-93.99513889,0,No Special Jurisdiction,12,Motor Vehicle In-Transport,6,Angle,0,No,1,Non-Junction,1,Not an Intersection,0,None,,,1,On Roadway,1,Daylight,,,,,2,Rain,0,No,0000000,Not Applicable,18,6:00pm-6:59pm,47,47,18,6:00pm-6:59pm,55,55,20,8:00pm-8:59pm,49,49,,,,,,,1,
2022,29,290269,Missouri,1,1,0,0,0,1,1,510,ST. LOUIS (CITY) (510),7080,ST. LOUIS,6,6,5,May,2022,6,Friday,5,5:00am-5:59am,1,1,0,This section IS NOT on the NHS,2,Urban,5,Major Collector,4,City or Municipal Highway Agency,6,Local Street - Municipality,BIRCHER BLVD,,0,None,38.68757222,38.68757222,-90.250325000,-90.25032500,0,No Special Jurisdiction,42,Tree (Standing Only),0,The First Harmful Event was Not a Collision with a Motor Vehicle in Transport,0,No,1,Non-Junction,1,Not an Intersection,0,None,,,4,On Roadside,3,Dark - Lighted,,,,,2,Rain,0,No,0000000,Not Applicable,99,Unknown,99,Unknown,99,Unknown EMS Scene Arrival Hour,99,Unknown EMS Scene Arrival Minutes,88,"Not Applicable (Not Transported) ",88,Not Applicable (Not Transported),,,,,,,1,
2022,29,290270,Missouri,1,1,0,0,0,2,2,147,NODAWAY (147),0,NOT APPLICABLE,8,8,4,April,2022,6,Friday,15,3:00pm-3:59pm,40,40,0,This section IS NOT on the NHS,1,Rural,7,Local,2,County Highway Agency,4,County Road,CR-KATY RD,,0,None,40.53747222,40.53747222,-94.821694440,-94.82169444,0,No Special Jurisdiction,1,Rollover/Overturn,0,The First Harmful Event was Not a Collision with a Motor Vehicle in Transport,0,No,1,Non-Junction,1,Not an Intersection,0,None,,,4,On Roadside,1,Daylight,,,,,1,Clear,0,No,0000000,Not Applicable,15,3:00pm-3:59pm,53,53,16,4:00pm-4:59pm,27,27,17,5:00pm-5:59pm,48,48,,,,,,,1,
2022,29,290271,Missouri,4,4,0,0,0,4,4,183,ST. CHARLES (183),7100,ST. PETERS,21,21,4,April,2022,5,Thursday,22,10:00pm-10:59pm,15,15,1,This section IS ON the NHS,2,Urban,1,Interstate,1,State Highway Agency,1,Interstate,I-70,,80,80,38.80025000,38.80025000,-90.629000000,-90.62900000,0,No Special Jurisdiction,12,Motor Vehicle In-Transport,1,Front-to-Rear,0,No,1,Non-Junction,1,Not an Intersection,0,None,,,1,On Roadway,3,Dark - Lighted,,,,,1,Clear,0,No,0000000,Not Applicable,99,Unknown,99,Unknown,99,Unknown EMS Scene Arrival Hour,99,Unknown EMS Scene Arrival Minutes,99,Unknown,99,Unknown EMS Hospital Arrival Time,,,,,,,1,
2022,29,290272,Missouri,1,1,0,1,1,3,3,187,ST FRANCOIS (187),0,NOT APPLICABLE,1,1,5,May,2022,1,Sunday,10,10:00am-10:59am,42,42,1,This section IS ON the NHS,1,Rural,2,Principal Arterial - Other Freeways and Expressways,1,State Highway Agency,2,U.S. Highway,US-67,,10,10,37.65825000,37.65825000,-90.367666670,-90.36766667,0,No Special Jurisdiction,8,Pedestrian,0,The First Harmful Event was Not a Collision with a Motor Vehicle in Transport,0,No,1,Non-Junction,1,Not an Intersection,0,None,,,1,On Roadway,1,Daylight,,,,,1,Clear,0,No,0000000,Not Applicable,99,Unknown,98,Unknown if Notified,99,Unknown EMS Scene Arrival Hour,98,Unknown if Arrived,88,"Not Applicable (Not Transported) ",88,Not Applicable (Not Transported),,,,,,,1,
2022,29,290273,Missouri,1,1,0,0,0,2,2,81,HARRISON (81),0,NOT APPLICABLE,5,5,5,May,2022,5,Thursday,3,3:00am-3:59am,50,50,1,This section IS ON the NHS,1,Rural,1,Interstate,1,State Highway Agency,1,Interstate,I-35,,240,240,40.23330556,40.23330556,-94.013055560,-94.01305556,0,No Special Jurisdiction,52,Guardrail End,0,The First Harmful Event was Not a Collision with a Motor Vehicle in Transport,0,No,1,Non-Junction,1,Not an Intersection,1,Construction,,,4,On Roadside,2,Dark - Not Lighted,,,,,10,Cloudy,0,No,0000000,Not Applicable,99,Unknown,98,Unknown if Notified,99,Unknown EMS Scene Arrival Hour,98,Unknown if Arrived,88,"Not Applicable (Not Transported) ",88,Not Applicable (Not Transported),,,,,,,1,
2022,29,290274,Missouri,2,2,0,0,0,3,3,209,STONE (209),6670,REEDS SPRING,6,6,5,May,2022,6,Friday,13,1:00pm-1:59pm,58,58,1,This section IS ON the NHS,1,Rural,3,Principal Arterial - Other,1,State Highway Agency,3,State Highway,SR-13,,40,40,36.76158333,36.76158333,-93.354194440,-93.35419444,0,No Special Jurisdiction,12,Motor Vehicle In-Transport,2,Front-to-Front,0,No,1,Non-Junction,1,Not an Intersection,0,None,,,1,On Roadway,1,Daylight,,,,,10,Cloudy,0,No,0000000,Not Applicable,14,2:00pm-2:59pm,0,0,14,2:00pm-2:59pm,8,8,15,3:00pm-3:59pm,4,4,,,,,,,2,
2022,29,290275,Missouri,2,2,0,0,0,6,6,15,BENTON (15),0,NOT APPLICABLE,7,7,5,May,2022,7,Saturday,17,5:00pm-5:59pm,45,45,1,This section IS ON the NHS,1,Rural,3,Principal Arterial - Other,1,State Highway Agency,3,State Highway,SR-7,,210,210,38.17558333,38.17558333,-93.288416670,-93.28841667,0,No Special Jurisdiction,12,Motor Vehicle In-Transport,2,Front-to-Front,0,No,1,Non-Junction,1,Not an Intersection,0,None,,,4,On Roadside,1,Daylight,,,,,10,Cloudy,0,No,0000000,Not Applicable,17,5:00pm-5:59pm,47,47,17,5:00pm-5:59pm,57,57,99,Unknown,99,Unknown EMS Hospital Arrival Time,,,,,,,1,
2022,29,290276,Missouri,1,1,0,1,1,1,1,189,ST LOUIS (189),2700,FERGUSON,7,7,5,May,2022,7,Saturday,22,10:00pm-10:59pm,45,45,1,This section IS ON the NHS,2,Urban,3,Principal Arterial - Other,4,City or Municipal Highway Agency,6,Local Street - Municipality,WEST FLORISSANT AVE,,30,30,38.73519444,38.73519444,-90.277916670,-90.27791667,0,No Special Jurisdiction,8,Pedestrian,0,The First Harmful Event was Not a Collision with a Motor Vehicle in Transport,0,No,1,Non-Junction,1,Not an Intersection,0,None,,,1,On Roadway,2,Dark - Not Lighted,,,,,1,Clear,0,No,0000000,Not Applicable,22,10:00pm-10:59pm,52,52,23,11:00pm-11:59pm,4,4,23,11:00pm-11:59pm,17,17,,,,,,,1,
2022,29,290277,Missouri,3,3,0,0,0,3,3,77,GREENE (77),7460,SPRINGFIELD,10,10,5,May,2022,3,Tuesday,17,5:00pm-5:59pm,28,28,1,This section IS ON the NHS,2,Urban,3,Principal Arterial - Other,1,State Highway Agency,6,Local Street - Municipality,WEST BYPASS,W GRAND ST,100,100,37.19765000,37.19765000,-93.349658330,-93.34965833,0,No Special Jurisdiction,12,Motor Vehicle In-Transport,6,Angle,0,No,2,Intersection,3,T-Intersection,0,None,,,1,On Roadway,1,Daylight,,,,,10,Cloudy,0,No,0000000,Not Applicable,99,Unknown,98,Unknown if Notified,99,Unknown EMS Scene Arrival Hour,98,Unknown if Arrived,88,"Not Applicable (Not Transported) ",88,Not Applicable (Not Transported),,,,,,,1,
2022,29,290278,Missouri,2,2,0,0,0,3,3,99,JEFFERSON (99),0,NOT APPLICABLE,10,10,5,May,2022,3,Tuesday,10,10:00am-10:59am,10,10,1,This section IS ON the NHS,2,Urban,3,Principal Arterial - Other,1,State Highway Agency,2,U.S. Highway,US-67,CR-COUNTY RD CC,130,130,38.19152778,38.19152778,-90.415138890,-90.41513889,0,No Special Jurisdiction,12,Motor Vehicle In-Transport,6,Angle,0,No,2,Intersection,2,Four-Way Intersection,0,None,,,1,On Roadway,1,Daylight,,,,,1,Clear,0,No,0000000,Not Applicable,10,10:00am-10:59am,13,13,10,10:00am-10:59am,17,17,10,10:00am-10:59am,38,38,,,,,,,1,
2022,29,290279,Missouri,1,1,0,0,0,1,1,145,NEWTON (145),0,NOT APPLICABLE,11,11,5,May,2022,4,Wednesday,17,5:00pm-5:59pm,25,25,0,This section IS NOT on the NHS,1,Rural,4,Minor Arterial,1,State Highway Agency,3,State Highway,SR-43,,90,90,36.94254722,36.94254722,-94.564130560,-94.56413056,0,No Special Jurisdiction,42,Tree (Standing Only),0,The First Harmful Event was Not a Collision with a Motor Vehicle in Transport,0,No,1,Non-Junction,1,Not an Intersection,0,None,,,4,On Roadside,1,Daylight,,,,,1,Clear,0,No,0000000,Not Applicable,99,Unknown,98,Unknown if Notified,99,Unknown EMS Scene Arrival Hour,98,Unknown if Arrived,88,"Not Applicable (Not Transported) ",88,Not Applicable (Not Transported),,,,,,,1,