caseyear,state,st_case,statename,ve_total,ve_forms,pvh_invl,peds,pernotmvit,permvit,persons,county,countyname,city,cityname,day,dayname,month,monthname,year,day_week,day_weekname,hour,hourname,minute,minutename,nhs,nhsname,rur_urb,rur_urbname,func_sys,func_sysname,rd_owner,rd_ownername,route,routename,tway_id,tway_id2,milept,mileptname,latitude,latitudename,longitud,longitudname,sp_jur,sp_jurname,harm_ev,harm_evname,man_coll,man_collname,reljct1,reljct1name,reljct2,reljct2name,typ_int,typ_intname,wrk_zone,wrk_zonename,road_fnc,road_fncname,rel_road,rel_roadname,lgt_cond,lgt_condname,weather1,weather1name,weather2,weather2name,weather,weathername,sch_bus,sch_busname,rail,railname,not_hour,not_hourname,not_min,not_minname,arr_hour,arr_hourname,arr_min,arr_minname,hosp_hr,hosp_hrname,hosp_mn,hosp_mnname,cf1,cf1name,cf2,cf2name,cf3,cf3name,fatals,drunk_dr
2022,29,290321,Missouri,1,1,0,0,0,1,1,219,WARREN (219),0,NOT APPLICABLE,6,6,6,June,2022,2,Monday,99,Unknown Hours,99,Unknown Minutes,0,This section IS NOT on the NHS,1,Rural,4,Minor Arterial,1,State Highway Agency,3,State Highway,SR-47,,30,30,38.88419444,38.88419444,-91.132361110,-91.13236111,0,No Special Jurisdiction,42,Tree (Standing Only),0,The First Harmful Event was Not a Collision with a Motor Vehicle in Transport,0,No,1,Non-Junction,1,Not an Intersection,0,None,,,4,On Roadside,9,Reported as Unknown,,,,,99,Reported as Unknown,0,No,0000000,Not Applicable,99,Unknown,98,Unknown if Notified,99,Unknown EMS Scene Arrival Hour,98,Unknown if Arrived,88,"Not Applicable (Not Transported) ",88,Not Applicable (Not Transported),,,,,,,1,
2022,29,290322,Missouri,1,1,0,0,0,1,1,59,DALLAS (59),0,NOT APPLICABLE,9,9,6,June,2022,5,Thursday,16,4:00pm-4:59pm,25,25,0,This section IS NOT on the NHS,1,Rural,5,Major Collector,1,State Highway Agency,3,State Highway,SR-OO,,50,50,37.69202500,37.69202500,-92.856852780,-92.85685278,0,No Special Jurisdiction,1,Rollover/Overturn,0,The First Harmful Event was Not a Collision with a Motor Vehicle in Transport,0,No,1,Non-Junction,1,Not an Intersection,0,None,,,4,On Roadside,1,Daylight,,,,,10,Cloudy,0,No,0000000,Not Applicable,16,4:00pm-4:59pm,19,19,16,4:00pm-4:59pm,29,29,88,"Not Applicable (Not Transported) ",88,Not Applicable (Not Transported),,,,,,,1,
2022,29,290323,Missouri,1,1,0,1,1,1,1,131,MILLER (131),4327,LAKE OZARK,5,5,6,June,2022,1,Sunday,20,8:00pm-8:59pm,57,57,1,This section IS ON the NHS,1,Rural,2,Principal Arterial - Other Freeways and Expressways,1,State Highway Agency,2,U.S. Highway,US-54 RAMP,,0,None,38.18768611,38.18768611,-92.607927780,-92.60792778,0,No Special Jurisdiction,8,Pedestrian,0,The First Harmful Event was Not a Collision with a Motor Vehicle in Transport,1,Yes,20,Entrance/Exit Ramp,1,Not an Intersection,0,None,,,1,On Roadway,2,Dark - Not Lighted,,,,,1,Clear,0,No,0000000,Not Applicable,99,Unknown,98,Unknown if Notified,99,Unknown EMS Scene Arrival Hour,98,Unknown if Arrived,88,"Not Applicable (Not Transported) ",88,Not Applicable (Not Transported),,,,,,,1,
2022,29,290324,Missouri,1,1,0,0,0,1,1,141,MORGAN (141),0,NOT APPLICABLE,6,6,6,June,2022,2,Monday,18,6:00pm-6:59pm,24,24,0,This section IS NOT on the NHS,1,Rural,5,Major Collector,1,State Highway Agency,3,State Highway,SR-Y,,150,150,38.28713889,38.28713889,-92.702472220,-92.70247222,0,No Special Jurisdiction,35,Embankment,0,The First Harmful Event was Not a Collision with a Motor Vehicle in Transport,0,No,1,Non-Junction,1,Not an Intersection,0,None,,,4,On Roadside,1,Daylight,,,,,10,Cloudy,0,No,0000000,Not Applicable,99,Unknown,98,Unknown if Notified,99,Unknown EMS Scene Arrival Hour,98,Unknown if Arrived,88,"Not Applicable (Not Transported) ",88,Not Applicable (Not Transported),,,,,,,1,
2022,29,290325,Missouri,2,2,0,0,0,2,2,71,FRANKLIN (71),0,NOT APPLICABLE,6,6,6,June,2022,2,Monday,16,4:00pm-4:59pm,42,42,1,This section IS ON the NHS,1,Rural,1,Interstate,1,State Highway Agency,1,Interstate,I-44,,190,190,38.38594444,38.38594444,-90.951111110,-90.95111111,0,No Special Jurisdiction,12,Motor Vehicle In-Transport,1,Front-to-Rear,0,No,1,Non-Junction,1,Not an Intersection,0,None,,,1,On Roadway,1,Daylight,,,,,10,Cloudy,0,No,0000000,Not Applicable,99,Unknown,98,Unknown if Notified,99,Unknown EMS Scene Arrival Hour,98,Unknown if Arrived,88,"Not Applicable (Not Transported) ",88,Not Applicable (Not Transported),,,,,,,1,
2022,29,290326,Missouri,1,1,0,0,0,2,2,71,FRANKLIN (71),7020,ST. CLAIR,8,8,6,June,2022,4,Wednesday,7,7:00am-7:59am,45,45,1,This section IS ON the NHS,1,Rural,1,Interstate,1,State Highway Agency,1,Interstate,I-44,,110,110,38.31252778,38.31252778,-91.056611110,-91.05661111,0,No Special Jurisdiction,42,Tree (Standing Only),0,The First Harmful Event was Not a Collision with a Motor Vehicle in Transport,0,No,1,Non-Junction,1,Not an Intersection,0,None,,,4,On Roadside,1,Daylight,,,,,1,Clear,0,No,0000000,Not Applicable,7,7:00am-7:59am,14,14,7,7:00am-7:59am,37,37,9,9:00am-9:59am,3,3,,,,,,,1,
2022,29,290327,Missouri,1,1,0,1,1,2,2,95,JACKSON (95),4120,KANSAS CITY,12,12,6,June,2022,1,Sunday,21,9:00pm-9:59pm,48,48,0,This section IS NOT on the NHS,2,Urban,4,Minor Arterial,4,City or Municipal Highway Agency,6,Local Street - Municipality,BLUE RIDGE BLVD,,80,80,38.90968056,38.90968056,-94.521652780,-94.52165278,0,No Special Jurisdiction,8,Pedestrian,0,The First Harmful Event was Not a Collision with a Motor Vehicle in Transport,0,No,1,Non-Junction,1,Not an Intersection,0,None,,,1,On Roadway,3,Dark - Lighted,,,,,1,Clear,0,No,0000000,Not Applicable,99,Unknown,98,Unknown if Notified,99,Unknown EMS Scene Arrival Hour,98,Unknown if Arrived,88,"Not Applicable (Not Transported) ",88,Not Applicable (Not Transported),,,,,,,1,
2022,29,290328,Missouri,2,2,0,0,0,2,2,109,LAWRENCE (109),0,NOT APPLICABLE,10,10,5,May,2022,3,Tuesday,16,4:00pm-4:59pm,35,35,0,This section IS NOT on the NHS,1,Rural,5,Major Collector,1,State Highway Agency,3,State Highway,SR-T,SR-14,50,50,37.06033333,37.06033333,-93.627583330,-93.62758333,0,No Special Jurisdiction,12,Motor Vehicle In-Transport,7,Sideswipe - Same Direction,0,No,3,Intersection-Related,98,Not Reported,0,None,,,1,On Roadway,1,Daylight,,,,,1,Clear,0,No,0000000,Not Applicable,99,Unknown,99,Unknown,99,Unknown EMS Scene Arrival Hour,99,Unknown EMS Scene Arrival Minutes,88,"Not Applicable (Not Transported) ",88,Not Applicable (Not Transported),,,,,,,1,
2022,29,290329,Missouri,2,2,0,0,0,3,3,135,MONITEAU (135),0,NOT APPLICABLE,16,16,5,May,2022,2,Monday,19,7:00pm-7:59pm,18,18,1,This section IS ON the NHS,2,Urban,3,Principal Arterial - Other,1,State Highway Agency,2,U.S. Highway,US-50,,110,110,38.63928889,38.63928889,-92.649327780,-92.64932778,0,No Special Jurisdiction,12,Motor Vehicle In-Transport,6,Angle,0,No,1,Non-Junction,1,Not an Intersection,0,None,,,1,On Roadway,1,Daylight,,,,,1,Clear,0,No,0000000,Not Applicable,20,8:00pm-8:59pm,18,18,20,8:00pm-8:59pm,23,23,21,9:00pm-9:59pm,5,5,,,,,,,2,
2022,29,290330,Missouri,2,2,0,0,0,3,3,71,FRANKLIN (71),0,NOT APPLICABLE,28,28,5,May,2022,7,Saturday,23,11:00pm-11:59pm,26,26,0,This section IS NOT on the NHS,1,Rural,6,Minor Collector,2,County Highway Agency,4,County Road,CR-ST MARYS RD,,10,10,38.45363056,38.45363056,-90.861241670,-90.86124167,0,No Special Jurisdiction,12,Motor Vehicle In-Transport,2,Front-to-Front,0,No,1,Non-Junction,1,Not an Intersection,0,None,,,1,On Roadway,2,Dark - Not Lighted,,,,,1,Clear,0,No,0000000,Not Applicable,23,11:00pm-11:59pm,27,27,23,11:00pm-11:59pm,39,39,0,0:00am-0:59am,15,15,,,,,,,1,
2022,29,290331,Missouri,2,2,0,0,0,3,3,189,ST LOUIS (189),4060,JENNINGS,1,1,6,June,2022,4,Wednesday,15,3:00pm-3:59pm,23,23,1,This section IS ON the NHS,2,Urban,3,Principal Arterial - Other,1,State Highway Agency,3,State Highway,SR-367,JENNINGS STATION RD,60,60,38.72886111,38.72886111,-90.239944440,-90.23994444,0,No Special Jurisdiction,12,Motor Vehicle In-Transport,6,Angle,0,No,2,Intersection,2,Four-Way Intersection,0,None,,,1,On Roadway,1,Daylight,,,,,10,Cloudy,0,No,0000000,Not Applicable,15,3:00pm-3:59pm,25,25,15,3:00pm-3:59pm,28,28,15,3:00pm-3:59pm,47,47,,,,,,,1,
2022,29,290332,Missouri,2,2,0,0,0,2,2,510,ST. LOUIS (CITY) (510),7080,ST. LOUIS,8,8,6,June,2022,4,Wednesday,0,0:00am-0:59am,34,34,1,This section IS ON the NHS,2,Urban,1,Interstate,1,State Highway Agency,1,Interstate,I-70,,20,20,38.68450556,38.68450556,-90.242536110,-90.24253611,0,No Special Jurisdiction,12,Motor Vehicle In-Transport,1,Front-to-Rear,0,No,1,Non-Junction,1,Not an Intersection,0,None,,,1,On Roadway,3,Dark - Lighted,,,,,10,Cloudy,0,No,0000000,Not Applicable,0,0:00am-0:59am,43,43,0,0:00am-0:59am,53,53,1,1:00am-1:59am,59,59,,,,,,,1,
2022,29,290333,Missouri,2,2,0,0,0,2,2,95,JACKSON (95),4120,KANSAS CITY,8,8,6,June,2022,4,Wednesday,0,0:00am-0:59am,40,40,0,This section IS NOT on the NHS,2,Urban,4,Minor Arterial,4,City or Municipal Highway Agency,6,Local Street - Municipality,W 75TH ST,WARD PKWY,0,None,38.99283333,38.99283333,-94.603833330,-94.60383333,0,No Special Jurisdiction,12,Motor Vehicle In-Transport,6,Angle,0,No,2,Intersection,2,Four-Way Intersection,0,None,,,1,On Roadway,3,Dark - Lighted,,,,,1,Clear,0,No,0000000,Not Applicable,0,0:00am-0:59am,41,41,0,0:00am-0:59am,46,46,88,"Not Applicable (Not Transported) ",88,Not Applicable (Not Transported),,,,,,,1,
2022,29,290334,Missouri,1,1,0,0,0,1,1,223,WAYNE (223),0,NOT APPLICABLE,10,10,6,June,2022,6,Friday,22,10:00pm-10:59pm,30,30,0,This section IS NOT on the NHS,1,Rural,5,Major Collector,1,State Highway Agency,3,State Highway,SR-D,,130,130,37.01695556,37.01695556,-90.280833330,-90.28083333,0,No Special Jurisdiction,58,Ground,0,The First Harmful Event was Not a Collision with a Motor Vehicle in Transport,0,No,1,Non-Junction,1,Not an Intersection,0,None,,,4,On Roadside,2,Dark - Not Lighted,,,,,10,Cloudy,0,No,0000000,Not Applicable,22,10:00pm-10:59pm,52,52,23,11:00pm-11:59pm,34,34,1,1:00am-1:59am,11,11,,,,,,,1,
2022,29,290335,Missouri,1,1,0,1,1,1,1,173,RALLS (173),0,NOT APPLICABLE,10,10,6,June,2022,6,Friday,2,2:00am-2:59am,0,0,1,This section IS ON the NHS,1,Rural,2,Principal Arterial - Other Freeways and Expressways,1,State Highway Agency,2,U.S. Highway,US-61,,100,100,39.64491667,39.64491667,-91.419277780,-91.41927778,0,No Special Jurisdiction,8,Pedestrian,0,The First Harmful Event was Not a Collision with a Motor Vehicle in Transport,0,No,1,Non-Junction,1,Not an Intersection,0,None,,,1,On Roadway,2,Dark - Not Lighted,,,,,10,Cloudy,0,No,0000000,Not Applicable,2,2:00am-2:59am,3,3,2,2:00am-2:59am,13,13,2,2:00am-2:59am,29,29,,,,,,,1,
2022,29,290336,Missouri,1,1,0,0,0,4,4,161,PHELPS (161),0,NOT APPLICABLE,12,12,6,June,2022,1,Sunday,22,10:00pm-10:59pm,1,1,0,This section IS NOT on the NHS,1,Rural,7,Local,2,County Highway Agency,4,County Road,CR-2250,,10,10,37.99947222,37.99947222,-91.678555560,-91.67855556,0,No Special Jurisdiction,5,Fell/Jumped from Vehicle,0,The First Harmful Event was Not a Collision with a Motor Vehicle in Transport,0,No,1,Non-Junction,1,Not an Intersection,0,None,,,1,On Roadway,2,Dark - Not Lighted,,,,,1,Clear,0,No,0000000,Not Applicable,22,10:00pm-10:59pm,14,14,22,10:00pm-10:59pm,21,21,22,10:00pm-10:59pm,43,43,,,,,,,1,
2022,29,290338,Missouri,2,2,0,0,0,2,2,201,SCOTT (201),7310,SIKESTON,17,17,6,June,2022,6,Friday,7,7:00am-7:59am,16,16,0,This section IS NOT on the NHS,2,Urban,4,Minor Arterial,1,State Highway Agency,2,U.S. Highway,US-61,,290,290,36.88200833,36.88200833,-89.580461110,-89.58046111,0,No Special Jurisdiction,12,Motor Vehicle In-Transport,6,Angle,0,No,8,Driveway Access Related,1,Not an Intersection,0,None,,,1,On Roadway,1,Daylight,,,,,10,Cloudy,0,No,0000000,Not Applicable,7,7:00am-7:59am,20,20,7,7:00am-7:59am,23,23,7,7:00am-7:59am,38,38,,,,,,,1,
2022,29,290339,Missouri,3,1,2,0,0,1,1,95,JACKSON (95),4120,KANSAS CITY,17,17,6,June,2022,6,Friday,15,3:00pm-3:59pm,41,41,0,This section IS NOT on the NHS,2,Urban,4,Minor Arterial,4,City or Municipal Highway Agency,6,Local Street - Municipality,TRUMAN RD,,40,40,39.09370278,39.09370278,-94.503838890,-94.50383889,0,No Special Jurisdiction,14,Parked Motor Vehicle,0,The First Harmful Event was Not a Collision with a Motor Vehicle in Transport,0,No,1,Non-Junction,1,Not an Intersection,0,None,,,7,In Parking Lane/Zone,1,Daylight,,,,,1,Clear,0,No,0000000,Not Applicable,15,3:00pm-3:59pm,41,41,15,3:00pm-3:59pm,42,42,16,4:00pm-4:59pm,2,2,,,,,,,1,
2022,29,290340,Missouri,4,4,0,0,0,4,4,95,JACKSON (95),4120,KANSAS CITY,5,5,4,April,2022,3,Tuesday,17,5:00pm-5:59pm,45,45,0,This section IS NOT on the NHS,2,Urban,4,Minor Arterial,4,City or Municipal Highway Agency,6,Local Street - Municipality,BLUE RIDGE BLVD,E 43RD ST,60,60,39.04375000,39.04375000,-94.438463890,-94.43846389,0,No Special Jurisdiction,12,Motor Vehicle In-Transport,2,Front-to-Front,0,No,2,Intersection,2,Four-Way Intersection,0,None,,,1,On Roadway,1,Daylight,,,,,2,Rain,0,No,0000000,Not Applicable,18,6:00pm-6:59pm,0,0,18,6:00pm-6:59pm,1,1,18,6:00pm-6:59pm,34,34,,,,,,,1,
2022,29,290341,Missouri,2,2,0,1,1,1,1,99,JEFFERSON (99),0,NOT APPLICABLE,20,20,5,May,2022,6,Friday,19,7:00pm-7:59pm,16,16,0,This section IS NOT on the NHS,2,Urban,5,Major Collector,1,State Highway Agency,7,Local Street - Frontage Road,I-55 OUTER RD,,10,10,38.40441667,38.40441667,-90.385916670,-90.38591667,0,No Special Jurisdiction,8,Pedestrian,0,The First Harmful Event was Not a Collision with a Motor Vehicle in Transport,0,No,1,Non-Junction,1,Not an Intersection,0,None,,,1,On Roadway,1,Daylight,,,,,10,Cloudy,0,No,0000000,Not Applicable,19,7:00pm-7:59pm,18,18,19,7:00pm-7:59pm,23,23,19,7:00pm-7:59pm,50,50,,,,,,,1,
2022,29,290342,Missouri,2,2,0,0,0,3,3,55,CRAWFORD (55),0,NOT APPLICABLE,1,1,6,June,2022,4,Wednesday,5,5:00am-5:59am,10,10,0,This section IS NOT on the NHS,1,Rural,5,Major Collector,1,State Highway Agency,3,State Highway,SR-DD,,50,50,38.06461111,38.06461111,-91.427055560,-91.42705556,0,No Special Jurisdiction,12,Motor Vehicle In-Transport,2,Front-to-Front,0,No,1,Non-Junction,1,Not an Intersection,0,None,,,1,On Roadway,2,Dark - Not Lighted,,,,,2,Rain,0,No,0000000,Not Applicable,99,Unknown,99,Unknown,99,Unknown EMS Scene Arrival Hour,99,Unknown EMS Scene Arrival Minutes,99,Unknown,99,Unknown EMS Hospital Arrival Time,,,,,,,1,
2022,29,290343,Missouri,2,2,0,0,0,2,2,143,NEW MADRID (143),0,NOT APPLICABLE,4,4,6,June,2022,7,Saturday,1,1:00am-1:59am,0,0,1,This section IS ON the NHS,1,Rural,1,Interstate,1,State Highway Agency,1,Interstate,I-55,,270,270,36.76791667,36.76791667,-89.537111110,-89.53711111,0,No Special Jurisdiction,12,Motor Vehicle In-Transport,6,Angle,0,No,1,Non-Junction,1,Not an Intersection,0,None,,,1,On Roadway,2,Dark - Not Lighted,,,,,1,Clear,0,No,0000000,Not Applicable,99,Unknown,98,Unknown if Notified,99,Unknown EMS Scene Arrival Hour,98,Unknown if Arrived,88,"Not Applicable (Not Transported) ",88,Not Applicable (Not Transported),,,,,,,1,
2022,29,290344,Missouri,2,2,0,0,0,8,8,189,ST LOUIS (189),4060,JENNINGS,4,4,6,June,2022,7,Saturday,18,6:00pm-6:59pm,59,59,1,This section IS ON the NHS,2,Urban,3,Principal Arterial - Other,2,County Highway Agency,3,State Highway,SR-367,ST CYR RD,60,60,38.73521111,38.73521111,-90.241272220,-90.24127222,0,No Special Jurisdiction,12,Motor Vehicle In-Transport,6,Angle,0,No,2,Intersection,2,Four-Way Intersection,0,None,,,1,On Roadway,1,Daylight,,,,,1,Clear,0,No,0000000,Not Applicable,99,Unknown,99,Unknown,99,Unknown EMS Scene Arrival Hour,99,Unknown EMS Scene Arrival Minutes,99,Unknown,99,Unknown EMS Hospital Arrival Time,,,,,,,1,
2022,29,290345,Missouri,1,1,0,1,1,2,2,145,NEWTON (145),4100,JOPLIN,5,5,6,June,2022,1,Sunday,2,2:00am-2:59am,29,29,1,This section IS ON the NHS,2,Urban,1,Interstate,1,State Highway Agency,1,Interstate,I-44,,40,40,37.01289444,37.01289444,-94.541650000,-94.54165000,0,No Special Jurisdiction,8,Pedestrian,0,The First Harmful Event was Not a Collision with a Motor Vehicle in Transport,0,No,1,Non-Junction,1,Not an Intersection,0,None,,,1,On Roadway,2,Dark - Not Lighted,,,,,1,Clear,0,No,0000000,Not Applicable,99,Unknown,98,Unknown if Notified,99,Unknown EMS Scene Arrival Hour,98,Unknown if Arrived,88,"Not Applicable (Not Transported) ",88,Not Applicable (Not Transported),,,,,,,1,
2022,29,290346,Missouri,3,3,0,0,0,3,3,155,PEMISCOT (155),0,NOT APPLICABLE,7,7,6,June,2022,3,Tuesday,8,8:00am-8:59am,23,23,1,This section IS ON the NHS,1,Rural,2,Principal Arterial - Other Freeways and Expressways,1,State Highway Agency,2,U.S. Highway,US-412,,0,None,36.23502778,36.23502778,-89.958305560,-89.95830556,0,No Special Jurisdiction,12,Motor Vehicle In-Transport,2,Front-to-Front,0,No,1,Non-Junction,1,Not an Intersection,0,None,,,1,On Roadway,1,Daylight,,,,,1,Clear,0,No,0000000,Not Applicable,8,8:00am-8:59am,25,25,8,8:00am-8:59am,35,35,9,9:00am-9:59am,21,21,,,,,,,1,
2022,29,290347,Missouri,1,1,0,0,0,1,1,51,COLE (51),4040,JEFFERSON CITY,7,7,5,May,2022,7,Saturday,13,1:00pm-1:59pm,50,50,0,This section IS NOT on the NHS,2,Urban,98,Not Reported,4,City or Municipal Highway Agency,6,Local Street - Municipality,FROG HOLLOW RD,,10,10,38.56549722,38.56549722,-92.223533330,-92.22353333,0,No Special Jurisdiction,1,Rollover/Overturn,0,The First Harmful Event was Not a Collision with a Motor Vehicle in Transport,0,No,1,Non-Junction,1,Not an Intersection,0,None,,,1,On Roadway,1,Daylight,,,,,1,Clear,0,No,0000000,Not Applicable,13,1:00pm-1:59pm,55,55,14,2:00pm-2:59pm,1,1,88,"Not Applicable (Not Transported) ",88,Not Applicable (Not Transported),,,,,,,1,
2022,29,290348,Missouri,1,1,0,0,0,4,4,83,HENRY (83),0,NOT APPLICABLE,25,25,5,May,2022,4,Wednesday,13,1:00pm-1:59pm,15,15,1,This section IS ON the NHS,1,Rural,2,Principal Arterial - Other Freeways and Expressways,1,State Highway Agency,3,State Highway,SR-13,,30,30,38.24916944,38.24916944,-93.761544440,-93.76154444,0,No Special Jurisdiction,32,Culvert,0,The First Harmful Event was Not a Collision with a Motor Vehicle in Transport,1,Yes,19,Other location within Interchange Area,1,Not an Intersection,0,None,,,3,On Median,1,Daylight,,,,,2,Rain,0,No,0000000,Not Applicable,13,1:00pm-1:59pm,23,23,13,1:00pm-1:59pm,42,42,15,3:00pm-3:59pm,8,8,,,,,,,1,
2022,29,290349,Missouri,3,3,0,0,0,3,3,221,WASHINGTON (221),6440,POTOSI,30,30,5,May,2022,2,Monday,15,3:00pm-3:59pm,0,0,0,This section IS NOT on the NHS,1,Rural,3,Principal Arterial - Other,1,State Highway Agency,3,State Highway,SR-21,PURCELL DR,160,160,37.93091667,37.93091667,-90.772916670,-90.77291667,0,No Special Jurisdiction,12,Motor Vehicle In-Transport,7,Sideswipe - Same Direction,0,No,3,Intersection-Related,98,Not Reported,0,None,,,1,On Roadway,1,Daylight,,,,,1,Clear,0,No,0000000,Not Applicable,15,3:00pm-3:59pm,0,0,15,3:00pm-3:59pm,4,4,16,4:00pm-4:59pm,8,8,,,,,,,1,
2022,29,290350,Missouri,2,2,0,0,0,2,2,161,PHELPS (161),0,NOT APPLICABLE,8,8,6,June,2022,4,Wednesday,21,9:00pm-9:59pm,19,19,0,This section IS NOT on the NHS,1,Rural,4,Minor Arterial,1,State Highway Agency,3,State Highway,SR-72,,50,50,37.90944444,37.90944444,-91.724000000,-91.72400000,0,No Special Jurisdiction,12,Motor Vehicle In-Transport,2,Front-to-Front,0,No,1,Non-Junction,1,Not an Intersection,0,None,,,1,On Roadway,2,Dark - Not Lighted,,,,,1,Clear,0,No,0000000,Not Applicable,99,Unknown,98,Unknown if Notified,99,Unknown EMS Scene Arrival Hour,98,Unknown if Arrived,88,"Not Applicable (Not Transported) ",88,Not Applicable (Not Transported),,,,,,,1,
2022,29,290351,Missouri,2,2,0,0,0,2,2,99,JEFFERSON (99),0,NOT APPLICABLE,8,8,6,June,2022,4,Wednesday,18,6:00pm-6:59pm,15,15,1,This section IS ON the NHS,2,Urban,2,Principal Arterial - Other Freeways and Expressways,1,State Highway Agency,3,State Highway,SR-67,CR-MEYER RD,240,240,38.17412500,38.17412500,-90.446705560,-90.44670556,0,No Special Jurisdiction,12,Motor Vehicle In-Transport,1,Front-to-Rear,0,No,3,Intersection-Related,98,Not Reported,0,None,,,1,On Roadway,1,Daylight,,,,,1,Clear,0,No,0000000,Not Applicable,18,6:00pm-6:59pm,19,19,18,6:00pm-6:59pm,30,30,88,"Not Applicable (Not Transported) ",88,Not Applicable (Not Transported),,,,,,,1,
2022,29,290352,Missouri,2,1,1,0,1,3,4,510,ST. LOUIS (CITY) (510),7080,ST. LOUIS,9,9,6,June,2022,5,Thursday,22,10:00pm-10:59pm,10,10,1,This section IS ON the NHS,2,Urban,1,Interstate,1,State Highway Agency,1,Interstate,I-70,,10,10,38.69262222,38.69262222,-90.259463890,-90.25946389,0,No Special Jurisdiction,14,Parked Motor Vehicle,0,The First Harmful Event was Not a Collision with a Motor Vehicle in Transport,0,No,1,Non-Junction,1,Not an Intersection,0,None,,,2,On Shoulder,3,Dark - Lighted,,,,,1,Clear,0,No,0000000,Not Applicable,22,10:00pm-10:59pm,5,5,22,10:00pm-10:59pm,23,23,23,11:00pm-11:59pm,15,15,,,,,,,1,
2022,29,290353,Missouri,1,1,0,0,0,2,2,37,CASS (37),0,NOT APPLICABLE,11,11,6,June,2022,7,Saturday,2,2:00am-2:59am,25,25,0,This section IS NOT on the NHS,1,Rural,7,Local,2,County Highway Agency,4,County Road,CR-SHIMEL RD,,20,20,38.78199444,38.78199444,-94.141352780,-94.14135278,0,No Special Jurisdiction,34,Ditch,0,The First Harmful Event was Not a Collision with a Motor Vehicle in Transport,0,No,1,Non-Junction,1,Not an Intersection,0,None,,,4,On Roadside,2,Dark - Not Lighted,,,,,10,Cloudy,0,No,0000000,Not Applicable,2,2:00am-2:59am,27,27,2,2:00am-2:59am,39,39,3,3:00am-3:59am,9,9,,,,,,,1,
2022,29,290354,Missouri,1,1,0,0,0,1,1,97,JASPER (97),0,NOT APPLICABLE,11,11,6,June,2022,7,Saturday,23,11:00pm-11:59pm,27,27,0,This section IS NOT on the NHS,2,Urban,4,Minor Arterial,2,County Highway Agency,4,County Road,CR-PEACE CHURCH AVE,,20,20,37.11963333,37.11963333,-94.548091670,-94.54809167,0,No Special Jurisdiction,1,Rollover/Overturn,0,The First Harmful Event was Not a Collision with a Motor Vehicle in Transport,0,No,1,Non-Junction,1,Not an Intersection,0,None,,,4,On Roadside,2,Dark - Not Lighted,,,,,10,Cloudy,0,No,0000000,Not Applicable,23,11:00pm-11:59pm,31,31,23,11:00pm-11:59pm,40,40,0,0:00am-0:59am,4,4,,,,,,,1,
2022,29,290355,Missouri,2,2,0,0,0,3,3,77,GREENE (77),7460,SPRINGFIELD,12,12,6,June,2022,1,Sunday,0,0:00am-0:59am,43,43,1,This section IS ON the NHS,2,Urban,3,Principal Arterial - Other,1,State Highway Agency,6,Local Street - Municipality,CHESTNUT EXPY,WEST BYPASS,20,20,37.21224167,37.21224167,-93.348836110,-93.34883611,0,No Special Jurisdiction,12,Motor Vehicle In-Transport,2,Front-to-Front,0,No,2,Intersection,2,Four-Way Intersection,0,None,,,1,On Roadway,3,Dark - Lighted,,,,,1,Clear,0,No,0000000,Not Applicable,0,0:00am-0:59am,45,45,0,0:00am-0:59am,53,53,99,Unknown,99,Unknown EMS Hospital Arrival Time,,,,,,,2,
2022,29,290356,Missouri,2,2,0,0,0,2,2,9,BARRY (9),0,NOT APPLICABLE,15,15,6,June,2022,4,Wednesday,11,11:00am-11:59am,24,24,0,This section IS NOT on the NHS,1,Rural,5,Major Collector,1,State Highway Agency,3,State Highway,SR-Z,CR-1180,70,70,36.89552778,36.89552778,-93.737750000,-93.73775000,0,No Special Jurisdiction,12,Motor Vehicle In-Transport,6,Angle,0,No,2,Intersection,2,Four-Way Intersection,0,None,,,1,On Roadway,1,Daylight,,,,,1,Clear,0,No,0000000,Not Applicable,99,Unknown,98,Unknown if Notified,99,Unknown EMS Scene Arrival Hour,98,Unknown if Arrived,88,"Not Applicable (Not Transported) ",88,Not Applicable (Not Transported),,,,,,,1,
2022,29,290357,Missouri,1,1,0,1,1,1,1,510,ST. LOUIS (CITY) (510),7080,ST. LOUIS,13,13,5,May,2022,6,Friday,21,9:00pm-9:59pm,44,44,0,This section IS NOT on the NHS,2,Urban,4,Minor Arterial,4,City or Municipal Highway Agency,6,Local Street - Municipality,BROADWAY ST,,50,50,38.54922222,38.54922222,-90.255930560,-90.25593056,0,No Special Jurisdiction,8,Pedestrian,0,The First Harmful Event was Not a Collision with a Motor Vehicle in Transport,0,No,1,Non-Junction,1,Not an Intersection,0,None,,,1,On Roadway,3,Dark - Lighted,,,,,10,Cloudy,0,No,0000000,Not Applicable,21,9:00pm-9:59pm,48,48,22,10:00pm-10:59pm,5,5,22,10:00pm-10:59pm,26,26,,,,,,,1,
2022,29,290358,Missouri,2,2,0,0,0,2,2,95,JACKSON (95),4120,KANSAS CITY,30,30,5,May,2022,2,Monday,13,1:00pm-1:59pm,46,46,0,This section IS NOT on the NHS,2,Urban,4,Minor Arterial,4,City or Municipal Highway Agency,6,Local Street - Municipality,PROSPECT AVE,E 34TH ST,30,30,39.06446389,39.06446389,-94.553050000,-94.55305000,0,No Special Jurisdiction,12,Motor Vehicle In-Transport,6,Angle,0,No,2,Intersection,2,Four-Way Intersection,0,None,,,1,On Roadway,1,Daylight,,,,,1,Clear,0,No,0000000,Not Applicable,13,1:00pm-1:59pm,47,47,13,1:00pm-1:59pm,53,53,14,2:00pm-2:59pm,9,9,,,,,,,1,