caseyear,state,st_case,statename,ve_total,ve_forms,pvh_invl,peds,pernotmvit,permvit,persons,county,countyname,city,cityname,day,dayname,month,monthname,year,day_week,day_weekname,hour,hourname,minute,minutename,nhs,nhsname,rur_urb,rur_urbname,func_sys,func_sysname,rd_owner,rd_ownername,route,routename,tway_id,tway_id2,milept,mileptname,latitude,latitudename,longitud,longitudname,sp_jur,sp_jurname,harm_ev,harm_evname,man_coll,man_collname,reljct1,reljct1name,reljct2,reljct2name,typ_int,typ_intname,wrk_zone,wrk_zonename,road_fnc,road_fncname,rel_road,rel_roadname,lgt_cond,lgt_condname,weather1,weather1name,weather2,weather2name,weather,weathername,sch_bus,sch_busname,rail,railname,not_hour,not_hourname,not_min,not_minname,arr_hour,arr_hourname,arr_min,arr_minname,hosp_hr,hosp_hrname,hosp_mn,hosp_mnname,cf1,cf1name,cf2,cf2name,cf3,cf3name,fatals,drunk_dr
2022,29,290359,Missouri,1,1,0,0,0,2,2,105,LACLEDE (105),9997,Other,31,31,5,May,2022,3,Tuesday,13,1:00pm-1:59pm,0,0,0,This section IS NOT on the NHS,1,Rural,4,Minor Arterial,1,State Highway Agency,3,State Highway,SR-5,,260,260,37.55122778,37.55122778,-92.605483330,-92.60548333,0,No Special Jurisdiction,42,Tree (Standing Only),0,The First Harmful Event was Not a Collision with a Motor Vehicle in Transport,0,No,1,Non-Junction,1,Not an Intersection,0,None,,,4,On Roadside,1,Daylight,,,,,1,Clear,0,No,0000000,Not Applicable,13,1:00pm-1:59pm,2,2,13,1:00pm-1:59pm,51,51,15,3:00pm-3:59pm,5,5,,,,,,,2,
2022,29,290360,Missouri,1,1,0,0,0,2,2,510,ST. LOUIS (CITY) (510),7080,ST. LOUIS,7,7,6,June,2022,3,Tuesday,4,4:00am-4:59am,0,0,1,This section IS ON the NHS,2,Urban,3,Principal Arterial - Other,4,City or Municipal Highway Agency,6,Local Street - Municipality,NATURAL BRIDGE AVE,SCHNUCKS PLAZA,10,10,38.68023333,38.68023333,-90.260225000,-90.26022500,0,No Special Jurisdiction,46,Traffic Signal Support,0,The First Harmful Event was Not a Collision with a Motor Vehicle in Transport,0,No,3,Intersection-Related,3,T-Intersection,0,None,,,4,On Roadside,3,Dark - Lighted,,,,,1,Clear,0,No,0000000,Not Applicable,4,4:00am-4:59am,5,5,4,4:00am-4:59am,15,15,4,4:00am-4:59am,41,41,,,,,,,1,
2022,29,290361,Missouri,2,2,0,0,0,2,2,97,JASPER (97),0,NOT APPLICABLE,8,8,6,June,2022,4,Wednesday,18,6:00pm-6:59pm,5,5,0,This section IS NOT on the NHS,1,Rural,4,Minor Arterial,1,State Highway Agency,3,State Highway,SR-66,CR-CENTRAL CITY RD,120,120,37.08536111,37.08536111,-94.583305560,-94.58330556,0,No Special Jurisdiction,12,Motor Vehicle In-Transport,6,Angle,0,No,2,Intersection,2,Four-Way Intersection,0,None,,,1,On Roadway,1,Daylight,,,,,1,Clear,0,No,0000000,Not Applicable,18,6:00pm-6:59pm,17,17,18,6:00pm-6:59pm,23,23,18,6:00pm-6:59pm,45,45,,,,,,,1,
2022,29,290362,Missouri,1,1,0,0,0,2,2,229,WRIGHT (229),0,NOT APPLICABLE,9,9,6,June,2022,5,Thursday,11,11:00am-11:59am,3,3,0,This section IS NOT on the NHS,1,Rural,7,Local,2,County Highway Agency,4,County Road,CR-CRAVENS RD,,10,10,37.11569444,37.11569444,-92.549194440,-92.54919444,0,No Special Jurisdiction,34,Ditch,0,The First Harmful Event was Not a Collision with a Motor Vehicle in Transport,0,No,1,Non-Junction,1,Not an Intersection,0,None,,,4,On Roadside,1,Daylight,,,,,1,Clear,0,No,0000000,Not Applicable,11,11:00am-11:59am,10,10,11,11:00am-11:59am,49,49,12,12:00pm-12:59pm,18,18,,,,,,,1,
2022,29,290363,Missouri,1,1,0,0,0,3,3,173,RALLS (173),0,NOT APPLICABLE,10,10,6,June,2022,6,Friday,19,7:00pm-7:59pm,7,7,1,This section IS ON the NHS,1,Rural,2,Principal Arterial - Other Freeways and Expressways,1,State Highway Agency,2,U.S. Highway,US-61,,40,40,39.62375000,39.62375000,-91.412416670,-91.41241667,0,No Special Jurisdiction,1,Rollover/Overturn,0,The First Harmful Event was Not a Collision with a Motor Vehicle in Transport,0,No,1,Non-Junction,1,Not an Intersection,0,None,,,4,On Roadside,1,Daylight,,,,,1,Clear,0,No,0000000,Not Applicable,19,7:00pm-7:59pm,4,4,19,7:00pm-7:59pm,13,13,19,7:00pm-7:59pm,59,59,,,,,,,1,
2022,29,290364,Missouri,1,1,0,0,0,1,1,215,TEXAS (215),0,NOT APPLICABLE,11,11,6,June,2022,7,Saturday,20,8:00pm-8:59pm,27,27,0,This section IS NOT on the NHS,1,Rural,4,Minor Arterial,1,State Highway Agency,3,State Highway,SR-32,,260,260,37.52544444,37.52544444,-91.921750000,-91.92175000,0,No Special Jurisdiction,58,Ground,0,The First Harmful Event was Not a Collision with a Motor Vehicle in Transport,0,No,1,Non-Junction,1,Not an Intersection,0,None,,,4,On Roadside,2,Dark - Not Lighted,,,,,1,Clear,0,No,0000000,Not Applicable,20,8:00pm-8:59pm,31,31,20,8:00pm-8:59pm,52,52,21,9:00pm-9:59pm,34,34,,,,,,,1,
2022,29,290365,Missouri,2,2,0,0,0,2,2,97,JASPER (97),8220,WEBB CITY,14,14,6,June,2022,3,Tuesday,22,10:00pm-10:59pm,23,23,1,This section IS ON the NHS,2,Urban,3,Principal Arterial - Other,1,State Highway Agency,6,Local Street - Municipality,RANGE LINE,ZORA,110,110,37.11291667,37.11291667,-94.476138890,-94.47613889,0,No Special Jurisdiction,12,Motor Vehicle In-Transport,6,Angle,0,No,2,Intersection,2,Four-Way Intersection,0,None,,,1,On Roadway,3,Dark - Lighted,,,,,1,Clear,0,No,0000000,Not Applicable,22,10:00pm-10:59pm,24,24,22,10:00pm-10:59pm,31,31,22,10:00pm-10:59pm,53,53,,,,,,,1,
2022,29,290366,Missouri,2,2,0,0,0,2,2,189,ST LOUIS (189),5300,MOLINE ACRES,14,14,6,June,2022,3,Tuesday,19,7:00pm-7:59pm,46,46,1,This section IS ON the NHS,2,Urban,3,Principal Arterial - Other,2,County Highway Agency,4,County Road,CR-CHAMBERS RD,,30,30,38.75102500,38.75102500,-90.248125000,-90.24812500,0,No Special Jurisdiction,12,Motor Vehicle In-Transport,6,Angle,0,No,1,Non-Junction,1,Not an Intersection,0,None,,,1,On Roadway,1,Daylight,,,,,1,Clear,0,No,0000000,Not Applicable,99,Unknown,99,Unknown,99,Unknown EMS Scene Arrival Hour,99,Unknown EMS Scene Arrival Minutes,99,Unknown,99,Unknown EMS Hospital Arrival Time,,,,,,,1,
2022,29,290367,Missouri,2,2,0,0,0,2,2,51,COLE (51),0,NOT APPLICABLE,16,16,6,June,2022,5,Thursday,15,3:00pm-3:59pm,15,15,1,This section IS ON the NHS,2,Urban,3,Principal Arterial - Other,1,State Highway Agency,2,U.S. Highway,US-54,HAMMANN DR,50,50,38.52727778,38.52727778,-92.222722220,-92.22272222,0,No Special Jurisdiction,12,Motor Vehicle In-Transport,6,Angle,0,No,2,Intersection,3,T-Intersection,0,None,,,1,On Roadway,1,Daylight,,,,,1,Clear,0,No,0000000,Not Applicable,15,3:00pm-3:59pm,21,21,15,3:00pm-3:59pm,26,26,15,3:00pm-3:59pm,57,57,,,,,,,1,
2022,29,290368,Missouri,1,1,0,0,0,1,1,35,CARTER (35),0,NOT APPLICABLE,16,16,6,June,2022,5,Thursday,14,2:00pm-2:59pm,2,2,1,This section IS ON the NHS,1,Rural,2,Principal Arterial - Other Freeways and Expressways,1,State Highway Agency,2,U.S. Highway,US-60,,50,50,36.95161111,36.95161111,-91.140305560,-91.14030556,0,No Special Jurisdiction,1,Rollover/Overturn,0,The First Harmful Event was Not a Collision with a Motor Vehicle in Transport,0,No,1,Non-Junction,1,Not an Intersection,0,None,,,4,On Roadside,1,Daylight,,,,,1,Clear,0,No,0000000,Not Applicable,99,Unknown,98,Unknown if Notified,99,Unknown EMS Scene Arrival Hour,98,Unknown if Arrived,88,"Not Applicable (Not Transported) ",88,Not Applicable (Not Transported),,,,,,,1,
2022,29,290369,Missouri,1,1,0,0,0,1,1,227,WORTH (227),90,ALLENDALE,16,16,6,June,2022,5,Thursday,17,5:00pm-5:59pm,40,40,0,This section IS NOT on the NHS,1,Rural,5,Major Collector,1,State Highway Agency,3,State Highway,SR-T,,60,60,40.48700000,40.48700000,-94.289413890,-94.28941389,0,No Special Jurisdiction,42,Tree (Standing Only),0,The First Harmful Event was Not a Collision with a Motor Vehicle in Transport,0,No,1,Non-Junction,1,Not an Intersection,0,None,,,4,On Roadside,1,Daylight,,,,,1,Clear,0,No,0000000,Not Applicable,99,Unknown,98,Unknown if Notified,99,Unknown EMS Scene Arrival Hour,98,Unknown if Arrived,88,"Not Applicable (Not Transported) ",88,Not Applicable (Not Transported),,,,,,,1,
2022,29,290370,Missouri,2,2,0,0,0,2,2,101,JOHNSON (101),0,NOT APPLICABLE,16,16,6,June,2022,5,Thursday,21,9:00pm-9:59pm,15,15,1,This section IS ON the NHS,1,Rural,2,Principal Arterial - Other Freeways and Expressways,1,State Highway Agency,2,U.S. Highway,US-50,,80,80,38.77247222,38.77247222,-93.654694440,-93.65469444,0,No Special Jurisdiction,12,Motor Vehicle In-Transport,1,Front-to-Rear,0,No,1,Non-Junction,1,Not an Intersection,0,None,,,1,On Roadway,1,Daylight,,,,,1,Clear,0,No,0000000,Not Applicable,99,Unknown,99,Unknown,99,Unknown EMS Scene Arrival Hour,99,Unknown EMS Scene Arrival Minutes,99,Unknown,99,Unknown EMS Hospital Arrival Time,,,,,,,1,
2022,29,290371,Missouri,3,1,2,1,1,1,1,510,ST. LOUIS (CITY) (510),7080,ST. LOUIS,17,17,6,June,2022,6,Friday,20,8:00pm-8:59pm,38,38,0,This section IS NOT on the NHS,2,Urban,5,Major Collector,4,City or Municipal Highway Agency,6,Local Street - Municipality,SHREVE AVE,,10,10,38.67798333,38.67798333,-90.242727780,-90.24272778,0,No Special Jurisdiction,14,Parked Motor Vehicle,0,The First Harmful Event was Not a Collision with a Motor Vehicle in Transport,0,No,1,Non-Junction,1,Not an Intersection,0,None,,,4,On Roadside,2,Dark - Not Lighted,,,,,1,Clear,0,No,0000000,Not Applicable,20,8:00pm-8:59pm,56,56,21,9:00pm-9:59pm,5,5,21,9:00pm-9:59pm,42,42,,,,,,,1,
2022,29,290372,Missouri,1,1,0,0,0,1,1,77,GREENE (77),0,NOT APPLICABLE,17,17,6,June,2022,6,Friday,19,7:00pm-7:59pm,50,50,0,This section IS NOT on the NHS,2,Urban,7,Local,2,County Highway Agency,4,County Road,CR-131,,10,10,37.10366667,37.10366667,-93.351694440,-93.35169444,0,No Special Jurisdiction,1,Rollover/Overturn,0,The First Harmful Event was Not a Collision with a Motor Vehicle in Transport,0,No,1,Non-Junction,1,Not an Intersection,0,None,,,1,On Roadway,1,Daylight,,,,,1,Clear,0,No,0000000,Not Applicable,19,7:00pm-7:59pm,55,55,20,8:00pm-8:59pm,6,6,20,8:00pm-8:59pm,29,29,,,,,,,1,
2022,29,290373,Missouri,2,2,0,0,0,3,3,175,RANDOLPH (175),0,NOT APPLICABLE,17,17,6,June,2022,6,Friday,12,12:00pm-12:59pm,20,20,1,This section IS ON the NHS,1,Rural,3,Principal Arterial - Other,1,State Highway Agency,2,U.S. Highway,US-24,,60,60,39.42413889,39.42413889,-92.602250000,-92.60225000,0,No Special Jurisdiction,12,Motor Vehicle In-Transport,2,Front-to-Front,0,No,1,Non-Junction,1,Not an Intersection,0,None,,,1,On Roadway,1,Daylight,,,,,10,Cloudy,0,No,0000000,Not Applicable,12,12:00pm-12:59pm,29,29,12,12:00pm-12:59pm,44,44,14,2:00pm-2:59pm,6,6,,,,,,,1,
2022,29,290374,Missouri,1,1,0,0,0,2,2,59,DALLAS (59),0,NOT APPLICABLE,18,18,6,June,2022,7,Saturday,16,4:00pm-4:59pm,30,30,0,This section IS NOT on the NHS,1,Rural,7,Local,2,County Highway Agency,4,County Road,CR-BENTON BRANCH RD,,30,30,37.69216667,37.69216667,-92.951166670,-92.95116667,0,No Special Jurisdiction,1,Rollover/Overturn,0,The First Harmful Event was Not a Collision with a Motor Vehicle in Transport,0,No,1,Non-Junction,1,Not an Intersection,0,None,,,4,On Roadside,1,Daylight,,,,,1,Clear,0,No,0000000,Not Applicable,99,Unknown,98,Unknown if Notified,99,Unknown EMS Scene Arrival Hour,98,Unknown if Arrived,88,"Not Applicable (Not Transported) ",88,Not Applicable (Not Transported),,,,,,,1,
2022,29,290376,Missouri,1,1,0,0,0,3,3,105,LACLEDE (105),0,NOT APPLICABLE,21,21,6,June,2022,3,Tuesday,1,1:00am-1:59am,35,35,0,This section IS NOT on the NHS,1,Rural,4,Minor Arterial,1,State Highway Agency,3,State Highway,SR-5,,220,220,37.58786111,37.58786111,-92.649111110,-92.64911111,0,No Special Jurisdiction,38,Fence,0,The First Harmful Event was Not a Collision with a Motor Vehicle in Transport,0,No,1,Non-Junction,1,Not an Intersection,0,None,,,4,On Roadside,2,Dark - Not Lighted,,,,,1,Clear,0,No,0000000,Not Applicable,1,1:00am-1:59am,49,49,2,2:00am-2:59am,27,27,3,3:00am-3:59am,9,9,,,,,,,1,
2022,29,290377,Missouri,3,3,0,0,0,4,4,189,ST LOUIS (189),2145,DELLWOOD,22,22,4,April,2022,6,Friday,8,8:00am-8:59am,53,53,1,This section IS ON the NHS,2,Urban,3,Principal Arterial - Other,2,County Highway Agency,4,County Road,CR-WEST FLORISSANT AVE,HUDSON RD,20,20,38.76090278,38.76090278,-90.279641670,-90.27964167,0,No Special Jurisdiction,12,Motor Vehicle In-Transport,6,Angle,0,No,2,Intersection,2,Four-Way Intersection,0,None,,,1,On Roadway,1,Daylight,,,,,1,Clear,0,No,0000000,Not Applicable,8,8:00am-8:59am,52,52,8,8:00am-8:59am,59,59,9,9:00am-9:59am,16,16,,,,,,,1,
2022,29,290378,Missouri,1,1,0,0,0,3,3,99,JEFFERSON (99),0,NOT APPLICABLE,16,16,5,May,2022,2,Monday,11,11:00am-11:59am,0,0,0,This section IS NOT on the NHS,2,Urban,7,Local,4,City or Municipal Highway Agency,6,Local Street - Municipality,WINDSOR HARBOR LN,,0,None,38.36105556,38.36105556,-90.361250000,-90.36125000,0,No Special Jurisdiction,10,Railway Vehicle,0,The First Harmful Event was Not a Collision with a Motor Vehicle in Transport,0,No,6,"Railway Grade Crossing ",1,Not an Intersection,0,None,,,1,On Roadway,1,Daylight,,,,,1,Clear,0,No,445884P,445884P,10,10:00am-10:59am,58,58,11,11:00am-11:59am,17,17,12,12:00pm-12:59pm,5,5,,,,,,,2,
2022,29,290379,Missouri,2,2,0,0,0,4,4,99,JEFFERSON (99),0,NOT APPLICABLE,10,10,6,June,2022,6,Friday,9,9:00am-9:59am,55,55,1,This section IS ON the NHS,1,Rural,2,Principal Arterial - Other Freeways and Expressways,1,State Highway Agency,2,U.S. Highway,US-67,CR-PAPIN RD,30,30,38.06622222,38.06622222,-90.486777780,-90.48677778,0,No Special Jurisdiction,12,Motor Vehicle In-Transport,6,Angle,0,No,2,Intersection,2,Four-Way Intersection,0,None,,,1,On Roadway,1,Daylight,,,,,1,Clear,0,No,0000000,Not Applicable,10,10:00am-10:59am,26,26,10,10:00am-10:59am,48,48,11,11:00am-11:59am,16,16,,,,,,,2,
2022,29,290380,Missouri,1,1,0,0,0,2,2,71,FRANKLIN (71),0,NOT APPLICABLE,11,11,6,June,2022,7,Saturday,2,2:00am-2:59am,30,30,1,This section IS ON the NHS,2,Urban,1,Interstate,1,State Highway Agency,1,Interstate,I-44,,40,40,38.24905556,38.24905556,-91.135166670,-91.13516667,0,No Special Jurisdiction,57,Cable Barrier,0,The First Harmful Event was Not a Collision with a Motor Vehicle in Transport,0,No,1,Non-Junction,1,Not an Intersection,0,None,,,3,On Median,2,Dark - Not Lighted,,,,,1,Clear,0,No,0000000,Not Applicable,99,Unknown,99,Unknown,99,Unknown EMS Scene Arrival Hour,99,Unknown EMS Scene Arrival Minutes,99,Unknown,99,Unknown EMS Hospital Arrival Time,,,,,,,1,
2022,29,290381,Missouri,2,2,0,0,0,2,2,113,LINCOLN (113),0,NOT APPLICABLE,20,20,6,June,2022,2,Monday,13,1:00pm-1:59pm,50,50,0,This section IS NOT on the NHS,1,Rural,5,Major Collector,1,State Highway Agency,3,State Highway,SR-W,,170,170,39.02436111,39.02436111,-90.860722220,-90.86072222,0,No Special Jurisdiction,12,Motor Vehicle In-Transport,1,Front-to-Rear,0,No,8,Driveway Access Related,1,Not an Intersection,0,None,,,1,On Roadway,1,Daylight,,,,,1,Clear,0,No,0000000,Not Applicable,99,Unknown,99,Unknown,99,Unknown EMS Scene Arrival Hour,99,Unknown EMS Scene Arrival Minutes,99,Unknown,99,Unknown EMS Hospital Arrival Time,,,,,,,1,
2022,29,290382,Missouri,2,2,0,0,0,2,2,55,CRAWFORD (55),0,NOT APPLICABLE,21,21,6,June,2022,3,Tuesday,17,5:00pm-5:59pm,18,18,0,This section IS NOT on the NHS,1,Rural,4,Minor Arterial,1,State Highway Agency,3,State Highway,SR-19,,140,140,38.03225000,38.03225000,-91.388638890,-91.38863889,0,No Special Jurisdiction,12,Motor Vehicle In-Transport,2,Front-to-Front,0,No,8,Driveway Access Related,1,Not an Intersection,0,None,,,1,On Roadway,1,Daylight,,,,,1,Clear,0,No,0000000,Not Applicable,17,5:00pm-5:59pm,20,20,17,5:00pm-5:59pm,28,28,18,6:00pm-6:59pm,44,44,,,,,,,1,
2022,29,290383,Missouri,2,2,0,0,0,3,3,95,JACKSON (95),3940,INDEPENDENCE,21,21,6,June,2022,3,Tuesday,18,6:00pm-6:59pm,32,32,0,This section IS NOT on the NHS,2,Urban,5,Major Collector,4,City or Municipal Highway Agency,6,Local Street - Municipality,KENTUCKY AVE,ASH AVE,10,10,39.11003056,39.11003056,-94.455363890,-94.45536389,0,No Special Jurisdiction,12,Motor Vehicle In-Transport,6,Angle,0,No,2,Intersection,2,Four-Way Intersection,0,None,,,1,On Roadway,1,Daylight,,,,,1,Clear,0,No,0000000,Not Applicable,18,6:00pm-6:59pm,34,34,18,6:00pm-6:59pm,41,41,19,7:00pm-7:59pm,8,8,,,,,,,1,
2022,29,290384,Missouri,4,4,0,0,0,5,5,189,ST LOUIS (189),1050,BRIDGETON,23,23,6,June,2022,5,Thursday,12,12:00pm-12:59pm,40,40,1,This section IS ON the NHS,2,Urban,3,Principal Arterial - Other,1,State Highway Agency,3,State Highway,SR-180,PVT SCHNUCKS/HOME DEPOT,20,20,38.73925000,38.73925000,-90.401750000,-90.40175000,0,No Special Jurisdiction,12,Motor Vehicle In-Transport,6,Angle,0,No,2,Intersection,2,Four-Way Intersection,0,None,,,1,On Roadway,1,Daylight,,,,,1,Clear,0,No,0000000,Not Applicable,12,12:00pm-12:59pm,43,43,12,12:00pm-12:59pm,50,50,13,1:00pm-1:59pm,31,31,,,,,,,1,
2022,29,290385,Missouri,2,2,0,1,1,2,2,95,JACKSON (95),4120,KANSAS CITY,23,23,6,June,2022,5,Thursday,2,2:00am-2:59am,30,30,1,This section IS ON the NHS,2,Urban,3,Principal Arterial - Other,4,City or Municipal Highway Agency,6,Local Street - Municipality,INDEPENDENCE AVE,,20,20,39.10601111,39.10601111,-94.541452780,-94.54145278,0,No Special Jurisdiction,8,Pedestrian,0,The First Harmful Event was Not a Collision with a Motor Vehicle in Transport,0,No,1,Non-Junction,1,Not an Intersection,0,None,,,1,On Roadway,3,Dark - Lighted,,,,,1,Clear,0,No,0000000,Not Applicable,2,2:00am-2:59am,30,30,2,2:00am-2:59am,35,35,2,2:00am-2:59am,49,49,,,,,,,1,
2022,29,290386,Missouri,1,1,0,0,0,1,1,169,PULASKI (169),0,NOT APPLICABLE,25,25,6,June,2022,7,Saturday,21,9:00pm-9:59pm,3,3,0,This section IS NOT on the NHS,1,Rural,4,Minor Arterial,1,State Highway Agency,3,State Highway,SR-17,,80,80,37.91638889,37.91638889,-92.256166670,-92.25616667,0,No Special Jurisdiction,1,Rollover/Overturn,0,The First Harmful Event was Not a Collision with a Motor Vehicle in Transport,0,No,1,Non-Junction,1,Not an Intersection,0,None,,,1,On Roadway,2,Dark - Not Lighted,,,,,1,Clear,0,No,0000000,Not Applicable,99,Unknown,99,Unknown,99,Unknown EMS Scene Arrival Hour,99,Unknown EMS Scene Arrival Minutes,99,Unknown,99,Unknown EMS Hospital Arrival Time,,,,,,,1,
2022,29,290387,Missouri,1,1,0,0,0,1,1,145,NEWTON (145),0,NOT APPLICABLE,2,2,7,July,2022,7,Saturday,21,9:00pm-9:59pm,6,6,0,This section IS NOT on the NHS,1,Rural,7,Local,2,County Highway Agency,4,County Road,CR-ELDER RD,,10,10,36.97755556,36.97755556,-94.400138890,-94.40013889,0,No Special Jurisdiction,1,Rollover/Overturn,0,The First Harmful Event was Not a Collision with a Motor Vehicle in Transport,0,No,1,Non-Junction,1,Not an Intersection,0,None,,,1,On Roadway,2,Dark - Not Lighted,,,,,10,Cloudy,0,No,0000000,Not Applicable,99,Unknown,98,Unknown if Notified,99,Unknown EMS Scene Arrival Hour,98,Unknown if Arrived,88,"Not Applicable (Not Transported) ",88,Not Applicable (Not Transported),,,,,,,1,
2022,29,290388,Missouri,2,2,0,0,0,4,4,95,JACKSON (95),840,BLUE SPRINGS,2,2,7,July,2022,7,Saturday,18,6:00pm-6:59pm,19,19,1,This section IS ON the NHS,2,Urban,3,Principal Arterial - Other,1,State Highway Agency,3,State Highway,SR-7,SW EAGLES RIDGE DR,100,100,38.97296389,38.97296389,-94.274052780,-94.27405278,0,No Special Jurisdiction,12,Motor Vehicle In-Transport,6,Angle,0,No,2,Intersection,2,Four-Way Intersection,0,None,,,1,On Roadway,1,Daylight,,,,,1,Clear,0,No,0000000,Not Applicable,18,6:00pm-6:59pm,22,22,18,6:00pm-6:59pm,29,29,18,6:00pm-6:59pm,44,44,,,,,,,2,
2022,29,290389,Missouri,2,2,0,0,0,3,3,145,NEWTON (145),7240,SENECA,4,4,7,July,2022,2,Monday,9,9:00am-9:59am,51,51,0,This section IS NOT on the NHS,1,Rural,4,Minor Arterial,1,State Highway Agency,3,State Highway,SR-43,,140,140,36.87625556,36.87625556,-94.596058330,-94.59605833,0,No Special Jurisdiction,12,Motor Vehicle In-Transport,1,Front-to-Rear,0,No,1,Non-Junction,1,Not an Intersection,0,None,,,1,On Roadway,1,Daylight,,,,,1,Clear,0,No,0000000,Not Applicable,99,Unknown,98,Unknown if Notified,99,Unknown EMS Scene Arrival Hour,98,Unknown if Arrived,88,"Not Applicable (Not Transported) ",88,Not Applicable (Not Transported),,,,,,,1,
2022,29,290390,Missouri,1,1,0,1,1,3,3,225,WEBSTER (225),4980,MARSHFIELD,4,4,7,July,2022,2,Monday,16,4:00pm-4:59pm,50,50,0,This section IS NOT on the NHS,2,Urban,4,Minor Arterial,4,City or Municipal Highway Agency,6,Local Street - Municipality,SPUR,,160,160,37.33722222,37.33722222,-92.922750000,-92.92275000,0,No Special Jurisdiction,9,Pedalcyclist,0,The First Harmful Event was Not a Collision with a Motor Vehicle in Transport,0,No,1,Non-Junction,1,Not an Intersection,0,None,,,1,On Roadway,1,Daylight,,,,,1,Clear,0,No,0000000,Not Applicable,99,Unknown,98,Unknown if Notified,99,Unknown EMS Scene Arrival Hour,98,Unknown if Arrived,88,"Not Applicable (Not Transported) ",88,Not Applicable (Not Transported),,,,,,,1,
2022,29,290391,Missouri,7,7,0,0,0,8,8,95,JACKSON (95),4120,KANSAS CITY,5,5,7,July,2022,3,Tuesday,8,8:00am-8:59am,22,22,1,This section IS ON the NHS,2,Urban,1,Interstate,1,State Highway Agency,1,Interstate,I-435,,70,70,38.97580833,38.97580833,-94.513430560,-94.51343056,0,No Special Jurisdiction,57,Cable Barrier,0,The First Harmful Event was Not a Collision with a Motor Vehicle in Transport,0,No,1,Non-Junction,1,Not an Intersection,0,None,,,3,On Median,1,Daylight,,,,,1,Clear,0,No,0000000,Not Applicable,8,8:00am-8:59am,22,22,8,8:00am-8:59am,42,42,99,Unknown,99,Unknown EMS Hospital Arrival Time,,,,,,,1,
2022,29,290392,Missouri,2,2,0,0,0,2,2,189,ST LOUIS (189),0,NOT APPLICABLE,9,9,7,July,2022,7,Saturday,18,6:00pm-6:59pm,54,54,0,This section IS NOT on the NHS,2,Urban,4,Minor Arterial,1,State Highway Agency,3,State Highway,SR-267,DUMONT PL,20,20,38.52857500,38.52857500,-90.291825000,-90.29182500,0,No Special Jurisdiction,12,Motor Vehicle In-Transport,6,Angle,0,No,2,Intersection,3,T-Intersection,0,None,,,1,On Roadway,1,Daylight,,,,,1,Clear,0,No,0000000,Not Applicable,18,6:00pm-6:59pm,52,52,18,6:00pm-6:59pm,56,56,19,7:00pm-7:59pm,17,17,,,,,,,1,
2022,29,290393,Missouri,1,1,0,0,0,1,1,99,JEFFERSON (99),0,NOT APPLICABLE,10,10,7,July,2022,1,Sunday,20,8:00pm-8:59pm,1,1,0,This section IS NOT on the NHS,1,Rural,3,Principal Arterial - Other,1,State Highway Agency,3,State Highway,SR-30,,30,30,38.31328611,38.31328611,-90.712952780,-90.71295278,0,No Special Jurisdiction,42,Tree (Standing Only),0,The First Harmful Event was Not a Collision with a Motor Vehicle in Transport,0,No,1,Non-Junction,1,Not an Intersection,0,None,,,4,On Roadside,3,Dark - Lighted,,,,,1,Clear,0,No,0000000,Not Applicable,20,8:00pm-8:59pm,2,2,20,8:00pm-8:59pm,11,11,88,"Not Applicable (Not Transported) ",88,Not Applicable (Not Transported),,,,,,,1,
2022,29,290394,Missouri,1,1,0,0,0,2,2,95,JACKSON (95),4120,KANSAS CITY,11,11,7,July,2022,2,Monday,13,1:00pm-1:59pm,13,13,0,This section IS NOT on the NHS,2,Urban,4,Minor Arterial,4,City or Municipal Highway Agency,6,Local Street - Municipality,E 18TH ST,,20,20,39.09045833,39.09045833,-94.540733330,-94.54073333,0,No Special Jurisdiction,30,Utility Pole/Light Support,0,The First Harmful Event was Not a Collision with a Motor Vehicle in Transport,0,No,1,Non-Junction,1,Not an Intersection,0,None,,,4,On Roadside,1,Daylight,,,,,1,Clear,0,No,0000000,Not Applicable,13,1:00pm-1:59pm,14,14,13,1:00pm-1:59pm,34,34,13,1:00pm-1:59pm,41,41,,,,,,,1,
2022,29,290395,Missouri,3,3,0,0,0,5,5,105,LACLEDE (105),0,NOT APPLICABLE,28,28,5,May,2022,7,Saturday,23,11:00pm-11:59pm,0,0,0,This section IS NOT on the NHS,1,Rural,4,Minor Arterial,1,State Highway Agency,3,State Highway,SR-32,,180,180,37.66641667,37.66641667,-92.576638890,-92.57663889,0,No Special Jurisdiction,12,Motor Vehicle In-Transport,8,Sideswipe - Opposite Direction,0,No,1,Non-Junction,1,Not an Intersection,0,None,,,1,On Roadway,2,Dark - Not Lighted,,,,,1,Clear,0,No,0000000,Not Applicable,22,10:00pm-10:59pm,58,58,23,11:00pm-11:59pm,8,8,99,Unknown,99,Unknown EMS Hospital Arrival Time,,,,,,,1,
2022,29,290396,Missouri,1,1,0,0,0,2,2,85,HICKORY (85),0,NOT APPLICABLE,7,7,6,June,2022,3,Tuesday,17,5:00pm-5:59pm,47,47,0,This section IS NOT on the NHS,1,Rural,5,Major Collector,1,State Highway Agency,3,State Highway,SR-123,,40,40,37.83538889,37.83538889,-93.544416670,-93.54441667,0,No Special Jurisdiction,23,Bridge Rail (Includes parapet),0,The First Harmful Event was Not a Collision with a Motor Vehicle in Transport,0,No,1,Non-Junction,1,Not an Intersection,0,None,,,4,On Roadside,1,Daylight,,,,,1,Clear,0,No,0000000,Not Applicable,17,5:00pm-5:59pm,50,50,18,6:00pm-6:59pm,11,11,19,7:00pm-7:59pm,4,4,,,,,,,1,
2022,29,290397,Missouri,2,2,0,0,0,1,1,187,ST FRANCOIS (187),0,NOT APPLICABLE,12,12,6,June,2022,1,Sunday,9,9:00am-9:59am,35,35,1,This section IS ON the NHS,2,Urban,2,Principal Arterial - Other Freeways and Expressways,1,State Highway Agency,2,U.S. Highway,US-67,,170,170,37.82527778,37.82527778,-90.465694440,-90.46569444,0,No Special Jurisdiction,54,"Motor Vehicle In-Transport Strikes or is Struck by Cargo, Persons or Objects Set-in-Motion from/by Another Motor Vehicle In Transport",11,"Other ",0,No,1,Non-Junction,1,Not an Intersection,0,None,,,1,On Roadway,1,Daylight,,,,,1,Clear,0,No,0000000,Not Applicable,99,Unknown,99,Unknown,99,Unknown EMS Scene Arrival Hour,99,Unknown EMS Scene Arrival Minutes,99,Unknown,99,Unknown EMS Hospital Arrival Time,,,,,,,1,