caseyear,state,st_case,statename,ve_total,ve_forms,pvh_invl,peds,pernotmvit,permvit,persons,county,countyname,city,cityname,day,dayname,month,monthname,year,day_week,day_weekname,hour,hourname,minute,minutename,nhs,nhsname,rur_urb,rur_urbname,func_sys,func_sysname,rd_owner,rd_ownername,route,routename,tway_id,tway_id2,milept,mileptname,latitude,latitudename,longitud,longitudname,sp_jur,sp_jurname,harm_ev,harm_evname,man_coll,man_collname,reljct1,reljct1name,reljct2,reljct2name,typ_int,typ_intname,wrk_zone,wrk_zonename,road_fnc,road_fncname,rel_road,rel_roadname,lgt_cond,lgt_condname,weather1,weather1name,weather2,weather2name,weather,weathername,sch_bus,sch_busname,rail,railname,not_hour,not_hourname,not_min,not_minname,arr_hour,arr_hourname,arr_min,arr_minname,hosp_hr,hosp_hrname,hosp_mn,hosp_mnname,cf1,cf1name,cf2,cf2name,cf3,cf3name,fatals,drunk_dr
2022,29,290554,Missouri,1,1,0,1,1,2,2,189,ST LOUIS (189),650,BERKELEY,16,16,8,August,2022,3,Tuesday,20,8:00pm-8:59pm,49,49,1,This section IS ON the NHS,2,Urban,3,Principal Arterial - Other,1,State Highway Agency,3,State Highway,SR-115,,0,None,38.73277778,38.73277778,-90.351000000,-90.35100000,0,No Special Jurisdiction,8,Pedestrian,0,The First Harmful Event was Not a Collision with a Motor Vehicle in Transport,1,Yes,20,Entrance/Exit Ramp,1,Not an Intersection,0,None,,,1,On Roadway,3,Dark - Lighted,,,,,1,Clear,0,No,0000000,Not Applicable,20,8:00pm-8:59pm,50,50,20,8:00pm-8:59pm,58,58,88,"Not Applicable (Not Transported) ",88,Not Applicable (Not Transported),,,,,,,1,
2022,29,290555,Missouri,1,1,0,0,0,1,1,183,ST. CHARLES (183),0,NOT APPLICABLE,17,17,8,August,2022,4,Wednesday,20,8:00pm-8:59pm,0,0,0,This section IS NOT on the NHS,1,Rural,5,Major Collector,1,State Highway Agency,3,State Highway,SR-N,,30,30,38.77072222,38.77072222,-90.909638890,-90.90963889,0,No Special Jurisdiction,1,Rollover/Overturn,0,The First Harmful Event was Not a Collision with a Motor Vehicle in Transport,0,No,1,Non-Junction,1,Not an Intersection,0,None,,,4,On Roadside,2,Dark - Not Lighted,,,,,1,Clear,0,No,0000000,Not Applicable,20,8:00pm-8:59pm,4,4,20,8:00pm-8:59pm,13,13,88,"Not Applicable (Not Transported) ",88,Not Applicable (Not Transported),,,,,,,1,
2022,29,290556,Missouri,1,1,0,0,0,1,1,17,BOLLINGER (17),0,NOT APPLICABLE,17,17,8,August,2022,4,Wednesday,10,10:00am-10:59am,19,19,0,This section IS NOT on the NHS,1,Rural,5,Major Collector,1,State Highway Agency,3,State Highway,SR-B,,40,40,37.43572500,37.43572500,-89.904852780,-89.90485278,0,No Special Jurisdiction,42,Tree (Standing Only),0,The First Harmful Event was Not a Collision with a Motor Vehicle in Transport,0,No,1,Non-Junction,1,Not an Intersection,0,None,,,4,On Roadside,1,Daylight,,,,,1,Clear,0,No,0000000,Not Applicable,99,Unknown,98,Unknown if Notified,99,Unknown EMS Scene Arrival Hour,98,Unknown if Arrived,88,"Not Applicable (Not Transported) ",88,Not Applicable (Not Transported),,,,,,,1,
2022,29,290557,Missouri,1,1,0,1,1,2,2,183,ST. CHARLES (183),0,NOT APPLICABLE,18,18,8,August,2022,5,Thursday,20,8:00pm-8:59pm,30,30,0,This section IS NOT on the NHS,2,Urban,5,Major Collector,1,State Highway Agency,3,State Highway,SR-94,,370,370,38.82077778,38.82077778,-90.473027780,-90.47302778,0,No Special Jurisdiction,8,Pedestrian,0,The First Harmful Event was Not a Collision with a Motor Vehicle in Transport,0,No,1,Non-Junction,1,Not an Intersection,0,None,,,1,On Roadway,2,Dark - Not Lighted,,,,,1,Clear,0,No,0000000,Not Applicable,20,8:00pm-8:59pm,32,32,20,8:00pm-8:59pm,36,36,88,"Not Applicable (Not Transported) ",88,Not Applicable (Not Transported),,,,,,,1,
2022,29,290558,Missouri,2,2,0,0,0,2,2,77,GREENE (77),0,NOT APPLICABLE,19,19,8,August,2022,6,Friday,14,2:00pm-2:59pm,1,1,0,This section IS NOT on the NHS,1,Rural,5,Major Collector,1,State Highway Agency,3,State Highway,SR-N,CR-168,30,30,37.14763889,37.14763889,-93.479500000,-93.47950000,0,No Special Jurisdiction,12,Motor Vehicle In-Transport,6,Angle,0,No,2,Intersection,2,Four-Way Intersection,0,None,,,1,On Roadway,1,Daylight,,,,,1,Clear,0,No,0000000,Not Applicable,14,2:00pm-2:59pm,4,4,14,2:00pm-2:59pm,16,16,15,3:00pm-3:59pm,4,4,,,,,,,1,
2022,29,290559,Missouri,2,2,0,0,0,2,2,119,MCDONALD (119),0,NOT APPLICABLE,20,20,8,August,2022,7,Saturday,8,8:00am-8:59am,25,25,0,This section IS NOT on the NHS,1,Rural,4,Minor Arterial,1,State Highway Agency,3,State Highway,SR-59,,60,60,36.67605556,36.67605556,-94.441416670,-94.44141667,0,No Special Jurisdiction,12,Motor Vehicle In-Transport,2,Front-to-Front,0,No,1,Non-Junction,1,Not an Intersection,0,None,,,4,On Roadside,1,Daylight,,,,,10,Cloudy,0,No,0000000,Not Applicable,99,Unknown,99,Unknown,99,Unknown EMS Scene Arrival Hour,99,Unknown EMS Scene Arrival Minutes,99,Unknown,99,Unknown EMS Hospital Arrival Time,,,,,,,1,
2022,29,290560,Missouri,1,1,0,0,0,2,2,71,FRANKLIN (71),0,NOT APPLICABLE,22,22,8,August,2022,2,Monday,3,3:00am-3:59am,30,30,1,This section IS ON the NHS,2,Urban,1,Interstate,1,State Highway Agency,1,Interstate,I-44,,90,90,38.45386111,38.45386111,-90.883833330,-90.88383333,0,No Special Jurisdiction,58,Ground,0,The First Harmful Event was Not a Collision with a Motor Vehicle in Transport,0,No,1,Non-Junction,1,Not an Intersection,0,None,,,4,On Roadside,2,Dark - Not Lighted,,,,,1,Clear,0,No,0000000,Not Applicable,99,Unknown,98,Unknown if Notified,99,Unknown EMS Scene Arrival Hour,98,Unknown if Arrived,88,"Not Applicable (Not Transported) ",88,Not Applicable (Not Transported),,,,,,,2,
2022,29,290561,Missouri,1,1,0,0,0,1,1,201,SCOTT (201),7310,SIKESTON,22,22,8,August,2022,2,Monday,20,8:00pm-8:59pm,45,45,0,This section IS NOT on the NHS,2,Urban,4,Minor Arterial,4,City or Municipal Highway Agency,6,Local Street - Municipality,N INGRAM RD,,10,10,36.90390556,36.90390556,-89.569255560,-89.56925556,0,No Special Jurisdiction,5,Fell/Jumped from Vehicle,0,The First Harmful Event was Not a Collision with a Motor Vehicle in Transport,0,No,1,Non-Junction,1,Not an Intersection,0,None,,,4,On Roadside,2,Dark - Not Lighted,,,,,1,Clear,0,No,0000000,Not Applicable,20,8:00pm-8:59pm,48,48,20,8:00pm-8:59pm,57,57,21,9:00pm-9:59pm,10,10,,,,,,,1,
2022,29,290562,Missouri,2,2,0,0,0,3,3,101,JOHNSON (101),8110,WARRENSBURG,23,23,8,August,2022,3,Tuesday,17,5:00pm-5:59pm,20,20,1,This section IS ON the NHS,1,Rural,3,Principal Arterial - Other,1,State Highway Agency,3,State Highway,SR-13,VETERANS RD,120,120,38.77988889,38.77988889,-93.685388890,-93.68538889,0,No Special Jurisdiction,12,Motor Vehicle In-Transport,6,Angle,0,No,2,Intersection,2,Four-Way Intersection,0,None,,,1,On Roadway,1,Daylight,,,,,1,Clear,0,No,0000000,Not Applicable,17,5:00pm-5:59pm,32,32,17,5:00pm-5:59pm,58,58,18,6:00pm-6:59pm,36,36,,,,,,,1,
2022,29,290563,Missouri,3,3,0,0,0,11,11,37,CASS (37),600,BELTON,23,23,8,August,2022,3,Tuesday,21,9:00pm-9:59pm,26,26,0,This section IS NOT on the NHS,2,Urban,4,Minor Arterial,1,State Highway Agency,3,State Highway,SR-58,POWELL PKWY,40,40,38.81336111,38.81336111,-94.507166670,-94.50716667,0,No Special Jurisdiction,12,Motor Vehicle In-Transport,6,Angle,0,No,2,Intersection,2,Four-Way Intersection,0,None,,,1,On Roadway,3,Dark - Lighted,,,,,1,Clear,0,No,0000000,Not Applicable,21,9:00pm-9:59pm,28,28,21,9:00pm-9:59pm,37,37,22,10:00pm-10:59pm,13,13,,,,,,,1,
2022,29,290564,Missouri,2,2,0,0,0,2,2,19,BOONE (19),1800,COLUMBIA,1,1,7,July,2022,6,Friday,9,9:00am-9:59am,42,42,0,This section IS NOT on the NHS,2,Urban,4,Minor Arterial,1,State Highway Agency,3,State Highway,SR-B,VANDIVER DR,110,110,38.97316389,38.97316389,-92.302477780,-92.30247778,0,No Special Jurisdiction,12,Motor Vehicle In-Transport,6,Angle,0,No,2,Intersection,2,Four-Way Intersection,0,None,,,1,On Roadway,1,Daylight,,,,,1,Clear,0,No,0000000,Not Applicable,9,9:00am-9:59am,43,43,9,9:00am-9:59am,50,50,10,10:00am-10:59am,5,5,,,,,,,1,
2022,29,290565,Missouri,1,1,0,1,1,1,1,183,ST. CHARLES (183),8280,WENTZVILLE,30,30,7,July,2022,7,Saturday,9,9:00am-9:59am,25,25,1,This section IS ON the NHS,2,Urban,1,Interstate,1,State Highway Agency,1,Interstate,I-70,,220,220,38.81013889,38.81013889,-90.872805560,-90.87280556,0,No Special Jurisdiction,8,Pedestrian,0,The First Harmful Event was Not a Collision with a Motor Vehicle in Transport,1,Yes,18,Through Roadway,1,Not an Intersection,0,None,,,1,On Roadway,1,Daylight,,,,,1,Clear,0,No,0000000,Not Applicable,9,9:00am-9:59am,27,27,9,9:00am-9:59am,33,33,9,9:00am-9:59am,45,45,,,,,,,1,
2022,29,290566,Missouri,1,1,0,1,1,1,1,189,ST LOUIS (189),7060,ST. JOHNS,16,16,8,August,2022,3,Tuesday,21,9:00pm-9:59pm,30,30,1,This section IS ON the NHS,2,Urban,3,Principal Arterial - Other,1,State Highway Agency,3,State Highway,SR-180,,70,70,38.70319722,38.70319722,-90.336416670,-90.33641667,0,No Special Jurisdiction,8,Pedestrian,0,The First Harmful Event was Not a Collision with a Motor Vehicle in Transport,0,No,1,Non-Junction,1,Not an Intersection,0,None,,,1,On Roadway,3,Dark - Lighted,,,,,1,Clear,0,No,0000000,Not Applicable,99,Unknown,98,Unknown if Notified,99,Unknown EMS Scene Arrival Hour,98,Unknown if Arrived,88,"Not Applicable (Not Transported) ",88,Not Applicable (Not Transported),,,,,,,1,
2022,29,290567,Missouri,2,2,0,0,0,2,2,183,ST. CHARLES (183),2824,FORISTELL,22,22,8,August,2022,2,Monday,9,9:00am-9:59am,33,33,0,This section IS NOT on the NHS,2,Urban,6,Minor Collector,1,State Highway Agency,6,Local Street - Municipality,N SERVICE RD,,0,None,38.81519444,38.81519444,-90.947083330,-90.94708333,0,No Special Jurisdiction,1,Rollover/Overturn,0,The First Harmful Event was Not a Collision with a Motor Vehicle in Transport,0,No,1,Non-Junction,1,Not an Intersection,0,None,,,1,On Roadway,1,Daylight,,,,,1,Clear,0,No,0000000,Not Applicable,9,9:00am-9:59am,39,39,9,9:00am-9:59am,51,51,88,"Not Applicable (Not Transported) ",88,Not Applicable (Not Transported),,,,,,,1,
2022,29,290568,Missouri,1,1,0,0,0,1,1,99,JEFFERSON (99),0,NOT APPLICABLE,23,23,8,August,2022,3,Tuesday,0,0:00am-0:59am,30,30,0,This section IS NOT on the NHS,2,Urban,5,Major Collector,4,City or Municipal Highway Agency,6,Local Street - Municipality,BYRNES MILL RD,CEDAR LANE,10,10,38.45137500,38.45137500,-90.585894440,-90.58589444,0,No Special Jurisdiction,42,Tree (Standing Only),0,The First Harmful Event was Not a Collision with a Motor Vehicle in Transport,0,No,3,Intersection-Related,3,T-Intersection,0,None,,,4,On Roadside,2,Dark - Not Lighted,,,,,10,Cloudy,0,No,0000000,Not Applicable,0,0:00am-0:59am,24,24,0,0:00am-0:59am,32,32,88,"Not Applicable (Not Transported) ",88,Not Applicable (Not Transported),,,,,,,1,
2022,29,290569,Missouri,1,1,0,0,0,2,2,163,PIKE (163),4720,LOUISIANA,24,24,8,August,2022,4,Wednesday,13,1:00pm-1:59pm,56,56,1,This section IS ON the NHS,1,Rural,3,Principal Arterial - Other,1,State Highway Agency,2,U.S. Highway,US-54,DOUGHERTY PIKE,240,240,39.45205556,39.45205556,-91.058500000,-91.05850000,0,No Special Jurisdiction,59,"Traffic Sign Support ",0,The First Harmful Event was Not a Collision with a Motor Vehicle in Transport,0,No,3,Intersection-Related,3,T-Intersection,0,None,,,4,On Roadside,1,Daylight,,,,,1,Clear,0,No,0000000,Not Applicable,13,1:00pm-1:59pm,59,59,14,2:00pm-2:59pm,3,3,14,2:00pm-2:59pm,32,32,,,,,,,1,
2022,29,290570,Missouri,2,2,0,0,0,3,3,95,JACKSON (95),4120,KANSAS CITY,25,25,8,August,2022,5,Thursday,18,6:00pm-6:59pm,5,5,0,This section IS NOT on the NHS,2,Urban,7,Local,4,City or Municipal Highway Agency,6,Local Street - Municipality,OAK ST,E 79TH ST,50,50,38.98469722,38.98469722,-94.585263890,-94.58526389,0,No Special Jurisdiction,12,Motor Vehicle In-Transport,6,Angle,0,No,2,Intersection,2,Four-Way Intersection,0,None,,,1,On Roadway,1,Daylight,,,,,1,Clear,0,No,0000000,Not Applicable,18,6:00pm-6:59pm,6,6,18,6:00pm-6:59pm,9,9,18,6:00pm-6:59pm,44,44,,,,,,,1,
2022,29,290571,Missouri,1,1,0,0,0,1,1,1,ADAIR (1),0,NOT APPLICABLE,25,25,8,August,2022,5,Thursday,99,Unknown Hours,99,Unknown Minutes,0,This section IS NOT on the NHS,1,Rural,7,Local,2,County Highway Agency,4,County Road,CR-YOUNGSTOWN TRAIL,,30,30,40.15234444,40.15234444,-92.660597220,-92.66059722,0,No Special Jurisdiction,1,Rollover/Overturn,0,The First Harmful Event was Not a Collision with a Motor Vehicle in Transport,0,No,1,Non-Junction,1,Not an Intersection,0,None,,,4,On Roadside,9,Reported as Unknown,,,,,1,Clear,0,No,0000000,Not Applicable,8,8:00am-8:59am,6,6,8,8:00am-8:59am,22,22,88,"Not Applicable (Not Transported) ",88,Not Applicable (Not Transported),,,,,,,1,
2022,29,290572,Missouri,1,1,0,0,0,1,1,37,CASS (37),600,BELTON,25,25,8,August,2022,5,Thursday,20,8:00pm-8:59pm,55,55,1,This section IS ON the NHS,2,Urban,1,Interstate,1,State Highway Agency,1,Interstate,I-49,,270,270,38.80803056,38.80803056,-94.500258330,-94.50025833,0,No Special Jurisdiction,59,"Traffic Sign Support ",0,The First Harmful Event was Not a Collision with a Motor Vehicle in Transport,0,No,1,Non-Junction,1,Not an Intersection,0,None,,,10,Separator,2,Dark - Not Lighted,,,,,1,Clear,0,No,0000000,Not Applicable,21,9:00pm-9:59pm,2,2,21,9:00pm-9:59pm,7,7,88,"Not Applicable (Not Transported) ",88,Not Applicable (Not Transported),,,,,,,1,
2022,29,290573,Missouri,2,2,0,0,0,2,2,95,JACKSON (95),4120,KANSAS CITY,25,25,8,August,2022,5,Thursday,17,5:00pm-5:59pm,15,15,0,This section IS NOT on the NHS,2,Urban,4,Minor Arterial,4,City or Municipal Highway Agency,6,Local Street - Municipality,PROSPECT AVE,DR MARTIN LUTHER KING DR,50,50,39.03892222,39.03892222,-94.554483330,-94.55448333,0,No Special Jurisdiction,12,Motor Vehicle In-Transport,2,Front-to-Front,0,No,2,Intersection,2,Four-Way Intersection,0,None,,,1,On Roadway,1,Daylight,,,,,1,Clear,0,No,0000000,Not Applicable,17,5:00pm-5:59pm,16,16,17,5:00pm-5:59pm,18,18,17,5:00pm-5:59pm,31,31,,,,,,,1,
2022,29,290574,Missouri,1,1,0,0,0,1,1,189,ST LOUIS (189),2690,FENTON,15,15,6,June,2022,4,Wednesday,14,2:00pm-2:59pm,12,12,1,This section IS ON the NHS,2,Urban,2,Principal Arterial - Other Freeways and Expressways,1,State Highway Agency,3,State Highway,SR-141,,0,None,38.50726111,38.50726111,-90.443330560,-90.44333056,0,No Special Jurisdiction,1,Rollover/Overturn,0,The First Harmful Event was Not a Collision with a Motor Vehicle in Transport,0,No,1,Non-Junction,1,Not an Intersection,0,None,,,1,On Roadway,1,Daylight,,,,,1,Clear,0,No,0000000,Not Applicable,14,2:00pm-2:59pm,14,14,14,2:00pm-2:59pm,19,19,14,2:00pm-2:59pm,33,33,,,,,,,1,
2022,29,290575,Missouri,2,2,0,0,0,2,2,159,PETTIS (159),0,NOT APPLICABLE,2,2,8,August,2022,3,Tuesday,21,9:00pm-9:59pm,45,45,0,This section IS NOT on the NHS,1,Rural,5,Major Collector,1,State Highway Agency,3,State Highway,SR-127,SR-Y,200,200,38.70494444,38.70494444,-93.412527780,-93.41252778,0,No Special Jurisdiction,12,Motor Vehicle In-Transport,6,Angle,0,No,2,Intersection,2,Four-Way Intersection,0,None,,,1,On Roadway,2,Dark - Not Lighted,,,,,1,Clear,0,No,0000000,Not Applicable,22,10:00pm-10:59pm,5,5,22,10:00pm-10:59pm,35,35,23,11:00pm-11:59pm,14,14,,,,,,,1,
2022,29,290576,Missouri,1,1,0,0,0,5,5,39,CEDAR (39),0,NOT APPLICABLE,4,4,8,August,2022,5,Thursday,16,4:00pm-4:59pm,28,28,0,This section IS NOT on the NHS,1,Rural,5,Major Collector,1,State Highway Agency,3,State Highway,SR-B,,90,90,37.62280556,37.62280556,-93.941852780,-93.94185278,0,No Special Jurisdiction,34,Ditch,0,The First Harmful Event was Not a Collision with a Motor Vehicle in Transport,0,No,1,Non-Junction,1,Not an Intersection,0,None,,,4,On Roadside,1,Daylight,,,,,1,Clear,0,No,0000000,Not Applicable,16,4:00pm-4:59pm,30,30,17,5:00pm-5:59pm,1,1,18,6:00pm-6:59pm,14,14,,,,,,,3,
2022,29,290577,Missouri,2,2,0,0,0,3,3,167,POLK (167),0,NOT APPLICABLE,24,24,8,August,2022,4,Wednesday,7,7:00am-7:59am,16,16,0,This section IS NOT on the NHS,1,Rural,5,Major Collector,1,State Highway Agency,3,State Highway,SR-T,,70,70,37.57767500,37.57767500,-93.468472220,-93.46847222,0,No Special Jurisdiction,12,Motor Vehicle In-Transport,2,Front-to-Front,0,No,1,Non-Junction,1,Not an Intersection,0,None,,,4,On Roadside,1,Daylight,,,,,1,Clear,0,No,0000000,Not Applicable,7,7:00am-7:59am,20,20,7,7:00am-7:59am,56,56,8,8:00am-8:59am,33,33,,,,,,,1,
2022,29,290578,Missouri,1,1,0,0,0,3,3,213,TANEY (213),980,BRANSON,26,26,8,August,2022,6,Friday,13,1:00pm-1:59pm,39,39,0,This section IS NOT on the NHS,2,Urban,5,Major Collector,1,State Highway Agency,3,State Highway,SR-165,,40,40,36.59994444,36.59994444,-93.301747220,-93.30174722,0,No Special Jurisdiction,35,Embankment,0,The First Harmful Event was Not a Collision with a Motor Vehicle in Transport,0,No,1,Non-Junction,1,Not an Intersection,0,None,,,4,On Roadside,1,Daylight,,,,,1,Clear,0,No,0000000,Not Applicable,13,1:00pm-1:59pm,41,41,14,2:00pm-2:59pm,2,2,15,3:00pm-3:59pm,7,7,,,,,,,1,
2022,29,290579,Missouri,1,1,0,0,0,2,2,99,JEFFERSON (99),0,NOT APPLICABLE,26,26,8,August,2022,6,Friday,6,6:00am-6:59am,50,50,0,This section IS NOT on the NHS,1,Rural,6,Minor Collector,2,County Highway Agency,4,County Road,CR-GLADE CHAPEL RD,,10,10,38.30066389,38.30066389,-90.555016670,-90.55501667,0,No Special Jurisdiction,43,Other Fixed Object,0,The First Harmful Event was Not a Collision with a Motor Vehicle in Transport,0,No,1,Non-Junction,1,Not an Intersection,0,None,,,4,On Roadside,1,Daylight,,,,,10,Cloudy,0,No,0000000,Not Applicable,7,7:00am-7:59am,3,3,7,7:00am-7:59am,17,17,7,7:00am-7:59am,34,34,,,,,,,1,
2022,29,290580,Missouri,1,1,0,0,0,1,1,71,FRANKLIN (71),8150,WASHINGTON,27,27,8,August,2022,7,Saturday,19,7:00pm-7:59pm,40,40,0,This section IS NOT on the NHS,2,Urban,4,Minor Arterial,1,State Highway Agency,3,State Highway,SR-A,,10,10,38.53248889,38.53248889,-91.020836110,-91.02083611,0,No Special Jurisdiction,32,Culvert,0,The First Harmful Event was Not a Collision with a Motor Vehicle in Transport,0,No,1,Non-Junction,1,Not an Intersection,0,None,,,4,On Roadside,3,Dark - Lighted,,,,,10,Cloudy,0,No,0000000,Not Applicable,19,7:00pm-7:59pm,46,46,19,7:00pm-7:59pm,50,50,20,8:00pm-8:59pm,21,21,,,,,,,1,
2022,29,290581,Missouri,1,1,0,0,0,2,2,209,STONE (209),0,NOT APPLICABLE,27,27,8,August,2022,7,Saturday,8,8:00am-8:59am,40,40,0,This section IS NOT on the NHS,1,Rural,4,Minor Arterial,1,State Highway Agency,3,State Highway,SR-413,,140,140,36.77734167,36.77734167,-93.423880560,-93.42388056,0,No Special Jurisdiction,59,"Traffic Sign Support ",0,The First Harmful Event was Not a Collision with a Motor Vehicle in Transport,0,No,1,Non-Junction,1,Not an Intersection,0,None,,,4,On Roadside,1,Daylight,,,,,1,Clear,0,No,0000000,Not Applicable,99,Unknown,98,Unknown if Notified,99,Unknown EMS Scene Arrival Hour,98,Unknown if Arrived,88,"Not Applicable (Not Transported) ",88,Not Applicable (Not Transported),,,,,,,2,
2022,29,290582,Missouri,1,1,0,1,1,1,1,510,ST. LOUIS (CITY) (510),7080,ST. LOUIS,27,27,8,August,2022,7,Saturday,0,0:00am-0:59am,11,11,0,This section IS NOT on the NHS,2,Urban,4,Minor Arterial,4,City or Municipal Highway Agency,6,Local Street - Municipality,DR MARTING LUTHER KING DR,,10,10,38.66472500,38.66472500,-90.265747220,-90.26574722,0,No Special Jurisdiction,19,Building,0,The First Harmful Event was Not a Collision with a Motor Vehicle in Transport,0,No,1,Non-Junction,1,Not an Intersection,0,None,,,5,Outside Trafficway,3,Dark - Lighted,,,,,1,Clear,0,No,0000000,Not Applicable,0,0:00am-0:59am,16,16,0,0:00am-0:59am,21,21,0,0:00am-0:59am,35,35,,,,,,,1,
2022,29,290583,Missouri,1,1,0,1,1,1,1,95,JACKSON (95),4120,KANSAS CITY,27,27,8,August,2022,7,Saturday,6,6:00am-6:59am,17,17,0,This section IS NOT on the NHS,2,Urban,4,Minor Arterial,4,City or Municipal Highway Agency,6,Local Street - Municipality,VIEW HIGH DR,,30,30,38.91518056,38.91518056,-94.450966670,-94.45096667,0,No Special Jurisdiction,9,Pedalcyclist,0,The First Harmful Event was Not a Collision with a Motor Vehicle in Transport,0,No,1,Non-Junction,1,Not an Intersection,0,None,,,1,On Roadway,2,Dark - Not Lighted,,,,,1,Clear,0,No,0000000,Not Applicable,99,Unknown,99,Unknown,99,Unknown EMS Scene Arrival Hour,99,Unknown EMS Scene Arrival Minutes,88,"Not Applicable (Not Transported) ",88,Not Applicable (Not Transported),,,,,,,1,
2022,29,290584,Missouri,1,1,0,0,0,1,1,3,ANDREW (3),0,NOT APPLICABLE,28,28,8,August,2022,1,Sunday,99,Unknown Hours,99,Unknown Minutes,0,This section IS NOT on the NHS,1,Rural,4,Minor Arterial,1,State Highway Agency,2,U.S. Highway,US-169,,100,100,39.89172222,39.89172222,-94.718666670,-94.71866667,0,No Special Jurisdiction,34,Ditch,0,The First Harmful Event was Not a Collision with a Motor Vehicle in Transport,0,No,1,Non-Junction,1,Not an Intersection,0,None,,,4,On Roadside,9,Reported as Unknown,,,,,99,Reported as Unknown,0,No,0000000,Not Applicable,99,Unknown,98,Unknown if Notified,99,Unknown EMS Scene Arrival Hour,98,Unknown if Arrived,88,"Not Applicable (Not Transported) ",88,Not Applicable (Not Transported),,,,,,,1,
2022,29,290585,Missouri,1,1,0,0,0,2,2,21,BUCHANAN (21),7070,ST. JOSEPH,28,28,8,August,2022,1,Sunday,1,1:00am-1:59am,1,1,0,This section IS NOT on the NHS,2,Urban,5,Major Collector,4,City or Municipal Highway Agency,6,Local Street - Municipality,WOODBINE RD,,20,20,39.76158889,39.76158889,-94.796722220,-94.79672222,0,No Special Jurisdiction,33,Curb,0,The First Harmful Event was Not a Collision with a Motor Vehicle in Transport,0,No,1,Non-Junction,1,Not an Intersection,0,None,,,4,On Roadside,3,Dark - Lighted,,,,,10,Cloudy,0,No,0000000,Not Applicable,1,1:00am-1:59am,11,11,1,1:00am-1:59am,15,15,1,1:00am-1:59am,28,28,,,,,,,1,
2022,29,290586,Missouri,2,2,0,0,0,4,4,21,BUCHANAN (21),7070,ST. JOSEPH,28,28,8,August,2022,1,Sunday,13,1:00pm-1:59pm,49,49,0,This section IS NOT on the NHS,2,Urban,7,Local,4,City or Municipal Highway Agency,6,Local Street - Municipality,FREDERICK AVE,10TH ST,0,None,39.76820000,39.76820000,-94.848133330,-94.84813333,0,No Special Jurisdiction,1,Rollover/Overturn,0,The First Harmful Event was Not a Collision with a Motor Vehicle in Transport,0,No,2,Intersection,2,Four-Way Intersection,0,None,,,1,On Roadway,1,Daylight,,,,,1,Clear,0,No,0000000,Not Applicable,13,1:00pm-1:59pm,49,49,13,1:00pm-1:59pm,53,53,14,2:00pm-2:59pm,7,7,,,,,,,2,
2022,29,290587,Missouri,2,2,0,1,1,2,2,95,JACKSON (95),4120,KANSAS CITY,28,28,8,August,2022,1,Sunday,5,5:00am-5:59am,53,53,1,This section IS ON the NHS,2,Urban,2,Principal Arterial - Other Freeways and Expressways,1,State Highway Agency,2,U.S. Highway,US-71,,50,50,39.05071667,39.05071667,-94.561736110,-94.56173611,0,No Special Jurisdiction,8,Pedestrian,0,The First Harmful Event was Not a Collision with a Motor Vehicle in Transport,0,No,1,Non-Junction,1,Not an Intersection,0,None,,,1,On Roadway,3,Dark - Lighted,,,,,2,Rain,0,No,0000000,Not Applicable,99,Unknown,99,Unknown,99,Unknown EMS Scene Arrival Hour,99,Unknown EMS Scene Arrival Minutes,88,"Not Applicable (Not Transported) ",88,Not Applicable (Not Transported),,,,,,,1,
2022,29,290588,Missouri,1,1,0,0,0,1,1,75,GENTRY (75),0,NOT APPLICABLE,29,29,8,August,2022,2,Monday,13,1:00pm-1:59pm,45,45,1,This section IS ON the NHS,1,Rural,3,Principal Arterial - Other,1,State Highway Agency,2,U.S. Highway,US-136,,120,120,40.24100000,40.24100000,-94.430055560,-94.43005556,0,No Special Jurisdiction,1,Rollover/Overturn,0,The First Harmful Event was Not a Collision with a Motor Vehicle in Transport,0,No,1,Non-Junction,1,Not an Intersection,0,None,,,4,On Roadside,1,Daylight,,,,,10,Cloudy,0,No,0000000,Not Applicable,99,Unknown,98,Unknown if Notified,99,Unknown EMS Scene Arrival Hour,98,Unknown if Arrived,88,"Not Applicable (Not Transported) ",88,Not Applicable (Not Transported),,,,,,,1,
2022,29,290589,Missouri,4,4,0,0,0,6,6,189,ST LOUIS (189),2700,FERGUSON,7,7,6,June,2022,3,Tuesday,21,9:00pm-9:59pm,50,50,1,This section IS ON the NHS,2,Urban,3,Principal Arterial - Other,2,County Highway Agency,6,Local Street - Municipality,CHAMBERS RD,HEREFORD AVE,0,None,38.74925000,38.74925000,-90.299527780,-90.29952778,0,No Special Jurisdiction,12,Motor Vehicle In-Transport,6,Angle,0,No,2,Intersection,2,Four-Way Intersection,0,None,,,1,On Roadway,3,Dark - Lighted,,,,,1,Clear,0,No,0000000,Not Applicable,21,9:00pm-9:59pm,56,56,22,10:00pm-10:59pm,1,1,22,10:00pm-10:59pm,36,36,,,,,,,1,
2022,29,290590,Missouri,5,3,2,0,0,6,6,209,STONE (209),0,NOT APPLICABLE,27,27,8,August,2022,7,Saturday,22,10:00pm-10:59pm,0,0,0,This section IS NOT on the NHS,1,Rural,5,Major Collector,1,State Highway Agency,3,State Highway,SR-N,,10,10,36.98450000,36.98450000,-93.420000000,-93.42000000,0,No Special Jurisdiction,12,Motor Vehicle In-Transport,6,Angle,0,No,1,Non-Junction,1,Not an Intersection,0,None,,,1,On Roadway,2,Dark - Not Lighted,,,,,1,Clear,0,No,0000000,Not Applicable,22,10:00pm-10:59pm,11,11,22,10:00pm-10:59pm,40,40,23,11:00pm-11:59pm,29,29,,,,,,,2,