caseyear,state,st_case,statename,ve_total,ve_forms,pvh_invl,peds,pernotmvit,permvit,persons,county,countyname,city,cityname,day,dayname,month,monthname,year,day_week,day_weekname,hour,hourname,minute,minutename,nhs,nhsname,rur_urb,rur_urbname,func_sys,func_sysname,rd_owner,rd_ownername,route,routename,tway_id,tway_id2,milept,mileptname,latitude,latitudename,longitud,longitudname,sp_jur,sp_jurname,harm_ev,harm_evname,man_coll,man_collname,reljct1,reljct1name,reljct2,reljct2name,typ_int,typ_intname,wrk_zone,wrk_zonename,road_fnc,road_fncname,rel_road,rel_roadname,lgt_cond,lgt_condname,weather1,weather1name,weather2,weather2name,weather,weathername,sch_bus,sch_busname,rail,railname,not_hour,not_hourname,not_min,not_minname,arr_hour,arr_hourname,arr_min,arr_minname,hosp_hr,hosp_hrname,hosp_mn,hosp_mnname,cf1,cf1name,cf2,cf2name,cf3,cf3name,fatals,drunk_dr
2022,29,290668,Missouri,3,1,2,0,2,2,4,95,JACKSON (95),4120,KANSAS CITY,19,19,9,September,2022,2,Monday,21,9:00pm-9:59pm,40,40,0,This section IS NOT on the NHS,2,Urban,5,Major Collector,4,City or Municipal Highway Agency,6,Local Street - Municipality,ST JOHN AVE,,20,20,39.11241667,39.11241667,-94.515988890,-94.51598889,0,No Special Jurisdiction,14,Parked Motor Vehicle,0,The First Harmful Event was Not a Collision with a Motor Vehicle in Transport,0,No,1,Non-Junction,1,Not an Intersection,0,None,,,7,In Parking Lane/Zone,3,Dark - Lighted,,,,,1,Clear,0,No,0000000,Not Applicable,21,9:00pm-9:59pm,44,44,21,9:00pm-9:59pm,57,57,22,10:00pm-10:59pm,20,20,,,,,,,1,
2022,29,290669,Missouri,2,2,0,0,0,2,2,189,ST LOUIS (189),1575,CHESTERFIELD,20,20,9,September,2022,3,Tuesday,20,8:00pm-8:59pm,25,25,0,This section IS NOT on the NHS,2,Urban,4,Minor Arterial,2,County Highway Agency,4,County Road,CR-CHESTERFIELD AIRPORT RD,RHL DR,30,30,38.66836389,38.66836389,-90.603094440,-90.60309444,0,No Special Jurisdiction,12,Motor Vehicle In-Transport,6,Angle,0,No,2,Intersection,3,T-Intersection,0,None,,,1,On Roadway,3,Dark - Lighted,,,,,1,Clear,0,No,0000000,Not Applicable,20,8:00pm-8:59pm,29,29,20,8:00pm-8:59pm,35,35,88,"Not Applicable (Not Transported) ",88,Not Applicable (Not Transported),,,,,,,1,
2022,29,290670,Missouri,1,1,0,1,1,1,1,165,PLATTE (165),6821,RIVERSIDE,20,20,8,August,2022,7,Saturday,16,4:00pm-4:59pm,52,52,0,This section IS NOT on the NHS,2,Urban,5,Major Collector,4,City or Municipal Highway Agency,6,Local Street - Municipality,N NORTHWOOD RD,NW MERRIMAC AVE,10,10,39.18488889,39.18488889,-94.631805560,-94.63180556,0,No Special Jurisdiction,9,Pedalcyclist,0,The First Harmful Event was Not a Collision with a Motor Vehicle in Transport,0,No,2,Intersection,3,T-Intersection,0,None,,,1,On Roadway,1,Daylight,,,,,1,Clear,0,No,0000000,Not Applicable,99,Unknown,99,Unknown,99,Unknown EMS Scene Arrival Hour,99,Unknown EMS Scene Arrival Minutes,99,Unknown,99,Unknown EMS Hospital Arrival Time,,,,,,,1,
2022,29,290671,Missouri,5,5,0,0,0,9,9,189,ST LOUIS (189),0,NOT APPLICABLE,21,21,8,August,2022,1,Sunday,16,4:00pm-4:59pm,53,53,0,This section IS NOT on the NHS,2,Urban,4,Minor Arterial,1,State Highway Agency,3,State Highway,SR-P,CR-LANGLEY AVE,20,20,38.56036111,38.56036111,-90.321847220,-90.32184722,0,No Special Jurisdiction,12,Motor Vehicle In-Transport,1,Front-to-Rear,0,No,3,Intersection-Related,98,Not Reported,0,None,,,1,On Roadway,1,Daylight,,,,,1,Clear,0,No,0000000,Not Applicable,16,4:00pm-4:59pm,54,54,16,4:00pm-4:59pm,59,59,17,5:00pm-5:59pm,25,25,,,,,,,1,
2022,29,290672,Missouri,1,1,0,0,0,1,1,37,CASS (37),0,NOT APPLICABLE,16,16,9,September,2022,6,Friday,21,9:00pm-9:59pm,3,3,1,This section IS ON the NHS,1,Rural,1,Interstate,1,State Highway Agency,1,Interstate,I-49,,120,120,38.69563889,38.69563889,-94.430083330,-94.43008333,0,No Special Jurisdiction,57,Cable Barrier,0,The First Harmful Event was Not a Collision with a Motor Vehicle in Transport,0,No,1,Non-Junction,1,Not an Intersection,4,"Work Zone, Type Unknown",,,3,On Median,1,Daylight,,,,,1,Clear,0,No,0000000,Not Applicable,21,9:00pm-9:59pm,6,6,21,9:00pm-9:59pm,20,20,88,"Not Applicable (Not Transported) ",88,Not Applicable (Not Transported),,,,,,,1,
2022,29,290673,Missouri,2,2,0,0,0,2,2,145,NEWTON (145),5580,NEOSHO,20,20,9,September,2022,3,Tuesday,14,2:00pm-2:59pm,35,35,0,This section IS NOT on the NHS,2,Urban,4,Minor Arterial,1,State Highway Agency,3,State Highway,SR-BU 49,BAXTER ST,180,180,36.87972222,36.87972222,-94.398194440,-94.39819444,0,No Special Jurisdiction,12,Motor Vehicle In-Transport,1,Front-to-Rear,0,No,3,Intersection-Related,3,T-Intersection,0,None,,,1,On Roadway,1,Daylight,,,,,1,Clear,0,No,0000000,Not Applicable,14,2:00pm-2:59pm,40,40,14,2:00pm-2:59pm,45,45,88,"Not Applicable (Not Transported) ",88,Not Applicable (Not Transported),,,,,,,1,
2022,29,290674,Missouri,1,1,0,1,1,3,3,510,ST. LOUIS (CITY) (510),7080,ST. LOUIS,20,20,9,September,2022,3,Tuesday,17,5:00pm-5:59pm,50,50,0,This section IS NOT on the NHS,2,Urban,4,Minor Arterial,4,City or Municipal Highway Agency,6,Local Street - Municipality,MANCHESTER AVE,,10,10,38.62244722,38.62244722,-90.287991670,-90.28799167,0,No Special Jurisdiction,8,Pedestrian,0,The First Harmful Event was Not a Collision with a Motor Vehicle in Transport,0,No,1,Non-Junction,1,Not an Intersection,0,None,,,1,On Roadway,1,Daylight,,,,,1,Clear,0,No,0000000,Not Applicable,17,5:00pm-5:59pm,54,54,18,6:00pm-6:59pm,8,8,18,6:00pm-6:59pm,32,32,,,,,,,1,
2022,29,290675,Missouri,1,1,0,0,0,1,1,37,CASS (37),600,BELTON,21,21,9,September,2022,4,Wednesday,11,11:00am-11:59am,24,24,1,This section IS ON the NHS,2,Urban,1,Interstate,1,State Highway Agency,1,Interstate,I-49,,10,10,38.83480556,38.83480556,-94.527833330,-94.52783333,0,No Special Jurisdiction,35,Embankment,0,The First Harmful Event was Not a Collision with a Motor Vehicle in Transport,0,No,1,Non-Junction,1,Not an Intersection,0,None,,,4,On Roadside,1,Daylight,,,,,1,Clear,0,No,0000000,Not Applicable,11,11:00am-11:59am,26,26,11,11:00am-11:59am,31,31,11,11:00am-11:59am,51,51,,,,,,,1,
2022,29,290676,Missouri,2,2,0,0,0,3,3,101,JOHNSON (101),0,NOT APPLICABLE,21,21,9,September,2022,4,Wednesday,7,7:00am-7:59am,48,48,0,This section IS NOT on the NHS,1,Rural,5,Major Collector,1,State Highway Agency,3,State Highway,SR-T,CR-SW 300,30,30,38.72809167,38.72809167,-94.068627780,-94.06862778,0,No Special Jurisdiction,12,Motor Vehicle In-Transport,6,Angle,0,No,2,Intersection,3,T-Intersection,0,None,,,1,On Roadway,1,Daylight,,,,,1,Clear,0,No,0000000,Not Applicable,7,7:00am-7:59am,55,55,8,8:00am-8:59am,6,6,9,9:00am-9:59am,3,3,,,,,,,1,
2022,29,290677,Missouri,2,2,0,0,0,2,2,121,MACON (121),0,NOT APPLICABLE,22,22,9,September,2022,5,Thursday,12,12:00pm-12:59pm,13,13,1,This section IS ON the NHS,1,Rural,2,Principal Arterial - Other Freeways and Expressways,1,State Highway Agency,2,U.S. Highway,US-36,,260,260,39.75091667,39.75091667,-92.386111110,-92.38611111,0,No Special Jurisdiction,12,Motor Vehicle In-Transport,1,Front-to-Rear,0,No,1,Non-Junction,1,Not an Intersection,0,None,,,1,On Roadway,1,Daylight,,,,,10,Cloudy,0,No,0000000,Not Applicable,12,12:00pm-12:59pm,15,15,12,12:00pm-12:59pm,34,34,88,"Not Applicable (Not Transported) ",88,Not Applicable (Not Transported),,,,,,,1,
2022,29,290678,Missouri,1,1,0,0,0,1,1,59,DALLAS (59),0,NOT APPLICABLE,23,23,9,September,2022,6,Friday,5,5:00am-5:59am,45,45,0,This section IS NOT on the NHS,1,Rural,4,Minor Arterial,1,State Highway Agency,3,State Highway,SR-32,,90,90,37.63475000,37.63475000,-93.026583330,-93.02658333,0,No Special Jurisdiction,24,Guardrail Face,0,The First Harmful Event was Not a Collision with a Motor Vehicle in Transport,0,No,1,Non-Junction,1,Not an Intersection,0,None,,,4,On Roadside,2,Dark - Not Lighted,,,,,10,Cloudy,0,No,0000000,Not Applicable,5,5:00am-5:59am,50,50,6,6:00am-6:59am,5,5,6,6:00am-6:59am,54,54,,,,,,,1,
2022,29,290679,Missouri,1,1,0,0,0,1,1,85,HICKORY (85),0,NOT APPLICABLE,23,23,9,September,2022,6,Friday,21,9:00pm-9:59pm,10,10,0,This section IS NOT on the NHS,1,Rural,5,Major Collector,1,State Highway Agency,3,State Highway,SR-83,,210,210,37.83805556,37.83805556,-93.425444440,-93.42544444,0,No Special Jurisdiction,38,Fence,0,The First Harmful Event was Not a Collision with a Motor Vehicle in Transport,0,No,1,Non-Junction,1,Not an Intersection,0,None,,,4,On Roadside,2,Dark - Not Lighted,,,,,1,Clear,0,No,0000000,Not Applicable,21,9:00pm-9:59pm,26,26,21,9:00pm-9:59pm,26,26,88,"Not Applicable (Not Transported) ",88,Not Applicable (Not Transported),,,,,,,1,
2022,29,290680,Missouri,1,1,0,1,1,1,1,109,LAWRENCE (109),420,AURORA,24,24,9,September,2022,7,Saturday,23,11:00pm-11:59pm,23,23,0,This section IS NOT on the NHS,2,Urban,4,Minor Arterial,1,State Highway Agency,3,State Highway,SR-BU 60,,30,30,36.96461667,36.96461667,-93.762661110,-93.76266111,0,No Special Jurisdiction,8,Pedestrian,0,The First Harmful Event was Not a Collision with a Motor Vehicle in Transport,0,No,1,Non-Junction,1,Not an Intersection,0,None,,,1,On Roadway,2,Dark - Not Lighted,,,,,1,Clear,0,No,0000000,Not Applicable,99,Unknown,99,Unknown,99,Unknown EMS Scene Arrival Hour,99,Unknown EMS Scene Arrival Minutes,99,Unknown,99,Unknown EMS Hospital Arrival Time,,,,,,,1,
2022,29,290681,Missouri,2,2,0,0,0,2,2,23,BUTLER (23),0,NOT APPLICABLE,24,24,9,September,2022,7,Saturday,17,5:00pm-5:59pm,45,45,0,This section IS NOT on the NHS,1,Rural,7,Local,2,County Highway Agency,4,County Road,CR-465,,0,None,36.75925833,36.75925833,-90.436011110,-90.43601111,0,No Special Jurisdiction,12,Motor Vehicle In-Transport,2,Front-to-Front,0,No,1,Non-Junction,1,Not an Intersection,0,None,,,1,On Roadway,1,Daylight,,,,,2,Rain,0,No,0000000,Not Applicable,17,5:00pm-5:59pm,53,53,17,5:00pm-5:59pm,59,59,88,"Not Applicable (Not Transported) ",88,Not Applicable (Not Transported),,,,,,,1,
2022,29,290682,Missouri,2,2,0,0,0,2,2,165,PLATTE (165),6080,PARKVILLE,24,24,9,September,2022,7,Saturday,19,7:00pm-7:59pm,22,22,1,This section IS ON the NHS,2,Urban,1,Interstate,1,State Highway Agency,1,Interstate,I-435,,180,180,39.21330556,39.21330556,-94.762000000,-94.76200000,0,No Special Jurisdiction,12,Motor Vehicle In-Transport,1,Front-to-Rear,0,No,1,Non-Junction,1,Not an Intersection,0,None,,,1,On Roadway,1,Daylight,,,,,1,Clear,0,No,0000000,Not Applicable,18,6:00pm-6:59pm,23,23,18,6:00pm-6:59pm,32,32,99,Unknown,99,Unknown EMS Hospital Arrival Time,,,,,,,1,
2022,29,290683,Missouri,2,2,0,0,0,2,2,9,BARRY (9),1460,CASSVILLE,24,24,9,September,2022,7,Saturday,17,5:00pm-5:59pm,25,25,0,This section IS NOT on the NHS,1,Rural,4,Minor Arterial,1,State Highway Agency,3,State Highway,SR-76,,150,150,36.67302778,36.67302778,-93.874138890,-93.87413889,0,No Special Jurisdiction,12,Motor Vehicle In-Transport,2,Front-to-Front,0,No,1,Non-Junction,1,Not an Intersection,0,None,,,4,On Roadside,1,Daylight,,,,,1,Clear,0,No,0000000,Not Applicable,17,5:00pm-5:59pm,25,25,17,5:00pm-5:59pm,29,29,88,"Not Applicable (Not Transported) ",88,Not Applicable (Not Transported),,,,,,,1,
2022,29,290684,Missouri,2,2,0,0,0,3,3,37,CASS (37),600,BELTON,25,25,9,September,2022,1,Sunday,13,1:00pm-1:59pm,53,53,0,This section IS NOT on the NHS,2,Urban,4,Minor Arterial,1,State Highway Agency,3,State Highway,SR-D,E 166TH ST,10,10,38.83400000,38.83400000,-94.584388890,-94.58438889,0,No Special Jurisdiction,12,Motor Vehicle In-Transport,6,Angle,0,No,2,Intersection,3,T-Intersection,0,None,,,1,On Roadway,1,Daylight,,,,,1,Clear,0,No,0000000,Not Applicable,14,2:00pm-2:59pm,2,2,14,2:00pm-2:59pm,8,8,14,2:00pm-2:59pm,28,28,,,,,,,1,
2022,29,290685,Missouri,1,1,0,0,0,2,2,510,ST. LOUIS (CITY) (510),7080,ST. LOUIS,24,24,9,September,2022,7,Saturday,1,1:00am-1:59am,8,8,1,This section IS ON the NHS,2,Urban,1,Interstate,1,State Highway Agency,1,Interstate,I-55,,40,40,38.58130556,38.58130556,-90.224472220,-90.22447222,0,No Special Jurisdiction,33,Curb,0,The First Harmful Event was Not a Collision with a Motor Vehicle in Transport,0,No,1,Non-Junction,1,Not an Intersection,4,"Work Zone, Type Unknown",,,4,On Roadside,3,Dark - Lighted,,,,,1,Clear,0,No,0000000,Not Applicable,0,0:00am-0:59am,51,51,0,0:00am-0:59am,57,57,1,1:00am-1:59am,40,40,,,,,,,1,
2022,29,290686,Missouri,1,1,0,0,0,1,1,151,OSAGE (151),0,NOT APPLICABLE,25,25,9,September,2022,1,Sunday,19,7:00pm-7:59pm,10,10,0,This section IS NOT on the NHS,1,Rural,7,Local,2,County Highway Agency,4,County Road,CR-722,,10,10,38.33519444,38.33519444,-91.712000000,-91.71200000,0,No Special Jurisdiction,34,Ditch,0,The First Harmful Event was Not a Collision with a Motor Vehicle in Transport,0,No,1,Non-Junction,1,Not an Intersection,0,None,,,4,On Roadside,2,Dark - Not Lighted,,,,,1,Clear,0,No,0000000,Not Applicable,99,Unknown,98,Unknown if Notified,99,Unknown EMS Scene Arrival Hour,98,Unknown if Arrived,88,"Not Applicable (Not Transported) ",88,Not Applicable (Not Transported),,,,,,,1,
2022,29,290687,Missouri,1,1,0,0,0,1,1,95,JACKSON (95),4120,KANSAS CITY,25,25,9,September,2022,1,Sunday,1,1:00am-1:59am,22,22,1,This section IS ON the NHS,2,Urban,1,Interstate,1,State Highway Agency,1,Interstate,I-70,,80,80,39.06106667,39.06106667,-94.494530560,-94.49453056,0,No Special Jurisdiction,1,Rollover/Overturn,0,The First Harmful Event was Not a Collision with a Motor Vehicle in Transport,0,No,1,Non-Junction,1,Not an Intersection,0,None,,,1,On Roadway,3,Dark - Lighted,,,,,1,Clear,0,No,0000000,Not Applicable,99,Unknown,99,Unknown,99,Unknown EMS Scene Arrival Hour,99,Unknown EMS Scene Arrival Minutes,88,"Not Applicable (Not Transported) ",88,Not Applicable (Not Transported),,,,,,,1,
2022,29,290688,Missouri,1,1,0,0,0,1,1,65,DENT (65),0,NOT APPLICABLE,25,25,9,September,2022,1,Sunday,1,1:00am-1:59am,15,15,0,This section IS NOT on the NHS,1,Rural,6,Minor Collector,1,State Highway Agency,3,State Highway,SR-CC,,0,None,37.58572222,37.58572222,-91.738333330,-91.73833333,0,No Special Jurisdiction,1,Rollover/Overturn,0,The First Harmful Event was Not a Collision with a Motor Vehicle in Transport,0,No,1,Non-Junction,1,Not an Intersection,0,None,,,4,On Roadside,2,Dark - Not Lighted,,,,,1,Clear,0,No,0000000,Not Applicable,2,2:00am-2:59am,2,2,2,2:00am-2:59am,21,21,88,"Not Applicable (Not Transported) ",88,Not Applicable (Not Transported),,,,,,,1,
2022,29,290689,Missouri,2,2,0,0,0,2,2,47,CLAY (47),0,NOT APPLICABLE,25,25,9,September,2022,1,Sunday,19,7:00pm-7:59pm,40,40,0,This section IS NOT on the NHS,1,Rural,6,Minor Collector,2,County Highway Agency,4,County Road,CR-LITTON WAY,,10,10,39.39216944,39.39216944,-94.555116670,-94.55511667,0,No Special Jurisdiction,12,Motor Vehicle In-Transport,8,Sideswipe - Opposite Direction,0,No,1,Non-Junction,1,Not an Intersection,0,None,,,1,On Roadway,3,Dark - Lighted,,,,,1,Clear,0,No,0000000,Not Applicable,19,7:00pm-7:59pm,42,42,19,7:00pm-7:59pm,50,50,20,8:00pm-8:59pm,23,23,,,,,,,1,
2022,29,290690,Missouri,1,1,0,1,1,1,1,95,JACKSON (95),4120,KANSAS CITY,26,26,9,September,2022,2,Monday,11,11:00am-11:59am,22,22,0,This section IS NOT on the NHS,2,Urban,4,Minor Arterial,4,City or Municipal Highway Agency,6,Local Street - Municipality,BLUE RIDGE CUTOFF,FRONTAGE RD,10,10,39.05019167,39.05019167,-94.475508330,-94.47550833,0,No Special Jurisdiction,8,Pedestrian,0,The First Harmful Event was Not a Collision with a Motor Vehicle in Transport,0,No,3,Intersection-Related,3,T-Intersection,0,None,,,1,On Roadway,1,Daylight,,,,,1,Clear,0,No,0000000,Not Applicable,11,11:00am-11:59am,22,22,11,11:00am-11:59am,11,11,11,11:00am-11:59am,55,55,,,,,,,1,
2022,29,290691,Missouri,2,2,0,0,0,3,3,159,PETTIS (159),0,NOT APPLICABLE,26,26,9,September,2022,2,Monday,5,5:00am-5:59am,50,50,0,This section IS NOT on the NHS,1,Rural,5,Major Collector,1,State Highway Agency,3,State Highway,SR-O,,40,40,38.81730556,38.81730556,-93.107861110,-93.10786111,0,No Special Jurisdiction,12,Motor Vehicle In-Transport,2,Front-to-Front,0,No,1,Non-Junction,1,Not an Intersection,0,None,,,1,On Roadway,3,Dark - Lighted,,,,,1,Clear,0,No,0000000,Not Applicable,5,5:00am-5:59am,52,52,6,6:00am-6:59am,11,11,88,"Not Applicable (Not Transported) ",88,Not Applicable (Not Transported),,,,,,,1,
2022,29,290692,Missouri,1,1,0,0,0,1,1,95,JACKSON (95),4490,LEES SUMMIT,28,28,9,September,2022,4,Wednesday,8,8:00am-8:59am,30,30,1,This section IS ON the NHS,2,Urban,1,Interstate,1,State Highway Agency,1,Interstate,I-470,,110,110,38.93505556,38.93505556,-94.427444440,-94.42744444,0,No Special Jurisdiction,59,"Traffic Sign Support ",0,The First Harmful Event was Not a Collision with a Motor Vehicle in Transport,0,No,1,Non-Junction,1,Not an Intersection,0,None,,,4,On Roadside,1,Daylight,,,,,1,Clear,0,No,0000000,Not Applicable,8,8:00am-8:59am,30,30,8,8:00am-8:59am,37,37,9,9:00am-9:59am,4,4,,,,,,,1,
2022,29,290693,Missouri,1,1,0,1,1,1,1,95,JACKSON (95),4120,KANSAS CITY,29,29,9,September,2022,5,Thursday,7,7:00am-7:59am,35,35,0,This section IS NOT on the NHS,2,Urban,4,Minor Arterial,1,State Highway Agency,6,Local Street - Municipality,TRUMAN RD,GRAND BLVD,0,None,39.09567500,39.09567500,-94.580986110,-94.58098611,0,No Special Jurisdiction,8,Pedestrian,0,The First Harmful Event was Not a Collision with a Motor Vehicle in Transport,0,No,3,Intersection-Related,2,Four-Way Intersection,0,None,,,1,On Roadway,1,Daylight,,,,,1,Clear,0,No,0000000,Not Applicable,7,7:00am-7:59am,35,35,7,7:00am-7:59am,39,39,7,7:00am-7:59am,48,48,,,,,,,1,
2022,29,290694,Missouri,1,1,0,0,0,1,1,89,HOWARD (89),0,NOT APPLICABLE,29,29,9,September,2022,5,Thursday,1,1:00am-1:59am,0,0,0,This section IS NOT on the NHS,1,Rural,6,Minor Collector,1,State Highway Agency,3,State Highway,SR-O,,100,100,39.24244444,39.24244444,-92.504472220,-92.50447222,0,No Special Jurisdiction,32,Culvert,0,The First Harmful Event was Not a Collision with a Motor Vehicle in Transport,0,No,1,Non-Junction,1,Not an Intersection,0,None,,,4,On Roadside,3,Dark - Lighted,,,,,1,Clear,0,No,0000000,Not Applicable,5,5:00am-5:59am,4,4,5,5:00am-5:59am,25,25,88,"Not Applicable (Not Transported) ",88,Not Applicable (Not Transported),,,,,,,1,
2022,29,290695,Missouri,2,2,0,0,0,2,2,27,CALLAWAY (27),0,NOT APPLICABLE,29,29,9,September,2022,5,Thursday,12,12:00pm-12:59pm,30,30,0,This section IS NOT on the NHS,1,Rural,7,Local,1,State Highway Agency,4,County Road,CR-245,SR-E,0,None,39.02450000,39.02450000,-91.967000000,-91.96700000,0,No Special Jurisdiction,12,Motor Vehicle In-Transport,6,Angle,0,No,2,Intersection,2,Four-Way Intersection,0,None,,,1,On Roadway,1,Daylight,,,,,1,Clear,0,No,0000000,Not Applicable,12,12:00pm-12:59pm,32,32,12,12:00pm-12:59pm,47,47,88,"Not Applicable (Not Transported) ",88,Not Applicable (Not Transported),,,,,,,1,
2022,29,290696,Missouri,1,1,0,0,0,1,1,29,CAMDEN (29),0,NOT APPLICABLE,29,29,9,September,2022,5,Thursday,13,1:00pm-1:59pm,24,24,0,This section IS NOT on the NHS,1,Rural,5,Major Collector,1,State Highway Agency,3,State Highway,SR-A,,40,40,38.03533333,38.03533333,-92.642361110,-92.64236111,0,No Special Jurisdiction,35,Embankment,0,The First Harmful Event was Not a Collision with a Motor Vehicle in Transport,0,No,1,Non-Junction,1,Not an Intersection,0,None,,,4,On Roadside,1,Daylight,,,,,1,Clear,0,No,0000000,Not Applicable,99,Unknown,98,Unknown if Notified,99,Unknown EMS Scene Arrival Hour,98,Unknown if Arrived,88,"Not Applicable (Not Transported) ",88,Not Applicable (Not Transported),,,,,,,1,
2022,29,290697,Missouri,2,2,0,0,0,2,2,95,JACKSON (95),3940,INDEPENDENCE,30,30,9,September,2022,6,Friday,15,3:00pm-3:59pm,34,34,0,This section IS NOT on the NHS,2,Urban,4,Minor Arterial,4,City or Municipal Highway Agency,6,Local Street - Municipality,STERLING AVE,27TH ST,30,30,39.07310833,39.07310833,-94.446363890,-94.44636389,0,No Special Jurisdiction,12,Motor Vehicle In-Transport,6,Angle,0,No,2,Intersection,2,Four-Way Intersection,0,None,,,1,On Roadway,1,Daylight,,,,,1,Clear,1,Yes,0000000,Not Applicable,99,Unknown,98,Unknown if Notified,99,Unknown EMS Scene Arrival Hour,98,Unknown if Arrived,88,"Not Applicable (Not Transported) ",88,Not Applicable (Not Transported),,,,,,,1,
2022,29,290698,Missouri,1,1,0,0,0,1,1,229,WRIGHT (229),0,NOT APPLICABLE,30,30,9,September,2022,6,Friday,14,2:00pm-2:59pm,5,5,0,This section IS NOT on the NHS,1,Rural,5,Major Collector,1,State Highway Agency,3,State Highway,SR-95,,260,260,37.16555556,37.16555556,-92.266805560,-92.26680556,0,No Special Jurisdiction,59,"Traffic Sign Support ",0,The First Harmful Event was Not a Collision with a Motor Vehicle in Transport,0,No,1,Non-Junction,1,Not an Intersection,0,None,,,4,On Roadside,1,Daylight,,,,,1,Clear,0,No,0000000,Not Applicable,14,2:00pm-2:59pm,10,10,14,2:00pm-2:59pm,47,47,15,3:00pm-3:59pm,19,19,,,,,,,1,
2022,29,290699,Missouri,1,1,0,0,0,1,1,189,ST LOUIS (189),1050,BRIDGETON,1,1,10,October,2022,7,Saturday,1,1:00am-1:59am,40,40,1,This section IS ON the NHS,2,Urban,1,Interstate,1,State Highway Agency,1,Interstate,I-270,,220,220,38.76438889,38.76438889,-90.418611110,-90.41861111,0,No Special Jurisdiction,25,Concrete Traffic Barrier,0,The First Harmful Event was Not a Collision with a Motor Vehicle in Transport,0,No,1,Non-Junction,1,Not an Intersection,0,None,,,3,On Median,2,Dark - Not Lighted,,,,,1,Clear,0,No,0000000,Not Applicable,1,1:00am-1:59am,40,40,1,1:00am-1:59am,50,50,2,2:00am-2:59am,8,8,,,,,,,1,
2022,29,290700,Missouri,1,1,0,0,0,2,2,99,JEFFERSON (99),0,NOT APPLICABLE,30,30,4,April,2022,7,Saturday,22,10:00pm-10:59pm,44,44,0,This section IS NOT on the NHS,2,Urban,4,Minor Arterial,2,County Highway Agency,4,County Road,CR-OLD HWY 21,,50,50,38.39935833,38.39935833,-90.494541670,-90.49454167,0,No Special Jurisdiction,5,Fell/Jumped from Vehicle,0,The First Harmful Event was Not a Collision with a Motor Vehicle in Transport,0,No,1,Non-Junction,1,Not an Intersection,0,None,,,1,On Roadway,2,Dark - Not Lighted,,,,,1,Clear,0,No,0000000,Not Applicable,22,10:00pm-10:59pm,43,43,22,10:00pm-10:59pm,53,53,23,11:00pm-11:59pm,14,14,,,,,,,1,
2022,29,290701,Missouri,1,1,0,0,0,1,1,99,JEFFERSON (99),0,NOT APPLICABLE,1,1,7,July,2022,6,Friday,1,1:00am-1:59am,30,30,0,This section IS NOT on the NHS,2,Urban,5,Major Collector,2,County Highway Agency,4,County Road,CR-SALINE RD,,30,30,38.47108056,38.47108056,-90.460150000,-90.46015000,0,No Special Jurisdiction,1,Rollover/Overturn,0,The First Harmful Event was Not a Collision with a Motor Vehicle in Transport,0,No,1,Non-Junction,1,Not an Intersection,0,None,,,4,On Roadside,2,Dark - Not Lighted,,,,,1,Clear,0,No,0000000,Not Applicable,99,Unknown,99,Unknown,99,Unknown EMS Scene Arrival Hour,98,Unknown if Arrived,88,"Not Applicable (Not Transported) ",88,Not Applicable (Not Transported),,,,,,,1,
2022,29,290702,Missouri,1,1,0,1,1,1,1,510,ST. LOUIS (CITY) (510),7080,ST. LOUIS,8,8,7,July,2022,6,Friday,5,5:00am-5:59am,0,0,0,This section IS NOT on the NHS,2,Urban,7,Local,4,City or Municipal Highway Agency,6,Local Street - Municipality,PENNSYLVANIA AVE,,20,20,38.54195556,38.54195556,-90.265858330,-90.26585833,0,No Special Jurisdiction,8,Pedestrian,0,The First Harmful Event was Not a Collision with a Motor Vehicle in Transport,0,No,1,Non-Junction,1,Not an Intersection,0,None,,,1,On Roadway,3,Dark - Lighted,,,,,1,Clear,0,No,0000000,Not Applicable,5,5:00am-5:59am,23,23,5,5:00am-5:59am,48,48,6,6:00am-6:59am,21,21,,,,,,,1,
2022,29,290703,Missouri,6,6,0,0,0,8,8,189,ST LOUIS (189),3580,HAZELWOOD,1,1,9,September,2022,5,Thursday,23,11:00pm-11:59pm,25,25,1,This section IS ON the NHS,2,Urban,1,Interstate,1,State Highway Agency,1,Interstate,I-270,,80,80,38.77563889,38.77563889,-90.336777780,-90.33677778,0,No Special Jurisdiction,12,Motor Vehicle In-Transport,7,Sideswipe - Same Direction,1,Yes,18,Through Roadway,1,Not an Intersection,1,Construction,,,1,On Roadway,3,Dark - Lighted,,,,,1,Clear,0,No,0000000,Not Applicable,23,11:00pm-11:59pm,42,42,23,11:00pm-11:59pm,46,46,0,0:00am-0:59am,12,12,,,,,,,1,
2022,29,290704,Missouri,4,4,0,0,0,7,7,189,ST LOUIS (189),2780,FLORISSANT,7,7,9,September,2022,4,Wednesday,14,2:00pm-2:59pm,4,4,1,This section IS ON the NHS,2,Urban,3,Principal Arterial - Other,1,State Highway Agency,6,Local Street - Municipality,LINDBERGH BLVD,,60,60,38.80312500,38.80312500,-90.310344440,-90.31034444,0,No Special Jurisdiction,12,Motor Vehicle In-Transport,1,Front-to-Rear,0,No,8,Driveway Access Related,1,Not an Intersection,0,None,,,1,On Roadway,1,Daylight,,,,,1,Clear,0,No,0000000,Not Applicable,14,2:00pm-2:59pm,6,6,14,2:00pm-2:59pm,11,11,14,2:00pm-2:59pm,37,37,,,,,,,1,