caseyear,state,st_case,statename,ve_total,ve_forms,pvh_invl,peds,pernotmvit,permvit,persons,county,countyname,city,cityname,day,dayname,month,monthname,year,day_week,day_weekname,hour,hourname,minute,minutename,nhs,nhsname,rur_urb,rur_urbname,func_sys,func_sysname,rd_owner,rd_ownername,route,routename,tway_id,tway_id2,milept,mileptname,latitude,latitudename,longitud,longitudname,sp_jur,sp_jurname,harm_ev,harm_evname,man_coll,man_collname,reljct1,reljct1name,reljct2,reljct2name,typ_int,typ_intname,wrk_zone,wrk_zonename,road_fnc,road_fncname,rel_road,rel_roadname,lgt_cond,lgt_condname,weather1,weather1name,weather2,weather2name,weather,weathername,sch_bus,sch_busname,rail,railname,not_hour,not_hourname,not_min,not_minname,arr_hour,arr_hourname,arr_min,arr_minname,hosp_hr,hosp_hrname,hosp_mn,hosp_mnname,cf1,cf1name,cf2,cf2name,cf3,cf3name,fatals,drunk_dr
2022,29,290778,Missouri,1,1,0,0,0,1,1,179,REYNOLDS (179),0,NOT APPLICABLE,25,25,10,October,2022,3,Tuesday,20,8:00pm-8:59pm,25,25,0,This section IS NOT on the NHS,1,Rural,5,Major Collector,1,State Highway Agency,3,State Highway,SR-HH,,90,90,37.11866667,37.11866667,-90.867805560,-90.86780556,0,No Special Jurisdiction,42,Tree (Standing Only),0,The First Harmful Event was Not a Collision with a Motor Vehicle in Transport,0,No,1,Non-Junction,1,Not an Intersection,0,None,,,4,On Roadside,3,Dark - Lighted,,,,,2,Rain,0,No,0000000,Not Applicable,20,8:00pm-8:59pm,40,40,21,9:00pm-9:59pm,0,0,22,10:00pm-10:59pm,10,10,,,,,,,1,
2022,29,290779,Missouri,1,1,0,0,0,1,1,149,OREGON (149),0,NOT APPLICABLE,26,26,10,October,2022,4,Wednesday,1,1:00am-1:59am,30,30,0,This section IS NOT on the NHS,1,Rural,4,Minor Arterial,1,State Highway Agency,3,State Highway,SR-142,,130,130,36.52744444,36.52744444,-91.456555560,-91.45655556,0,No Special Jurisdiction,58,Ground,0,The First Harmful Event was Not a Collision with a Motor Vehicle in Transport,0,No,1,Non-Junction,1,Not an Intersection,0,None,,,4,On Roadside,2,Dark - Not Lighted,,,,,1,Clear,0,No,0000000,Not Applicable,99,Unknown,98,Unknown if Notified,99,Unknown EMS Scene Arrival Hour,98,Unknown if Arrived,88,"Not Applicable (Not Transported) ",88,Not Applicable (Not Transported),,,,,,,1,
2022,29,290780,Missouri,2,2,0,0,0,3,3,167,POLK (167),880,BOLIVAR,27,27,10,October,2022,5,Thursday,15,3:00pm-3:59pm,35,35,0,This section IS NOT on the NHS,2,Urban,3,Principal Arterial - Other,4,City or Municipal Highway Agency,3,State Highway,SR-83,,160,160,37.60852778,37.60852778,-93.408027780,-93.40802778,0,No Special Jurisdiction,12,Motor Vehicle In-Transport,2,Front-to-Front,0,No,8,Driveway Access Related,1,Not an Intersection,0,None,,,1,On Roadway,1,Daylight,,,,,1,Clear,0,No,0000000,Not Applicable,99,Unknown,99,Unknown,99,Unknown EMS Scene Arrival Hour,99,Unknown EMS Scene Arrival Minutes,88,"Not Applicable (Not Transported) ",88,Not Applicable (Not Transported),,,,,,,1,
2022,29,290781,Missouri,1,1,0,0,0,1,1,99,JEFFERSON (99),0,NOT APPLICABLE,27,27,10,October,2022,5,Thursday,9,9:00am-9:59am,41,41,0,This section IS NOT on the NHS,2,Urban,7,Local,1,State Highway Agency,4,County Road,CR-HARRISON LAKE RD,,10,10,38.21757500,38.21757500,-90.435380560,-90.43538056,0,No Special Jurisdiction,42,Tree (Standing Only),0,The First Harmful Event was Not a Collision with a Motor Vehicle in Transport,0,No,1,Non-Junction,1,Not an Intersection,0,None,,,4,On Roadside,1,Daylight,,,,,1,Clear,0,No,0000000,Not Applicable,99,Unknown,99,Unknown,99,Unknown EMS Scene Arrival Hour,99,Unknown EMS Scene Arrival Minutes,99,Unknown,99,Unknown EMS Hospital Arrival Time,,,,,,,1,
2022,29,290782,Missouri,1,1,0,0,0,2,2,209,STONE (209),0,NOT APPLICABLE,22,22,10,October,2022,7,Saturday,12,12:00pm-12:59pm,32,32,0,This section IS NOT on the NHS,1,Rural,4,Minor Arterial,1,State Highway Agency,3,State Highway,SR-76,,60,60,36.73655556,36.73655556,-93.484972220,-93.48497222,0,No Special Jurisdiction,59,"Traffic Sign Support ",0,The First Harmful Event was Not a Collision with a Motor Vehicle in Transport,0,No,1,Non-Junction,1,Not an Intersection,0,None,,,4,On Roadside,1,Daylight,,,,,1,Clear,0,No,0000000,Not Applicable,12,12:00pm-12:59pm,40,40,13,1:00pm-1:59pm,4,4,14,2:00pm-2:59pm,2,2,,,,,,,1,
2022,29,290783,Missouri,2,2,0,0,0,2,2,9,BARRY (9),0,NOT APPLICABLE,27,27,10,October,2022,5,Thursday,15,3:00pm-3:59pm,24,24,0,This section IS NOT on the NHS,1,Rural,4,Minor Arterial,1,State Highway Agency,3,State Highway,SR-76,,190,190,36.65480556,36.65480556,-93.814944440,-93.81494444,0,No Special Jurisdiction,12,Motor Vehicle In-Transport,2,Front-to-Front,0,No,1,Non-Junction,1,Not an Intersection,0,None,,,1,On Roadway,1,Daylight,,,,,1,Clear,0,No,0000000,Not Applicable,99,Unknown,98,Unknown if Notified,99,Unknown EMS Scene Arrival Hour,98,Unknown if Arrived,88,"Not Applicable (Not Transported) ",88,Not Applicable (Not Transported),,,,,,,1,
2022,29,290784,Missouri,1,1,0,1,1,1,1,109,LAWRENCE (109),420,AURORA,27,27,10,October,2022,5,Thursday,20,8:00pm-8:59pm,46,46,1,This section IS ON the NHS,2,Urban,3,Principal Arterial - Other,1,State Highway Agency,2,U.S. Highway,US-60,SR-39,70,70,36.94792222,36.94792222,-93.718466670,-93.71846667,0,No Special Jurisdiction,8,Pedestrian,0,The First Harmful Event was Not a Collision with a Motor Vehicle in Transport,0,No,3,Intersection-Related,2,Four-Way Intersection,0,None,,,1,On Roadway,3,Dark - Lighted,,,,,1,Clear,0,No,0000000,Not Applicable,99,Unknown,99,Unknown,99,Unknown EMS Scene Arrival Hour,99,Unknown EMS Scene Arrival Minutes,99,Unknown,99,Unknown EMS Hospital Arrival Time,,,,,,,1,
2022,29,290785,Missouri,1,1,0,0,0,1,1,95,JACKSON (95),4120,KANSAS CITY,27,27,10,October,2022,5,Thursday,3,3:00am-3:59am,55,55,0,This section IS NOT on the NHS,2,Urban,5,Major Collector,4,City or Municipal Highway Agency,6,Local Street - Municipality,WESTPORT RD,,0,None,39.05010000,39.05010000,-94.603152780,-94.60315278,0,No Special Jurisdiction,33,Curb,0,The First Harmful Event was Not a Collision with a Motor Vehicle in Transport,0,No,1,Non-Junction,1,Not an Intersection,0,None,,,4,On Roadside,3,Dark - Lighted,,,,,1,Clear,0,No,0000000,Not Applicable,3,3:00am-3:59am,54,54,4,4:00am-4:59am,0,0,88,"Not Applicable (Not Transported) ",88,Not Applicable (Not Transported),,,,,,,1,
2022,29,290786,Missouri,1,1,0,0,0,1,1,219,WARREN (219),8530,WRIGHT CITY,27,27,10,October,2022,5,Thursday,14,2:00pm-2:59pm,51,51,1,This section IS ON the NHS,1,Rural,1,Interstate,1,State Highway Agency,1,Interstate,I-70,,30,30,38.83005556,38.83005556,-91.016055560,-91.01605556,0,No Special Jurisdiction,1,Rollover/Overturn,0,The First Harmful Event was Not a Collision with a Motor Vehicle in Transport,0,No,1,Non-Junction,1,Not an Intersection,0,None,,,1,On Roadway,1,Daylight,,,,,1,Clear,0,No,0000000,Not Applicable,99,Unknown,98,Unknown if Notified,99,Unknown EMS Scene Arrival Hour,98,Unknown if Arrived,88,"Not Applicable (Not Transported) ",88,Not Applicable (Not Transported),,,,,,,1,
2022,29,290787,Missouri,3,3,0,0,0,3,3,121,MACON (121),0,NOT APPLICABLE,28,28,10,October,2022,6,Friday,15,3:00pm-3:59pm,30,30,1,This section IS ON the NHS,1,Rural,3,Principal Arterial - Other,1,State Highway Agency,2,U.S. Highway,US-63,,240,240,39.69844444,39.69844444,-92.465138890,-92.46513889,0,No Special Jurisdiction,12,Motor Vehicle In-Transport,6,Angle,0,No,1,Non-Junction,1,Not an Intersection,0,None,,,1,On Roadway,1,Daylight,,,,,1,Clear,0,No,0000000,Not Applicable,15,3:00pm-3:59pm,32,32,15,3:00pm-3:59pm,37,37,88,"Not Applicable (Not Transported) ",88,Not Applicable (Not Transported),,,,,,,1,
2022,29,290788,Missouri,1,1,0,0,0,6,6,189,ST LOUIS (189),0,NOT APPLICABLE,29,29,10,October,2022,7,Saturday,1,1:00am-1:59am,21,21,1,This section IS ON the NHS,2,Urban,3,Principal Arterial - Other,2,County Highway Agency,4,County Road,CR-GRAVOIS RD,ALEPPO DR,50,50,38.53761111,38.53761111,-90.377708330,-90.37770833,0,No Special Jurisdiction,30,Utility Pole/Light Support,0,The First Harmful Event was Not a Collision with a Motor Vehicle in Transport,0,No,3,Intersection-Related,3,T-Intersection,0,None,,,4,On Roadside,2,Dark - Not Lighted,,,,,1,Clear,0,No,0000000,Not Applicable,1,1:00am-1:59am,23,23,1,1:00am-1:59am,27,27,2,2:00am-2:59am,10,10,,,,,,,1,
2022,29,290789,Missouri,2,2,0,0,0,3,3,135,MONITEAU (135),0,NOT APPLICABLE,29,29,10,October,2022,7,Saturday,18,6:00pm-6:59pm,58,58,1,This section IS ON the NHS,1,Rural,3,Principal Arterial - Other,1,State Highway Agency,2,U.S. Highway,US-50,CR-CROSS LANE RD,70,70,38.64586111,38.64586111,-92.715694440,-92.71569444,0,No Special Jurisdiction,12,Motor Vehicle In-Transport,1,Front-to-Rear,0,No,3,Intersection-Related,98,Not Reported,0,None,,,1,On Roadway,2,Dark - Not Lighted,,,,,1,Clear,0,No,0000000,Not Applicable,99,Unknown,98,Unknown if Notified,99,Unknown EMS Scene Arrival Hour,98,Unknown if Arrived,88,"Not Applicable (Not Transported) ",88,Not Applicable (Not Transported),,,,,,,2,
2022,29,290790,Missouri,2,2,0,0,0,2,2,97,JASPER (97),0,NOT APPLICABLE,29,29,10,October,2022,7,Saturday,11,11:00am-11:59am,39,39,0,This section IS NOT on the NHS,1,Rural,98,Not Reported,2,County Highway Agency,4,County Road,CR-NUTMEG RD,CR-70,20,20,37.25486111,37.25486111,-94.179805560,-94.17980556,0,No Special Jurisdiction,12,Motor Vehicle In-Transport,6,Angle,0,No,2,Intersection,2,Four-Way Intersection,0,None,,,1,On Roadway,1,Daylight,,,,,10,Cloudy,0,No,0000000,Not Applicable,11,11:00am-11:59am,42,42,12,12:00pm-12:59pm,0,0,12,12:00pm-12:59pm,47,47,,,,,,,1,
2022,29,290791,Missouri,2,2,0,0,0,2,2,169,PULASKI (169),0,NOT APPLICABLE,29,29,10,October,2022,7,Saturday,4,4:00am-4:59am,28,28,1,This section IS ON the NHS,1,Rural,1,Interstate,1,State Highway Agency,1,Interstate,I-44,,180,180,37.77886111,37.77886111,-92.317583330,-92.31758333,0,No Special Jurisdiction,57,Cable Barrier,0,The First Harmful Event was Not a Collision with a Motor Vehicle in Transport,1,Yes,19,Other location within Interchange Area,1,Not an Intersection,0,None,,,3,On Median,2,Dark - Not Lighted,,,,,1,Clear,0,No,0000000,Not Applicable,99,Unknown,98,Unknown if Notified,99,Unknown EMS Scene Arrival Hour,98,Unknown if Arrived,88,"Not Applicable (Not Transported) ",88,Not Applicable (Not Transported),,,,,,,1,
2022,29,290792,Missouri,1,1,0,0,0,2,2,91,HOWELL (91),0,NOT APPLICABLE,14,14,10,October,2022,6,Friday,15,3:00pm-3:59pm,40,40,0,This section IS NOT on the NHS,1,Rural,7,Local,2,County Highway Agency,4,County Road,CR-3080,,50,50,36.99000000,36.99000000,-91.715055560,-91.71505556,0,No Special Jurisdiction,35,Embankment,0,The First Harmful Event was Not a Collision with a Motor Vehicle in Transport,0,No,1,Non-Junction,1,Not an Intersection,0,None,,,4,On Roadside,1,Daylight,,,,,1,Clear,0,No,0000000,Not Applicable,99,Unknown,99,Unknown,99,Unknown EMS Scene Arrival Hour,99,Unknown EMS Scene Arrival Minutes,99,Unknown,99,Unknown EMS Hospital Arrival Time,,,,,,,1,
2022,29,290793,Missouri,1,1,0,1,1,1,1,159,PETTIS (159),7210,SEDALIA,28,28,10,October,2022,6,Friday,16,4:00pm-4:59pm,48,48,0,This section IS NOT on the NHS,2,Urban,7,Local,4,City or Municipal Highway Agency,6,Local Street - Municipality,S LAMINE AVE,E 3RD ST,0,None,38.70858333,38.70858333,-93.226944440,-93.22694444,0,No Special Jurisdiction,15,Non-Motorist on Personal Conveyance,0,The First Harmful Event was Not a Collision with a Motor Vehicle in Transport,0,No,2,Intersection,2,Four-Way Intersection,0,None,,,1,On Roadway,1,Daylight,,,,,1,Clear,0,No,0000000,Not Applicable,16,4:00pm-4:59pm,50,50,16,4:00pm-4:59pm,52,52,17,5:00pm-5:59pm,14,14,,,,,,,1,
2022,29,290794,Missouri,2,1,1,0,1,1,2,37,CASS (37),6160,PECULIAR,29,29,10,October,2022,7,Saturday,23,11:00pm-11:59pm,47,47,1,This section IS ON the NHS,2,Urban,1,Interstate,1,State Highway Agency,1,Interstate,I-49,,70,70,38.74961111,38.74961111,-94.478722220,-94.47872222,0,No Special Jurisdiction,45,"Working Motor Vehicle ",0,The First Harmful Event was Not a Collision with a Motor Vehicle in Transport,0,No,1,Non-Junction,1,Not an Intersection,1,Construction,,,5,Outside Trafficway,2,Dark - Not Lighted,,,,,1,Clear,0,No,0000000,Not Applicable,23,11:00pm-11:59pm,48,48,0,0:00am-0:59am,1,1,0,0:00am-0:59am,20,20,,,,,,,1,
2022,29,290795,Missouri,1,1,0,0,0,2,2,105,LACLEDE (105),0,NOT APPLICABLE,29,29,10,October,2022,7,Saturday,17,5:00pm-5:59pm,15,15,0,This section IS NOT on the NHS,1,Rural,6,Minor Collector,1,State Highway Agency,3,State Highway,SR-WW,,30,30,37.71914722,37.71914722,-92.741755560,-92.74175556,0,No Special Jurisdiction,1,Rollover/Overturn,0,The First Harmful Event was Not a Collision with a Motor Vehicle in Transport,0,No,1,Non-Junction,1,Not an Intersection,0,None,,,4,On Roadside,1,Daylight,,,,,1,Clear,0,No,0000000,Not Applicable,17,5:00pm-5:59pm,25,25,17,5:00pm-5:59pm,46,46,19,7:00pm-7:59pm,41,41,,,,,,,1,
2022,29,290796,Missouri,1,1,0,0,0,1,1,183,ST. CHARLES (183),0,NOT APPLICABLE,30,30,10,October,2022,1,Sunday,4,4:00am-4:59am,15,15,0,This section IS NOT on the NHS,1,Rural,4,Minor Arterial,1,State Highway Agency,3,State Highway,SR-79,,30,30,38.88178333,38.88178333,-90.727886110,-90.72788611,0,No Special Jurisdiction,35,Embankment,0,The First Harmful Event was Not a Collision with a Motor Vehicle in Transport,0,No,1,Non-Junction,1,Not an Intersection,0,None,,,4,On Roadside,2,Dark - Not Lighted,,,,,2,Rain,0,No,0000000,Not Applicable,4,4:00am-4:59am,20,20,4,4:00am-4:59am,28,28,4,4:00am-4:59am,59,59,,,,,,,1,
2022,29,290797,Missouri,1,1,0,0,0,1,1,141,MORGAN (141),0,NOT APPLICABLE,30,30,10,October,2022,1,Sunday,15,3:00pm-3:59pm,28,28,0,This section IS NOT on the NHS,1,Rural,5,Major Collector,1,State Highway Agency,3,State Highway,SR-D,,90,90,38.55158333,38.55158333,-92.880833330,-92.88083333,0,No Special Jurisdiction,1,Rollover/Overturn,0,The First Harmful Event was Not a Collision with a Motor Vehicle in Transport,0,No,1,Non-Junction,1,Not an Intersection,0,None,,,4,On Roadside,1,Daylight,,,,,5,"Fog, Smog, Smoke",0,No,0000000,Not Applicable,99,Unknown,98,Unknown if Notified,99,Unknown EMS Scene Arrival Hour,98,Unknown if Arrived,88,"Not Applicable (Not Transported) ",88,Not Applicable (Not Transported),,,,,,,1,
2022,29,290798,Missouri,2,2,0,0,0,3,3,47,CLAY (47),4120,KANSAS CITY,31,31,10,October,2022,2,Monday,21,9:00pm-9:59pm,7,7,0,This section IS NOT on the NHS,2,Urban,4,Minor Arterial,4,City or Municipal Highway Agency,6,Local Street - Municipality,NE ENGLEWOOD DR,,0,None,39.19570833,39.19570833,-94.578655560,-94.57865556,0,No Special Jurisdiction,12,Motor Vehicle In-Transport,2,Front-to-Front,0,No,1,Non-Junction,1,Not an Intersection,0,None,,,1,On Roadway,3,Dark - Lighted,,,,,1,Clear,0,No,0000000,Not Applicable,21,9:00pm-9:59pm,8,8,21,9:00pm-9:59pm,12,12,21,9:00pm-9:59pm,40,40,,,,,,,1,
2022,29,290799,Missouri,2,2,0,0,0,3,3,145,NEWTON (145),0,NOT APPLICABLE,31,31,10,October,2022,2,Monday,14,2:00pm-2:59pm,58,58,0,This section IS NOT on the NHS,1,Rural,5,Major Collector,1,State Highway Agency,3,State Highway,SR-AA,SR-LP 49,40,40,36.78894444,36.78894444,-94.422611110,-94.42261111,0,No Special Jurisdiction,12,Motor Vehicle In-Transport,6,Angle,1,Yes,2,Intersection,2,Four-Way Intersection,0,None,,,1,On Roadway,1,Daylight,,,,,1,Clear,0,No,0000000,Not Applicable,99,Unknown,98,Unknown if Notified,99,Unknown EMS Scene Arrival Hour,98,Unknown if Arrived,88,"Not Applicable (Not Transported) ",88,Not Applicable (Not Transported),,,,,,,1,
2022,29,290800,Missouri,2,2,0,0,0,2,2,225,WEBSTER (225),2260,DIGGINS,31,31,10,October,2022,2,Monday,2,2:00am-2:59am,55,55,1,This section IS ON the NHS,1,Rural,2,Principal Arterial - Other Freeways and Expressways,1,State Highway Agency,2,U.S. Highway,US-60,,120,120,37.16502778,37.16502778,-92.876972220,-92.87697222,0,No Special Jurisdiction,12,Motor Vehicle In-Transport,1,Front-to-Rear,0,No,1,Non-Junction,1,Not an Intersection,0,None,,,1,On Roadway,2,Dark - Not Lighted,,,,,5,"Fog, Smog, Smoke",0,No,0000000,Not Applicable,3,3:00am-3:59am,3,3,3,3:00am-3:59am,15,15,4,4:00am-4:59am,30,30,,,,,,,1,
2022,29,290801,Missouri,1,1,0,0,0,1,1,229,WRIGHT (229),0,NOT APPLICABLE,1,1,11,November,2022,3,Tuesday,16,4:00pm-4:59pm,40,40,0,This section IS NOT on the NHS,1,Rural,5,Major Collector,1,State Highway Agency,3,State Highway,SR-95,,130,130,37.32890278,37.32890278,-92.324513890,-92.32451389,0,No Special Jurisdiction,35,Embankment,0,The First Harmful Event was Not a Collision with a Motor Vehicle in Transport,0,No,1,Non-Junction,1,Not an Intersection,0,None,,,4,On Roadside,1,Daylight,,,,,1,Clear,0,No,0000000,Not Applicable,99,Unknown,98,Unknown if Notified,99,Unknown EMS Scene Arrival Hour,98,Unknown if Arrived,88,"Not Applicable (Not Transported) ",88,Not Applicable (Not Transported),,,,,,,1,
2022,29,290802,Missouri,4,4,0,0,0,4,4,510,ST. LOUIS (CITY) (510),7080,ST. LOUIS,1,1,11,November,2022,3,Tuesday,18,6:00pm-6:59pm,30,30,1,This section IS ON the NHS,2,Urban,1,Interstate,1,State Highway Agency,1,Interstate,I-70,,10,10,38.64705278,38.64705278,-90.190813890,-90.19081389,0,No Special Jurisdiction,12,Motor Vehicle In-Transport,1,Front-to-Rear,0,No,1,Non-Junction,1,Not an Intersection,0,None,,,1,On Roadway,3,Dark - Lighted,,,,,10,Cloudy,0,No,0000000,Not Applicable,18,6:00pm-6:59pm,57,57,19,7:00pm-7:59pm,10,10,19,7:00pm-7:59pm,34,34,,,,,,,1,
2022,29,290803,Missouri,1,1,0,1,1,1,1,77,GREENE (77),7460,SPRINGFIELD,2,2,11,November,2022,4,Wednesday,18,6:00pm-6:59pm,54,54,0,This section IS NOT on the NHS,2,Urban,4,Minor Arterial,4,City or Municipal Highway Agency,6,Local Street - Municipality,SCENIC AVE,MONROE ST,10,10,37.20176111,37.20176111,-93.330850000,-93.33085000,0,No Special Jurisdiction,8,Pedestrian,0,The First Harmful Event was Not a Collision with a Motor Vehicle in Transport,0,No,2,Intersection,3,T-Intersection,0,None,,,1,On Roadway,3,Dark - Lighted,,,,,1,Clear,0,No,0000000,Not Applicable,99,Unknown,99,Unknown,99,Unknown EMS Scene Arrival Hour,99,Unknown EMS Scene Arrival Minutes,99,Unknown,99,Unknown EMS Hospital Arrival Time,,,,,,,1,
2022,29,290804,Missouri,1,1,0,0,0,1,1,59,DALLAS (59),0,NOT APPLICABLE,2,2,11,November,2022,4,Wednesday,17,5:00pm-5:59pm,45,45,0,This section IS NOT on the NHS,1,Rural,6,Minor Collector,1,State Highway Agency,3,State Highway,SR-DD,,30,30,37.68661111,37.68661111,-93.050861110,-93.05086111,0,No Special Jurisdiction,1,Rollover/Overturn,0,The First Harmful Event was Not a Collision with a Motor Vehicle in Transport,0,No,1,Non-Junction,1,Not an Intersection,0,None,,,4,On Roadside,1,Daylight,,,,,1,Clear,0,No,0000000,Not Applicable,18,6:00pm-6:59pm,13,13,18,6:00pm-6:59pm,25,25,99,Unknown,99,Unknown EMS Hospital Arrival Time,,,,,,,1,
2022,29,290805,Missouri,2,2,0,0,0,3,3,183,ST. CHARLES (183),7100,ST. PETERS,3,3,11,November,2022,5,Thursday,18,6:00pm-6:59pm,0,0,1,This section IS ON the NHS,2,Urban,3,Principal Arterial - Other,4,City or Municipal Highway Agency,6,Local Street - Municipality,MEXICO RD,CAVE SPRINGS RD,90,90,38.79111111,38.79111111,-90.572000000,-90.57200000,0,No Special Jurisdiction,12,Motor Vehicle In-Transport,6,Angle,0,No,2,Intersection,2,Four-Way Intersection,0,None,,,1,On Roadway,1,Daylight,,,,,1,Clear,0,No,0000000,Not Applicable,18,6:00pm-6:59pm,0,0,18,6:00pm-6:59pm,4,4,18,6:00pm-6:59pm,56,56,,,,,,,1,
2022,29,290806,Missouri,7,3,4,0,0,8,8,510,ST. LOUIS (CITY) (510),7080,ST. LOUIS,3,3,11,November,2022,5,Thursday,14,2:00pm-2:59pm,4,4,0,This section IS NOT on the NHS,2,Urban,4,Minor Arterial,4,City or Municipal Highway Agency,6,Local Street - Municipality,GRAND BLVD,,70,70,38.57672778,38.57672778,-90.247475000,-90.24747500,0,No Special Jurisdiction,12,Motor Vehicle In-Transport,7,Sideswipe - Same Direction,0,No,1,Non-Junction,1,Not an Intersection,0,None,,,1,On Roadway,1,Daylight,,,,,1,Clear,0,No,0000000,Not Applicable,14,2:00pm-2:59pm,8,8,14,2:00pm-2:59pm,14,14,14,2:00pm-2:59pm,33,33,,,,,,,2,
2022,29,290807,Missouri,1,1,0,0,0,1,1,95,JACKSON (95),3940,INDEPENDENCE,11,11,6,June,2022,7,Saturday,15,3:00pm-3:59pm,9,9,1,This section IS ON the NHS,2,Urban,1,Interstate,1,State Highway Agency,1,Interstate,I-70,,136,136,39.04161111,39.04161111,-94.360322220,-94.36032222,0,No Special Jurisdiction,5,Fell/Jumped from Vehicle,0,The First Harmful Event was Not a Collision with a Motor Vehicle in Transport,0,No,1,Non-Junction,1,Not an Intersection,0,None,,,1,On Roadway,1,Daylight,,,,,1,Clear,0,No,0000000,Not Applicable,15,3:00pm-3:59pm,12,12,15,3:00pm-3:59pm,26,26,15,3:00pm-3:59pm,38,38,,,,,,,1,
2022,29,290808,Missouri,1,1,0,0,0,1,1,99,JEFFERSON (99),335,ARNOLD,4,4,11,November,2022,6,Friday,11,11:00am-11:59am,37,37,1,This section IS ON the NHS,2,Urban,1,Interstate,1,State Highway Agency,1,Interstate,I-55 RAMP,,0,None,38.43911111,38.43911111,-90.380722220,-90.38072222,0,No Special Jurisdiction,59,"Traffic Sign Support ",0,The First Harmful Event was Not a Collision with a Motor Vehicle in Transport,1,Yes,5,Entrance/Exit Ramp Related,1,Not an Intersection,0,None,,,3,On Median,1,Daylight,,,,,10,Cloudy,0,No,0000000,Not Applicable,11,11:00am-11:59am,38,38,11,11:00am-11:59am,46,46,12,12:00pm-12:59pm,15,15,,,,,,,1,
2022,29,290809,Missouri,1,1,0,1,1,1,1,47,CLAY (47),7370,SMITHVILLE,4,4,11,November,2022,6,Friday,23,11:00pm-11:59pm,8,8,0,This section IS NOT on the NHS,1,Rural,7,Local,4,City or Municipal Highway Agency,6,Local Street - Municipality,S JOLISA CT,,0,None,39.38183333,39.38183333,-94.569861110,-94.56986111,0,No Special Jurisdiction,8,Pedestrian,0,The First Harmful Event was Not a Collision with a Motor Vehicle in Transport,0,No,4,Driveway Access,1,Not an Intersection,0,None,,,1,On Roadway,2,Dark - Not Lighted,,,,,2,Rain,0,No,0000000,Not Applicable,23,11:00pm-11:59pm,11,11,23,11:00pm-11:59pm,18,18,23,11:00pm-11:59pm,52,52,,,,,,,1,
2022,29,290810,Missouri,1,1,0,0,0,1,1,95,JACKSON (95),4120,KANSAS CITY,4,4,11,November,2022,6,Friday,20,8:00pm-8:59pm,21,21,0,This section IS NOT on the NHS,2,Urban,7,Local,4,City or Municipal Highway Agency,6,Local Street - Municipality,WYOMING ST,,0,None,39.09221944,39.09221944,-94.602916670,-94.60291667,0,No Special Jurisdiction,42,Tree (Standing Only),0,The First Harmful Event was Not a Collision with a Motor Vehicle in Transport,0,No,1,Non-Junction,1,Not an Intersection,0,None,,,4,On Roadside,3,Dark - Lighted,,,,,2,Rain,0,No,0000000,Not Applicable,22,10:00pm-10:59pm,45,45,22,10:00pm-10:59pm,56,56,23,11:00pm-11:59pm,19,19,,,,,,,1,
2022,29,290811,Missouri,2,2,0,0,0,3,3,19,BOONE (19),1800,COLUMBIA,9,9,9,September,2022,6,Friday,12,12:00pm-12:59pm,4,4,1,This section IS ON the NHS,2,Urban,1,Interstate,1,State Highway Agency,1,Interstate,I-70,,130,130,38.97031111,38.97031111,-92.391761110,-92.39176111,0,No Special Jurisdiction,12,Motor Vehicle In-Transport,1,Front-to-Rear,0,No,1,Non-Junction,1,Not an Intersection,0,None,,,1,On Roadway,1,Daylight,,,,,1,Clear,0,No,0000000,Not Applicable,12,12:00pm-12:59pm,4,4,12,12:00pm-12:59pm,18,18,12,12:00pm-12:59pm,58,58,,,,,,,1,
2022,29,290812,Missouri,3,3,0,0,0,6,6,29,CAMDEN (29),0,NOT APPLICABLE,7,7,10,October,2022,6,Friday,18,6:00pm-6:59pm,8,8,1,This section IS ON the NHS,1,Rural,3,Principal Arterial - Other,1,State Highway Agency,3,State Highway,SR-5,,250,250,37.91200000,37.91200000,-92.704194440,-92.70419444,0,No Special Jurisdiction,12,Motor Vehicle In-Transport,6,Angle,0,No,1,Non-Junction,1,Not an Intersection,0,None,,,1,On Roadway,1,Daylight,,,,,10,Cloudy,0,No,0000000,Not Applicable,99,Unknown,99,Unknown,99,Unknown EMS Scene Arrival Hour,99,Unknown EMS Scene Arrival Minutes,99,Unknown,99,Unknown EMS Hospital Arrival Time,,,,,,,2,
2022,29,290813,Missouri,2,2,0,0,0,4,4,189,ST LOUIS (189),0,NOT APPLICABLE,13,13,10,October,2022,5,Thursday,12,12:00pm-12:59pm,18,18,1,This section IS ON the NHS,2,Urban,3,Principal Arterial - Other,1,State Highway Agency,3,State Highway,SR-AC,,50,50,38.74157222,38.74157222,-90.251883330,-90.25188333,0,No Special Jurisdiction,12,Motor Vehicle In-Transport,6,Angle,0,No,8,Driveway Access Related,1,Not an Intersection,0,None,,,1,On Roadway,1,Daylight,,,,,1,Clear,0,No,0000000,Not Applicable,12,12:00pm-12:59pm,21,21,12,12:00pm-12:59pm,28,28,12,12:00pm-12:59pm,52,52,,,,,,,1,
2022,29,290814,Missouri,6,6,0,0,0,6,6,189,ST LOUIS (189),2700,FERGUSON,27,27,10,October,2022,5,Thursday,18,6:00pm-6:59pm,0,0,1,This section IS ON the NHS,2,Urban,3,Principal Arterial - Other,2,County Highway Agency,4,County Road,CR-WEST FLORISSANT AVE,EMERSON DR,40,40,38.72885278,38.72885278,-90.277800000,-90.27780000,0,No Special Jurisdiction,12,Motor Vehicle In-Transport,6,Angle,0,No,2,Intersection,2,Four-Way Intersection,0,None,,,1,On Roadway,1,Daylight,,,,,1,Clear,0,No,0000000,Not Applicable,18,6:00pm-6:59pm,1,1,18,6:00pm-6:59pm,13,13,18,6:00pm-6:59pm,37,37,,,,,,,1,