caseyear,state,st_case,statename,ve_total,ve_forms,pvh_invl,peds,pernotmvit,permvit,persons,county,countyname,city,cityname,day,dayname,month,monthname,year,day_week,day_weekname,hour,hourname,minute,minutename,nhs,nhsname,rur_urb,rur_urbname,func_sys,func_sysname,rd_owner,rd_ownername,route,routename,tway_id,tway_id2,milept,mileptname,latitude,latitudename,longitud,longitudname,sp_jur,sp_jurname,harm_ev,harm_evname,man_coll,man_collname,reljct1,reljct1name,reljct2,reljct2name,typ_int,typ_intname,wrk_zone,wrk_zonename,road_fnc,road_fncname,rel_road,rel_roadname,lgt_cond,lgt_condname,weather1,weather1name,weather2,weather2name,weather,weathername,sch_bus,sch_busname,rail,railname,not_hour,not_hourname,not_min,not_minname,arr_hour,arr_hourname,arr_min,arr_minname,hosp_hr,hosp_hrname,hosp_mn,hosp_mnname,cf1,cf1name,cf2,cf2name,cf3,cf3name,fatals,drunk_dr
2022,29,290854,Missouri,1,1,0,0,0,1,1,99,JEFFERSON (99),0,NOT APPLICABLE,20,20,11,November,2022,1,Sunday,14,2:00pm-2:59pm,10,10,0,This section IS NOT on the NHS,1,Rural,3,Principal Arterial - Other,1,State Highway Agency,3,State Highway,SR-110,,40,40,38.13944167,38.13944167,-90.509883330,-90.50988333,0,No Special Jurisdiction,42,Tree (Standing Only),0,The First Harmful Event was Not a Collision with a Motor Vehicle in Transport,0,No,1,Non-Junction,1,Not an Intersection,0,None,,,4,On Roadside,1,Daylight,,,,,1,Clear,0,No,0000000,Not Applicable,14,2:00pm-2:59pm,9,9,14,2:00pm-2:59pm,18,18,14,2:00pm-2:59pm,50,50,,,,,,,1,
2022,29,290855,Missouri,1,1,0,1,1,1,1,510,ST. LOUIS (CITY) (510),7080,ST. LOUIS,20,20,11,November,2022,1,Sunday,1,1:00am-1:59am,36,36,1,This section IS ON the NHS,2,Urban,1,Interstate,1,State Highway Agency,1,Interstate,I-70,,30,30,38.68364722,38.68364722,-90.218602780,-90.21860278,0,No Special Jurisdiction,8,Pedestrian,0,The First Harmful Event was Not a Collision with a Motor Vehicle in Transport,0,No,1,Non-Junction,1,Not an Intersection,0,None,,,1,On Roadway,3,Dark - Lighted,,,,,10,Cloudy,0,No,0000000,Not Applicable,99,Unknown,98,Unknown if Notified,99,Unknown EMS Scene Arrival Hour,98,Unknown if Arrived,88,"Not Applicable (Not Transported) ",88,Not Applicable (Not Transported),,,,,,,1,
2022,29,290856,Missouri,2,2,0,0,0,2,2,91,HOWELL (91),0,NOT APPLICABLE,21,21,11,November,2022,2,Monday,14,2:00pm-2:59pm,20,20,0,This section IS NOT on the NHS,1,Rural,5,Major Collector,3,Town or Township Highway Agency,3,State Highway,SR-CC,,50,50,36.74658333,36.74658333,-92.022555560,-92.02255556,0,No Special Jurisdiction,12,Motor Vehicle In-Transport,2,Front-to-Front,0,No,8,Driveway Access Related,1,Not an Intersection,0,None,,,4,On Roadside,1,Daylight,,,,,1,Clear,0,No,0000000,Not Applicable,14,2:00pm-2:59pm,32,32,14,2:00pm-2:59pm,43,43,88,"Not Applicable (Not Transported) ",88,Not Applicable (Not Transported),,,,,,,1,
2022,29,290857,Missouri,2,2,0,0,0,3,3,189,ST LOUIS (189),1575,CHESTERFIELD,21,21,11,November,2022,2,Monday,13,1:00pm-1:59pm,7,7,0,This section IS NOT on the NHS,2,Urban,4,Minor Arterial,2,County Highway Agency,4,County Road,CR-CLAYTON RD,HENRY AVE,70,70,38.62199722,38.62199722,-90.523297220,-90.52329722,0,No Special Jurisdiction,12,Motor Vehicle In-Transport,6,Angle,0,No,2,Intersection,2,Four-Way Intersection,0,None,,,1,On Roadway,1,Daylight,,,,,1,Clear,0,No,0000000,Not Applicable,99,Unknown,99,Unknown,99,Unknown EMS Scene Arrival Hour,99,Unknown EMS Scene Arrival Minutes,99,Unknown,99,Unknown EMS Hospital Arrival Time,,,,,,,1,
2022,29,290858,Missouri,3,3,0,0,0,4,4,127,MARION (127),3470,HANNIBAL,21,21,11,November,2022,2,Monday,15,3:00pm-3:59pm,12,12,0,This section IS NOT on the NHS,2,Urban,4,Minor Arterial,4,City or Municipal Highway Agency,6,Local Street - Municipality,WEST ELY RD,,10,10,39.71325833,39.71325833,-91.395102780,-91.39510278,0,No Special Jurisdiction,1,Rollover/Overturn,0,The First Harmful Event was Not a Collision with a Motor Vehicle in Transport,0,No,8,Driveway Access Related,1,Not an Intersection,0,None,,,1,On Roadway,1,Daylight,,,,,1,Clear,0,No,0000000,Not Applicable,15,3:00pm-3:59pm,13,13,15,3:00pm-3:59pm,21,21,15,3:00pm-3:59pm,39,39,,,,,,,1,
2022,29,290859,Missouri,1,1,0,1,1,1,1,510,ST. LOUIS (CITY) (510),7080,ST. LOUIS,22,22,11,November,2022,3,Tuesday,22,10:00pm-10:59pm,50,50,0,This section IS NOT on the NHS,2,Urban,4,Minor Arterial,4,City or Municipal Highway Agency,6,Local Street - Municipality,14TH ST,,10,10,38.62348333,38.62348333,-90.202888890,-90.20288889,0,No Special Jurisdiction,8,Pedestrian,0,The First Harmful Event was Not a Collision with a Motor Vehicle in Transport,0,No,1,Non-Junction,1,Not an Intersection,0,None,,,1,On Roadway,3,Dark - Lighted,,,,,1,Clear,0,No,0000000,Not Applicable,99,Unknown,99,Unknown,99,Unknown EMS Scene Arrival Hour,99,Unknown EMS Scene Arrival Minutes,88,"Not Applicable (Not Transported) ",88,Not Applicable (Not Transported),,,,,,,1,
2022,29,290860,Missouri,1,1,0,0,0,1,1,37,CASS (37),6160,PECULIAR,22,22,11,November,2022,3,Tuesday,18,6:00pm-6:59pm,49,49,0,This section IS NOT on the NHS,2,Urban,5,Major Collector,2,County Highway Agency,4,County Road,CR-211TH ST,SR-J,10,10,38.73963889,38.73963889,-94.441527780,-94.44152778,0,No Special Jurisdiction,1,Rollover/Overturn,0,The First Harmful Event was Not a Collision with a Motor Vehicle in Transport,0,No,3,Intersection-Related,3,T-Intersection,0,None,,,1,On Roadway,2,Dark - Not Lighted,,,,,1,Clear,0,No,0000000,Not Applicable,18,6:00pm-6:59pm,54,54,19,7:00pm-7:59pm,1,1,88,"Not Applicable (Not Transported) ",88,Not Applicable (Not Transported),,,,,,,1,
2022,29,290861,Missouri,2,2,0,0,0,3,3,510,ST. LOUIS (CITY) (510),7080,ST. LOUIS,22,22,11,November,2022,3,Tuesday,22,10:00pm-10:59pm,6,6,0,This section IS NOT on the NHS,2,Urban,5,Major Collector,4,City or Municipal Highway Agency,6,Local Street - Municipality,MERAMEC ST,,0,None,38.58807500,38.58807500,-90.257988890,-90.25798889,0,No Special Jurisdiction,12,Motor Vehicle In-Transport,1,Front-to-Rear,0,No,1,Non-Junction,1,Not an Intersection,0,None,,,1,On Roadway,3,Dark - Lighted,,,,,1,Clear,0,No,0000000,Not Applicable,99,Unknown,99,Unknown,99,Unknown EMS Scene Arrival Hour,99,Unknown EMS Scene Arrival Minutes,99,Unknown,99,Unknown EMS Hospital Arrival Time,,,,,,,2,
2022,29,290862,Missouri,2,2,0,0,0,2,2,201,SCOTT (201),0,NOT APPLICABLE,22,22,11,November,2022,3,Tuesday,5,5:00am-5:59am,10,10,1,This section IS ON the NHS,1,Rural,1,Interstate,1,State Highway Agency,1,Interstate,I-55,,160,160,37.01400000,37.01400000,-89.535222220,-89.53522222,0,No Special Jurisdiction,12,Motor Vehicle In-Transport,1,Front-to-Rear,0,No,1,Non-Junction,1,Not an Intersection,0,None,,,1,On Roadway,2,Dark - Not Lighted,,,,,98,Not Reported,0,No,0000000,Not Applicable,99,Unknown,99,Unknown,99,Unknown EMS Scene Arrival Hour,99,Unknown EMS Scene Arrival Minutes,88,"Not Applicable (Not Transported) ",88,Not Applicable (Not Transported),,,,,,,1,
2022,29,290863,Missouri,3,3,0,0,0,5,5,147,NODAWAY (147),0,NOT APPLICABLE,22,22,11,November,2022,3,Tuesday,15,3:00pm-3:59pm,2,2,0,This section IS NOT on the NHS,1,Rural,4,Minor Arterial,1,State Highway Agency,3,State Highway,SR-148,,120,120,40.54269167,40.54269167,-94.825969440,-94.82596944,0,No Special Jurisdiction,12,Motor Vehicle In-Transport,1,Front-to-Rear,0,No,1,Non-Junction,1,Not an Intersection,0,None,,,1,On Roadway,1,Daylight,,,,,1,Clear,0,No,0000000,Not Applicable,15,3:00pm-3:59pm,5,5,15,3:00pm-3:59pm,21,21,15,3:00pm-3:59pm,58,58,,,,,,,1,
2022,29,290864,Missouri,2,2,0,0,0,2,2,119,MCDONALD (119),0,NOT APPLICABLE,22,22,11,November,2022,3,Tuesday,16,4:00pm-4:59pm,38,38,0,This section IS NOT on the NHS,1,Rural,6,Minor Collector,1,State Highway Agency,3,State Highway,SR-NN,,10,10,36.68047778,36.68047778,-94.418650000,-94.41865000,0,No Special Jurisdiction,12,Motor Vehicle In-Transport,2,Front-to-Front,0,No,1,Non-Junction,1,Not an Intersection,0,None,,,1,On Roadway,1,Daylight,,,,,1,Clear,0,No,0000000,Not Applicable,16,4:00pm-4:59pm,40,40,16,4:00pm-4:59pm,45,45,88,"Not Applicable (Not Transported) ",88,Not Applicable (Not Transported),,,,,,,1,
2022,29,290865,Missouri,2,2,0,1,1,1,1,157,PERRY (157),6210,PERRYVILLE,23,23,11,November,2022,4,Wednesday,21,9:00pm-9:59pm,52,52,1,This section IS ON the NHS,2,Urban,1,Interstate,1,State Highway Agency,1,Interstate,I-55,,120,120,37.72177778,37.72177778,-89.900000000,-89.90000000,0,No Special Jurisdiction,12,Motor Vehicle In-Transport,7,Sideswipe - Same Direction,0,No,1,Non-Junction,1,Not an Intersection,0,None,,,1,On Roadway,2,Dark - Not Lighted,,,,,1,Clear,0,No,0000000,Not Applicable,21,9:00pm-9:59pm,56,56,22,10:00pm-10:59pm,12,12,23,11:00pm-11:59pm,10,10,,,,,,,1,
2022,29,290866,Missouri,3,3,0,0,0,4,4,95,JACKSON (95),3382,KANSAS CITY,23,23,11,November,2022,4,Wednesday,16,4:00pm-4:59pm,4,4,1,This section IS ON the NHS,2,Urban,2,Principal Arterial - Other Freeways and Expressways,1,State Highway Agency,2,U.S. Highway,US-71,,80,80,38.96029444,38.96029444,-94.541619440,-94.54161944,0,No Special Jurisdiction,12,Motor Vehicle In-Transport,7,Sideswipe - Same Direction,0,No,1,Non-Junction,1,Not an Intersection,0,None,,,1,On Roadway,1,Daylight,,,,,10,Cloudy,0,No,0000000,Not Applicable,16,4:00pm-4:59pm,5,5,16,4:00pm-4:59pm,13,13,16,4:00pm-4:59pm,48,48,,,,,,,1,
2022,29,290867,Missouri,4,4,0,0,0,14,14,77,GREENE (77),0,NOT APPLICABLE,24,24,11,November,2022,5,Thursday,21,9:00pm-9:59pm,50,50,1,This section IS ON the NHS,1,Rural,1,Interstate,1,State Highway Agency,1,Interstate,I-44,,120,120,37.20597222,37.20597222,-93.397027780,-93.39702778,0,No Special Jurisdiction,12,Motor Vehicle In-Transport,1,Front-to-Rear,0,No,1,Non-Junction,1,Not an Intersection,0,None,,,1,On Roadway,2,Dark - Not Lighted,,,,,5,"Fog, Smog, Smoke",0,No,0000000,Not Applicable,21,9:00pm-9:59pm,59,59,22,10:00pm-10:59pm,11,11,22,10:00pm-10:59pm,32,32,,,,,,,4,
2022,29,290868,Missouri,1,1,0,0,0,1,1,1,ADAIR (1),0,NOT APPLICABLE,24,24,11,November,2022,5,Thursday,5,5:00am-5:59am,39,39,1,This section IS ON the NHS,2,Urban,3,Principal Arterial - Other,1,State Highway Agency,2,U.S. Highway,US-63,,70,70,40.25066667,40.25066667,-92.582555560,-92.58255556,0,No Special Jurisdiction,35,Embankment,0,The First Harmful Event was Not a Collision with a Motor Vehicle in Transport,0,No,1,Non-Junction,1,Not an Intersection,0,None,,,4,On Roadside,2,Dark - Not Lighted,,,,,10,Cloudy,0,No,0000000,Not Applicable,5,5:00am-5:59am,42,42,5,5:00am-5:59am,50,50,88,"Not Applicable (Not Transported) ",88,Not Applicable (Not Transported),,,,,,,1,
2022,29,290869,Missouri,1,1,0,1,1,3,3,159,PETTIS (159),0,NOT APPLICABLE,26,26,11,November,2022,7,Saturday,21,9:00pm-9:59pm,30,30,1,This section IS ON the NHS,2,Urban,3,Principal Arterial - Other,1,State Highway Agency,2,U.S. Highway,US-65,,190,190,38.66913889,38.66913889,-93.251916670,-93.25191667,0,No Special Jurisdiction,8,Pedestrian,0,The First Harmful Event was Not a Collision with a Motor Vehicle in Transport,0,No,1,Non-Junction,1,Not an Intersection,0,None,,,1,On Roadway,2,Dark - Not Lighted,,,,,2,Rain,0,No,0000000,Not Applicable,21,9:00pm-9:59pm,35,35,21,9:00pm-9:59pm,54,54,22,10:00pm-10:59pm,4,4,,,,,,,1,
2022,29,290870,Missouri,2,2,0,0,0,2,2,101,JOHNSON (101),0,NOT APPLICABLE,26,26,11,November,2022,7,Saturday,10,10:00am-10:59am,36,36,1,This section IS ON the NHS,1,Rural,3,Principal Arterial - Other,1,State Highway Agency,3,State Highway,SR-13,,60,60,38.84744444,38.84744444,-93.740500000,-93.74050000,0,No Special Jurisdiction,12,Motor Vehicle In-Transport,6,Angle,0,No,4,Driveway Access,1,Not an Intersection,0,None,,,1,On Roadway,1,Daylight,,,,,10,Cloudy,0,No,0000000,Not Applicable,10,10:00am-10:59am,38,38,10,10:00am-10:59am,48,48,11,11:00am-11:59am,2,2,,,,,,,1,
2022,29,290871,Missouri,1,1,0,1,1,1,1,95,JACKSON (95),3940,INDEPENDENCE,26,26,11,November,2022,7,Saturday,19,7:00pm-7:59pm,32,32,1,This section IS ON the NHS,2,Urban,3,Principal Arterial - Other,1,State Highway Agency,2,U.S. Highway,US-40,,130,130,39.03583611,39.03583611,-94.421266670,-94.42126667,0,No Special Jurisdiction,8,Pedestrian,0,The First Harmful Event was Not a Collision with a Motor Vehicle in Transport,0,No,1,Non-Junction,1,Not an Intersection,0,None,,,1,On Roadway,2,Dark - Not Lighted,,,,,2,Rain,0,No,0000000,Not Applicable,19,7:00pm-7:59pm,33,33,19,7:00pm-7:59pm,42,42,19,7:00pm-7:59pm,59,59,,,,,,,1,
2022,29,290872,Missouri,2,2,0,0,0,3,3,97,JASPER (97),7170,SARCOXIE,29,29,11,November,2022,3,Tuesday,15,3:00pm-3:59pm,46,46,0,This section IS NOT on the NHS,1,Rural,4,Minor Arterial,1,State Highway Agency,3,State Highway,SR-37,CR-60,220,220,37.07252778,37.07252778,-94.167388890,-94.16738889,0,No Special Jurisdiction,12,Motor Vehicle In-Transport,6,Angle,0,No,2,Intersection,2,Four-Way Intersection,0,None,,,1,On Roadway,1,Daylight,,,,,1,Clear,0,No,0000000,Not Applicable,16,4:00pm-4:59pm,12,12,16,4:00pm-4:59pm,24,24,17,5:00pm-5:59pm,2,2,,,,,,,1,
2022,29,290873,Missouri,2,2,0,0,0,3,3,189,ST LOUIS (189),0,NOT APPLICABLE,2,2,11,November,2022,4,Wednesday,15,3:00pm-3:59pm,56,56,1,This section IS ON the NHS,2,Urban,3,Principal Arterial - Other,1,State Highway Agency,3,State Highway,SR-AC,,50,50,38.73770000,38.73770000,-90.249716670,-90.24971667,0,No Special Jurisdiction,12,Motor Vehicle In-Transport,6,Angle,0,No,1,Non-Junction,1,Not an Intersection,0,None,,,1,On Roadway,1,Daylight,,,,,1,Clear,0,No,0000000,Not Applicable,15,3:00pm-3:59pm,56,56,16,4:00pm-4:59pm,6,6,16,4:00pm-4:59pm,26,26,,,,,,,1,
2022,29,290874,Missouri,1,1,0,1,1,3,3,189,ST LOUIS (189),0,NOT APPLICABLE,29,29,11,November,2022,3,Tuesday,18,6:00pm-6:59pm,17,17,1,This section IS ON the NHS,2,Urban,3,Principal Arterial - Other,4,City or Municipal Highway Agency,6,Local Street - Municipality,CHAMBERS RD,CR-GREEN VALLEY DR,20,20,38.74932500,38.74932500,-90.262841670,-90.26284167,0,No Special Jurisdiction,8,Pedestrian,0,The First Harmful Event was Not a Collision with a Motor Vehicle in Transport,0,No,3,Intersection-Related,2,Four-Way Intersection,0,None,,,1,On Roadway,3,Dark - Lighted,,,,,1,Clear,0,No,0000000,Not Applicable,99,Unknown,99,Unknown,99,Unknown EMS Scene Arrival Hour,99,Unknown EMS Scene Arrival Minutes,88,"Not Applicable (Not Transported) ",88,Not Applicable (Not Transported),,,,,,,1,
2022,29,290875,Missouri,2,2,0,1,1,4,4,31,CAPE GIRARDEAU (31),1390,CAPE GIRARDEAU,29,29,11,November,2022,3,Tuesday,17,5:00pm-5:59pm,30,30,1,This section IS ON the NHS,2,Urban,3,Principal Arterial - Other,1,State Highway Agency,3,State Highway,SR-74,S SPRIGG,100,100,37.29515556,37.29515556,-89.528369440,-89.52836944,0,No Special Jurisdiction,8,Pedestrian,0,The First Harmful Event was Not a Collision with a Motor Vehicle in Transport,0,No,3,Intersection-Related,2,Four-Way Intersection,0,None,,,1,On Roadway,3,Dark - Lighted,,,,,10,Cloudy,0,No,0000000,Not Applicable,99,Unknown,98,Unknown if Notified,99,Unknown EMS Scene Arrival Hour,98,Unknown if Arrived,88,"Not Applicable (Not Transported) ",88,Not Applicable (Not Transported),,,,,,,1,
2022,29,290876,Missouri,1,1,0,1,1,1,1,95,JACKSON (95),4120,KANSAS CITY,30,30,11,November,2022,4,Wednesday,6,6:00am-6:59am,50,50,1,This section IS ON the NHS,2,Urban,1,Interstate,1,State Highway Agency,1,Interstate,I-435,,140,140,38.95718611,38.95718611,-94.527019440,-94.52701944,0,No Special Jurisdiction,8,Pedestrian,0,The First Harmful Event was Not a Collision with a Motor Vehicle in Transport,0,No,1,Non-Junction,1,Not an Intersection,0,None,,,1,On Roadway,1,Daylight,,,,,1,Clear,0,No,0000000,Not Applicable,6,6:00am-6:59am,50,50,7,7:00am-7:59am,6,6,88,"Not Applicable (Not Transported) ",88,Not Applicable (Not Transported),,,,,,,1,
2022,29,290877,Missouri,2,2,0,1,1,3,3,77,GREENE (77),7460,SPRINGFIELD,30,30,11,November,2022,4,Wednesday,21,9:00pm-9:59pm,22,22,1,This section IS ON the NHS,2,Urban,2,Principal Arterial - Other Freeways and Expressways,1,State Highway Agency,8,Other,CAMBELL AVE,CR-182,20,20,37.11639444,37.11639444,-93.296544440,-93.29654444,0,No Special Jurisdiction,8,Pedestrian,0,The First Harmful Event was Not a Collision with a Motor Vehicle in Transport,0,No,3,Intersection-Related,2,Four-Way Intersection,0,None,,,1,On Roadway,3,Dark - Lighted,,,,,10,Cloudy,0,No,0000000,Not Applicable,99,Unknown,98,Unknown if Notified,99,Unknown EMS Scene Arrival Hour,98,Unknown if Arrived,88,"Not Applicable (Not Transported) ",88,Not Applicable (Not Transported),,,,,,,1,
2022,29,290878,Missouri,2,2,0,0,0,2,2,155,PEMISCOT (155),0,NOT APPLICABLE,30,30,11,November,2022,4,Wednesday,17,5:00pm-5:59pm,49,49,0,This section IS NOT on the NHS,1,Rural,5,Major Collector,1,State Highway Agency,2,U.S. Highway,US-61,,330,330,36.00061111,36.00061111,-89.895972220,-89.89597222,0,No Special Jurisdiction,12,Motor Vehicle In-Transport,2,Front-to-Front,0,No,1,Non-Junction,1,Not an Intersection,0,None,,,1,On Roadway,2,Dark - Not Lighted,,,,,1,Clear,0,No,0000000,Not Applicable,99,Unknown,99,Unknown,99,Unknown EMS Scene Arrival Hour,99,Unknown EMS Scene Arrival Minutes,99,Unknown,99,Unknown EMS Hospital Arrival Time,,,,,,,1,
2022,29,290879,Missouri,3,3,0,0,0,4,4,29,CAMDEN (29),0,NOT APPLICABLE,2,2,12,December,2022,6,Friday,19,7:00pm-7:59pm,23,23,1,This section IS ON the NHS,1,Rural,3,Principal Arterial - Other,1,State Highway Agency,3,State Highway,SR-5,,110,110,38.08441667,38.08441667,-92.804000000,-92.80400000,0,No Special Jurisdiction,12,Motor Vehicle In-Transport,1,Front-to-Rear,0,No,1,Non-Junction,1,Not an Intersection,0,None,,,1,On Roadway,2,Dark - Not Lighted,,,,,1,Clear,0,No,0000000,Not Applicable,19,7:00pm-7:59pm,26,26,19,7:00pm-7:59pm,38,38,20,8:00pm-8:59pm,2,2,,,,,,,1,
2022,29,290880,Missouri,1,1,0,0,0,6,6,201,SCOTT (201),0,NOT APPLICABLE,3,3,12,December,2022,7,Saturday,19,7:00pm-7:59pm,3,3,1,This section IS ON the NHS,1,Rural,1,Interstate,1,State Highway Agency,1,Interstate,I-55,,200,200,37.15458333,37.15458333,-89.537000000,-89.53700000,0,No Special Jurisdiction,42,Tree (Standing Only),0,The First Harmful Event was Not a Collision with a Motor Vehicle in Transport,0,No,1,Non-Junction,1,Not an Intersection,0,None,,,4,On Roadside,2,Dark - Not Lighted,,,,,10,Cloudy,0,No,0000000,Not Applicable,19,7:00pm-7:59pm,7,7,19,7:00pm-7:59pm,20,20,19,7:00pm-7:59pm,59,59,,,,,,,3,
2022,29,290881,Missouri,1,1,0,1,1,1,1,95,JACKSON (95),4120,KANSAS CITY,3,3,12,December,2022,7,Saturday,3,3:00am-3:59am,39,39,0,This section IS NOT on the NHS,2,Urban,4,Minor Arterial,4,City or Municipal Highway Agency,6,Local Street - Municipality,HOLMES RD,,50,50,38.94247778,38.94247778,-94.582622220,-94.58262222,0,No Special Jurisdiction,8,Pedestrian,0,The First Harmful Event was Not a Collision with a Motor Vehicle in Transport,0,No,1,Non-Junction,1,Not an Intersection,0,None,,,1,On Roadway,3,Dark - Lighted,,,,,10,Cloudy,0,No,0000000,Not Applicable,3,3:00am-3:59am,39,39,3,3:00am-3:59am,43,43,88,"Not Applicable (Not Transported) ",88,Not Applicable (Not Transported),,,,,,,1,
2022,29,290882,Missouri,2,2,0,0,0,3,3,77,GREENE (77),7460,SPRINGFIELD,3,3,12,December,2022,7,Saturday,15,3:00pm-3:59pm,18,18,1,This section IS ON the NHS,2,Urban,3,Principal Arterial - Other,1,State Highway Agency,6,Local Street - Municipality,GLENSTONE AVE,I-44 RP 988739,90,90,37.24892222,37.24892222,-93.261619440,-93.26161944,0,No Special Jurisdiction,12,Motor Vehicle In-Transport,6,Angle,1,Yes,2,Intersection,2,Four-Way Intersection,0,None,,,1,On Roadway,1,Daylight,,,,,1,Clear,0,No,0000000,Not Applicable,15,3:00pm-3:59pm,19,19,15,3:00pm-3:59pm,26,26,15,3:00pm-3:59pm,54,54,,,,,,,1,
2022,29,290883,Missouri,1,1,0,1,1,1,1,187,ST FRANCOIS (187),6056,PARK HILLS,13,13,8,August,2022,7,Saturday,1,1:00am-1:59am,35,35,0,This section IS NOT on the NHS,2,Urban,7,Local,2,County Highway Agency,4,County Road,CR-PIMVILLE RD,,10,10,37.80127778,37.80127778,-90.506944440,-90.50694444,0,No Special Jurisdiction,8,Pedestrian,0,The First Harmful Event was Not a Collision with a Motor Vehicle in Transport,0,No,1,Non-Junction,1,Not an Intersection,0,None,,,1,On Roadway,2,Dark - Not Lighted,,,,,1,Clear,0,No,0000000,Not Applicable,1,1:00am-1:59am,31,31,1,1:00am-1:59am,54,54,2,2:00am-2:59am,46,46,,,,,,,1,
2022,29,290884,Missouri,2,2,0,0,0,4,4,189,ST LOUIS (189),0,NOT APPLICABLE,7,7,11,November,2022,2,Monday,12,12:00pm-12:59pm,25,25,0,This section IS NOT on the NHS,2,Urban,5,Major Collector,2,County Highway Agency,4,County Road,CR-TELEGRAPH RD,CR-CAMBORNE DR,10,10,38.51761667,38.51761667,-90.288730560,-90.28873056,0,No Special Jurisdiction,12,Motor Vehicle In-Transport,6,Angle,0,No,2,Intersection,3,T-Intersection,0,None,,,1,On Roadway,1,Daylight,,,,,1,Clear,0,No,0000000,Not Applicable,99,Unknown,99,Unknown,99,Unknown EMS Scene Arrival Hour,99,Unknown EMS Scene Arrival Minutes,99,Unknown,99,Unknown EMS Hospital Arrival Time,,,,,,,1,
2022,29,290885,Missouri,2,2,0,0,0,2,2,189,ST LOUIS (189),0,NOT APPLICABLE,12,12,11,November,2022,7,Saturday,23,11:00pm-11:59pm,50,50,0,This section IS NOT on the NHS,2,Urban,3,Principal Arterial - Other,2,County Highway Agency,4,County Road,CR-NEW HALLS FERRY RD,,30,30,38.82346111,38.82346111,-90.308105560,-90.30810556,0,No Special Jurisdiction,12,Motor Vehicle In-Transport,2,Front-to-Front,0,No,1,Non-Junction,1,Not an Intersection,0,None,,,1,On Roadway,2,Dark - Not Lighted,,,,,1,Clear,0,No,0000000,Not Applicable,23,11:00pm-11:59pm,50,50,23,11:00pm-11:59pm,58,58,0,0:00am-0:59am,23,23,,,,,,,1,
2022,29,290886,Missouri,1,1,0,0,0,5,5,53,COOPER (53),0,NOT APPLICABLE,30,30,11,November,2022,4,Wednesday,9,9:00am-9:59am,30,30,1,This section IS ON the NHS,1,Rural,1,Interstate,1,State Highway Agency,1,Interstate,I-70,,240,240,38.93347222,38.93347222,-92.974250000,-92.97425000,0,No Special Jurisdiction,57,Cable Barrier,0,The First Harmful Event was Not a Collision with a Motor Vehicle in Transport,0,No,1,Non-Junction,1,Not an Intersection,0,None,,,3,On Median,1,Daylight,,,,,1,Clear,0,No,0000000,Not Applicable,9,9:00am-9:59am,35,35,9,9:00am-9:59am,48,48,10,10:00am-10:59am,10,10,,,,,,,1,
2022,29,290887,Missouri,1,1,0,0,0,1,1,19,BOONE (19),0,NOT APPLICABLE,3,3,12,December,2022,7,Saturday,23,11:00pm-11:59pm,15,15,0,This section IS NOT on the NHS,1,Rural,7,Local,2,County Highway Agency,4,County Road,CR-JENNINGS RD,,0,None,39.22941111,39.22941111,-92.247347220,-92.24734722,0,No Special Jurisdiction,10,Railway Vehicle,0,The First Harmful Event was Not a Collision with a Motor Vehicle in Transport,0,No,6,"Railway Grade Crossing ",1,Not an Intersection,0,None,,,1,On Roadway,2,Dark - Not Lighted,,,,,1,Clear,0,No,483670A,483670A,99,Unknown,98,Unknown if Notified,99,Unknown EMS Scene Arrival Hour,98,Unknown if Arrived,88,"Not Applicable (Not Transported) ",88,Not Applicable (Not Transported),,,,,,,1,
2022,29,290888,Missouri,1,1,0,0,0,1,1,510,ST. LOUIS (CITY) (510),7080,ST. LOUIS,4,4,12,December,2022,1,Sunday,2,2:00am-2:59am,27,27,1,This section IS ON the NHS,2,Urban,1,Interstate,1,State Highway Agency,1,Interstate,I-44,,90,90,38.63886111,38.63886111,-90.186419440,-90.18641944,0,No Special Jurisdiction,25,Concrete Traffic Barrier,0,The First Harmful Event was Not a Collision with a Motor Vehicle in Transport,0,No,1,Non-Junction,1,Not an Intersection,1,Construction,,,4,On Roadside,3,Dark - Lighted,,,,,10,Cloudy,0,No,0000000,Not Applicable,2,2:00am-2:59am,37,37,2,2:00am-2:59am,42,42,99,Unknown,99,Unknown EMS Hospital Arrival Time,,,,,,,1,
2022,29,290889,Missouri,2,2,0,0,0,3,3,169,PULASKI (169),0,NOT APPLICABLE,4,4,12,December,2022,1,Sunday,2,2:00am-2:59am,7,7,1,This section IS ON the NHS,1,Rural,1,Interstate,1,State Highway Agency,1,Interstate,I-44,,60,60,37.78038889,37.78038889,-92.302888890,-92.30288889,0,No Special Jurisdiction,12,Motor Vehicle In-Transport,1,Front-to-Rear,0,No,1,Non-Junction,1,Not an Intersection,0,None,,,1,On Roadway,2,Dark - Not Lighted,,,,,1,Clear,0,No,0000000,Not Applicable,99,Unknown,98,Unknown if Notified,99,Unknown EMS Scene Arrival Hour,98,Unknown if Arrived,88,"Not Applicable (Not Transported) ",88,Not Applicable (Not Transported),,,,,,,1,
2022,29,290890,Missouri,2,2,0,0,0,3,3,225,WEBSTER (225),2260,DIGGINS,5,5,12,December,2022,2,Monday,7,7:00am-7:59am,40,40,1,This section IS ON the NHS,1,Rural,3,Principal Arterial - Other,1,State Highway Agency,2,U.S. Highway,US-60,SR-A,110,110,37.17227778,37.17227778,-92.863722220,-92.86372222,0,No Special Jurisdiction,12,Motor Vehicle In-Transport,6,Angle,0,No,2,Intersection,2,Four-Way Intersection,0,None,,,1,On Roadway,1,Daylight,,,,,10,Cloudy,0,No,0000000,Not Applicable,7,7:00am-7:59am,43,43,8,8:00am-8:59am,1,1,8,8:00am-8:59am,26,26,,,,,,,1,
2022,29,290891,Missouri,3,3,0,0,0,3,3,77,GREENE (77),0,NOT APPLICABLE,6,6,12,December,2022,3,Tuesday,5,5:00am-5:59am,50,50,1,This section IS ON the NHS,1,Rural,1,Interstate,1,State Highway Agency,1,Interstate,I-44,,200,200,37.20263889,37.20263889,-93.413416670,-93.41341667,0,No Special Jurisdiction,12,Motor Vehicle In-Transport,1,Front-to-Rear,0,No,1,Non-Junction,1,Not an Intersection,0,None,,,1,On Roadway,2,Dark - Not Lighted,,,,,5,"Fog, Smog, Smoke",0,No,0000000,Not Applicable,5,5:00am-5:59am,53,53,6,6:00am-6:59am,8,8,6,6:00am-6:59am,46,46,,,,,,,1,