caseyear,state,st_case,statename,ve_total,ve_forms,pvh_invl,peds,pernotmvit,permvit,persons,county,countyname,city,cityname,day,dayname,month,monthname,year,day_week,day_weekname,hour,hourname,minute,minutename,nhs,nhsname,rur_urb,rur_urbname,func_sys,func_sysname,rd_owner,rd_ownername,route,routename,tway_id,tway_id2,milept,mileptname,latitude,latitudename,longitud,longitudname,sp_jur,sp_jurname,harm_ev,harm_evname,man_coll,man_collname,reljct1,reljct1name,reljct2,reljct2name,typ_int,typ_intname,wrk_zone,wrk_zonename,road_fnc,road_fncname,rel_road,rel_roadname,lgt_cond,lgt_condname,weather1,weather1name,weather2,weather2name,weather,weathername,sch_bus,sch_busname,rail,railname,not_hour,not_hourname,not_min,not_minname,arr_hour,arr_hourname,arr_min,arr_minname,hosp_hr,hosp_hrname,hosp_mn,hosp_mnname,cf1,cf1name,cf2,cf2name,cf3,cf3name,fatals,drunk_dr
2022,29,290893,Missouri,2,2,0,0,0,2,2,95,JACKSON (95),4120,KANSAS CITY,6,6,12,December,2022,3,Tuesday,12,12:00pm-12:59pm,36,36,0,This section IS NOT on the NHS,2,Urban,5,Major Collector,4,City or Municipal Highway Agency,6,Local Street - Municipality,INDIANA AVE,,20,20,39.06482778,39.06482778,-94.543858330,-94.54385833,0,No Special Jurisdiction,12,Motor Vehicle In-Transport,6,Angle,0,No,1,Non-Junction,1,Not an Intersection,0,None,,,1,On Roadway,1,Daylight,,,,,10,Cloudy,0,No,0000000,Not Applicable,12,12:00pm-12:59pm,36,36,12,12:00pm-12:59pm,40,40,12,12:00pm-12:59pm,57,57,,,,,,,1,
2022,29,290894,Missouri,1,1,0,0,0,1,1,95,JACKSON (95),3940,INDEPENDENCE,25,25,7,July,2022,2,Monday,12,12:00pm-12:59pm,51,51,1,This section IS ON the NHS,2,Urban,3,Principal Arterial - Other,1,State Highway Agency,3,State Highway,SR-78,STERLING AVE,30,30,39.08035000,39.08035000,-94.446097220,-94.44609722,0,No Special Jurisdiction,46,Traffic Signal Support,0,The First Harmful Event was Not a Collision with a Motor Vehicle in Transport,0,No,3,Intersection-Related,2,Four-Way Intersection,0,None,,,3,On Median,1,Daylight,,,,,10,Cloudy,0,No,0000000,Not Applicable,12,12:00pm-12:59pm,52,52,12,12:00pm-12:59pm,54,54,13,1:00pm-1:59pm,23,23,,,,,,,1,
2022,29,290895,Missouri,1,1,0,0,0,2,2,105,LACLEDE (105),0,NOT APPLICABLE,9,9,9,September,2022,6,Friday,15,3:00pm-3:59pm,44,44,0,This section IS NOT on the NHS,1,Rural,7,Local,2,County Highway Agency,4,County Road,CR-HEARTWOOD DR,,30,30,37.76452778,37.76452778,-92.441944440,-92.44194444,0,No Special Jurisdiction,34,Ditch,0,The First Harmful Event was Not a Collision with a Motor Vehicle in Transport,0,No,1,Non-Junction,1,Not an Intersection,0,None,,,4,On Roadside,1,Daylight,,,,,1,Clear,0,No,0000000,Not Applicable,99,Unknown,98,Unknown if Notified,99,Unknown EMS Scene Arrival Hour,98,Unknown if Arrived,88,"Not Applicable (Not Transported) ",88,Not Applicable (Not Transported),,,,,,,1,
2022,29,290896,Missouri,1,1,0,1,1,1,1,21,BUCHANAN (21),7070,ST. JOSEPH,16,16,9,September,2022,6,Friday,21,9:00pm-9:59pm,52,52,0,This section IS NOT on the NHS,2,Urban,4,Minor Arterial,4,City or Municipal Highway Agency,6,Local Street - Municipality,MITCHELL AVE,,10,10,39.75518611,39.75518611,-94.836147220,-94.83614722,0,No Special Jurisdiction,8,Pedestrian,0,The First Harmful Event was Not a Collision with a Motor Vehicle in Transport,0,No,1,Non-Junction,1,Not an Intersection,0,None,,,1,On Roadway,3,Dark - Lighted,,,,,1,Clear,0,No,0000000,Not Applicable,20,8:00pm-8:59pm,57,57,21,9:00pm-9:59pm,5,5,21,9:00pm-9:59pm,24,24,,,,,,,1,
2022,29,290897,Missouri,1,1,0,0,0,1,1,37,CASS (37),6360,PLEASANT HILL,16,16,9,September,2022,6,Friday,10,10:00am-10:59am,14,14,0,This section IS NOT on the NHS,2,Urban,4,Minor Arterial,4,City or Municipal Highway Agency,6,Local Street - Municipality,VETERANS PKWY,,0,None,38.78564167,38.78564167,-94.273338890,-94.27333889,0,No Special Jurisdiction,5,Fell/Jumped from Vehicle,0,The First Harmful Event was Not a Collision with a Motor Vehicle in Transport,0,No,1,Non-Junction,1,Not an Intersection,0,None,,,1,On Roadway,1,Daylight,,,,,1,Clear,0,No,0000000,Not Applicable,99,Unknown,98,Unknown if Notified,99,Unknown EMS Scene Arrival Hour,98,Unknown if Arrived,88,"Not Applicable (Not Transported) ",88,Not Applicable (Not Transported),,,,,,,1,
2022,29,290898,Missouri,2,2,0,0,0,3,3,113,LINCOLN (113),0,NOT APPLICABLE,6,6,12,December,2022,3,Tuesday,16,4:00pm-4:59pm,45,45,0,This section IS NOT on the NHS,1,Rural,7,Local,1,State Highway Agency,3,State Highway,SR-47,CR-LINNS MILL RD,30,30,38.97108333,38.97108333,-91.044805560,-91.04480556,0,No Special Jurisdiction,12,Motor Vehicle In-Transport,6,Angle,0,No,2,Intersection,3,T-Intersection,0,None,,,1,On Roadway,2,Dark - Not Lighted,,,,,2,Rain,0,No,0000000,Not Applicable,16,4:00pm-4:59pm,48,48,16,4:00pm-4:59pm,59,59,17,5:00pm-5:59pm,34,34,,,,,,,1,
2022,29,290899,Missouri,4,2,2,0,1,5,6,510,ST. LOUIS (CITY) (510),7080,ST. LOUIS,7,7,12,December,2022,4,Wednesday,17,5:00pm-5:59pm,25,25,0,This section IS NOT on the NHS,2,Urban,7,Local,4,City or Municipal Highway Agency,6,Local Street - Municipality,ARLINGTON AVE,DR MARTIN LUTHER KING DR,10,10,38.66729167,38.66729167,-90.270619440,-90.27061944,0,No Special Jurisdiction,12,Motor Vehicle In-Transport,7,Sideswipe - Same Direction,0,No,3,Intersection-Related,98,Not Reported,0,None,,,1,On Roadway,1,Daylight,,,,,10,Cloudy,0,No,0000000,Not Applicable,15,3:00pm-3:59pm,29,29,15,3:00pm-3:59pm,33,33,16,4:00pm-4:59pm,28,28,,,,,,,1,
2022,29,290900,Missouri,2,2,0,1,1,2,2,95,JACKSON (95),4120,KANSAS CITY,7,7,12,December,2022,4,Wednesday,20,8:00pm-8:59pm,34,34,1,This section IS ON the NHS,2,Urban,3,Principal Arterial - Other,4,City or Municipal Highway Agency,6,Local Street - Municipality,SOUTHWEST TRFY,,20,20,39.05255000,39.05255000,-94.596650000,-94.59665000,0,No Special Jurisdiction,8,Pedestrian,0,The First Harmful Event was Not a Collision with a Motor Vehicle in Transport,0,No,1,Non-Junction,1,Not an Intersection,0,None,,,1,On Roadway,3,Dark - Lighted,,,,,1,Clear,0,No,0000000,Not Applicable,20,8:00pm-8:59pm,35,35,20,8:00pm-8:59pm,38,38,21,9:00pm-9:59pm,3,3,,,,,,,1,
2022,29,290901,Missouri,1,1,0,1,1,1,1,97,JASPER (97),4100,JOPLIN,8,8,12,December,2022,5,Thursday,6,6:00am-6:59am,13,13,1,This section IS ON the NHS,2,Urban,3,Principal Arterial - Other,1,State Highway Agency,3,State Highway,SR-171,,160,160,37.14235556,37.14235556,-94.499277780,-94.49927778,0,No Special Jurisdiction,8,Pedestrian,0,The First Harmful Event was Not a Collision with a Motor Vehicle in Transport,0,No,1,Non-Junction,1,Not an Intersection,0,None,,,1,On Roadway,2,Dark - Not Lighted,,,,,2,Rain,0,No,0000000,Not Applicable,99,Unknown,98,Unknown if Notified,99,Unknown EMS Scene Arrival Hour,98,Unknown if Arrived,88,"Not Applicable (Not Transported) ",88,Not Applicable (Not Transported),,,,,,,1,
2022,29,290902,Missouri,2,2,0,0,0,2,2,107,LAFAYETTE (107),0,NOT APPLICABLE,8,8,12,December,2022,5,Thursday,19,7:00pm-7:59pm,55,55,0,This section IS NOT on the NHS,1,Rural,5,Major Collector,1,State Highway Agency,3,State Highway,SR-131,,30,30,39.09361111,39.09361111,-93.984166670,-93.98416667,0,No Special Jurisdiction,12,Motor Vehicle In-Transport,2,Front-to-Front,0,No,1,Non-Junction,1,Not an Intersection,0,None,,,1,On Roadway,2,Dark - Not Lighted,,,,,1,Clear,0,No,0000000,Not Applicable,20,8:00pm-8:59pm,1,1,20,8:00pm-8:59pm,5,5,20,8:00pm-8:59pm,55,55,,,,,,,1,
2022,29,290903,Missouri,1,1,0,0,0,1,1,95,JACKSON (95),0,NOT APPLICABLE,8,8,12,December,2022,5,Thursday,5,5:00am-5:59am,24,24,0,This section IS NOT on the NHS,1,Rural,5,Major Collector,1,State Highway Agency,3,State Highway,SR-F,,90,90,38.89175000,38.89175000,-94.134333330,-94.13433333,0,No Special Jurisdiction,59,"Traffic Sign Support ",0,The First Harmful Event was Not a Collision with a Motor Vehicle in Transport,0,No,1,Non-Junction,1,Not an Intersection,0,None,,,4,On Roadside,2,Dark - Not Lighted,,,,,1,Clear,0,No,0000000,Not Applicable,5,5:00am-5:59am,20,20,5,5:00am-5:59am,29,29,88,"Not Applicable (Not Transported) ",88,Not Applicable (Not Transported),,,,,,,1,
2022,29,290904,Missouri,2,2,0,0,0,6,6,17,BOLLINGER (17),0,NOT APPLICABLE,9,9,12,December,2022,6,Friday,16,4:00pm-4:59pm,32,32,0,This section IS NOT on the NHS,1,Rural,7,Local,2,County Highway Agency,4,County Road,CR-378,,20,20,37.51036111,37.51036111,-89.980666670,-89.98066667,0,No Special Jurisdiction,12,Motor Vehicle In-Transport,2,Front-to-Front,0,No,1,Non-Junction,1,Not an Intersection,0,None,,,1,On Roadway,1,Daylight,,,,,10,Cloudy,0,No,0000000,Not Applicable,16,4:00pm-4:59pm,18,18,16,4:00pm-4:59pm,40,40,17,5:00pm-5:59pm,22,22,,,,,,,1,
2022,29,290905,Missouri,2,2,0,0,0,4,4,91,HOWELL (91),0,NOT APPLICABLE,9,9,12,December,2022,6,Friday,21,9:00pm-9:59pm,19,19,0,This section IS NOT on the NHS,1,Rural,4,Minor Arterial,1,State Highway Agency,2,U.S. Highway,US-160,,90,90,36.62397222,36.62397222,-91.972777780,-91.97277778,0,No Special Jurisdiction,12,Motor Vehicle In-Transport,2,Front-to-Front,0,No,1,Non-Junction,1,Not an Intersection,0,None,,,1,On Roadway,2,Dark - Not Lighted,,,,,10,Cloudy,0,No,0000000,Not Applicable,21,9:00pm-9:59pm,50,50,22,10:00pm-10:59pm,2,2,22,10:00pm-10:59pm,24,24,,,,,,,1,
2022,29,290906,Missouri,1,1,0,0,0,2,2,133,MISSISSIPPI (133),0,NOT APPLICABLE,9,9,12,December,2022,6,Friday,23,11:00pm-11:59pm,12,12,0,This section IS NOT on the NHS,1,Rural,5,Major Collector,1,State Highway Agency,3,State Highway,SR-77,,280,280,36.71844444,36.71844444,-89.210722220,-89.21072222,0,No Special Jurisdiction,34,Ditch,0,The First Harmful Event was Not a Collision with a Motor Vehicle in Transport,0,No,1,Non-Junction,1,Not an Intersection,0,None,,,4,On Roadside,2,Dark - Not Lighted,,,,,1,Clear,0,No,0000000,Not Applicable,2,2:00am-2:59am,3,3,2,2:00am-2:59am,24,24,3,3:00am-3:59am,28,28,,,,,,,1,
2022,29,290907,Missouri,1,1,0,0,0,1,1,31,CAPE GIRARDEAU (31),0,NOT APPLICABLE,10,10,12,December,2022,7,Saturday,8,8:00am-8:59am,35,35,0,This section IS NOT on the NHS,1,Rural,5,Major Collector,1,State Highway Agency,3,State Highway,SR-77,,10,10,37.20842500,37.20842500,-89.667541670,-89.66754167,0,No Special Jurisdiction,21,Bridge Pier or Support,0,The First Harmful Event was Not a Collision with a Motor Vehicle in Transport,0,No,1,Non-Junction,1,Not an Intersection,0,None,,,4,On Roadside,1,Daylight,,,,,2,Rain,0,No,0000000,Not Applicable,99,Unknown,98,Unknown if Notified,99,Unknown EMS Scene Arrival Hour,98,Unknown if Arrived,88,"Not Applicable (Not Transported) ",88,Not Applicable (Not Transported),,,,,,,1,
2022,29,290908,Missouri,2,2,0,0,0,2,2,143,NEW MADRID (143),5050,MATTHEWS,10,10,12,December,2022,7,Saturday,12,12:00pm-12:59pm,30,30,0,This section IS NOT on the NHS,1,Rural,5,Major Collector,1,State Highway Agency,2,U.S. Highway,US-61,SR-80,80,80,36.75902778,36.75902778,-89.565972220,-89.56597222,0,No Special Jurisdiction,12,Motor Vehicle In-Transport,6,Angle,0,No,2,Intersection,2,Four-Way Intersection,0,None,,,1,On Roadway,1,Daylight,,,,,2,Rain,0,No,0000000,Not Applicable,99,Unknown,99,Unknown,99,Unknown EMS Scene Arrival Hour,99,Unknown EMS Scene Arrival Minutes,99,Unknown,99,Unknown EMS Hospital Arrival Time,,,,,,,1,
2022,29,290909,Missouri,1,1,0,0,0,1,1,99,JEFFERSON (99),0,NOT APPLICABLE,10,10,12,December,2022,7,Saturday,19,7:00pm-7:59pm,5,5,0,This section IS NOT on the NHS,1,Rural,4,Minor Arterial,1,State Highway Agency,3,State Highway,SR-V,CR-HARDIN RD,30,30,38.08194444,38.08194444,-90.531388890,-90.53138889,0,No Special Jurisdiction,58,Ground,0,The First Harmful Event was Not a Collision with a Motor Vehicle in Transport,0,No,3,Intersection-Related,3,T-Intersection,0,None,,,4,On Roadside,2,Dark - Not Lighted,,,,,10,Cloudy,0,No,0000000,Not Applicable,19,7:00pm-7:59pm,9,9,19,7:00pm-7:59pm,24,24,19,7:00pm-7:59pm,56,56,,,,,,,1,
2022,29,290910,Missouri,1,1,0,0,0,3,3,510,ST. LOUIS (CITY) (510),7080,ST. LOUIS,12,12,12,December,2022,2,Monday,20,8:00pm-8:59pm,27,27,1,This section IS ON the NHS,2,Urban,1,Interstate,1,State Highway Agency,1,Interstate,I-55,,20,20,38.56396389,38.56396389,-90.243288890,-90.24328889,0,No Special Jurisdiction,25,Concrete Traffic Barrier,0,The First Harmful Event was Not a Collision with a Motor Vehicle in Transport,1,Yes,19,Other location within Interchange Area,1,Not an Intersection,4,"Work Zone, Type Unknown",,,3,On Median,3,Dark - Lighted,,,,,1,Clear,0,No,0000000,Not Applicable,20,8:00pm-8:59pm,32,32,20,8:00pm-8:59pm,36,36,20,8:00pm-8:59pm,57,57,,,,,,,1,
2022,29,290911,Missouri,2,2,0,0,0,3,3,107,LAFAYETTE (107),0,NOT APPLICABLE,2,2,12,December,2022,6,Friday,9,9:00am-9:59am,52,52,0,This section IS NOT on the NHS,1,Rural,5,Major Collector,1,State Highway Agency,3,State Highway,SR-O,SR-FF,50,50,39.07766667,39.07766667,-93.884361110,-93.88436111,0,No Special Jurisdiction,12,Motor Vehicle In-Transport,6,Angle,0,No,2,Intersection,2,Four-Way Intersection,0,None,,,1,On Roadway,1,Daylight,,,,,10,Cloudy,0,No,0000000,Not Applicable,99,Unknown,99,Unknown,99,Unknown EMS Scene Arrival Hour,99,Unknown EMS Scene Arrival Minutes,99,Unknown,99,Unknown EMS Hospital Arrival Time,,,,,,,1,
2022,29,290912,Missouri,2,2,0,0,0,2,2,77,GREENE (77),7460,SPRINGFIELD,6,6,12,December,2022,3,Tuesday,10,10:00am-10:59am,2,2,0,This section IS NOT on the NHS,2,Urban,3,Principal Arterial - Other,4,City or Municipal Highway Agency,6,Local Street - Municipality,CAMPBELL AVE,WALNUT LAWN ST,30,30,37.15265556,37.15265556,-93.295725000,-93.29572500,0,No Special Jurisdiction,12,Motor Vehicle In-Transport,6,Angle,0,No,2,Intersection,2,Four-Way Intersection,0,None,,,1,On Roadway,1,Daylight,,,,,10,Cloudy,0,No,0000000,Not Applicable,99,Unknown,99,Unknown,99,Unknown EMS Scene Arrival Hour,99,Unknown EMS Scene Arrival Minutes,99,Unknown,99,Unknown EMS Hospital Arrival Time,,,,,,,1,
2022,29,290913,Missouri,1,1,0,0,0,4,4,105,LACLEDE (105),0,NOT APPLICABLE,10,10,12,December,2022,7,Saturday,12,12:00pm-12:59pm,50,50,0,This section IS NOT on the NHS,1,Rural,4,Minor Arterial,1,State Highway Agency,3,State Highway,SR-32,,300,300,37.61652778,37.61652778,-92.402527780,-92.40252778,0,No Special Jurisdiction,34,Ditch,0,The First Harmful Event was Not a Collision with a Motor Vehicle in Transport,0,No,1,Non-Junction,1,Not an Intersection,0,None,,,4,On Roadside,1,Daylight,,,,,10,Cloudy,0,No,0000000,Not Applicable,99,Unknown,99,Unknown,99,Unknown EMS Scene Arrival Hour,99,Unknown EMS Scene Arrival Minutes,99,Unknown,99,Unknown EMS Hospital Arrival Time,,,,,,,1,
2022,29,290914,Missouri,1,1,0,0,0,1,1,155,PEMISCOT (155),0,NOT APPLICABLE,13,13,12,December,2022,3,Tuesday,23,11:00pm-11:59pm,30,30,1,This section IS ON the NHS,1,Rural,1,Interstate,1,State Highway Agency,1,Interstate,I-55,,180,180,36.22344444,36.22344444,-89.740416670,-89.74041667,0,No Special Jurisdiction,52,Guardrail End,0,The First Harmful Event was Not a Collision with a Motor Vehicle in Transport,0,No,1,Non-Junction,1,Not an Intersection,0,None,,,4,On Roadside,2,Dark - Not Lighted,,,,,2,Rain,0,No,0000000,Not Applicable,23,11:00pm-11:59pm,44,44,23,11:00pm-11:59pm,56,56,88,"Not Applicable (Not Transported) ",88,Not Applicable (Not Transported),,,,,,,1,
2022,29,290915,Missouri,1,1,0,0,0,1,1,125,MARIES (125),0,NOT APPLICABLE,13,13,12,December,2022,3,Tuesday,22,10:00pm-10:59pm,20,20,0,This section IS NOT on the NHS,1,Rural,5,Major Collector,1,State Highway Agency,3,State Highway,SR-N,,40,40,38.11261111,38.11261111,-92.032972220,-92.03297222,0,No Special Jurisdiction,42,Tree (Standing Only),0,The First Harmful Event was Not a Collision with a Motor Vehicle in Transport,0,No,1,Non-Junction,1,Not an Intersection,0,None,,,4,On Roadside,3,Dark - Lighted,,,,,2,Rain,0,No,0000000,Not Applicable,99,Unknown,99,Unknown,99,Unknown EMS Scene Arrival Hour,99,Unknown EMS Scene Arrival Minutes,88,"Not Applicable (Not Transported) ",88,Not Applicable (Not Transported),,,,,,,1,
2022,29,290916,Missouri,2,2,0,0,0,2,2,121,MACON (121),0,NOT APPLICABLE,14,14,12,December,2022,4,Wednesday,15,3:00pm-3:59pm,24,24,1,This section IS ON the NHS,1,Rural,3,Principal Arterial - Other,1,State Highway Agency,2,U.S. Highway,US-63,SR-Y,20,20,39.63638889,39.63638889,-92.466805560,-92.46680556,0,No Special Jurisdiction,12,Motor Vehicle In-Transport,6,Angle,0,No,2,Intersection,2,Four-Way Intersection,0,None,,,1,On Roadway,1,Daylight,,,,,10,Cloudy,0,No,0000000,Not Applicable,99,Unknown,99,Unknown,99,Unknown EMS Scene Arrival Hour,99,Unknown EMS Scene Arrival Minutes,99,Unknown,99,Unknown EMS Hospital Arrival Time,,,,,,,1,
2022,29,290917,Missouri,2,2,0,0,0,2,2,7,AUDRAIN (7),0,NOT APPLICABLE,14,14,12,December,2022,4,Wednesday,16,4:00pm-4:59pm,7,7,1,This section IS ON the NHS,1,Rural,2,Principal Arterial - Other Freeways and Expressways,1,State Highway Agency,2,U.S. Highway,US-54,SR-HH,370,370,39.06908333,39.06908333,-91.897027780,-91.89702778,0,No Special Jurisdiction,12,Motor Vehicle In-Transport,6,Angle,0,No,2,Intersection,2,Four-Way Intersection,0,None,,,1,On Roadway,1,Daylight,,,,,10,Cloudy,0,No,0000000,Not Applicable,16,4:00pm-4:59pm,11,11,16,4:00pm-4:59pm,17,17,88,"Not Applicable (Not Transported) ",88,Not Applicable (Not Transported),,,,,,,1,
2022,29,290918,Missouri,1,1,0,1,1,1,1,95,JACKSON (95),3940,INDEPENDENCE,14,14,12,December,2022,4,Wednesday,18,6:00pm-6:59pm,33,33,1,This section IS ON the NHS,2,Urban,3,Principal Arterial - Other,4,City or Municipal Highway Agency,6,Local Street - Municipality,NOLAND RD,LYNN CT,50,50,39.04786111,39.04786111,-94.415163890,-94.41516389,0,No Special Jurisdiction,8,Pedestrian,0,The First Harmful Event was Not a Collision with a Motor Vehicle in Transport,0,No,3,Intersection-Related,2,Four-Way Intersection,0,None,,,1,On Roadway,3,Dark - Lighted,,,,,1,Clear,0,No,0000000,Not Applicable,99,Unknown,99,Unknown,99,Unknown EMS Scene Arrival Hour,99,Unknown EMS Scene Arrival Minutes,99,Unknown,99,Unknown EMS Hospital Arrival Time,,,,,,,1,
2022,29,290919,Missouri,1,1,0,1,1,1,1,229,WRIGHT (229),0,NOT APPLICABLE,14,14,12,December,2022,4,Wednesday,23,11:00pm-11:59pm,30,30,1,This section IS ON the NHS,2,Urban,2,Principal Arterial - Other Freeways and Expressways,1,State Highway Agency,2,U.S. Highway,US-60,,210,210,37.13130556,37.13130556,-92.317833330,-92.31783333,0,No Special Jurisdiction,8,Pedestrian,0,The First Harmful Event was Not a Collision with a Motor Vehicle in Transport,0,No,1,Non-Junction,1,Not an Intersection,0,None,,,1,On Roadway,2,Dark - Not Lighted,,,,,10,Cloudy,0,No,0000000,Not Applicable,99,Unknown,98,Unknown if Notified,99,Unknown EMS Scene Arrival Hour,98,Unknown if Arrived,88,"Not Applicable (Not Transported) ",88,Not Applicable (Not Transported),,,,,,,1,
2022,29,290920,Missouri,1,1,0,0,0,1,1,99,JEFFERSON (99),0,NOT APPLICABLE,14,14,12,December,2022,4,Wednesday,11,11:00am-11:59am,20,20,1,This section IS ON the NHS,2,Urban,2,Principal Arterial - Other Freeways and Expressways,1,State Highway Agency,3,State Highway,SR-21,,70,70,38.39900000,38.39900000,-90.499611110,-90.49961111,0,No Special Jurisdiction,58,Ground,0,The First Harmful Event was Not a Collision with a Motor Vehicle in Transport,0,No,1,Non-Junction,1,Not an Intersection,0,None,,,4,On Roadside,1,Daylight,,,,,10,Cloudy,0,No,0000000,Not Applicable,11,11:00am-11:59am,35,35,11,11:00am-11:59am,43,43,88,"Not Applicable (Not Transported) ",88,Not Applicable (Not Transported),,,,,,,1,
2022,29,290921,Missouri,3,3,0,0,0,9,9,47,CLAY (47),0,NOT APPLICABLE,14,14,12,December,2022,4,Wednesday,19,7:00pm-7:59pm,17,17,0,This section IS NOT on the NHS,2,Urban,5,Major Collector,1,State Highway Agency,3,State Highway,SR-A,,60,60,39.28916111,39.28916111,-94.436294440,-94.43629444,0,No Special Jurisdiction,12,Motor Vehicle In-Transport,8,Sideswipe - Opposite Direction,0,No,1,Non-Junction,1,Not an Intersection,0,None,,,1,On Roadway,2,Dark - Not Lighted,,,,,10,Cloudy,0,No,0000000,Not Applicable,19,7:00pm-7:59pm,21,21,19,7:00pm-7:59pm,45,45,20,8:00pm-8:59pm,9,9,,,,,,,1,
2022,29,290922,Missouri,2,2,0,0,0,2,2,201,SCOTT (201),0,NOT APPLICABLE,15,15,12,December,2022,5,Thursday,18,6:00pm-6:59pm,12,12,0,This section IS NOT on the NHS,1,Rural,5,Major Collector,1,State Highway Agency,3,State Highway,SR-HH,,40,40,36.92058333,36.92058333,-89.544222220,-89.54422222,0,No Special Jurisdiction,12,Motor Vehicle In-Transport,1,Front-to-Rear,0,No,1,Non-Junction,1,Not an Intersection,0,None,,,1,On Roadway,2,Dark - Not Lighted,,,,,1,Clear,0,No,0000000,Not Applicable,99,Unknown,99,Unknown,99,Unknown EMS Scene Arrival Hour,99,Unknown EMS Scene Arrival Minutes,88,"Not Applicable (Not Transported) ",88,Not Applicable (Not Transported),,,,,,,1,
2022,29,290923,Missouri,1,1,0,0,0,1,1,121,MACON (121),0,NOT APPLICABLE,15,15,12,December,2022,5,Thursday,17,5:00pm-5:59pm,0,0,0,This section IS NOT on the NHS,1,Rural,5,Major Collector,1,State Highway Agency,3,State Highway,SR-3,,80,80,39.93816667,39.93816667,-92.601277780,-92.60127778,0,No Special Jurisdiction,34,Ditch,0,The First Harmful Event was Not a Collision with a Motor Vehicle in Transport,0,No,1,Non-Junction,1,Not an Intersection,0,None,,,4,On Roadside,2,Dark - Not Lighted,,,,,10,Cloudy,0,No,0000000,Not Applicable,99,Unknown,99,Unknown,99,Unknown EMS Scene Arrival Hour,99,Unknown EMS Scene Arrival Minutes,88,"Not Applicable (Not Transported) ",88,Not Applicable (Not Transported),,,,,,,1,
2022,29,290924,Missouri,1,1,0,0,0,1,1,95,JACKSON (95),4120,KANSAS CITY,15,15,12,December,2022,5,Thursday,2,2:00am-2:59am,8,8,0,This section IS NOT on the NHS,2,Urban,5,Major Collector,4,City or Municipal Highway Agency,6,Local Street - Municipality,ROANOKE RD,,0,None,39.06925833,39.06925833,-94.605483330,-94.60548333,0,No Special Jurisdiction,33,Curb,0,The First Harmful Event was Not a Collision with a Motor Vehicle in Transport,0,No,1,Non-Junction,1,Not an Intersection,0,None,,,4,On Roadside,3,Dark - Lighted,,,,,98,Not Reported,0,No,0000000,Not Applicable,99,Unknown,99,Unknown,99,Unknown EMS Scene Arrival Hour,99,Unknown EMS Scene Arrival Minutes,88,"Not Applicable (Not Transported) ",88,Not Applicable (Not Transported),,,,,,,1,
2022,29,290925,Missouri,1,1,0,1,1,1,1,221,WASHINGTON (221),0,NOT APPLICABLE,16,16,12,December,2022,6,Friday,17,5:00pm-5:59pm,21,21,0,This section IS NOT on the NHS,1,Rural,7,Local,2,County Highway Agency,4,County Road,CR-SPRINGTOWN RD 501,,10,10,37.92233333,37.92233333,-90.752694440,-90.75269444,0,No Special Jurisdiction,8,Pedestrian,0,The First Harmful Event was Not a Collision with a Motor Vehicle in Transport,0,No,1,Non-Junction,1,Not an Intersection,0,None,,,1,On Roadway,2,Dark - Not Lighted,,,,,1,Clear,0,No,0000000,Not Applicable,99,Unknown,99,Unknown,99,Unknown EMS Scene Arrival Hour,99,Unknown EMS Scene Arrival Minutes,99,Unknown,99,Unknown EMS Hospital Arrival Time,,,,,,,1,
2022,29,290926,Missouri,1,1,0,0,0,1,1,95,JACKSON (95),3280,GRANDVIEW,28,28,9,September,2022,4,Wednesday,15,3:00pm-3:59pm,47,47,0,This section IS NOT on the NHS,2,Urban,7,Local,4,City or Municipal Highway Agency,6,Local Street - Municipality,129TH ST,,0,None,38.89156667,38.89156667,-94.522636110,-94.52263611,0,No Special Jurisdiction,1,Rollover/Overturn,0,The First Harmful Event was Not a Collision with a Motor Vehicle in Transport,0,No,1,Non-Junction,1,Not an Intersection,0,None,,,1,On Roadway,1,Daylight,,,,,1,Clear,0,No,0000000,Not Applicable,99,Unknown,98,Unknown if Notified,99,Unknown EMS Scene Arrival Hour,98,Unknown if Arrived,88,"Not Applicable (Not Transported) ",88,Not Applicable (Not Transported),,,,,,,1,
2022,29,290927,Missouri,3,1,2,0,0,1,1,510,ST. LOUIS (CITY) (510),7080,ST. LOUIS,15,15,12,December,2022,5,Thursday,18,6:00pm-6:59pm,35,35,1,This section IS ON the NHS,2,Urban,1,Interstate,1,State Highway Agency,1,Interstate,I-44,,60,60,38.61388056,38.61388056,-90.225627780,-90.22562778,0,No Special Jurisdiction,14,Parked Motor Vehicle,0,The First Harmful Event was Not a Collision with a Motor Vehicle in Transport,0,No,1,Non-Junction,1,Not an Intersection,0,None,,,2,On Shoulder,3,Dark - Lighted,,,,,1,Clear,0,No,0000000,Not Applicable,18,6:00pm-6:59pm,41,41,18,6:00pm-6:59pm,45,45,19,7:00pm-7:59pm,7,7,,,,,,,1,
2022,29,290928,Missouri,2,2,0,0,0,2,2,189,ST LOUIS (189),1050,BRIDGETON,16,16,12,December,2022,6,Friday,5,5:00am-5:59am,45,45,1,This section IS ON the NHS,2,Urban,3,Principal Arterial - Other,2,County Highway Agency,6,Local Street - Municipality,ST CHARLES ROCK RD,,20,20,38.76569444,38.76569444,-90.436333330,-90.43633333,0,No Special Jurisdiction,12,Motor Vehicle In-Transport,8,Sideswipe - Opposite Direction,0,No,1,Non-Junction,1,Not an Intersection,0,None,,,1,On Roadway,2,Dark - Not Lighted,,,,,10,Cloudy,0,No,0000000,Not Applicable,5,5:00am-5:59am,49,49,5,5:00am-5:59am,58,58,6,6:00am-6:59am,6,6,,,,,,,1,