caseyear,state,st_case,statename,ve_total,ve_forms,pvh_invl,peds,pernotmvit,permvit,persons,county,countyname,city,cityname,day,dayname,month,monthname,year,day_week,day_weekname,hour,hourname,minute,minutename,nhs,nhsname,rur_urb,rur_urbname,func_sys,func_sysname,rd_owner,rd_ownername,route,routename,tway_id,tway_id2,milept,mileptname,latitude,latitudename,longitud,longitudname,sp_jur,sp_jurname,harm_ev,harm_evname,man_coll,man_collname,reljct1,reljct1name,reljct2,reljct2name,typ_int,typ_intname,wrk_zone,wrk_zonename,road_fnc,road_fncname,rel_road,rel_roadname,lgt_cond,lgt_condname,weather1,weather1name,weather2,weather2name,weather,weathername,sch_bus,sch_busname,rail,railname,not_hour,not_hourname,not_min,not_minname,arr_hour,arr_hourname,arr_min,arr_minname,hosp_hr,hosp_hrname,hosp_mn,hosp_mnname,cf1,cf1name,cf2,cf2name,cf3,cf3name,fatals,drunk_dr
2023,29,290012,Missouri,2,2,0,0,0,2,2,155,PEMISCOT (155),0,NOT APPLICABLE,10,10,1,January,2023,3,Tuesday,18,6:00pm-6:59pm,5,5,1,This Section IS ON the NHS,1,Rural,1,Interstate,1,State Highway Agency,1,Interstate,I-55,,310,310,36.00966667,36.00966667,-89.874916670,-89.87491667,0,No Special Jurisdiction,12,Motor Vehicle In-Transport,1,Front-to-Rear,0,No,1,Non-Junction,1,Not an Intersection,0,None,,,1,On Roadway,2,Dark - Not Lighted,,,,,1,Clear,0,No,0000000,Not Applicable,99,Unknown,98,Unknown if Notified,99,Unknown EMS Scene Arrival Hour,98,Unknown if Arrived,88,"Not Applicable (Not Transported) ",88,Not Applicable (Not Transported),,,,,,,1,
2023,29,290013,Missouri,1,1,0,0,0,1,1,17,BOLLINGER (17),0,NOT APPLICABLE,10,10,1,January,2023,3,Tuesday,15,3:00pm-3:59pm,42,42,0,This Section IS NOT on the NHS,1,Rural,5,Major Collector,1,State Highway Agency,3,State Highway,SR-H,,100,100,37.16571944,37.16571944,-90.079344440,-90.07934444,0,No Special Jurisdiction,35,Embankment,0,The First Harmful Event was Not a Collision with a Motor Vehicle in Transport,0,No,1,Non-Junction,1,Not an Intersection,0,None,,,4,On Roadside,1,Daylight,,,,,10,Cloudy,0,No,0000000,Not Applicable,15,3:00pm-3:59pm,40,40,16,4:00pm-4:59pm,8,8,16,4:00pm-4:59pm,33,33,,,,,,,1,
2023,29,290014,Missouri,2,2,0,0,0,3,3,189,ST LOUIS (189),1575,CHESTERFIELD,10,10,1,January,2023,3,Tuesday,18,6:00pm-6:59pm,36,36,0,This Section IS NOT on the NHS,2,Urban,4,Minor Arterial,2,County Highway Agency,4,County,CR-CLAYTON RD,,60,60,38.61482778,38.61482778,-90.541086110,-90.54108611,0,No Special Jurisdiction,12,Motor Vehicle In-Transport,6,Angle,0,No,8,Driveway Access Related,1,Not an Intersection,0,None,,,1,On Roadway,3,Dark - Lighted,,,,,1,Clear,0,No,0000000,Not Applicable,99,Unknown,99,Unknown,99,Unknown EMS Scene Arrival Hour,99,Unknown EMS Scene Arrival Minutes,99,Unknown,99,Unknown EMS Hospital Arrival Time,,,,,,,1,
2023,29,290015,Missouri,2,2,0,0,0,3,3,183,ST. CHARLES (183),5880,O Fallon,13,13,1,January,2023,6,Friday,6,6:00am-6:59am,30,30,1,This Section IS ON the NHS,2,Urban,1,Interstate,1,State Highway Agency,1,Interstate,I-70,,150,150,38.80347222,38.80347222,-90.746444440,-90.74644444,0,No Special Jurisdiction,12,Motor Vehicle In-Transport,1,Front-to-Rear,0,No,1,Non-Junction,1,Not an Intersection,0,None,,,1,On Roadway,2,Dark - Not Lighted,,,,,1,Clear,0,No,0000000,Not Applicable,7,7:00am-7:59am,23,23,7,7:00am-7:59am,29,29,7,7:00am-7:59am,49,49,,,,,,,1,
2023,29,290016,Missouri,2,2,0,0,0,3,3,9,BARRY (9),0,NOT APPLICABLE,13,13,1,January,2023,6,Friday,18,6:00pm-6:59pm,42,42,0,This Section IS NOT on the NHS,1,Rural,5,Major Collector,1,State Highway Agency,3,State Highway,SR-TT,,60,60,36.88616667,36.88616667,-93.612055560,-93.61205556,0,No Special Jurisdiction,12,Motor Vehicle In-Transport,2,Front-to-Front,0,No,1,Non-Junction,1,Not an Intersection,0,None,,,1,On Roadway,2,Dark - Not Lighted,,,,,1,Clear,0,No,0000000,Not Applicable,17,5:00pm-5:59pm,55,55,18,6:00pm-6:59pm,2,2,19,7:00pm-7:59pm,21,21,,,,,,,2,
2023,29,290017,Missouri,1,1,0,0,0,1,1,31,CAPE GIRARDEAU (31),1390,CAPE GIRARDEAU,16,16,1,January,2023,2,Monday,1,1:00am-1:59am,35,35,1,This Section IS ON the NHS,2,Urban,3,Other Principal Arterial,1,State Highway Agency,2,U.S. Highway,US-61,,240,240,37.32674444,37.32674444,-89.563133330,-89.56313333,0,No Special Jurisdiction,32,Culvert,0,The First Harmful Event was Not a Collision with a Motor Vehicle in Transport,0,No,1,Non-Junction,1,Not an Intersection,0,None,,,4,On Roadside,3,Dark - Lighted,,,,,10,Cloudy,0,No,0000000,Not Applicable,99,Unknown,99,Unknown,99,Unknown EMS Scene Arrival Hour,99,Unknown EMS Scene Arrival Minutes,88,"Not Applicable (Not Transported) ",88,Not Applicable (Not Transported),,,,,,,1,
2023,29,290018,Missouri,1,1,0,0,0,1,1,209,STONE (209),4175,KIMBERLING CITY,16,16,1,January,2023,2,Monday,10,10:00am-10:59am,40,40,1,This Section IS ON the NHS,1,Rural,3,Other Principal Arterial,1,State Highway Agency,3,State Highway,SR-13,,150,150,36.67105556,36.67105556,-93.401916670,-93.40191667,0,No Special Jurisdiction,35,Embankment,0,The First Harmful Event was Not a Collision with a Motor Vehicle in Transport,0,No,1,Non-Junction,1,Not an Intersection,0,None,,,4,On Roadside,1,Daylight,,,,,1,Clear,0,No,0000000,Not Applicable,10,10:00am-10:59am,45,45,10,10:00am-10:59am,52,52,88,"Not Applicable (Not Transported) ",88,Not Applicable (Not Transported),,,,,,,1,
2023,29,290019,Missouri,1,1,0,0,0,1,1,77,GREENE (77),7460,SPRINGFIELD,17,17,1,January,2023,3,Tuesday,1,1:00am-1:59am,31,31,0,This Section IS NOT on the NHS,2,Urban,4,Minor Arterial,4,City or Municipal Highway Agency,6,Municipal,MU-WALNUT LAWN ST,MU-MARYLAND AVE,20,20,37.15278889,37.15278889,-93.281886110,-93.28188611,0,No Special Jurisdiction,33,Curb,0,The First Harmful Event was Not a Collision with a Motor Vehicle in Transport,0,No,3,Intersection-Related,6,Roundabout,0,None,,,12,Pedestrian Refuge Island or Traffic Island,3,Dark - Lighted,,,,,1,Clear,0,No,0000000,Not Applicable,99,Unknown,98,Unknown if Notified,99,Unknown EMS Scene Arrival Hour,98,Unknown if Arrived,88,"Not Applicable (Not Transported) ",88,Not Applicable (Not Transported),,,,,,,1,
2023,29,290020,Missouri,3,3,0,0,0,5,5,169,PULASKI (169),7105,ST. ROBERT,18,18,1,January,2023,4,Wednesday,11,11:00am-11:59am,14,14,0,This Section IS NOT on the NHS,2,Urban,5,Major Collector,1,State Highway Agency,3,State Highway,SR-Z,SR-SP 44,0,None,37.82182500,37.82182500,-92.142736110,-92.14273611,0,No Special Jurisdiction,12,Motor Vehicle In-Transport,6,Angle,0,No,2,Intersection,2,Four-Way Intersection,0,None,,,1,On Roadway,1,Daylight,,,,,2,Rain,0,No,0000000,Not Applicable,11,11:00am-11:59am,14,14,11,11:00am-11:59am,21,21,11,11:00am-11:59am,41,41,,,,,,,1,
2023,29,290021,Missouri,2,2,0,0,0,2,2,169,PULASKI (169),7105,ST. ROBERT,18,18,1,January,2023,4,Wednesday,16,4:00pm-4:59pm,30,30,0,This Section IS NOT on the NHS,2,Urban,4,Minor Arterial,1,State Highway Agency,95,Other,LP 44,,40,40,37.82779167,37.82779167,-92.174841670,-92.17484167,0,No Special Jurisdiction,12,Motor Vehicle In-Transport,6,Angle,0,No,1,Non-Junction,1,Not an Intersection,0,None,,,1,On Roadway,1,Daylight,,,,,2,Rain,0,No,0000000,Not Applicable,16,4:00pm-4:59pm,28,28,16,4:00pm-4:59pm,34,34,99,Unknown,99,Unknown EMS Hospital Arrival Time,,,,,,,1,
2023,29,290022,Missouri,3,3,0,0,0,5,5,510,ST. LOUIS (CITY) (510),7080,ST. LOUIS,20,20,1,January,2023,6,Friday,12,12:00pm-12:59pm,37,37,0,This Section IS NOT on the NHS,2,Urban,4,Minor Arterial,4,City or Municipal Highway Agency,6,Municipal,MU-BROADWAY ST,SR-231,60,60,38.53767500,38.53767500,-90.269019440,-90.26901944,0,No Special Jurisdiction,12,Motor Vehicle In-Transport,6,Angle,0,No,2,Intersection,2,Four-Way Intersection,0,None,,,1,On Roadway,1,Daylight,,,,,1,Clear,0,No,0000000,Not Applicable,12,12:00pm-12:59pm,41,41,13,1:00pm-1:59pm,7,7,13,1:00pm-1:59pm,45,45,,,,,,,1,
2023,29,290023,Missouri,1,1,0,0,0,2,2,43,CHRISTIAN (43),0,NOT APPLICABLE,20,20,1,January,2023,6,Friday,6,6:00am-6:59am,0,0,1,This Section IS ON the NHS,1,Rural,2,Other Freeways and Expressways,1,State Highway Agency,2,U.S. Highway,US-65,,110,110,36.92963889,36.92963889,-93.232555560,-93.23255556,0,No Special Jurisdiction,35,Embankment,0,The First Harmful Event was Not a Collision with a Motor Vehicle in Transport,0,No,1,Non-Junction,1,Not an Intersection,0,None,,,4,On Roadside,2,Dark - Not Lighted,,,,,1,Clear,0,No,0000000,Not Applicable,6,6:00am-6:59am,14,14,6,6:00am-6:59am,23,23,6,6:00am-6:59am,46,46,,,,,,,1,
2023,29,290024,Missouri,2,2,0,0,0,9,9,77,GREENE (77),7460,SPRINGFIELD,20,20,1,January,2023,6,Friday,1,1:00am-1:59am,6,6,1,This Section IS ON the NHS,2,Urban,2,Other Freeways and Expressways,1,State Highway Agency,2,U.S. Highway,US-60,,100,100,37.15562500,37.15562500,-93.369097220,-93.36909722,0,No Special Jurisdiction,12,Motor Vehicle In-Transport,2,Front-to-Front,0,No,1,Non-Junction,1,Not an Intersection,0,None,,,1,On Roadway,3,Dark - Lighted,,,,,10,Cloudy,0,No,0000000,Not Applicable,1,1:00am-1:59am,11,11,1,1:00am-1:59am,22,22,1,1:00am-1:59am,48,48,,,,,,,3,
2023,29,290025,Missouri,1,1,0,0,0,1,1,173,RALLS (173),0,NOT APPLICABLE,20,20,1,January,2023,6,Friday,16,4:00pm-4:59pm,45,45,0,This Section IS NOT on the NHS,1,Rural,98,Not Reported,2,County Highway Agency,4,County,CR-VERMONT LN,,10,10,39.41041667,39.41041667,-91.571777780,-91.57177778,0,No Special Jurisdiction,11,Live Animal,0,The First Harmful Event was Not a Collision with a Motor Vehicle in Transport,0,No,1,Non-Junction,1,Not an Intersection,0,None,,,1,On Roadway,1,Daylight,,,,,1,Clear,0,No,0000000,Not Applicable,99,Unknown,98,Unknown if Notified,99,Unknown EMS Scene Arrival Hour,98,Unknown if Arrived,88,"Not Applicable (Not Transported) ",88,Not Applicable (Not Transported),,,,,,,1,
2023,29,290026,Missouri,1,1,0,0,0,1,1,510,ST. LOUIS (CITY) (510),7080,ST. LOUIS,23,23,1,January,2023,2,Monday,11,11:00am-11:59am,46,46,1,This Section IS ON the NHS,2,Urban,3,Other Principal Arterial,4,City or Municipal Highway Agency,6,Municipal,MU-RIVERVIEW DR,,20,20,38.74928333,38.74928333,-90.194822220,-90.19482222,0,No Special Jurisdiction,1,Rollover/Overturn,0,The First Harmful Event was Not a Collision with a Motor Vehicle in Transport,0,No,1,Non-Junction,1,Not an Intersection,0,None,,,4,On Roadside,1,Daylight,,,,,1,Clear,0,No,0000000,Not Applicable,11,11:00am-11:59am,50,50,12,12:00pm-12:59pm,2,2,12,12:00pm-12:59pm,41,41,,,,,,,1,
2023,29,290028,Missouri,2,2,0,0,0,3,3,95,JACKSON (95),4120,KANSAS CITY,27,27,1,January,2023,6,Friday,14,2:00pm-2:59pm,18,18,1,This Section IS ON the NHS,2,Urban,2,Other Freeways and Expressways,1,State Highway Agency,2,U.S. Highway,US-71,,180,180,39.08958611,39.08958611,-94.571316670,-94.57131667,0,No Special Jurisdiction,12,Motor Vehicle In-Transport,1,Front-to-Rear,0,No,1,Non-Junction,1,Not an Intersection,0,None,,,1,On Roadway,1,Daylight,,,,,1,Clear,0,No,0000000,Not Applicable,14,2:00pm-2:59pm,20,20,14,2:00pm-2:59pm,23,23,14,2:00pm-2:59pm,38,38,,,,,,,1,
2023,29,290029,Missouri,1,1,0,0,0,2,2,169,PULASKI (169),0,NOT APPLICABLE,28,28,1,January,2023,7,Saturday,21,9:00pm-9:59pm,50,50,0,This Section IS NOT on the NHS,1,Rural,98,Not Reported,2,County Highway Agency,4,County,CR-RIDDLE RD,,20,20,37.83058333,37.83058333,-92.327527780,-92.32752778,0,No Special Jurisdiction,1,Rollover/Overturn,0,The First Harmful Event was Not a Collision with a Motor Vehicle in Transport,0,No,1,Non-Junction,1,Not an Intersection,0,None,,,4,On Roadside,2,Dark - Not Lighted,,,,,1,Clear,0,No,0000000,Not Applicable,22,10:00pm-10:59pm,3,3,22,10:00pm-10:59pm,25,25,23,11:00pm-11:59pm,28,28,,,,,,,1,
2023,29,290030,Missouri,2,2,0,0,0,2,2,141,MORGAN (141),0,NOT APPLICABLE,29,29,1,January,2023,1,Sunday,18,6:00pm-6:59pm,20,20,1,This Section IS ON the NHS,1,Rural,3,Other Principal Arterial,1,State Highway Agency,2,U.S. Highway,US-50,,80,80,38.67958333,38.67958333,-92.909555560,-92.90955556,0,No Special Jurisdiction,12,Motor Vehicle In-Transport,6,Angle,0,No,1,Non-Junction,1,Not an Intersection,0,None,,,1,On Roadway,2,Dark - Not Lighted,,,,,5,"Fog, Smog, Smoke",0,No,0000000,Not Applicable,18,6:00pm-6:59pm,23,23,18,6:00pm-6:59pm,42,42,20,8:00pm-8:59pm,5,5,,,,,,,1,
2023,29,290031,Missouri,2,2,0,0,0,2,2,29,CAMDEN (29),0,NOT APPLICABLE,29,29,1,January,2023,1,Sunday,9,9:00am-9:59am,41,41,1,This Section IS ON the NHS,1,Rural,3,Other Principal Arterial,1,State Highway Agency,3,State Highway,SR-7,,60,60,38.11041667,38.11041667,-92.955388890,-92.95538889,0,No Special Jurisdiction,12,Motor Vehicle In-Transport,2,Front-to-Front,0,No,1,Non-Junction,1,Not an Intersection,0,None,,,1,On Roadway,1,Daylight,,,,,5,"Fog, Smog, Smoke",0,No,0000000,Not Applicable,9,9:00am-9:59am,43,43,9,9:00am-9:59am,54,54,10,10:00am-10:59am,49,49,,,,,,,1,
2023,29,290033,Missouri,2,2,0,0,0,2,2,121,MACON (121),0,NOT APPLICABLE,1,1,2,February,2023,4,Wednesday,15,3:00pm-3:59pm,54,54,1,This Section IS ON the NHS,1,Rural,2,Other Freeways and Expressways,1,State Highway Agency,2,U.S. Highway,US-36,,110,110,39.75894444,39.75894444,-92.659805560,-92.65980556,0,No Special Jurisdiction,12,Motor Vehicle In-Transport,1,Front-to-Rear,0,No,1,Non-Junction,1,Not an Intersection,0,None,,,1,On Roadway,1,Daylight,,,,,10,Cloudy,0,No,0000000,Not Applicable,15,3:00pm-3:59pm,57,57,16,4:00pm-4:59pm,11,11,17,5:00pm-5:59pm,2,2,,,,,,,1,
2023,29,290034,Missouri,1,1,0,0,0,1,1,47,CLAY (47),0,NOT APPLICABLE,2,2,2,February,2023,5,Thursday,3,3:00am-3:59am,35,35,0,This Section IS NOT on the NHS,2,Urban,5,Major Collector,2,County Highway Agency,4,County,CR-JESSE JAMES FARM RD,MU-NE 128TH ST,40,40,39.32471111,39.32471111,-94.337683330,-94.33768333,0,No Special Jurisdiction,24,Guardrail Face,0,The First Harmful Event was Not a Collision with a Motor Vehicle in Transport,0,No,3,Intersection-Related,3,T-Intersection,0,None,,,4,On Roadside,2,Dark - Not Lighted,,,,,1,Clear,0,No,0000000,Not Applicable,99,Unknown,98,Unknown if Notified,99,Unknown EMS Scene Arrival Hour,98,Unknown if Arrived,88,"Not Applicable (Not Transported) ",88,Not Applicable (Not Transported),,,,,,,1,
2023,29,290035,Missouri,2,2,0,0,0,2,2,155,PEMISCOT (155),0,NOT APPLICABLE,3,3,2,February,2023,6,Friday,11,11:00am-11:59am,15,15,1,This Section IS ON the NHS,1,Rural,1,Interstate,1,State Highway Agency,1,Interstate,I-55,,100,100,36.27391667,36.27391667,-89.716277780,-89.71627778,0,No Special Jurisdiction,12,Motor Vehicle In-Transport,1,Front-to-Rear,0,No,1,Non-Junction,1,Not an Intersection,0,None,,,1,On Roadway,1,Daylight,,,,,1,Clear,0,No,0000000,Not Applicable,99,Unknown,98,Unknown if Notified,99,Unknown EMS Scene Arrival Hour,98,Unknown if Arrived,88,"Not Applicable (Not Transported) ",88,Not Applicable (Not Transported),,,,,,,1,
2023,29,290036,Missouri,2,2,0,0,0,3,3,189,ST LOUIS (189),5035,MARYLAND HEIGHTS,3,3,1,January,2023,3,Tuesday,21,9:00pm-9:59pm,52,52,1,This Section IS ON the NHS,2,Urban,1,Interstate,1,State Highway Agency,1,Interstate,I-270,,190,190,38.72261111,38.72261111,-90.445472220,-90.44547222,0,No Special Jurisdiction,12,Motor Vehicle In-Transport,1,Front-to-Rear,0,No,1,Non-Junction,1,Not an Intersection,0,None,,,1,On Roadway,2,Dark - Not Lighted,,,,,1,Clear,0,No,0000000,Not Applicable,21,9:00pm-9:59pm,54,54,22,10:00pm-10:59pm,1,1,22,10:00pm-10:59pm,9,9,,,,,,,1,
2023,29,290037,Missouri,2,2,0,0,0,2,2,167,POLK (167),0,NOT APPLICABLE,10,10,1,January,2023,3,Tuesday,16,4:00pm-4:59pm,12,12,1,This Section IS ON the NHS,1,Rural,3,Other Principal Arterial,1,State Highway Agency,3,State Highway,SR-13,SR-KK,60,60,37.50867222,37.50867222,-93.363500000,-93.36350000,0,No Special Jurisdiction,12,Motor Vehicle In-Transport,6,Angle,0,No,2,Intersection,2,Four-Way Intersection,0,None,,,1,On Roadway,1,Daylight,,,,,10,Cloudy,0,No,0000000,Not Applicable,16,4:00pm-4:59pm,27,27,16,4:00pm-4:59pm,51,51,17,5:00pm-5:59pm,17,17,,,,,,,1,
2023,29,290038,Missouri,2,2,0,0,0,3,3,189,ST LOUIS (189),7060,ST. JOHNS,21,21,1,January,2023,7,Saturday,19,7:00pm-7:59pm,51,51,1,This Section IS ON the NHS,1,Rural,1,Interstate,1,State Highway Agency,1,Interstate,I-170 RP 6192,MU-ST CHARLES ROCK RD,0,None,38.70550000,38.70550000,-90.340305560,-90.34030556,0,No Special Jurisdiction,12,Motor Vehicle In-Transport,1,Front-to-Rear,1,Yes,3,Intersection-Related,3,T-Intersection,0,None,,,1,On Roadway,3,Dark - Lighted,,,,,10,Cloudy,0,No,0000000,Not Applicable,19,7:00pm-7:59pm,55,55,19,7:00pm-7:59pm,56,56,20,8:00pm-8:59pm,15,15,,,,,,,1,
2023,29,290039,Missouri,1,1,0,1,1,1,1,189,ST LOUIS (189),6000,OVERLAND,2,2,2,February,2023,5,Thursday,21,9:00pm-9:59pm,5,5,0,This Section IS NOT on the NHS,2,Urban,4,Minor Arterial,4,City or Municipal Highway Agency,6,Municipal,MU-MIDLAND AVE,MU-GOODALE AVE,30,30,38.70269444,38.70269444,-90.358722220,-90.35872222,0,No Special Jurisdiction,8,Pedestrian,0,The First Harmful Event was Not a Collision with a Motor Vehicle in Transport,0,No,2,Intersection,3,T-Intersection,0,None,,,1,On Roadway,2,Dark - Not Lighted,,,,,1,Clear,0,No,0000000,Not Applicable,21,9:00pm-9:59pm,29,29,21,9:00pm-9:59pm,32,32,88,"Not Applicable (Not Transported) ",88,Not Applicable (Not Transported),,,,,,,1,
2023,29,290040,Missouri,1,1,0,0,0,2,2,155,PEMISCOT (155),8100,WARDELL,5,5,2,February,2023,1,Sunday,0,0:00am-0:59am,45,45,0,This Section IS NOT on the NHS,1,Rural,5,Major Collector,3,Town or Township Highway Agency,3,State Highway,SR-B,,20,20,36.35938889,36.35938889,-89.817919440,-89.81791944,0,No Special Jurisdiction,32,Culvert,0,The First Harmful Event was Not a Collision with a Motor Vehicle in Transport,0,No,1,Non-Junction,1,Not an Intersection,0,None,,,4,On Roadside,3,Dark - Lighted,,,,,1,Clear,0,No,0000000,Not Applicable,0,0:00am-0:59am,49,49,1,1:00am-1:59am,8,8,88,"Not Applicable (Not Transported) ",88,Not Applicable (Not Transported),,,,,,,1,
2023,29,290041,Missouri,1,1,0,0,0,5,5,113,LINCOLN (113),0,NOT APPLICABLE,5,5,2,February,2023,1,Sunday,3,3:00am-3:59am,40,40,0,This Section IS NOT on the NHS,1,Rural,98,Not Reported,2,County Highway Agency,4,County,CR-SOUTH CHANTILLY RD,,10,10,38.97530556,38.97530556,-90.842305560,-90.84230556,0,No Special Jurisdiction,42,Tree (Standing Only),0,The First Harmful Event was Not a Collision with a Motor Vehicle in Transport,0,No,1,Non-Junction,1,Not an Intersection,0,None,,,4,On Roadside,2,Dark - Not Lighted,,,,,1,Clear,0,No,0000000,Not Applicable,3,3:00am-3:59am,58,58,4,4:00am-4:59am,42,42,5,5:00am-5:59am,30,30,,,,,,,3,
2023,29,290043,Missouri,1,1,0,1,1,1,1,77,GREENE (77),0,NOT APPLICABLE,6,6,2,February,2023,2,Monday,4,4:00am-4:59am,40,40,1,This Section IS ON the NHS,2,Urban,1,Interstate,1,State Highway Agency,1,Interstate,I-44,,160,160,37.24720000,37.24720000,-93.346830560,-93.34683056,0,No Special Jurisdiction,8,Pedestrian,0,The First Harmful Event was Not a Collision with a Motor Vehicle in Transport,1,Yes,18,Through Roadway,1,Not an Intersection,0,None,,,1,On Roadway,2,Dark - Not Lighted,,,,,10,Cloudy,0,No,0000000,Not Applicable,99,Unknown,98,Unknown if Notified,99,Unknown EMS Scene Arrival Hour,98,Unknown if Arrived,88,"Not Applicable (Not Transported) ",88,Not Applicable (Not Transported),,,,,,,1,
2023,29,290044,Missouri,2,2,0,0,0,2,2,189,ST LOUIS (189),5300,MOLINE ACRES,6,6,2,February,2023,2,Monday,16,4:00pm-4:59pm,23,23,1,This Section IS ON the NHS,2,Urban,3,Other Principal Arterial,1,State Highway Agency,3,State Highway,SR-367,,50,50,38.74255556,38.74255556,-90.240388890,-90.24038889,0,No Special Jurisdiction,12,Motor Vehicle In-Transport,2,Front-to-Front,0,No,1,Non-Junction,1,Not an Intersection,0,None,,,1,On Roadway,1,Daylight,,,,,10,Cloudy,0,No,0000000,Not Applicable,16,4:00pm-4:59pm,33,33,16,4:00pm-4:59pm,44,44,16,4:00pm-4:59pm,53,53,,,,,,,1,
2023,29,290045,Missouri,1,1,0,0,0,1,1,17,BOLLINGER (17),0,NOT APPLICABLE,6,6,2,February,2023,2,Monday,13,1:00pm-1:59pm,2,2,0,This Section IS NOT on the NHS,1,Rural,6,Minor Collector,1,State Highway Agency,3,State Highway,SR-AB,,10,10,37.19755556,37.19755556,-89.932783330,-89.93278333,0,No Special Jurisdiction,42,Tree (Standing Only),0,The First Harmful Event was Not a Collision with a Motor Vehicle in Transport,0,No,1,Non-Junction,1,Not an Intersection,0,None,,,4,On Roadside,1,Daylight,,,,,1,Clear,0,No,0000000,Not Applicable,99,Unknown,98,Unknown if Notified,99,Unknown EMS Scene Arrival Hour,98,Unknown if Arrived,88,"Not Applicable (Not Transported) ",88,Not Applicable (Not Transported),,,,,,,1,
2023,29,290046,Missouri,1,1,0,0,0,1,1,19,BOONE (19),0,NOT APPLICABLE,16,16,1,January,2023,2,Monday,12,12:00pm-12:59pm,24,24,0,This Section IS NOT on the NHS,1,Rural,5,Major Collector,1,State Highway Agency,3,State Highway,SR-Z,,170,170,38.99955556,38.99955556,-92.197222220,-92.19722222,0,No Special Jurisdiction,1,Rollover/Overturn,0,The First Harmful Event was Not a Collision with a Motor Vehicle in Transport,0,No,1,Non-Junction,1,Not an Intersection,0,None,,,4,On Roadside,1,Daylight,,,,,10,Cloudy,0,No,0000000,Not Applicable,12,12:00pm-12:59pm,27,27,12,12:00pm-12:59pm,39,39,88,"Not Applicable (Not Transported) ",88,Not Applicable (Not Transported),,,,,,,1,
2023,29,290047,Missouri,1,1,0,1,1,1,1,95,JACKSON (95),3940,INDEPENDENCE,1,1,2,February,2023,4,Wednesday,18,6:00pm-6:59pm,34,34,0,This Section IS NOT on the NHS,2,Urban,98,Not Reported,4,City or Municipal Highway Agency,6,Municipal,MU-ARROWHEAD DR,,0,None,39.04900833,39.04900833,-94.359436110,-94.35943611,0,No Special Jurisdiction,9,Pedalcyclist,0,The First Harmful Event was Not a Collision with a Motor Vehicle in Transport,0,No,8,Driveway Access Related,1,Not an Intersection,0,None,,,1,On Roadway,2,Dark - Not Lighted,,,,,10,Cloudy,0,No,0000000,Not Applicable,99,Unknown,99,Unknown,99,Unknown EMS Scene Arrival Hour,99,Unknown EMS Scene Arrival Minutes,99,Unknown,99,Unknown EMS Hospital Arrival Time,,,,,,,1,
2023,29,290048,Missouri,3,3,0,1,1,3,3,95,JACKSON (95),3940,INDEPENDENCE,5,5,2,February,2023,1,Sunday,18,6:00pm-6:59pm,20,20,1,This Section IS ON the NHS,2,Urban,3,Other Principal Arterial,1,State Highway Agency,2,U.S. Highway,US-40,,100,100,39.05579444,39.05579444,-94.462130560,-94.46213056,0,No Special Jurisdiction,8,Pedestrian,0,The First Harmful Event was Not a Collision with a Motor Vehicle in Transport,0,No,1,Non-Junction,1,Not an Intersection,0,None,,,1,On Roadway,2,Dark - Not Lighted,,,,,1,Clear,0,No,0000000,Not Applicable,99,Unknown,99,Unknown,99,Unknown EMS Scene Arrival Hour,99,Unknown EMS Scene Arrival Minutes,88,"Not Applicable (Not Transported) ",88,Not Applicable (Not Transported),,,,,,,1,
2023,29,290049,Missouri,1,1,0,0,0,1,1,183,ST. CHARLES (183),0,NOT APPLICABLE,6,6,2,February,2023,2,Monday,16,4:00pm-4:59pm,43,43,0,This Section IS NOT on the NHS,1,Rural,5,Major Collector,1,State Highway Agency,3,State Highway,SR-F,,80,80,38.63958333,38.63958333,-90.806472220,-90.80647222,0,No Special Jurisdiction,1,Rollover/Overturn,0,The First Harmful Event was Not a Collision with a Motor Vehicle in Transport,0,No,1,Non-Junction,1,Not an Intersection,0,None,,,4,On Roadside,1,Daylight,,,,,1,Clear,0,No,0000000,Not Applicable,16,4:00pm-4:59pm,46,46,17,5:00pm-5:59pm,1,1,17,5:00pm-5:59pm,34,34,,,,,,,1,
2023,29,290050,Missouri,1,1,0,1,1,1,1,215,TEXAS (215),0,NOT APPLICABLE,6,6,2,February,2023,2,Monday,6,6:00am-6:59am,5,5,0,This Section IS NOT on the NHS,1,Rural,4,Minor Arterial,1,State Highway Agency,3,State Highway,SR-32,,310,310,37.49911111,37.49911111,-91.835500000,-91.83550000,0,No Special Jurisdiction,8,Pedestrian,0,The First Harmful Event was Not a Collision with a Motor Vehicle in Transport,0,No,1,Non-Junction,1,Not an Intersection,0,None,,,1,On Roadway,2,Dark - Not Lighted,,,,,1,Clear,0,No,0000000,Not Applicable,6,6:00am-6:59am,11,11,6,6:00am-6:59am,18,18,88,"Not Applicable (Not Transported) ",88,Not Applicable (Not Transported),,,,,,,1,
2023,29,290051,Missouri,1,1,0,0,0,1,1,37,CASS (37),0,NOT APPLICABLE,7,7,2,February,2023,3,Tuesday,9,9:00am-9:59am,24,24,0,This Section IS NOT on the NHS,1,Rural,98,Not Reported,26,Private (Other Than Railroad),96,Trafficway Not in State Inventory,PVT-S HEREFORD RD,,0,None,38.81742778,38.81742778,-94.298208330,-94.29820833,0,No Special Jurisdiction,10,Railway Vehicle,0,The First Harmful Event was Not a Collision with a Motor Vehicle in Transport,0,No,6,"Railway Grade Crossing ",1,Not an Intersection,0,None,,,1,On Roadway,1,Daylight,,,,,1,Clear,0,No,441981K,441981K,99,Unknown,98,Unknown if Notified,99,Unknown EMS Scene Arrival Hour,98,Unknown if Arrived,88,"Not Applicable (Not Transported) ",88,Not Applicable (Not Transported),,,,,,,1,