caseyear,state,st_case,statename,ve_total,ve_forms,pvh_invl,peds,pernotmvit,permvit,persons,county,countyname,city,cityname,day,dayname,month,monthname,year,day_week,day_weekname,hour,hourname,minute,minutename,nhs,nhsname,rur_urb,rur_urbname,func_sys,func_sysname,rd_owner,rd_ownername,route,routename,tway_id,tway_id2,milept,mileptname,latitude,latitudename,longitud,longitudname,sp_jur,sp_jurname,harm_ev,harm_evname,man_coll,man_collname,reljct1,reljct1name,reljct2,reljct2name,typ_int,typ_intname,wrk_zone,wrk_zonename,road_fnc,road_fncname,rel_road,rel_roadname,lgt_cond,lgt_condname,weather1,weather1name,weather2,weather2name,weather,weathername,sch_bus,sch_busname,rail,railname,not_hour,not_hourname,not_min,not_minname,arr_hour,arr_hourname,arr_min,arr_minname,hosp_hr,hosp_hrname,hosp_mn,hosp_mnname,cf1,cf1name,cf2,cf2name,cf3,cf3name,fatals,drunk_dr
2023,29,290052,Missouri,1,1,0,0,0,1,1,173,RALLS (173),0,NOT APPLICABLE,7,7,2,February,2023,3,Tuesday,5,5:00am-5:59am,0,0,0,This Section IS NOT on the NHS,1,Rural,5,Major Collector,1,State Highway Agency,3,State Highway,SR-F,,20,20,39.51002778,39.51002778,-91.459472220,-91.45947222,0,No Special Jurisdiction,58,Ground,0,The First Harmful Event was Not a Collision with a Motor Vehicle in Transport,0,No,1,Non-Junction,1,Not an Intersection,0,None,,,4,On Roadside,2,Dark - Not Lighted,,,,,10,Cloudy,0,No,0000000,Not Applicable,6,6:00am-6:59am,19,19,6,6:00am-6:59am,32,32,88,"Not Applicable (Not Transported) ",88,Not Applicable (Not Transported),,,,,,,1,
2023,29,290053,Missouri,1,1,0,0,0,1,1,229,WRIGHT (229),0,NOT APPLICABLE,7,7,2,February,2023,3,Tuesday,14,2:00pm-2:59pm,20,20,0,This Section IS NOT on the NHS,1,Rural,6,Minor Collector,1,State Highway Agency,3,State Highway,SR-ZZ,,30,30,37.09080556,37.09080556,-92.337055560,-92.33705556,0,No Special Jurisdiction,38,Fence,0,The First Harmful Event was Not a Collision with a Motor Vehicle in Transport,0,No,1,Non-Junction,1,Not an Intersection,0,None,,,5,Outside Trafficway,1,Daylight,,,,,2,Rain,0,No,0000000,Not Applicable,99,Unknown,98,Unknown if Notified,99,Unknown EMS Scene Arrival Hour,98,Unknown if Arrived,88,"Not Applicable (Not Transported) ",88,Not Applicable (Not Transported),,,,,,,1,
2023,29,290054,Missouri,2,2,0,0,0,2,2,107,LAFAYETTE (107),0,NOT APPLICABLE,8,8,2,February,2023,4,Wednesday,6,6:00am-6:59am,13,13,1,This Section IS ON the NHS,1,Rural,1,Interstate,1,State Highway Agency,1,Interstate,I-70,,200,200,39.00506111,39.00506111,-93.869733330,-93.86973333,0,No Special Jurisdiction,12,Motor Vehicle In-Transport,1,Front-to-Rear,0,No,1,Non-Junction,1,Not an Intersection,0,None,,,1,On Roadway,2,Dark - Not Lighted,,,,,1,Clear,0,No,0000000,Not Applicable,6,6:00am-6:59am,44,44,6,6:00am-6:59am,59,59,7,7:00am-7:59am,38,38,,,,,,,1,
2023,29,290055,Missouri,1,1,0,0,0,1,1,63,DEKALB (63),0,NOT APPLICABLE,9,9,2,February,2023,5,Thursday,5,5:00am-5:59am,30,30,0,This Section IS NOT on the NHS,1,Rural,6,Minor Collector,1,State Highway Agency,3,State Highway,SR-F,,40,40,39.92295000,39.92295000,-94.584972220,-94.58497222,0,No Special Jurisdiction,58,Ground,0,The First Harmful Event was Not a Collision with a Motor Vehicle in Transport,0,No,1,Non-Junction,1,Not an Intersection,0,None,,,4,On Roadside,2,Dark - Not Lighted,,,,,4,Snow,0,No,0000000,Not Applicable,99,Unknown,98,Unknown if Notified,99,Unknown EMS Scene Arrival Hour,98,Unknown if Arrived,88,"Not Applicable (Not Transported) ",88,Not Applicable (Not Transported),,,,,,,1,
2023,29,290056,Missouri,1,1,0,0,0,1,1,99,JEFFERSON (99),0,NOT APPLICABLE,10,10,1,January,2023,3,Tuesday,9,9:00am-9:59am,25,25,1,This Section IS ON the NHS,2,Urban,1,Interstate,1,State Highway Agency,1,Interstate,I-55,,240,240,38.40448333,38.40448333,-90.385400000,-90.38540000,0,No Special Jurisdiction,25,Concrete Traffic Barrier,0,The First Harmful Event was Not a Collision with a Motor Vehicle in Transport,0,No,1,Non-Junction,1,Not an Intersection,0,None,,,3,On Median,1,Daylight,,,,,1,Clear,0,No,0000000,Not Applicable,9,9:00am-9:59am,28,28,9,9:00am-9:59am,38,38,10,10:00am-10:59am,1,1,,,,,,,1,
2023,29,290057,Missouri,2,2,0,1,1,2,2,189,ST LOUIS (189),0,NOT APPLICABLE,17,17,1,January,2023,3,Tuesday,23,11:00pm-11:59pm,5,5,0,This Section IS NOT on the NHS,2,Urban,4,Minor Arterial,2,County Highway Agency,4,County,CR-LUCAS AND HUNT RD,,10,10,38.73716944,38.73716944,-90.263027780,-90.26302778,0,No Special Jurisdiction,8,Pedestrian,0,The First Harmful Event was Not a Collision with a Motor Vehicle in Transport,0,No,1,Non-Junction,1,Not an Intersection,0,None,,,1,On Roadway,2,Dark - Not Lighted,,,,,1,Clear,0,No,0000000,Not Applicable,99,Unknown,99,Unknown,99,Unknown EMS Scene Arrival Hour,99,Unknown EMS Scene Arrival Minutes,99,Unknown,99,Unknown EMS Hospital Arrival Time,,,,,,,1,
2023,29,290058,Missouri,1,1,0,0,0,1,1,77,GREENE (77),7460,SPRINGFIELD,10,10,2,February,2023,6,Friday,2,2:00am-2:59am,38,38,0,This Section IS NOT on the NHS,2,Urban,4,Minor Arterial,4,City or Municipal Highway Agency,6,Municipal,MU-W GRAND ST,,30,30,37.19681111,37.19681111,-93.298391670,-93.29839167,0,No Special Jurisdiction,33,Curb,0,The First Harmful Event was Not a Collision with a Motor Vehicle in Transport,0,No,1,Non-Junction,1,Not an Intersection,0,None,,,4,On Roadside,3,Dark - Lighted,,,,,1,Clear,0,No,0000000,Not Applicable,99,Unknown,98,Unknown if Notified,99,Unknown EMS Scene Arrival Hour,98,Unknown if Arrived,88,"Not Applicable (Not Transported) ",88,Not Applicable (Not Transported),,,,,,,1,
2023,29,290059,Missouri,2,2,0,0,0,2,2,77,GREENE (77),0,NOT APPLICABLE,11,11,2,February,2023,7,Saturday,4,4:00am-4:59am,22,22,1,This Section IS ON the NHS,1,Rural,2,Other Freeways and Expressways,1,State Highway Agency,3,State Highway,SR-360 RAMP,,40,40,37.19361111,37.19361111,-93.442900000,-93.44290000,0,No Special Jurisdiction,12,Motor Vehicle In-Transport,6,Angle,1,Yes,5,Entrance/Exit Ramp Related,1,Not an Intersection,0,None,,,3,On Median,3,Dark - Lighted,,,,,1,Clear,0,No,0000000,Not Applicable,4,4:00am-4:59am,24,24,4,4:00am-4:59am,35,35,88,"Not Applicable (Not Transported) ",88,Not Applicable (Not Transported),,,,,,,1,
2023,29,290060,Missouri,2,2,0,0,0,2,2,95,JACKSON (95),4120,KANSAS CITY,11,11,2,February,2023,7,Saturday,4,4:00am-4:59am,1,1,1,This Section IS ON the NHS,2,Urban,1,Interstate,1,State Highway Agency,1,Interstate,I-70,,30,30,39.09610278,39.09610278,-94.568588890,-94.56858889,0,No Special Jurisdiction,12,Motor Vehicle In-Transport,1,Front-to-Rear,1,Yes,18,Through Roadway,1,Not an Intersection,0,None,,,1,On Roadway,3,Dark - Lighted,,,,,1,Clear,0,No,0000000,Not Applicable,4,4:00am-4:59am,2,2,4,4:00am-4:59am,6,6,4,4:00am-4:59am,24,24,,,,,,,1,
2023,29,290061,Missouri,1,1,0,0,0,1,1,109,LAWRENCE (109),0,NOT APPLICABLE,11,11,2,February,2023,7,Saturday,15,3:00pm-3:59pm,50,50,0,This Section IS NOT on the NHS,1,Rural,98,Not Reported,2,County Highway Agency,4,County,CR-2212,,0,None,36.96394444,36.96394444,-93.666805560,-93.66680556,0,No Special Jurisdiction,38,Fence,0,The First Harmful Event was Not a Collision with a Motor Vehicle in Transport,0,No,1,Non-Junction,1,Not an Intersection,0,None,,,5,Outside Trafficway,1,Daylight,,,,,1,Clear,0,No,0000000,Not Applicable,15,3:00pm-3:59pm,50,50,16,4:00pm-4:59pm,11,11,88,"Not Applicable (Not Transported) ",88,Not Applicable (Not Transported),,,,,,,1,
2023,29,290063,Missouri,1,1,0,1,1,1,1,189,ST LOUIS (189),2700,FERGUSON,13,13,2,February,2023,2,Monday,23,11:00pm-11:59pm,2,2,1,This Section IS ON the NHS,2,Urban,3,Other Principal Arterial,4,City or Municipal Highway Agency,6,Municipal,MU-WEST FLORISSANT AVE,,30,30,38.73573056,38.73573056,-90.278033330,-90.27803333,0,No Special Jurisdiction,8,Pedestrian,0,The First Harmful Event was Not a Collision with a Motor Vehicle in Transport,0,No,1,Non-Junction,1,Not an Intersection,0,None,,,1,On Roadway,3,Dark - Lighted,,,,,1,Clear,0,No,0000000,Not Applicable,99,Unknown,99,Unknown,99,Unknown EMS Scene Arrival Hour,99,Unknown EMS Scene Arrival Minutes,99,Unknown,99,Unknown EMS Hospital Arrival Time,,,,,,,1,
2023,29,290064,Missouri,2,2,0,0,0,2,2,69,DUNKLIN (69),0,NOT APPLICABLE,14,14,2,February,2023,3,Tuesday,13,1:00pm-1:59pm,15,15,1,This Section IS ON the NHS,1,Rural,3,Other Principal Arterial,1,State Highway Agency,2,U.S. Highway,US-412,,90,90,36.09935556,36.09935556,-90.204475000,-90.20447500,0,No Special Jurisdiction,12,Motor Vehicle In-Transport,2,Front-to-Front,0,No,1,Non-Junction,1,Not an Intersection,0,None,,,1,On Roadway,1,Daylight,,,,,2,Rain,0,No,0000000,Not Applicable,13,1:00pm-1:59pm,24,24,13,1:00pm-1:59pm,28,28,88,"Not Applicable (Not Transported) ",88,Not Applicable (Not Transported),,,,,,,2,
2023,29,290065,Missouri,2,2,0,1,1,2,2,95,JACKSON (95),4120,KANSAS CITY,15,15,2,February,2023,4,Wednesday,22,10:00pm-10:59pm,18,18,0,This Section IS NOT on the NHS,2,Urban,5,Major Collector,4,City or Municipal Highway Agency,6,Municipal,MU-BENTON BLVD,MU-TRUMAN RD,10,10,39.09446944,39.09446944,-94.544722220,-94.54472222,0,No Special Jurisdiction,12,Motor Vehicle In-Transport,6,Angle,0,No,2,Intersection,2,Four-Way Intersection,0,None,,,1,On Roadway,3,Dark - Lighted,,,,,10,Cloudy,0,No,0000000,Not Applicable,22,10:00pm-10:59pm,18,18,22,10:00pm-10:59pm,22,22,22,10:00pm-10:59pm,35,35,,,,,,,2,
2023,29,290066,Missouri,1,1,0,0,0,1,1,189,ST LOUIS (189),2460,ELLISVILLE,1,1,1,January,2023,1,Sunday,14,2:00pm-2:59pm,24,24,1,This Section IS ON the NHS,2,Urban,3,Other Principal Arterial,1,State Highway Agency,3,State Highway,SR-100,,120,120,38.59272500,38.59272500,-90.558538890,-90.55853889,0,No Special Jurisdiction,42,Tree (Standing Only),0,The First Harmful Event was Not a Collision with a Motor Vehicle in Transport,0,No,1,Non-Junction,1,Not an Intersection,0,None,,,4,On Roadside,1,Daylight,,,,,1,Clear,0,No,0000000,Not Applicable,14,2:00pm-2:59pm,26,26,14,2:00pm-2:59pm,32,32,15,3:00pm-3:59pm,1,1,,,,,,,1,
2023,29,290067,Missouri,1,1,0,0,0,2,2,19,BOONE (19),1800,COLUMBIA,9,9,1,January,2023,2,Monday,7,7:00am-7:59am,52,52,1,This Section IS ON the NHS,2,Urban,1,Interstate,1,State Highway Agency,1,Interstate,I-70 RAMP,,0,None,38.96812778,38.96812778,-92.347536110,-92.34753611,0,No Special Jurisdiction,35,Embankment,0,The First Harmful Event was Not a Collision with a Motor Vehicle in Transport,1,Yes,5,Entrance/Exit Ramp Related,1,Not an Intersection,0,None,,,4,On Roadside,1,Daylight,,,,,8,Other,0,No,0000000,Not Applicable,7,7:00am-7:59am,54,54,7,7:00am-7:59am,58,58,8,8:00am-8:59am,20,20,,,,,,,1,
2023,29,290068,Missouri,1,1,0,0,0,2,2,161,PHELPS (161),6910,ROLLA,2,2,2,February,2023,5,Thursday,17,5:00pm-5:59pm,36,36,1,This Section IS ON the NHS,2,Urban,1,Interstate,1,State Highway Agency,1,Interstate,I-44,,130,130,37.97500000,37.97500000,-91.752916670,-91.75291667,0,No Special Jurisdiction,59,"Traffic Sign Support ",0,The First Harmful Event was Not a Collision with a Motor Vehicle in Transport,0,No,1,Non-Junction,1,Not an Intersection,4,"Work Zone, Type Unknown",,,4,On Roadside,1,Daylight,,,,,1,Clear,0,No,0000000,Not Applicable,99,Unknown,99,Unknown,99,Unknown EMS Scene Arrival Hour,99,Unknown EMS Scene Arrival Minutes,99,Unknown,99,Unknown EMS Hospital Arrival Time,,,,,,,1,
2023,29,290069,Missouri,2,2,0,0,0,2,2,189,ST LOUIS (189),0,NOT APPLICABLE,15,15,2,February,2023,4,Wednesday,17,5:00pm-5:59pm,55,55,0,This Section IS NOT on the NHS,2,Urban,3,Other Principal Arterial,1,State Highway Agency,3,State Highway,SR-231,MU-BAUMGARTNER RD,50,50,38.47031667,38.47031667,-90.304938890,-90.30493889,0,No Special Jurisdiction,12,Motor Vehicle In-Transport,6,Angle,0,No,2,Intersection,2,Four-Way Intersection,0,None,,,1,On Roadway,1,Daylight,,,,,1,Clear,0,No,0000000,Not Applicable,18,6:00pm-6:59pm,2,2,18,6:00pm-6:59pm,4,4,18,6:00pm-6:59pm,24,24,,,,,,,1,
2023,29,290070,Missouri,1,1,0,0,0,1,1,47,CLAY (47),4120,KANSAS CITY,15,15,2,February,2023,4,Wednesday,15,3:00pm-3:59pm,40,40,1,This Section IS ON the NHS,2,Urban,1,Interstate,1,State Highway Agency,1,Interstate,I-435,,30,30,39.19256667,39.19256667,-94.492600000,-94.49260000,0,No Special Jurisdiction,57,Cable Barrier,0,The First Harmful Event was Not a Collision with a Motor Vehicle in Transport,0,No,1,Non-Junction,1,Not an Intersection,0,None,,,3,On Median,1,Daylight,,,,,10,Cloudy,0,No,0000000,Not Applicable,15,3:00pm-3:59pm,40,40,15,3:00pm-3:59pm,48,48,16,4:00pm-4:59pm,4,4,,,,,,,1,
2023,29,290071,Missouri,1,1,0,1,1,1,1,77,GREENE (77),7460,SPRINGFIELD,15,15,2,February,2023,4,Wednesday,18,6:00pm-6:59pm,34,34,0,This Section IS NOT on the NHS,2,Urban,98,Not Reported,4,City or Municipal Highway Agency,6,Municipal,MU-E LAKEWOOD ST,NATIONAL AVE,10,10,37.12725833,37.12725833,-93.278733330,-93.27873333,0,No Special Jurisdiction,9,Pedalcyclist,0,The First Harmful Event was Not a Collision with a Motor Vehicle in Transport,0,No,2,Intersection,2,Four-Way Intersection,0,None,,,1,On Roadway,3,Dark - Lighted,,,,,1,Clear,0,No,0000000,Not Applicable,99,Unknown,99,Unknown,99,Unknown EMS Scene Arrival Hour,99,Unknown EMS Scene Arrival Minutes,99,Unknown,99,Unknown EMS Hospital Arrival Time,,,,,,,1,
2023,29,290072,Missouri,4,4,0,0,0,4,4,95,JACKSON (95),0,NOT APPLICABLE,16,16,2,February,2023,5,Thursday,6,6:00am-6:59am,45,45,1,This Section IS ON the NHS,2,Urban,2,Other Freeways and Expressways,1,State Highway Agency,2,U.S. Highway,US-50,,200,200,38.89297222,38.89297222,-94.263666670,-94.26366667,0,No Special Jurisdiction,58,Ground,0,The First Harmful Event was Not a Collision with a Motor Vehicle in Transport,1,Yes,19,Other location within Interchange Area,1,Not an Intersection,0,None,,,3,On Median,2,Dark - Not Lighted,,,,,2,Rain,0,No,0000000,Not Applicable,99,Unknown,98,Unknown if Notified,99,Unknown EMS Scene Arrival Hour,98,Unknown if Arrived,88,"Not Applicable (Not Transported) ",88,Not Applicable (Not Transported),,,,,,,1,
2023,29,290073,Missouri,1,1,0,0,0,2,2,195,SALINE (195),0,NOT APPLICABLE,16,16,2,February,2023,5,Thursday,18,6:00pm-6:59pm,32,32,1,This Section IS ON the NHS,1,Rural,1,Interstate,1,State Highway Agency,1,Interstate,I-70,,90,90,38.96227778,38.96227778,-93.207805560,-93.20780556,0,No Special Jurisdiction,24,Guardrail Face,0,The First Harmful Event was Not a Collision with a Motor Vehicle in Transport,1,Yes,19,Other location within Interchange Area,1,Not an Intersection,0,None,,,4,On Roadside,3,Dark - Lighted,,,,,2,Rain,0,No,0000000,Not Applicable,99,Unknown,99,Unknown,99,Unknown EMS Scene Arrival Hour,99,Unknown EMS Scene Arrival Minutes,99,Unknown,99,Unknown EMS Hospital Arrival Time,,,,,,,1,
2023,29,290074,Missouri,1,1,0,1,1,2,2,95,JACKSON (95),4120,KANSAS CITY,16,16,2,February,2023,5,Thursday,0,0:00am-0:59am,50,50,1,This Section IS ON the NHS,2,Urban,3,Other Principal Arterial,1,State Highway Agency,6,Municipal,MU-HEART OF AMERICA BRDGE,,10,10,39.11723333,39.11723333,-94.578791670,-94.57879167,0,No Special Jurisdiction,8,Pedestrian,0,The First Harmful Event was Not a Collision with a Motor Vehicle in Transport,0,No,1,Non-Junction,1,Not an Intersection,0,None,,,1,On Roadway,3,Dark - Lighted,,,,,1,Clear,0,No,0000000,Not Applicable,0,0:00am-0:59am,47,47,0,0:00am-0:59am,54,54,1,1:00am-1:59am,13,13,,,,,,,1,
2023,29,290075,Missouri,1,1,0,0,0,1,1,77,GREENE (77),0,NOT APPLICABLE,18,18,2,February,2023,7,Saturday,23,11:00pm-11:59pm,37,37,0,This Section IS NOT on the NHS,1,Rural,5,Major Collector,1,State Highway Agency,3,State Highway,SR-Z,,50,50,37.35775000,37.35775000,-93.431027780,-93.43102778,0,No Special Jurisdiction,42,Tree (Standing Only),0,The First Harmful Event was Not a Collision with a Motor Vehicle in Transport,0,No,1,Non-Junction,1,Not an Intersection,0,None,,,4,On Roadside,2,Dark - Not Lighted,,,,,1,Clear,0,No,0000000,Not Applicable,99,Unknown,98,Unknown if Notified,99,Unknown EMS Scene Arrival Hour,98,Unknown if Arrived,88,"Not Applicable (Not Transported) ",88,Not Applicable (Not Transported),,,,,,,1,
2023,29,290076,Missouri,3,3,0,0,0,7,7,77,GREENE (77),0,NOT APPLICABLE,8,8,1,January,2023,1,Sunday,8,8:00am-8:59am,45,45,1,This Section IS ON the NHS,2,Urban,2,Other Freeways and Expressways,1,State Highway Agency,2,U.S. Highway,US-60,,160,160,37.14286111,37.14286111,-93.338944440,-93.33894444,0,No Special Jurisdiction,23,Bridge Rail (Includes parapet),0,The First Harmful Event was Not a Collision with a Motor Vehicle in Transport,0,No,1,Non-Junction,1,Not an Intersection,0,None,,,3,On Median,1,Daylight,,,,,10,Cloudy,0,No,0000000,Not Applicable,8,8:00am-8:59am,56,56,8,8:00am-8:59am,57,57,9,9:00am-9:59am,16,16,,,,,,,1,
2023,29,290077,Missouri,1,1,0,0,0,2,2,169,PULASKI (169),7105,ST. ROBERT,5,5,2,February,2023,1,Sunday,7,7:00am-7:59am,5,5,1,This Section IS ON the NHS,2,Urban,1,Interstate,1,State Highway Agency,1,Interstate,I-44,,70,70,37.82416667,37.82416667,-92.132972220,-92.13297222,0,No Special Jurisdiction,1,Rollover/Overturn,0,The First Harmful Event was Not a Collision with a Motor Vehicle in Transport,0,No,1,Non-Junction,1,Not an Intersection,0,None,,,1,On Roadway,1,Daylight,,,,,1,Clear,0,No,0000000,Not Applicable,7,7:00am-7:59am,56,56,8,8:00am-8:59am,13,13,9,9:00am-9:59am,18,18,,,,,,,1,
2023,29,290080,Missouri,2,2,0,0,0,2,2,183,ST. CHARLES (183),5880,O Fallon,12,12,2,February,2023,1,Sunday,4,4:00am-4:59am,0,0,1,This Section IS ON the NHS,2,Urban,2,Other Freeways and Expressways,1,State Highway Agency,3,State Highway,SR-364,,30,30,38.76169722,38.76169722,-90.721700000,-90.72170000,0,No Special Jurisdiction,12,Motor Vehicle In-Transport,2,Front-to-Front,0,No,1,Non-Junction,1,Not an Intersection,0,None,,,1,On Roadway,2,Dark - Not Lighted,,,,,1,Clear,0,No,0000000,Not Applicable,4,4:00am-4:59am,2,2,4,4:00am-4:59am,15,15,4,4:00am-4:59am,44,44,,,,,,,1,
2023,29,290081,Missouri,1,1,0,0,0,6,6,183,ST. CHARLES (183),0,NOT APPLICABLE,17,17,2,February,2023,6,Friday,1,1:00am-1:59am,32,32,0,This Section IS NOT on the NHS,2,Urban,5,Major Collector,4,City or Municipal Highway Agency,4,County,CR-NEW TOWN BLVD,,0,None,38.84448889,38.84448889,-90.497063890,-90.49706389,0,No Special Jurisdiction,30,Utility Pole/Light Support,0,The First Harmful Event was Not a Collision with a Motor Vehicle in Transport,0,No,1,Non-Junction,1,Not an Intersection,0,None,,,4,On Roadside,2,Dark - Not Lighted,,,,,1,Clear,0,No,0000000,Not Applicable,1,1:00am-1:59am,37,37,1,1:00am-1:59am,47,47,2,2:00am-2:59am,37,37,,,,,,,1,
2023,29,290082,Missouri,2,2,0,0,0,2,2,183,ST. CHARLES (183),0,NOT APPLICABLE,17,17,2,February,2023,6,Friday,19,7:00pm-7:59pm,43,43,1,This Section IS ON the NHS,1,Rural,3,Other Principal Arterial,1,State Highway Agency,2,U.S. Highway,US-61,CR-DIETRICH RD,0,None,38.88455556,38.88455556,-90.917583330,-90.91758333,0,No Special Jurisdiction,12,Motor Vehicle In-Transport,6,Angle,0,No,2,Intersection,2,Four-Way Intersection,0,None,,,1,On Roadway,3,Dark - Lighted,,,,,1,Clear,0,No,0000000,Not Applicable,19,7:00pm-7:59pm,47,47,19,7:00pm-7:59pm,55,55,88,"Not Applicable (Not Transported) ",88,Not Applicable (Not Transported),,,,,,,1,
2023,29,290083,Missouri,1,1,0,0,0,1,1,163,PIKE (163),2544,EOLIA,18,18,2,February,2023,7,Saturday,21,9:00pm-9:59pm,35,35,1,This Section IS ON the NHS,1,Rural,2,Other Freeways and Expressways,1,State Highway Agency,2,U.S. Highway,US-61,,270,270,39.23952778,39.23952778,-91.017611110,-91.01761111,0,No Special Jurisdiction,58,Ground,0,The First Harmful Event was Not a Collision with a Motor Vehicle in Transport,0,No,1,Non-Junction,1,Not an Intersection,0,None,,,3,On Median,2,Dark - Not Lighted,,,,,1,Clear,0,No,0000000,Not Applicable,21,9:00pm-9:59pm,49,49,22,10:00pm-10:59pm,14,14,23,11:00pm-11:59pm,13,13,,,,,,,1,
2023,29,290084,Missouri,2,2,0,0,0,2,2,95,JACKSON (95),4120,KANSAS CITY,18,18,2,February,2023,7,Saturday,18,6:00pm-6:59pm,34,34,0,This Section IS NOT on the NHS,2,Urban,4,Minor Arterial,4,City or Municipal Highway Agency,6,Municipal,MU-E 23RD ST,,30,30,39.08288333,39.08288333,-94.502769440,-94.50276944,0,No Special Jurisdiction,12,Motor Vehicle In-Transport,1,Front-to-Rear,0,No,1,Non-Junction,1,Not an Intersection,0,None,,,1,On Roadway,2,Dark - Not Lighted,,,,,1,Clear,0,No,0000000,Not Applicable,18,6:00pm-6:59pm,35,35,18,6:00pm-6:59pm,38,38,19,7:00pm-7:59pm,5,5,,,,,,,1,
2023,29,290085,Missouri,1,1,0,0,0,2,2,29,CAMDEN (29),0,NOT APPLICABLE,20,20,2,February,2023,2,Monday,0,0:00am-0:59am,29,29,0,This Section IS NOT on the NHS,1,Rural,6,Minor Collector,2,County Highway Agency,3,State Highway,SR-Y,CR-Y RD,0,None,38.08206667,38.08206667,-92.724075000,-92.72407500,0,No Special Jurisdiction,1,Rollover/Overturn,0,The First Harmful Event was Not a Collision with a Motor Vehicle in Transport,0,No,3,Intersection-Related,3,T-Intersection,0,None,,,4,On Roadside,2,Dark - Not Lighted,,,,,10,Cloudy,0,No,0000000,Not Applicable,0,0:00am-0:59am,26,26,0,0:00am-0:59am,37,37,1,1:00am-1:59am,3,3,,,,,,,1,
2023,29,290086,Missouri,2,2,0,0,0,2,2,17,BOLLINGER (17),0,NOT APPLICABLE,20,20,2,February,2023,2,Monday,22,10:00pm-10:59pm,10,10,0,This Section IS NOT on the NHS,1,Rural,6,Minor Collector,1,State Highway Agency,3,State Highway,SR-JJ,,10,10,37.46333333,37.46333333,-90.018611110,-90.01861111,0,No Special Jurisdiction,12,Motor Vehicle In-Transport,2,Front-to-Front,0,No,1,Non-Junction,1,Not an Intersection,0,None,,,1,On Roadway,2,Dark - Not Lighted,,,,,1,Clear,0,No,0000000,Not Applicable,22,10:00pm-10:59pm,6,6,22,10:00pm-10:59pm,30,30,88,"Not Applicable (Not Transported) ",88,Not Applicable (Not Transported),,,,,,,1,
2023,29,290087,Missouri,2,2,0,0,0,2,2,77,GREENE (77),7460,SPRINGFIELD,20,20,2,February,2023,2,Monday,6,6:00am-6:59am,58,58,1,This Section IS ON the NHS,2,Urban,3,Other Principal Arterial,1,State Highway Agency,6,Municipal,MU-WEST BYP,MU-BATTLEFIELD RD,80,80,37.16042778,37.16042778,-93.363752780,-93.36375278,0,No Special Jurisdiction,12,Motor Vehicle In-Transport,6,Angle,0,No,2,Intersection,2,Four-Way Intersection,0,None,,,1,On Roadway,1,Daylight,,,,,10,Cloudy,0,No,0000000,Not Applicable,7,7:00am-7:59am,0,0,7,7:00am-7:59am,12,12,7,7:00am-7:59am,26,26,,,,,,,1,
2023,29,290088,Missouri,2,2,0,0,0,2,2,510,ST. LOUIS (CITY) (510),7080,ST. LOUIS,21,21,2,February,2023,3,Tuesday,7,7:00am-7:59am,46,46,0,This Section IS NOT on the NHS,2,Urban,4,Minor Arterial,1,State Highway Agency,3,State Highway,SR-100,MU-MISSOURI AVE,50,50,38.62178333,38.62178333,-90.216419440,-90.21641944,0,No Special Jurisdiction,12,Motor Vehicle In-Transport,2,Front-to-Front,0,No,2,Intersection,2,Four-Way Intersection,0,None,,,1,On Roadway,1,Daylight,,,,,1,Clear,0,No,0000000,Not Applicable,7,7:00am-7:59am,50,50,8,8:00am-8:59am,2,2,8,8:00am-8:59am,11,11,,,,,,,1,
2023,29,290089,Missouri,1,1,0,0,0,1,1,67,DOUGLAS (67),0,NOT APPLICABLE,22,22,2,February,2023,4,Wednesday,19,7:00pm-7:59pm,5,5,0,This Section IS NOT on the NHS,1,Rural,5,Major Collector,1,State Highway Agency,3,State Highway,SR-76,,390,390,36.97844444,36.97844444,-92.394055560,-92.39405556,0,No Special Jurisdiction,58,Ground,0,The First Harmful Event was Not a Collision with a Motor Vehicle in Transport,0,No,1,Non-Junction,1,Not an Intersection,0,None,,,4,On Roadside,2,Dark - Not Lighted,,,,,10,Cloudy,0,No,0000000,Not Applicable,19,7:00pm-7:59pm,27,27,19,7:00pm-7:59pm,53,53,88,"Not Applicable (Not Transported) ",88,Not Applicable (Not Transported),,,,,,,1,
2023,29,290090,Missouri,2,2,0,0,0,3,3,31,CAPE GIRARDEAU (31),1390,CAPE GIRARDEAU,22,22,2,February,2023,4,Wednesday,14,2:00pm-2:59pm,55,55,1,This Section IS ON the NHS,2,Urban,1,Interstate,1,State Highway Agency,1,Interstate,I-55,,10,10,37.25990556,37.25990556,-89.567494440,-89.56749444,0,No Special Jurisdiction,24,Guardrail Face,0,The First Harmful Event was Not a Collision with a Motor Vehicle in Transport,0,No,1,Non-Junction,1,Not an Intersection,0,None,,,3,On Median,1,Daylight,,,,,2,Rain,0,No,0000000,Not Applicable,14,2:00pm-2:59pm,59,59,15,3:00pm-3:59pm,13,13,88,"Not Applicable (Not Transported) ",88,Not Applicable (Not Transported),,,,,,,1,
2023,29,290091,Missouri,1,1,0,1,1,1,1,189,ST LOUIS (189),2780,FLORISSANT,24,24,2,February,2023,6,Friday,10,10:00am-10:59am,25,25,0,This Section IS NOT on the NHS,2,Urban,4,Minor Arterial,4,City or Municipal Highway Agency,6,Municipal,MU-NEW FLORISSANT RD,MU-ST FRANCOIS ST,10,10,38.79071111,38.79071111,-90.321519440,-90.32151944,0,No Special Jurisdiction,9,Pedalcyclist,0,The First Harmful Event was Not a Collision with a Motor Vehicle in Transport,0,No,3,Intersection-Related,2,Four-Way Intersection,0,None,,,1,On Roadway,1,Daylight,,,,,1,Clear,0,No,0000000,Not Applicable,99,Unknown,98,Unknown if Notified,99,Unknown EMS Scene Arrival Hour,98,Unknown if Arrived,88,"Not Applicable (Not Transported) ",88,Not Applicable (Not Transported),,,,,,,1,