caseyear,state,st_case,statename,ve_total,ve_forms,pvh_invl,peds,pernotmvit,permvit,persons,county,countyname,city,cityname,day,dayname,month,monthname,year,day_week,day_weekname,hour,hourname,minute,minutename,nhs,nhsname,rur_urb,rur_urbname,func_sys,func_sysname,rd_owner,rd_ownername,route,routename,tway_id,tway_id2,milept,mileptname,latitude,latitudename,longitud,longitudname,sp_jur,sp_jurname,harm_ev,harm_evname,man_coll,man_collname,reljct1,reljct1name,reljct2,reljct2name,typ_int,typ_intname,wrk_zone,wrk_zonename,road_fnc,road_fncname,rel_road,rel_roadname,lgt_cond,lgt_condname,weather1,weather1name,weather2,weather2name,weather,weathername,sch_bus,sch_busname,rail,railname,not_hour,not_hourname,not_min,not_minname,arr_hour,arr_hourname,arr_min,arr_minname,hosp_hr,hosp_hrname,hosp_mn,hosp_mnname,cf1,cf1name,cf2,cf2name,cf3,cf3name,fatals,drunk_dr
2023,29,290171,Missouri,2,2,0,0,0,2,2,77,GREENE (77),0,NOT APPLICABLE,1,1,4,April,2023,7,Saturday,22,10:00pm-10:59pm,10,10,0,This Section IS NOT on the NHS,1,Rural,5,Major Collector,1,State Highway Agency,3,State Highway,SR-H,,50,50,37.35533333,37.35533333,-93.272111110,-93.27211111,0,No Special Jurisdiction,12,Motor Vehicle In-Transport,2,Front-to-Front,0,No,1,Non-Junction,1,Not an Intersection,0,None,,,1,On Roadway,2,Dark - Not Lighted,,,,,1,Clear,0,No,0000000,Not Applicable,22,10:00pm-10:59pm,14,14,22,10:00pm-10:59pm,23,23,23,11:00pm-11:59pm,13,13,,,,,,,1,
2023,29,290172,Missouri,2,1,1,0,2,1,3,229,WRIGHT (229),4890,MANSFIELD,1,1,4,April,2023,7,Saturday,0,0:00am-0:59am,45,45,0,This Section IS NOT on the NHS,1,Rural,5,Major Collector,1,State Highway Agency,3,State Highway,SR-BU 60,,20,20,37.11386111,37.11386111,-92.576916670,-92.57691667,0,No Special Jurisdiction,33,Curb,0,The First Harmful Event was Not a Collision with a Motor Vehicle in Transport,0,No,1,Non-Junction,1,Not an Intersection,0,None,,,4,On Roadside,2,Dark - Not Lighted,,,,,1,Clear,0,No,0000000,Not Applicable,0,0:00am-0:59am,48,48,1,1:00am-1:59am,8,8,1,1:00am-1:59am,57,57,,,,,,,1,
2023,29,290173,Missouri,1,1,0,0,0,2,2,27,CALLAWAY (27),2960,FULTON,4,4,4,April,2023,3,Tuesday,21,9:00pm-9:59pm,43,43,1,This Section IS ON the NHS,2,Urban,2,Other Freeways and Expressways,1,State Highway Agency,2,U.S. Highway,US-54,,160,160,38.85944167,38.85944167,-91.970488890,-91.97048889,0,No Special Jurisdiction,1,Rollover/Overturn,0,The First Harmful Event was Not a Collision with a Motor Vehicle in Transport,0,No,1,Non-Junction,1,Not an Intersection,0,None,,,3,On Median,2,Dark - Not Lighted,,,,,1,Clear,0,No,0000000,Not Applicable,21,9:00pm-9:59pm,39,39,22,10:00pm-10:59pm,8,8,22,10:00pm-10:59pm,54,54,,,,,,,1,
2023,29,290174,Missouri,2,2,0,0,0,3,3,189,ST LOUIS (189),0,NOT APPLICABLE,6,6,4,April,2023,5,Thursday,10,10:00am-10:59am,0,0,1,This Section IS ON the NHS,2,Urban,1,Interstate,1,State Highway Agency,1,Interstate,I-70,,130,130,38.70466667,38.70466667,-90.271083330,-90.27108333,0,No Special Jurisdiction,12,Motor Vehicle In-Transport,6,Angle,1,Yes,18,Through Roadway,1,Not an Intersection,0,None,,,1,On Roadway,1,Daylight,,,,,10,Cloudy,0,No,0000000,Not Applicable,9,9:00am-9:59am,56,56,10,10:00am-10:59am,17,17,10,10:00am-10:59am,38,38,,,,,,,1,
2023,29,290175,Missouri,2,2,0,0,0,3,3,97,JASPER (97),4100,JOPLIN,8,8,4,April,2023,7,Saturday,19,7:00pm-7:59pm,45,45,1,This Section IS ON the NHS,2,Urban,3,Other Principal Arterial,1,State Highway Agency,3,State Highway,SR-LP 49,,130,130,37.07760833,37.07760833,-94.477541670,-94.47754167,0,No Special Jurisdiction,12,Motor Vehicle In-Transport,6,Angle,0,No,8,Driveway Access Related,1,Not an Intersection,0,None,,,1,On Roadway,1,Daylight,,,,,1,Clear,0,No,0000000,Not Applicable,19,7:00pm-7:59pm,51,51,19,7:00pm-7:59pm,54,54,20,8:00pm-8:59pm,17,17,,,,,,,1,
2023,29,290176,Missouri,2,2,0,0,0,3,3,181,RIPLEY (181),0,NOT APPLICABLE,8,8,4,April,2023,7,Saturday,18,6:00pm-6:59pm,59,59,0,This Section IS NOT on the NHS,1,Rural,4,Minor Arterial,1,State Highway Agency,2,U.S. Highway,US-160,SR-21 WJ,180,180,36.61594444,36.61594444,-90.851888890,-90.85188889,0,No Special Jurisdiction,12,Motor Vehicle In-Transport,1,Front-to-Rear,0,No,3,Intersection-Related,98,Not Reported,0,None,,,1,On Roadway,1,Daylight,,,,,1,Clear,0,No,0000000,Not Applicable,18,6:00pm-6:59pm,58,58,19,7:00pm-7:59pm,3,3,19,7:00pm-7:59pm,17,17,,,,,,,2,
2023,29,290177,Missouri,2,2,0,0,0,3,3,97,JASPER (97),0,NOT APPLICABLE,8,8,4,April,2023,7,Saturday,20,8:00pm-8:59pm,50,50,0,This Section IS NOT on the NHS,1,Rural,4,Minor Arterial,1,State Highway Agency,3,State Highway,SR-96,,230,230,37.19626111,37.19626111,-94.161361110,-94.16136111,0,No Special Jurisdiction,12,Motor Vehicle In-Transport,2,Front-to-Front,0,No,1,Non-Junction,1,Not an Intersection,0,None,,,1,On Roadway,2,Dark - Not Lighted,,,,,1,Clear,0,No,0000000,Not Applicable,99,Unknown,99,Unknown,99,Unknown EMS Scene Arrival Hour,99,Unknown EMS Scene Arrival Minutes,99,Unknown,99,Unknown EMS Hospital Arrival Time,,,,,,,1,
2023,29,290178,Missouri,2,2,0,0,0,2,2,105,LACLEDE (105),0,NOT APPLICABLE,13,13,4,April,2023,5,Thursday,14,2:00pm-2:59pm,20,20,0,This Section IS NOT on the NHS,1,Rural,98,Not Reported,2,County Highway Agency,4,County,CR-AUTUMN RD,,0,None,37.47836111,37.47836111,-92.423722220,-92.42372222,0,No Special Jurisdiction,12,Motor Vehicle In-Transport,2,Front-to-Front,0,No,1,Non-Junction,1,Not an Intersection,0,None,,,1,On Roadway,1,Daylight,,,,,1,Clear,0,No,0000000,Not Applicable,14,2:00pm-2:59pm,27,27,14,2:00pm-2:59pm,55,55,15,3:00pm-3:59pm,38,38,,,,,,,1,
2023,29,290179,Missouri,1,1,0,1,1,1,1,165,PLATTE (165),6821,RIVERSIDE,1,1,4,April,2023,7,Saturday,6,6:00am-6:59am,4,4,0,This Section IS NOT on the NHS,2,Urban,4,Minor Arterial,1,State Highway Agency,3,State Highway,SR-9,,70,70,39.17494444,39.17494444,-94.636388890,-94.63638889,0,No Special Jurisdiction,8,Pedestrian,0,The First Harmful Event was Not a Collision with a Motor Vehicle in Transport,0,No,1,Non-Junction,1,Not an Intersection,0,None,,,1,On Roadway,2,Dark - Not Lighted,,,,,1,Clear,0,No,0000000,Not Applicable,99,Unknown,99,Unknown,99,Unknown EMS Scene Arrival Hour,99,Unknown EMS Scene Arrival Minutes,99,Unknown,99,Unknown EMS Hospital Arrival Time,,,,,,,1,
2023,29,290180,Missouri,1,1,0,0,0,1,1,161,PHELPS (161),6910,ROLLA,2,2,4,April,2023,1,Sunday,18,6:00pm-6:59pm,37,37,0,This Section IS NOT on the NHS,2,Urban,4,Minor Arterial,4,City or Municipal Highway Agency,6,Municipal,MU-18TH ST,,10,10,37.95930000,37.95930000,-91.755402780,-91.75540278,0,No Special Jurisdiction,1,Rollover/Overturn,0,The First Harmful Event was Not a Collision with a Motor Vehicle in Transport,0,No,1,Non-Junction,1,Not an Intersection,0,None,,,4,On Roadside,1,Daylight,,,,,1,Clear,0,No,0000000,Not Applicable,18,6:00pm-6:59pm,41,41,18,6:00pm-6:59pm,43,43,19,7:00pm-7:59pm,12,12,,,,,,,1,
2023,29,290181,Missouri,2,2,0,0,0,6,6,510,ST. LOUIS (CITY) (510),7080,ST. LOUIS,4,4,4,April,2023,3,Tuesday,14,2:00pm-2:59pm,13,13,0,This Section IS NOT on the NHS,2,Urban,4,Minor Arterial,4,City or Municipal Highway Agency,6,Municipal,MU-DR MARTIN LUTHER KING DR,,20,20,38.65952778,38.65952778,-90.251902780,-90.25190278,0,No Special Jurisdiction,12,Motor Vehicle In-Transport,2,Front-to-Front,0,No,1,Non-Junction,1,Not an Intersection,0,None,,,1,On Roadway,1,Daylight,,,,,1,Clear,0,No,0000000,Not Applicable,99,Unknown,99,Unknown,99,Unknown EMS Scene Arrival Hour,99,Unknown EMS Scene Arrival Minutes,99,Unknown,99,Unknown EMS Hospital Arrival Time,,,,,,,1,
2023,29,290182,Missouri,1,1,0,1,1,1,1,39,CEDAR (39),0,NOT APPLICABLE,13,13,4,April,2023,5,Thursday,16,4:00pm-4:59pm,39,39,0,This Section IS NOT on the NHS,1,Rural,4,Minor Arterial,1,State Highway Agency,3,State Highway,SR-32,,110,110,37.75666667,37.75666667,-93.941388890,-93.94138889,0,No Special Jurisdiction,49,Ridden Animal or Animal Drawn Conveyance,0,The First Harmful Event was Not a Collision with a Motor Vehicle in Transport,0,No,1,Non-Junction,1,Not an Intersection,0,None,,,1,On Roadway,1,Daylight,,,,,1,Clear,0,No,0000000,Not Applicable,16,4:00pm-4:59pm,49,49,17,5:00pm-5:59pm,14,14,17,5:00pm-5:59pm,59,59,,,,,,,1,
2023,29,290183,Missouri,2,2,0,0,0,2,2,209,STONE (209),0,NOT APPLICABLE,14,14,4,April,2023,6,Friday,14,2:00pm-2:59pm,45,45,1,This Section IS ON the NHS,1,Rural,3,Other Principal Arterial,1,State Highway Agency,3,State Highway,SR-76,,190,190,36.67688889,36.67688889,-93.338916670,-93.33891667,0,No Special Jurisdiction,1,Rollover/Overturn,0,The First Harmful Event was Not a Collision with a Motor Vehicle in Transport,0,No,8,Driveway Access Related,1,Not an Intersection,0,None,,,1,On Roadway,1,Daylight,,,,,1,Clear,0,No,0000000,Not Applicable,14,2:00pm-2:59pm,46,46,14,2:00pm-2:59pm,52,52,88,"Not Applicable (Not Transported) ",88,Not Applicable (Not Transported),,,,,,,1,
2023,29,290184,Missouri,5,5,0,0,0,10,10,95,JACKSON (95),4120,KANSAS CITY,15,15,4,April,2023,7,Saturday,0,0:00am-0:59am,13,13,1,This Section IS ON the NHS,2,Urban,3,Other Principal Arterial,4,City or Municipal Highway Agency,6,Municipal,"MU-DR MARTIN LUTHER KING JR ",MU-EASTWOOD TFWY,40,40,39.02946944,39.02946944,-94.508797220,-94.50879722,0,No Special Jurisdiction,12,Motor Vehicle In-Transport,6,Angle,0,No,2,Intersection,3,T-Intersection,0,None,,,1,On Roadway,3,Dark - Lighted,,,,,1,Clear,0,No,0000000,Not Applicable,0,0:00am-0:59am,13,13,0,0:00am-0:59am,23,23,0,0:00am-0:59am,45,45,,,,,,,1,
2023,29,290185,Missouri,2,2,0,0,0,3,3,71,FRANKLIN (71),7630,SULLIVAN,15,15,4,April,2023,7,Saturday,18,6:00pm-6:59pm,25,25,0,This Section IS NOT on the NHS,2,Urban,5,Major Collector,1,State Highway Agency,3,State Highway,SR-185,MU-CHURCH ST,10,10,38.21908333,38.21908333,-91.163555560,-91.16355556,0,No Special Jurisdiction,12,Motor Vehicle In-Transport,2,Front-to-Front,0,No,2,Intersection,3,T-Intersection,0,None,,,1,On Roadway,1,Daylight,,,,,2,Rain,0,No,0000000,Not Applicable,99,Unknown,99,Unknown,99,Unknown EMS Scene Arrival Hour,99,Unknown EMS Scene Arrival Minutes,99,Unknown,99,Unknown EMS Hospital Arrival Time,,,,,,,1,
2023,29,290186,Missouri,4,4,0,0,0,4,4,95,JACKSON (95),4120,KANSAS CITY,18,18,4,April,2023,3,Tuesday,19,7:00pm-7:59pm,8,8,0,This Section IS NOT on the NHS,2,Urban,4,Minor Arterial,4,City or Municipal Highway Agency,6,Municipal,MU-TROOST AVE,,90,90,38.97320278,38.97320278,-94.576566670,-94.57656667,0,No Special Jurisdiction,12,Motor Vehicle In-Transport,2,Front-to-Front,0,No,1,Non-Junction,1,Not an Intersection,0,None,,,1,On Roadway,1,Daylight,,,,,1,Clear,0,No,0000000,Not Applicable,99,Unknown,99,Unknown,99,Unknown EMS Scene Arrival Hour,99,Unknown EMS Scene Arrival Minutes,99,Unknown,99,Unknown EMS Hospital Arrival Time,,,,,,,1,
2023,29,290187,Missouri,2,2,0,0,0,2,2,510,ST. LOUIS (CITY) (510),7080,ST. LOUIS,18,18,4,April,2023,3,Tuesday,12,12:00pm-12:59pm,21,21,1,This Section IS ON the NHS,2,Urban,1,Interstate,1,State Highway Agency,1,Interstate,I-70 RAMP 228196,SR-H,0,None,38.67987500,38.67987500,-90.210644440,-90.21064444,0,No Special Jurisdiction,12,Motor Vehicle In-Transport,6,Angle,1,Yes,2,Intersection,2,Four-Way Intersection,0,None,,,1,On Roadway,1,Daylight,,,,,1,Clear,0,No,0000000,Not Applicable,99,Unknown,98,Unknown if Notified,99,Unknown EMS Scene Arrival Hour,98,Unknown if Arrived,88,"Not Applicable (Not Transported) ",88,Not Applicable (Not Transported),,,,,,,1,
2023,29,290189,Missouri,2,2,0,0,0,2,2,221,WASHINGTON (221),0,NOT APPLICABLE,23,23,3,March,2023,5,Thursday,15,3:00pm-3:59pm,0,0,0,This Section IS NOT on the NHS,1,Rural,3,Other Principal Arterial,1,State Highway Agency,3,State Highway,SR-21,,50,50,38.06858333,38.06858333,-90.745888890,-90.74588889,0,No Special Jurisdiction,12,Motor Vehicle In-Transport,6,Angle,0,No,8,Driveway Access Related,1,Not an Intersection,0,None,,,1,On Roadway,1,Daylight,,,,,10,Cloudy,0,No,0000000,Not Applicable,15,3:00pm-3:59pm,8,8,15,3:00pm-3:59pm,15,15,16,4:00pm-4:59pm,27,27,,,,,,,1,
2023,29,290190,Missouri,2,2,0,0,0,2,2,229,WRIGHT (229),0,NOT APPLICABLE,7,7,4,April,2023,6,Friday,10,10:00am-10:59am,5,5,0,This Section IS NOT on the NHS,1,Rural,4,Minor Arterial,1,State Highway Agency,3,State Highway,SR-5,,240,240,37.20452778,37.20452778,-92.532555560,-92.53255556,0,No Special Jurisdiction,12,Motor Vehicle In-Transport,2,Front-to-Front,0,No,1,Non-Junction,1,Not an Intersection,0,None,,,1,On Roadway,1,Daylight,,,,,1,Clear,0,No,0000000,Not Applicable,10,10:00am-10:59am,14,14,10,10:00am-10:59am,27,27,88,"Not Applicable (Not Transported) ",88,Not Applicable (Not Transported),,,,,,,1,
2023,29,290191,Missouri,2,2,0,0,0,2,2,221,WASHINGTON (221),0,NOT APPLICABLE,13,13,4,April,2023,5,Thursday,6,6:00am-6:59am,49,49,1,This Section IS ON the NHS,1,Rural,3,Other Principal Arterial,1,State Highway Agency,3,State Highway,SR-8,,230,230,37.91458333,37.91458333,-90.715305560,-90.71530556,0,No Special Jurisdiction,12,Motor Vehicle In-Transport,1,Front-to-Rear,0,No,8,Driveway Access Related,1,Not an Intersection,0,None,,,1,On Roadway,1,Daylight,,,,,1,Clear,0,No,0000000,Not Applicable,7,7:00am-7:59am,17,17,7,7:00am-7:59am,28,28,7,7:00am-7:59am,49,49,,,,,,,1,
2023,29,290192,Missouri,1,1,0,0,0,1,1,77,GREENE (77),7460,SPRINGFIELD,15,15,4,April,2023,7,Saturday,6,6:00am-6:59am,50,50,1,This Section IS ON the NHS,2,Urban,3,Other Principal Arterial,4,City or Municipal Highway Agency,6,Municipal,MU-NATIONAL AVE,,50,50,37.19397222,37.19397222,-93.276305560,-93.27630556,0,No Special Jurisdiction,42,Tree (Standing Only),0,The First Harmful Event was Not a Collision with a Motor Vehicle in Transport,0,No,1,Non-Junction,1,Not an Intersection,0,None,,,4,On Roadside,1,Daylight,,,,,1,Clear,0,No,0000000,Not Applicable,6,6:00am-6:59am,52,52,6,6:00am-6:59am,56,56,7,7:00am-7:59am,11,11,,,,,,,1,
2023,29,290193,Missouri,1,1,0,0,0,2,2,91,HOWELL (91),0,NOT APPLICABLE,17,17,4,April,2023,2,Monday,12,12:00pm-12:59pm,55,55,0,This Section IS NOT on the NHS,1,Rural,5,Major Collector,1,State Highway Agency,3,State Highway,SR-W,,20,20,36.97044444,36.97044444,-91.689750000,-91.68975000,0,No Special Jurisdiction,1,Rollover/Overturn,0,The First Harmful Event was Not a Collision with a Motor Vehicle in Transport,0,No,1,Non-Junction,1,Not an Intersection,0,None,,,4,On Roadside,1,Daylight,,,,,1,Clear,0,No,0000000,Not Applicable,13,1:00pm-1:59pm,0,0,13,1:00pm-1:59pm,8,8,99,Unknown,99,Unknown EMS Hospital Arrival Time,,,,,,,1,
2023,29,290194,Missouri,1,1,0,0,0,2,2,3,ANDREW (3),0,NOT APPLICABLE,17,17,4,April,2023,2,Monday,18,6:00pm-6:59pm,35,35,0,This Section IS NOT on the NHS,6,Trafficway Not in State Inventory,96,Trafficway Not in State Inventory,96,Trafficway Not in State Inventory,96,Trafficway Not in State Inventory,"PVT-HONEY CREEK CONSERVATION ",,0,None,39.95163056,39.95163056,-94.965602780,-94.96560278,8,Other,58,Ground,0,The First Harmful Event was Not a Collision with a Motor Vehicle in Transport,0,No,1,Non-Junction,1,Not an Intersection,0,None,,,4,On Roadside,1,Daylight,,,,,1,Clear,0,No,0000000,Not Applicable,18,6:00pm-6:59pm,32,32,18,6:00pm-6:59pm,47,47,19,7:00pm-7:59pm,21,21,,,,,,,1,
2023,29,290195,Missouri,1,1,0,1,1,1,1,95,JACKSON (95),4120,KANSAS CITY,18,18,4,April,2023,3,Tuesday,18,6:00pm-6:59pm,40,40,0,This Section IS NOT on the NHS,2,Urban,5,Major Collector,4,City or Municipal Highway Agency,6,Municipal,MU-E 25TH ST,MU-CHESTNUT AVE,20,20,39.08066389,39.08066389,-94.550008330,-94.55000833,0,No Special Jurisdiction,15,Non-Motorist on Personal Conveyance,0,The First Harmful Event was Not a Collision with a Motor Vehicle in Transport,0,No,2,Intersection,2,Four-Way Intersection,0,None,,,1,On Roadway,1,Daylight,,,,,1,Clear,0,No,0000000,Not Applicable,18,6:00pm-6:59pm,42,42,18,6:00pm-6:59pm,44,44,19,7:00pm-7:59pm,5,5,,,,,,,1,
2023,29,290196,Missouri,1,1,0,0,0,1,1,107,LAFAYETTE (107),0,NOT APPLICABLE,19,19,4,April,2023,4,Wednesday,2,2:00am-2:59am,45,45,0,This Section IS NOT on the NHS,1,Rural,5,Major Collector,1,State Highway Agency,3,State Highway,SR-M,,20,20,38.97113889,38.97113889,-93.886116670,-93.88611667,0,No Special Jurisdiction,58,Ground,0,The First Harmful Event was Not a Collision with a Motor Vehicle in Transport,0,No,1,Non-Junction,1,Not an Intersection,0,None,,,4,On Roadside,2,Dark - Not Lighted,,,,,1,Clear,0,No,0000000,Not Applicable,99,Unknown,98,Unknown if Notified,99,Unknown EMS Scene Arrival Hour,98,Unknown if Arrived,88,"Not Applicable (Not Transported) ",88,Not Applicable (Not Transported),,,,,,,1,
2023,29,290197,Missouri,2,2,0,0,0,2,2,189,ST LOUIS (189),2690,FENTON,20,20,4,April,2023,5,Thursday,13,1:00pm-1:59pm,0,0,1,This Section IS ON the NHS,2,Urban,3,Other Principal Arterial,1,State Highway Agency,3,State Highway,SR-141,MU-BOWLES AVE,30,30,38.52541667,38.52541667,-90.473388890,-90.47338889,0,No Special Jurisdiction,12,Motor Vehicle In-Transport,6,Angle,0,No,2,Intersection,2,Four-Way Intersection,0,None,,,1,On Roadway,1,Daylight,,,,,10,Cloudy,0,No,0000000,Not Applicable,12,12:00pm-12:59pm,57,57,13,1:00pm-1:59pm,0,0,88,"Not Applicable (Not Transported) ",88,Not Applicable (Not Transported),,,,,,,1,
2023,29,290198,Missouri,1,1,0,0,0,1,1,109,LAWRENCE (109),0,NOT APPLICABLE,21,21,4,April,2023,6,Friday,23,11:00pm-11:59pm,45,45,0,This Section IS NOT on the NHS,1,Rural,98,Not Reported,2,County Highway Agency,4,County,CR-1040,,30,30,37.13820556,37.13820556,-93.984494440,-93.98449444,0,No Special Jurisdiction,23,Bridge Rail (Includes parapet),0,The First Harmful Event was Not a Collision with a Motor Vehicle in Transport,0,No,1,Non-Junction,1,Not an Intersection,0,None,,,4,On Roadside,2,Dark - Not Lighted,,,,,1,Clear,0,No,0000000,Not Applicable,23,11:00pm-11:59pm,52,52,0,0:00am-0:59am,11,11,99,Unknown,99,Unknown EMS Hospital Arrival Time,,,,,,,1,
2023,29,290199,Missouri,2,2,0,0,0,2,2,83,HENRY (83),7930,URICH,2,2,4,April,2023,1,Sunday,12,12:00pm-12:59pm,30,30,1,This Section IS ON the NHS,1,Rural,2,Other Freeways and Expressways,1,State Highway Agency,3,State Highway,SR-7,,30,30,38.47358333,38.47358333,-94.018472220,-94.01847222,0,No Special Jurisdiction,12,Motor Vehicle In-Transport,1,Front-to-Rear,0,No,1,Non-Junction,1,Not an Intersection,0,None,,,1,On Roadway,1,Daylight,,,,,1,Clear,0,No,0000000,Not Applicable,12,12:00pm-12:59pm,32,32,12,12:00pm-12:59pm,42,42,13,1:00pm-1:59pm,24,24,,,,,,,1,
2023,29,290200,Missouri,2,2,0,0,0,2,2,101,JOHNSON (101),4250,KNOB NOSTER,12,12,4,April,2023,4,Wednesday,21,9:00pm-9:59pm,30,30,1,This Section IS ON the NHS,1,Rural,3,Other Principal Arterial,1,State Highway Agency,2,U.S. Highway,US-50,SR-BU 50,340,340,38.76797222,38.76797222,-93.533444440,-93.53344444,0,No Special Jurisdiction,12,Motor Vehicle In-Transport,6,Angle,0,No,2,Intersection,2,Four-Way Intersection,0,None,,,1,On Roadway,2,Dark - Not Lighted,,,,,1,Clear,0,No,0000000,Not Applicable,21,9:00pm-9:59pm,36,36,21,9:00pm-9:59pm,40,40,88,"Not Applicable (Not Transported) ",88,Not Applicable (Not Transported),,,,,,,1,
2023,29,290201,Missouri,1,1,0,1,1,3,3,95,JACKSON (95),4120,KANSAS CITY,13,13,4,April,2023,5,Thursday,15,3:00pm-3:59pm,3,3,0,This Section IS NOT on the NHS,2,Urban,4,Minor Arterial,4,City or Municipal Highway Agency,6,Municipal,MU-TRUMAN RD,MU-KENSINGTON AVE,30,30,39.09398889,39.09398889,-94.531055560,-94.53105556,0,No Special Jurisdiction,9,Pedalcyclist,0,The First Harmful Event was Not a Collision with a Motor Vehicle in Transport,0,No,2,Intersection,3,T-Intersection,0,None,,,1,On Roadway,1,Daylight,,,,,1,Clear,0,No,0000000,Not Applicable,15,3:00pm-3:59pm,5,5,15,3:00pm-3:59pm,15,15,15,3:00pm-3:59pm,27,27,,,,,,,1,
2023,29,290202,Missouri,2,2,0,0,0,2,2,225,WEBSTER (225),0,NOT APPLICABLE,18,18,4,April,2023,3,Tuesday,15,3:00pm-3:59pm,38,38,1,This Section IS ON the NHS,1,Rural,1,Interstate,1,State Highway Agency,1,Interstate,I-44,,140,140,37.30886111,37.30886111,-92.973416670,-92.97341667,0,No Special Jurisdiction,1,Rollover/Overturn,0,The First Harmful Event was Not a Collision with a Motor Vehicle in Transport,0,No,1,Non-Junction,1,Not an Intersection,0,None,,,3,On Median,1,Daylight,,,,,1,Clear,0,No,0000000,Not Applicable,15,3:00pm-3:59pm,42,42,15,3:00pm-3:59pm,48,48,88,"Not Applicable (Not Transported) ",88,Not Applicable (Not Transported),,,,,,,2,
2023,29,290203,Missouri,2,2,0,0,0,2,2,139,MONTGOMERY (139),0,NOT APPLICABLE,20,20,4,April,2023,5,Thursday,15,3:00pm-3:59pm,40,40,0,This Section IS NOT on the NHS,1,Rural,7,Local,1,State Highway Agency,3,State Highway,SR-NOR 70,CR-ELLIS RD,70,70,38.88672222,38.88672222,-91.409861110,-91.40986111,0,No Special Jurisdiction,12,Motor Vehicle In-Transport,6,Angle,0,No,2,Intersection,3,T-Intersection,0,None,,,1,On Roadway,1,Daylight,,,,,2,Rain,0,No,0000000,Not Applicable,99,Unknown,98,Unknown if Notified,99,Unknown EMS Scene Arrival Hour,98,Unknown if Arrived,88,"Not Applicable (Not Transported) ",88,Not Applicable (Not Transported),,,,,,,1,
2023,29,290204,Missouri,1,1,0,0,0,1,1,71,FRANKLIN (71),7020,ST. CLAIR,21,21,4,April,2023,6,Friday,21,9:00pm-9:59pm,31,31,1,This Section IS ON the NHS,1,Rural,1,Interstate,1,State Highway Agency,1,Interstate,I-44,,200,200,38.33916667,38.33916667,-91.014444440,-91.01444444,0,No Special Jurisdiction,42,Tree (Standing Only),0,The First Harmful Event was Not a Collision with a Motor Vehicle in Transport,0,No,1,Non-Junction,1,Not an Intersection,4,"Work Zone, Type Unknown",,,4,On Roadside,2,Dark - Not Lighted,,,,,1,Clear,0,No,0000000,Not Applicable,99,Unknown,98,Unknown if Notified,99,Unknown EMS Scene Arrival Hour,98,Unknown if Arrived,88,"Not Applicable (Not Transported) ",88,Not Applicable (Not Transported),,,,,,,1,
2023,29,290205,Missouri,3,3,0,0,0,3,3,95,JACKSON (95),3940,INDEPENDENCE,22,22,4,April,2023,7,Saturday,13,1:00pm-1:59pm,20,20,0,This Section IS NOT on the NHS,2,Urban,4,Minor Arterial,1,State Highway Agency,3,State Highway,SR-12,MU-BROOKSIDE AVE,10,10,39.09494722,39.09494722,-94.467750000,-94.46775000,0,No Special Jurisdiction,12,Motor Vehicle In-Transport,1,Front-to-Rear,0,No,3,Intersection-Related,98,Not Reported,0,None,,,1,On Roadway,1,Daylight,,,,,10,Cloudy,0,No,0000000,Not Applicable,99,Unknown,98,Unknown if Notified,99,Unknown EMS Scene Arrival Hour,98,Unknown if Arrived,88,"Not Applicable (Not Transported) ",88,Not Applicable (Not Transported),,,,,,,1,
2023,29,290206,Missouri,1,1,0,0,0,1,1,177,RAY (177),0,NOT APPLICABLE,22,22,4,April,2023,7,Saturday,17,5:00pm-5:59pm,3,3,0,This Section IS NOT on the NHS,1,Rural,5,Major Collector,1,State Highway Agency,3,State Highway,SR-O,,100,100,39.22797222,39.22797222,-94.127750000,-94.12775000,0,No Special Jurisdiction,21,Bridge Pier or Support,0,The First Harmful Event was Not a Collision with a Motor Vehicle in Transport,0,No,1,Non-Junction,1,Not an Intersection,0,None,,,4,On Roadside,1,Daylight,,,,,10,Cloudy,0,No,0000000,Not Applicable,99,Unknown,98,Unknown if Notified,99,Unknown EMS Scene Arrival Hour,98,Unknown if Arrived,88,"Not Applicable (Not Transported) ",88,Not Applicable (Not Transported),,,,,,,1,
2023,29,290207,Missouri,1,1,0,0,0,1,1,219,WARREN (219),2824,FORISTELL,23,23,4,April,2023,1,Sunday,11,11:00am-11:59am,35,35,0,This Section IS NOT on the NHS,1,Rural,98,Not Reported,2,County Highway Agency,4,County,CR-ARCHER,,10,10,38.82066667,38.82066667,-90.980638890,-90.98063889,0,No Special Jurisdiction,10,Railway Vehicle,0,The First Harmful Event was Not a Collision with a Motor Vehicle in Transport,0,No,6,"Railway Grade Crossing ",1,Not an Intersection,0,None,,,1,On Roadway,1,Daylight,,,,,10,Cloudy,0,No,483541K,483541K,11,11:00am-11:59am,38,38,11,11:00am-11:59am,43,43,88,"Not Applicable (Not Transported) ",88,Not Applicable (Not Transported),,,,,,,1,
2023,29,290208,Missouri,2,2,0,0,0,2,2,157,PERRY (157),0,NOT APPLICABLE,24,24,4,April,2023,2,Monday,5,5:00am-5:59am,55,55,1,This Section IS ON the NHS,1,Rural,3,Other Principal Arterial,1,State Highway Agency,3,State Highway,SR-51,,60,60,37.81936111,37.81936111,-89.844583330,-89.84458333,0,No Special Jurisdiction,12,Motor Vehicle In-Transport,2,Front-to-Front,0,No,1,Non-Junction,1,Not an Intersection,0,None,,,1,On Roadway,1,Daylight,,,,,1,Clear,0,No,0000000,Not Applicable,6,6:00am-6:59am,3,3,6,6:00am-6:59am,59,59,7,7:00am-7:59am,25,25,,,,,,,1,