caseyear,state,st_case,statename,ve_total,ve_forms,pvh_invl,peds,pernotmvit,permvit,persons,county,countyname,city,cityname,day,dayname,month,monthname,year,day_week,day_weekname,hour,hourname,minute,minutename,nhs,nhsname,rur_urb,rur_urbname,func_sys,func_sysname,rd_owner,rd_ownername,route,routename,tway_id,tway_id2,milept,mileptname,latitude,latitudename,longitud,longitudname,sp_jur,sp_jurname,harm_ev,harm_evname,man_coll,man_collname,reljct1,reljct1name,reljct2,reljct2name,typ_int,typ_intname,wrk_zone,wrk_zonename,road_fnc,road_fncname,rel_road,rel_roadname,lgt_cond,lgt_condname,weather1,weather1name,weather2,weather2name,weather,weathername,sch_bus,sch_busname,rail,railname,not_hour,not_hourname,not_min,not_minname,arr_hour,arr_hourname,arr_min,arr_minname,hosp_hr,hosp_hrname,hosp_mn,hosp_mnname,cf1,cf1name,cf2,cf2name,cf3,cf3name,fatals,drunk_dr
2023,29,290209,Missouri,2,2,0,1,1,3,3,141,MORGAN (141),0,NOT APPLICABLE,19,19,4,April,2023,4,Wednesday,20,8:00pm-8:59pm,42,42,1,This Section IS ON the NHS,1,Rural,3,Other Principal Arterial,1,State Highway Agency,3,State Highway,SR-5,,200,200,38.32986111,38.32986111,-92.844694440,-92.84469444,0,No Special Jurisdiction,12,Motor Vehicle In-Transport,6,Angle,0,No,1,Non-Junction,1,Not an Intersection,0,None,,,1,On Roadway,2,Dark - Not Lighted,,,,,10,Cloudy,0,No,0000000,Not Applicable,99,Unknown,98,Unknown if Notified,99,Unknown EMS Scene Arrival Hour,98,Unknown if Arrived,88,"Not Applicable (Not Transported) ",88,Not Applicable (Not Transported),,,,,,,1,
2023,29,290210,Missouri,2,2,0,0,0,3,3,13,BATES (13),0,NOT APPLICABLE,25,25,4,April,2023,3,Tuesday,11,11:00am-11:59am,5,5,0,This Section IS NOT on the NHS,1,Rural,5,Major Collector,1,State Highway Agency,3,State Highway,SR-18,SR-T,300,300,38.36913889,38.36913889,-94.179972220,-94.17997222,0,No Special Jurisdiction,12,Motor Vehicle In-Transport,2,Front-to-Front,0,No,3,Intersection-Related,2,Four-Way Intersection,0,None,,,1,On Roadway,1,Daylight,,,,,1,Clear,0,No,0000000,Not Applicable,11,11:00am-11:59am,41,41,11,11:00am-11:59am,52,52,12,12:00pm-12:59pm,28,28,,,,,,,1,
2023,29,290211,Missouri,1,1,0,1,1,1,1,95,JACKSON (95),4120,KANSAS CITY,25,25,4,April,2023,3,Tuesday,19,7:00pm-7:59pm,22,22,1,This Section IS ON the NHS,2,Urban,3,Other Principal Arterial,1,State Highway Agency,6,Municipal,MU-INDEPENDENCE AVE,,30,30,39.10530278,39.10530278,-94.521263890,-94.52126389,0,No Special Jurisdiction,9,Pedalcyclist,0,The First Harmful Event was Not a Collision with a Motor Vehicle in Transport,0,No,1,Non-Junction,1,Not an Intersection,0,None,,,1,On Roadway,1,Daylight,,,,,1,Clear,0,No,0000000,Not Applicable,99,Unknown,99,Unknown,99,Unknown EMS Scene Arrival Hour,99,Unknown EMS Scene Arrival Minutes,99,Unknown,99,Unknown EMS Hospital Arrival Time,,,,,,,1,
2023,29,290212,Missouri,2,2,0,0,0,3,3,47,CLAY (47),4120,KANSAS CITY,26,26,4,April,2023,4,Wednesday,20,8:00pm-8:59pm,57,57,0,This Section IS NOT on the NHS,2,Urban,4,Minor Arterial,4,City or Municipal Highway Agency,6,Municipal,MU-NW 68TH ST,MU-N LIBERTY ST,0,None,39.21747222,39.21747222,-94.598811110,-94.59881111,0,No Special Jurisdiction,12,Motor Vehicle In-Transport,6,Angle,0,No,2,Intersection,4,Y-Intersection,0,None,,,1,On Roadway,3,Dark - Lighted,,,,,1,Clear,0,No,0000000,Not Applicable,99,Unknown,99,Unknown,99,Unknown EMS Scene Arrival Hour,99,Unknown EMS Scene Arrival Minutes,99,Unknown,99,Unknown EMS Hospital Arrival Time,,,,,,,2,
2023,29,290213,Missouri,2,2,0,0,0,3,3,3,ANDREW (3),0,NOT APPLICABLE,27,27,4,April,2023,5,Thursday,16,4:00pm-4:59pm,8,8,1,This Section IS ON the NHS,1,Rural,1,Interstate,1,State Highway Agency,1,Interstate,I-29,,30,30,39.86419444,39.86419444,-94.820277780,-94.82027778,0,No Special Jurisdiction,12,Motor Vehicle In-Transport,2,Front-to-Front,0,No,1,Non-Junction,1,Not an Intersection,0,None,,,1,On Roadway,1,Daylight,,,,,1,Clear,0,No,0000000,Not Applicable,16,4:00pm-4:59pm,15,15,16,4:00pm-4:59pm,22,22,16,4:00pm-4:59pm,59,59,,,,,,,1,
2023,29,290214,Missouri,1,1,0,0,0,1,1,141,MORGAN (141),0,NOT APPLICABLE,27,27,4,April,2023,5,Thursday,14,2:00pm-2:59pm,47,47,0,This Section IS NOT on the NHS,1,Rural,7,Local,26,Private (Other Than Railroad),95,Other,CLOVER RD,,0,None,38.21675000,38.21675000,-92.925694440,-92.92569444,0,No Special Jurisdiction,3,Immersion or Partial Immersion,0,The First Harmful Event was Not a Collision with a Motor Vehicle in Transport,0,No,1,Non-Junction,1,Not an Intersection,0,None,,,4,On Roadside,1,Daylight,,,,,1,Clear,0,No,0000000,Not Applicable,99,Unknown,98,Unknown if Notified,99,Unknown EMS Scene Arrival Hour,98,Unknown if Arrived,88,"Not Applicable (Not Transported) ",88,Not Applicable (Not Transported),,,,,,,1,
2023,29,290215,Missouri,2,2,0,0,0,3,3,99,JEFFERSON (99),0,NOT APPLICABLE,28,28,4,April,2023,6,Friday,9,9:00am-9:59am,40,40,1,This Section IS ON the NHS,2,Urban,3,Other Principal Arterial,1,State Highway Agency,3,State Highway,SR-30,CR-LITTLE BRENNAN RD,210,210,38.48511111,38.48511111,-90.502500000,-90.50250000,0,No Special Jurisdiction,12,Motor Vehicle In-Transport,1,Front-to-Rear,0,No,2,Intersection,2,Four-Way Intersection,0,None,,,1,On Roadway,1,Daylight,,,,,10,Cloudy,0,No,0000000,Not Applicable,9,9:00am-9:59am,41,41,9,9:00am-9:59am,46,46,10,10:00am-10:59am,12,12,,,,,,,1,
2023,29,290216,Missouri,2,2,0,0,0,5,5,113,LINCOLN (113),5890,OLD MONROE,29,29,4,April,2023,7,Saturday,23,11:00pm-11:59pm,46,46,0,This Section IS NOT on the NHS,1,Rural,4,Minor Arterial,1,State Highway Agency,3,State Highway,SR-79,,220,220,38.92791667,38.92791667,-90.755027780,-90.75502778,0,No Special Jurisdiction,12,Motor Vehicle In-Transport,2,Front-to-Front,0,No,1,Non-Junction,1,Not an Intersection,0,None,,,1,On Roadway,2,Dark - Not Lighted,,,,,1,Clear,0,No,0000000,Not Applicable,99,Unknown,99,Unknown,99,Unknown EMS Scene Arrival Hour,99,Unknown EMS Scene Arrival Minutes,99,Unknown,99,Unknown EMS Hospital Arrival Time,,,,,,,4,
2023,29,290217,Missouri,1,1,0,0,0,1,1,135,MONITEAU (135),0,NOT APPLICABLE,30,30,4,April,2023,1,Sunday,9,9:00am-9:59am,10,10,0,This Section IS NOT on the NHS,1,Rural,7,Local,2,County Highway Agency,4,County,CR-LITTLE MONITEAU RD,,20,20,38.65302778,38.65302778,-92.500000000,-92.50000000,0,No Special Jurisdiction,38,Fence,0,The First Harmful Event was Not a Collision with a Motor Vehicle in Transport,0,No,1,Non-Junction,1,Not an Intersection,0,None,,,4,On Roadside,9,Reported as Unknown,,,,,1,Clear,0,No,0000000,Not Applicable,99,Unknown,98,Unknown if Notified,99,Unknown EMS Scene Arrival Hour,98,Unknown if Arrived,88,"Not Applicable (Not Transported) ",88,Not Applicable (Not Transported),,,,,,,1,
2023,29,290218,Missouri,2,2,0,0,0,4,4,95,JACKSON (95),4120,KANSAS CITY,30,30,4,April,2023,1,Sunday,16,4:00pm-4:59pm,9,9,1,This Section IS ON the NHS,2,Urban,2,Other Freeways and Expressways,1,State Highway Agency,2,U.S. Highway,US-71,,80,80,38.95434444,38.95434444,-94.540047220,-94.54004722,0,No Special Jurisdiction,1,Rollover/Overturn,0,The First Harmful Event was Not a Collision with a Motor Vehicle in Transport,1,Yes,19,Other location within Interchange Area,1,Not an Intersection,0,None,,,3,On Median,1,Daylight,,,,,6,Severe Crosswinds,0,No,0000000,Not Applicable,16,4:00pm-4:59pm,9,9,16,4:00pm-4:59pm,17,17,16,4:00pm-4:59pm,35,35,,,,,,,1,
2023,29,290219,Missouri,2,2,0,0,0,4,4,215,TEXAS (215),0,NOT APPLICABLE,20,20,4,April,2023,5,Thursday,13,1:00pm-1:59pm,20,20,0,This Section IS NOT on the NHS,1,Rural,4,Minor Arterial,1,State Highway Agency,3,State Highway,SR-17,,460,460,37.24550000,37.24550000,-91.813972220,-91.81397222,0,No Special Jurisdiction,12,Motor Vehicle In-Transport,2,Front-to-Front,0,No,1,Non-Junction,1,Not an Intersection,0,None,,,1,On Roadway,1,Daylight,,,,,10,Cloudy,0,No,0000000,Not Applicable,13,1:00pm-1:59pm,23,23,13,1:00pm-1:59pm,42,42,14,2:00pm-2:59pm,17,17,,,,,,,1,
2023,29,290220,Missouri,2,2,0,0,0,3,3,29,CAMDEN (29),5956,OSAGE BEACH,26,26,4,April,2023,4,Wednesday,20,8:00pm-8:59pm,45,45,1,This Section IS ON the NHS,1,Rural,2,Other Freeways and Expressways,1,State Highway Agency,2,U.S. Highway,US-54,,20,20,38.14258333,38.14258333,-92.622833330,-92.62283333,0,No Special Jurisdiction,12,Motor Vehicle In-Transport,2,Front-to-Front,0,No,1,Non-Junction,1,Not an Intersection,0,None,,,1,On Roadway,2,Dark - Not Lighted,,,,,10,Cloudy,0,No,0000000,Not Applicable,20,8:00pm-8:59pm,55,55,20,8:00pm-8:59pm,57,57,21,9:00pm-9:59pm,35,35,,,,,,,1,
2023,29,290221,Missouri,2,2,0,0,0,5,5,87,HOLT (87),0,NOT APPLICABLE,30,30,4,April,2023,1,Sunday,2,2:00am-2:59am,54,54,1,This Section IS ON the NHS,1,Rural,1,Interstate,1,State Highway Agency,1,Interstate,I-29,,170,170,40.11967222,40.11967222,-95.229591670,-95.22959167,0,No Special Jurisdiction,12,Motor Vehicle In-Transport,1,Front-to-Rear,0,No,1,Non-Junction,1,Not an Intersection,0,None,,,1,On Roadway,2,Dark - Not Lighted,,,,,10,Cloudy,0,No,0000000,Not Applicable,3,3:00am-3:59am,2,2,3,3:00am-3:59am,11,11,4,4:00am-4:59am,45,45,,,,,,,1,
2023,29,290222,Missouri,2,2,0,0,0,2,2,119,MCDONALD (119),0,NOT APPLICABLE,1,1,5,May,2023,2,Monday,14,2:00pm-2:59pm,45,45,0,This Section IS NOT on the NHS,1,Rural,5,Major Collector,1,State Highway Agency,3,State Highway,SR-43,CR-MANNING RD,140,140,36.59875000,36.59875000,-94.594527780,-94.59452778,0,No Special Jurisdiction,12,Motor Vehicle In-Transport,2,Front-to-Front,0,No,2,Intersection,2,Four-Way Intersection,0,None,,,1,On Roadway,1,Daylight,,,,,1,Clear,0,No,0000000,Not Applicable,14,2:00pm-2:59pm,33,33,14,2:00pm-2:59pm,48,48,15,3:00pm-3:59pm,14,14,,,,,,,1,
2023,29,290224,Missouri,1,1,0,0,0,1,1,47,CLAY (47),4120,KANSAS CITY,3,3,5,May,2023,4,Wednesday,0,0:00am-0:59am,3,3,1,This Section IS ON the NHS,2,Urban,2,Other Freeways and Expressways,1,State Highway Agency,2,U.S. Highway,US-169,,200,200,39.16828056,39.16828056,-94.594763890,-94.59476389,0,No Special Jurisdiction,24,Guardrail Face,0,The First Harmful Event was Not a Collision with a Motor Vehicle in Transport,1,Yes,19,Other location within Interchange Area,1,Not an Intersection,0,None,,,4,On Roadside,2,Dark - Not Lighted,,,,,1,Clear,0,No,0000000,Not Applicable,0,0:00am-0:59am,3,3,0,0:00am-0:59am,10,10,88,"Not Applicable (Not Transported) ",88,Not Applicable (Not Transported),,,,,,,1,
2023,29,290225,Missouri,1,1,0,0,0,1,1,153,OZARK (153),0,NOT APPLICABLE,5,5,5,May,2023,6,Friday,19,7:00pm-7:59pm,35,35,0,This Section IS NOT on the NHS,6,Trafficway Not in State Inventory,96,Trafficway Not in State Inventory,96,Trafficway Not in State Inventory,96,Trafficway Not in State Inventory,CR-142,,0,None,36.79016667,36.79016667,-92.405583330,-92.40558333,0,No Special Jurisdiction,1,Rollover/Overturn,0,The First Harmful Event was Not a Collision with a Motor Vehicle in Transport,0,No,1,Non-Junction,1,Not an Intersection,0,None,,,4,On Roadside,1,Daylight,,,,,10,Cloudy,0,No,0000000,Not Applicable,19,7:00pm-7:59pm,56,56,20,8:00pm-8:59pm,22,22,21,9:00pm-9:59pm,40,40,,,,,,,1,
2023,29,290226,Missouri,1,1,0,0,0,1,1,13,BATES (13),0,NOT APPLICABLE,5,5,5,May,2023,6,Friday,18,6:00pm-6:59pm,45,45,0,This Section IS NOT on the NHS,1,Rural,5,Major Collector,1,State Highway Agency,3,State Highway,SR-MM,,10,10,38.40302500,38.40302500,-94.081088890,-94.08108889,0,No Special Jurisdiction,35,Embankment,0,The First Harmful Event was Not a Collision with a Motor Vehicle in Transport,0,No,1,Non-Junction,1,Not an Intersection,0,None,,,4,On Roadside,1,Daylight,,,,,1,Clear,0,No,0000000,Not Applicable,19,7:00pm-7:59pm,4,4,19,7:00pm-7:59pm,33,33,20,8:00pm-8:59pm,6,6,,,,,,,1,
2023,29,290227,Missouri,2,2,0,0,0,2,2,217,VERNON (217),0,NOT APPLICABLE,5,5,5,May,2023,6,Friday,0,0:00am-0:59am,6,6,1,This Section IS ON the NHS,1,Rural,3,Other Principal Arterial,1,State Highway Agency,2,U.S. Highway,US-54,,300,300,37.86375000,37.86375000,-94.089027780,-94.08902778,0,No Special Jurisdiction,12,Motor Vehicle In-Transport,2,Front-to-Front,0,No,1,Non-Junction,1,Not an Intersection,0,None,,,1,On Roadway,2,Dark - Not Lighted,,,,,2,Rain,0,No,0000000,Not Applicable,0,0:00am-0:59am,9,9,0,0:00am-0:59am,23,23,1,1:00am-1:59am,56,56,,,,,,,1,
2023,29,290228,Missouri,6,6,0,0,0,8,8,47,CLAY (47),4120,KANSAS CITY,6,6,5,May,2023,7,Saturday,23,11:00pm-11:59pm,2,2,1,This Section IS ON the NHS,2,Urban,2,Other Freeways and Expressways,1,State Highway Agency,3,State Highway,SR-152,,20,20,39.24387500,39.24387500,-94.500338890,-94.50033889,0,No Special Jurisdiction,12,Motor Vehicle In-Transport,1,Front-to-Rear,1,Yes,18,Through Roadway,1,Not an Intersection,0,None,,,1,On Roadway,2,Dark - Not Lighted,,,,,1,Clear,0,No,0000000,Not Applicable,1,1:00am-1:59am,0,0,1,1:00am-1:59am,11,11,2,2:00am-2:59am,4,4,,,,,,,1,
2023,29,290229,Missouri,2,2,0,0,0,6,6,189,ST LOUIS (189),3580,HAZELWOOD,20,20,4,April,2023,5,Thursday,18,6:00pm-6:59pm,50,50,1,This Section IS ON the NHS,2,Urban,1,Interstate,1,State Highway Agency,1,Interstate,I-270,,80,80,38.77566667,38.77566667,-90.338305560,-90.33830556,0,No Special Jurisdiction,24,Guardrail Face,0,The First Harmful Event was Not a Collision with a Motor Vehicle in Transport,1,Yes,19,Other location within Interchange Area,1,Not an Intersection,4,"Work Zone, Type Unknown",,,4,On Roadside,1,Daylight,,,,,2,Rain,0,No,0000000,Not Applicable,19,7:00pm-7:59pm,8,8,19,7:00pm-7:59pm,16,16,19,7:00pm-7:59pm,28,28,,,,,,,1,
2023,29,290230,Missouri,1,1,0,0,0,1,1,510,ST. LOUIS (CITY) (510),7080,ST. LOUIS,18,18,4,April,2023,3,Tuesday,20,8:00pm-8:59pm,20,20,0,This Section IS NOT on the NHS,2,Urban,3,Other Principal Arterial,4,City or Municipal Highway Agency,6,Municipal,MU-FOREST PARK PKWY,,0,None,38.64346389,38.64346389,-90.271427780,-90.27142778,0,No Special Jurisdiction,5,Fell/Jumped from Vehicle,0,The First Harmful Event was Not a Collision with a Motor Vehicle in Transport,0,No,1,Non-Junction,1,Not an Intersection,0,None,,,1,On Roadway,3,Dark - Lighted,,,,,1,Clear,0,No,0000000,Not Applicable,20,8:00pm-8:59pm,23,23,20,8:00pm-8:59pm,32,32,20,8:00pm-8:59pm,44,44,,,,,,,1,
2023,29,290231,Missouri,1,1,0,1,1,1,1,510,ST. LOUIS (CITY) (510),7080,ST. LOUIS,19,19,4,April,2023,4,Wednesday,21,9:00pm-9:59pm,0,0,0,This Section IS NOT on the NHS,2,Urban,3,Other Principal Arterial,4,City or Municipal Highway Agency,6,Municipal,MU-FLORISSANT AVE,,20,20,38.64518056,38.64518056,-90.197233330,-90.19723333,0,No Special Jurisdiction,8,Pedestrian,0,The First Harmful Event was Not a Collision with a Motor Vehicle in Transport,0,No,1,Non-Junction,1,Not an Intersection,0,None,,,1,On Roadway,3,Dark - Lighted,,,,,1,Clear,0,No,0000000,Not Applicable,21,9:00pm-9:59pm,0,0,21,9:00pm-9:59pm,6,6,21,9:00pm-9:59pm,32,32,,,,,,,1,
2023,29,290232,Missouri,1,1,0,0,0,1,1,510,ST. LOUIS (CITY) (510),7080,ST. LOUIS,9,9,4,April,2023,1,Sunday,1,1:00am-1:59am,58,58,0,This Section IS NOT on the NHS,2,Urban,4,Minor Arterial,4,City or Municipal Highway Agency,6,Municipal,MU-N BRADWAY,,60,60,38.65595278,38.65595278,-90.191994440,-90.19199444,0,No Special Jurisdiction,19,Building,0,The First Harmful Event was Not a Collision with a Motor Vehicle in Transport,0,No,1,Non-Junction,1,Not an Intersection,0,None,,,4,On Roadside,3,Dark - Lighted,,,,,1,Clear,0,No,0000000,Not Applicable,99,Unknown,98,Unknown if Notified,99,Unknown EMS Scene Arrival Hour,98,Unknown if Arrived,88,"Not Applicable (Not Transported) ",88,Not Applicable (Not Transported),,,,,,,1,
2023,29,290233,Missouri,1,1,0,0,0,5,5,173,RALLS (173),0,NOT APPLICABLE,21,21,4,April,2023,6,Friday,18,6:00pm-6:59pm,33,33,0,This Section IS NOT on the NHS,1,Rural,5,Major Collector,1,State Highway Agency,3,State Highway,SR-O,,50,50,39.62047222,39.62047222,-91.387694440,-91.38769444,0,No Special Jurisdiction,31,"Post, Pole or Other Supports",0,The First Harmful Event was Not a Collision with a Motor Vehicle in Transport,0,No,1,Non-Junction,1,Not an Intersection,0,None,,,4,On Roadside,1,Daylight,,,,,1,Clear,0,No,0000000,Not Applicable,18,6:00pm-6:59pm,35,35,18,6:00pm-6:59pm,48,48,19,7:00pm-7:59pm,41,41,,,,,,,1,
2023,29,290234,Missouri,2,2,0,0,0,2,2,95,JACKSON (95),4120,KANSAS CITY,28,28,4,April,2023,6,Friday,11,11:00am-11:59am,29,29,0,This Section IS NOT on the NHS,2,Urban,4,Minor Arterial,4,City or Municipal Highway Agency,6,Municipal,MU-TRUMAN RD,MJ-HARDESTY AVE,30,30,39.09411667,39.09411667,-94.519372220,-94.51937222,0,No Special Jurisdiction,12,Motor Vehicle In-Transport,6,Angle,0,No,2,Intersection,2,Four-Way Intersection,0,None,,,1,On Roadway,1,Daylight,,,,,10,Cloudy,0,No,0000000,Not Applicable,11,11:00am-11:59am,27,27,11,11:00am-11:59am,36,36,12,12:00pm-12:59pm,2,2,,,,,,,1,
2023,29,290235,Missouri,1,1,0,1,1,2,2,77,GREENE (77),7460,SPRINGFIELD,29,29,4,April,2023,7,Saturday,21,9:00pm-9:59pm,50,50,0,This Section IS NOT on the NHS,2,Urban,4,Minor Arterial,4,City or Municipal Highway Agency,6,Municipal,MU-FREEMONT AVE,,20,20,37.17644167,37.17644167,-93.271561110,-93.27156111,0,No Special Jurisdiction,8,Pedestrian,0,The First Harmful Event was Not a Collision with a Motor Vehicle in Transport,0,No,1,Non-Junction,1,Not an Intersection,0,None,,,1,On Roadway,3,Dark - Lighted,,,,,1,Clear,0,No,0000000,Not Applicable,99,Unknown,98,Unknown if Notified,99,Unknown EMS Scene Arrival Hour,98,Unknown if Arrived,88,"Not Applicable (Not Transported) ",88,Not Applicable (Not Transported),,,,,,,1,
2023,29,290236,Missouri,3,3,0,0,0,6,6,47,CLAY (47),4570,LIBERTY,3,3,5,May,2023,4,Wednesday,18,6:00pm-6:59pm,30,30,1,This Section IS ON the NHS,2,Urban,3,Other Principal Arterial,1,State Highway Agency,3,State Highway,SR-291,,70,70,39.24074722,39.24074722,-94.439808330,-94.43980833,0,No Special Jurisdiction,12,Motor Vehicle In-Transport,8,Sideswipe - Opposite Direction,0,No,1,Non-Junction,1,Not an Intersection,0,None,,,1,On Roadway,1,Daylight,,,,,1,Clear,0,No,0000000,Not Applicable,99,Unknown,98,Unknown if Notified,99,Unknown EMS Scene Arrival Hour,98,Unknown if Arrived,88,"Not Applicable (Not Transported) ",88,Not Applicable (Not Transported),,,,,,,1,
2023,29,290237,Missouri,4,4,0,0,0,4,4,189,ST LOUIS (189),0,NOT APPLICABLE,3,3,5,May,2023,4,Wednesday,17,5:00pm-5:59pm,15,15,1,This Section IS ON the NHS,2,Urban,1,Interstate,1,State Highway Agency,1,Interstate,I-270,,340,340,38.51008333,38.51008333,-90.360694440,-90.36069444,0,No Special Jurisdiction,12,Motor Vehicle In-Transport,1,Front-to-Rear,0,No,1,Non-Junction,1,Not an Intersection,0,None,,,1,On Roadway,1,Daylight,,,,,1,Clear,0,No,0000000,Not Applicable,17,5:00pm-5:59pm,25,25,17,5:00pm-5:59pm,32,32,18,6:00pm-6:59pm,0,0,,,,,,,1,
2023,29,290238,Missouri,2,2,0,0,0,4,4,37,CASS (37),0,NOT APPLICABLE,4,4,5,May,2023,5,Thursday,20,8:00pm-8:59pm,9,9,0,This Section IS NOT on the NHS,1,Rural,4,Minor Arterial,1,State Highway Agency,3,State Highway,SR-2,,120,120,38.62750000,38.62750000,-94.432944440,-94.43294444,0,No Special Jurisdiction,12,Motor Vehicle In-Transport,2,Front-to-Front,0,No,1,Non-Junction,1,Not an Intersection,0,None,,,1,On Roadway,1,Daylight,,,,,10,Cloudy,0,No,0000000,Not Applicable,20,8:00pm-8:59pm,11,11,20,8:00pm-8:59pm,20,20,21,9:00pm-9:59pm,25,25,,,,,,,1,
2023,29,290239,Missouri,1,1,0,0,0,4,4,213,TANEY (213),0,NOT APPLICABLE,21,21,4,April,2023,6,Friday,1,1:00am-1:59am,0,0,0,This Section IS NOT on the NHS,1,Rural,4,Minor Arterial,1,State Highway Agency,3,State Highway,SR-76,,170,170,36.62302778,36.62302778,-93.158805560,-93.15880556,0,No Special Jurisdiction,35,Embankment,0,The First Harmful Event was Not a Collision with a Motor Vehicle in Transport,0,No,1,Non-Junction,1,Not an Intersection,0,None,,,4,On Roadside,2,Dark - Not Lighted,,,,,1,Clear,0,No,0000000,Not Applicable,99,Unknown,98,Unknown if Notified,99,Unknown EMS Scene Arrival Hour,98,Unknown if Arrived,88,"Not Applicable (Not Transported) ",88,Not Applicable (Not Transported),,,,,,,1,
2023,29,290240,Missouri,2,2,0,0,0,2,2,143,NEW MADRID (143),0,NOT APPLICABLE,4,4,5,May,2023,5,Thursday,15,3:00pm-3:59pm,20,20,0,This Section IS NOT on the NHS,1,Rural,5,Major Collector,1,State Highway Agency,2,U.S. Highway,US-61,SR-P,140,140,36.67144444,36.67144444,-89.553083330,-89.55308333,0,No Special Jurisdiction,12,Motor Vehicle In-Transport,6,Angle,0,No,2,Intersection,3,T-Intersection,0,None,,,1,On Roadway,1,Daylight,,,,,1,Clear,0,No,0000000,Not Applicable,15,3:00pm-3:59pm,22,22,15,3:00pm-3:59pm,31,31,88,"Not Applicable (Not Transported) ",88,Not Applicable (Not Transported),,,,,,,1,
2023,29,290241,Missouri,2,2,0,0,0,3,3,77,GREENE (77),7460,SPRINGFIELD,5,5,5,May,2023,6,Friday,21,9:00pm-9:59pm,2,2,1,This Section IS ON the NHS,2,Urban,3,Other Principal Arterial,4,City or Municipal Highway Agency,6,Municipal,MU-BATTLEFIELD RD,,40,40,37.15975278,37.15975278,-93.284975000,-93.28497500,0,No Special Jurisdiction,33,Curb,0,The First Harmful Event was Not a Collision with a Motor Vehicle in Transport,0,No,8,Driveway Access Related,1,Not an Intersection,0,None,,,3,On Median,3,Dark - Lighted,,,,,5,"Fog, Smog, Smoke",0,No,0000000,Not Applicable,21,9:00pm-9:59pm,4,4,21,9:00pm-9:59pm,8,8,21,9:00pm-9:59pm,18,18,,,,,,,1,
2023,29,290242,Missouri,5,2,3,0,0,3,3,159,PETTIS (159),0,NOT APPLICABLE,6,6,5,May,2023,7,Saturday,13,1:00pm-1:59pm,11,11,1,This Section IS ON the NHS,2,Urban,3,Other Principal Arterial,1,State Highway Agency,2,U.S. Highway,US-65,MU-REBAR RD,150,150,38.73672222,38.73672222,-93.226277780,-93.22627778,0,No Special Jurisdiction,12,Motor Vehicle In-Transport,6,Angle,0,No,2,Intersection,2,Four-Way Intersection,0,None,,,1,On Roadway,1,Daylight,,,,,1,Clear,0,No,0000000,Not Applicable,13,1:00pm-1:59pm,15,15,13,1:00pm-1:59pm,15,15,99,Unknown,99,Unknown EMS Hospital Arrival Time,,,,,,,1,
2023,29,290243,Missouri,1,1,0,2,2,1,1,189,ST LOUIS (189),650,BERKELEY,6,6,5,May,2023,7,Saturday,0,0:00am-0:59am,20,20,1,This Section IS ON the NHS,2,Urban,1,Interstate,1,State Highway Agency,1,Interstate,I-270,,70,70,38.72394444,38.72394444,-90.331555560,-90.33155556,0,No Special Jurisdiction,8,Pedestrian,0,The First Harmful Event was Not a Collision with a Motor Vehicle in Transport,0,No,1,Non-Junction,1,Not an Intersection,0,None,,,1,On Roadway,2,Dark - Not Lighted,,,,,1,Clear,0,No,0000000,Not Applicable,0,0:00am-0:59am,26,26,0,0:00am-0:59am,34,34,1,1:00am-1:59am,4,4,,,,,,,2,
2023,29,290244,Missouri,1,1,0,0,0,1,1,157,PERRY (157),0,NOT APPLICABLE,7,7,5,May,2023,1,Sunday,1,1:00am-1:59am,40,40,0,This Section IS NOT on the NHS,2,Urban,5,Major Collector,1,State Highway Agency,3,State Highway,SR-B,,20,20,37.70360833,37.70360833,-89.866486110,-89.86648611,0,No Special Jurisdiction,59,"Traffic Sign Support ",0,The First Harmful Event was Not a Collision with a Motor Vehicle in Transport,0,No,1,Non-Junction,1,Not an Intersection,0,None,,,4,On Roadside,2,Dark - Not Lighted,,,,,1,Clear,0,No,0000000,Not Applicable,1,1:00am-1:59am,53,53,1,1:00am-1:59am,56,56,88,"Not Applicable (Not Transported) ",88,Not Applicable (Not Transported),,,,,,,1,
2023,29,290245,Missouri,1,1,0,0,0,2,2,107,LAFAYETTE (107),0,NOT APPLICABLE,7,7,5,May,2023,1,Sunday,8,8:00am-8:59am,20,20,1,This Section IS ON the NHS,1,Rural,1,Interstate,1,State Highway Agency,1,Interstate,I-70,,270,270,38.99150000,38.99150000,-93.611361110,-93.61136111,0,No Special Jurisdiction,1,Rollover/Overturn,0,The First Harmful Event was Not a Collision with a Motor Vehicle in Transport,0,No,1,Non-Junction,1,Not an Intersection,0,None,,,4,On Roadside,1,Daylight,,,,,1,Clear,0,No,0000000,Not Applicable,8,8:00am-8:59am,33,33,8,8:00am-8:59am,42,42,9,9:00am-9:59am,28,28,,,,,,,1,
2023,29,290246,Missouri,2,2,0,0,0,3,3,31,CAPE GIRARDEAU (31),3980,JACKSON,9,9,5,May,2023,3,Tuesday,16,4:00pm-4:59pm,52,52,1,This Section IS ON the NHS,2,Urban,3,Other Principal Arterial,1,State Highway Agency,2,U.S. Highway,US-61,,190,190,37.36385278,37.36385278,-89.632647220,-89.63264722,0,No Special Jurisdiction,12,Motor Vehicle In-Transport,2,Front-to-Front,0,No,8,Driveway Access Related,1,Not an Intersection,0,None,,,1,On Roadway,1,Daylight,,,,,1,Clear,0,No,0000000,Not Applicable,16,4:00pm-4:59pm,58,58,17,5:00pm-5:59pm,8,8,17,5:00pm-5:59pm,26,26,,,,,,,1,
2023,29,290247,Missouri,1,1,0,0,0,1,1,179,REYNOLDS (179),0,NOT APPLICABLE,10,10,5,May,2023,4,Wednesday,5,5:00am-5:59am,30,30,0,This Section IS NOT on the NHS,1,Rural,5,Major Collector,1,State Highway Agency,3,State Highway,SR-N,,60,60,37.53983333,37.53983333,-90.860277780,-90.86027778,0,No Special Jurisdiction,42,Tree (Standing Only),0,The First Harmful Event was Not a Collision with a Motor Vehicle in Transport,0,No,1,Non-Junction,1,Not an Intersection,0,None,,,4,On Roadside,3,Dark - Lighted,,,,,1,Clear,0,No,0000000,Not Applicable,99,Unknown,98,Unknown if Notified,99,Unknown EMS Scene Arrival Hour,98,Unknown if Arrived,88,"Not Applicable (Not Transported) ",88,Not Applicable (Not Transported),,,,,,,1,