caseyear,state,st_case,statename,ve_total,ve_forms,pvh_invl,peds,pernotmvit,permvit,persons,county,countyname,city,cityname,day,dayname,month,monthname,year,day_week,day_weekname,hour,hourname,minute,minutename,nhs,nhsname,rur_urb,rur_urbname,func_sys,func_sysname,rd_owner,rd_ownername,route,routename,tway_id,tway_id2,milept,mileptname,latitude,latitudename,longitud,longitudname,sp_jur,sp_jurname,harm_ev,harm_evname,man_coll,man_collname,reljct1,reljct1name,reljct2,reljct2name,typ_int,typ_intname,wrk_zone,wrk_zonename,road_fnc,road_fncname,rel_road,rel_roadname,lgt_cond,lgt_condname,weather1,weather1name,weather2,weather2name,weather,weathername,sch_bus,sch_busname,rail,railname,not_hour,not_hourname,not_min,not_minname,arr_hour,arr_hourname,arr_min,arr_minname,hosp_hr,hosp_hrname,hosp_mn,hosp_mnname,cf1,cf1name,cf2,cf2name,cf3,cf3name,fatals,drunk_dr
2023,29,290248,Missouri,2,2,0,0,0,3,3,145,NEWTON (145),0,NOT APPLICABLE,10,10,5,May,2023,4,Wednesday,16,4:00pm-4:59pm,45,45,0,This Section IS NOT on the NHS,1,Rural,98,Not Reported,2,County Highway Agency,4,County,CR-SPURGEON RD,,10,10,36.97727778,36.97727778,-94.471194440,-94.47119444,0,No Special Jurisdiction,12,Motor Vehicle In-Transport,2,Front-to-Front,0,No,8,Driveway Access Related,1,Not an Intersection,0,None,,,1,On Roadway,1,Daylight,,,,,10,Cloudy,0,No,0000000,Not Applicable,16,4:00pm-4:59pm,47,47,16,4:00pm-4:59pm,56,56,17,5:00pm-5:59pm,22,22,,,,,,,1,
2023,29,290249,Missouri,2,2,0,0,0,2,2,189,ST LOUIS (189),1050,BRIDGETON,19,19,4,April,2023,4,Wednesday,1,1:00am-1:59am,38,38,1,This Section IS ON the NHS,2,Urban,1,Interstate,1,State Highway Agency,1,Interstate,I-270,,130,130,38.76166667,38.76166667,-90.425172220,-90.42517222,0,No Special Jurisdiction,12,Motor Vehicle In-Transport,1,Front-to-Rear,0,No,1,Non-Junction,1,Not an Intersection,0,None,,,1,On Roadway,3,Dark - Lighted,,,,,1,Clear,0,No,0000000,Not Applicable,1,1:00am-1:59am,45,45,1,1:00am-1:59am,52,52,2,2:00am-2:59am,7,7,,,,,,,1,
2023,29,290250,Missouri,2,2,0,0,0,3,3,187,ST FRANCOIS (187),0,NOT APPLICABLE,2,2,5,May,2023,3,Tuesday,9,9:00am-9:59am,55,55,0,This Section IS NOT on the NHS,1,Rural,5,Major Collector,1,State Highway Agency,3,State Highway,SR-OO,SR-DD,80,80,37.69972222,37.69972222,-90.302277780,-90.30227778,0,No Special Jurisdiction,12,Motor Vehicle In-Transport,6,Angle,0,No,2,Intersection,2,Four-Way Intersection,0,None,,,1,On Roadway,1,Daylight,,,,,1,Clear,0,No,0000000,Not Applicable,99,Unknown,99,Unknown,99,Unknown EMS Scene Arrival Hour,99,Unknown EMS Scene Arrival Minutes,99,Unknown,99,Unknown EMS Hospital Arrival Time,,,,,,,1,
2023,29,290251,Missouri,2,2,0,0,0,2,2,55,CRAWFORD (55),0,NOT APPLICABLE,5,5,5,May,2023,6,Friday,17,5:00pm-5:59pm,42,42,1,This Section IS ON the NHS,1,Rural,1,Interstate,1,State Highway Agency,1,Interstate,I-44,,120,120,38.10172222,38.10172222,-91.353611110,-91.35361111,0,No Special Jurisdiction,12,Motor Vehicle In-Transport,1,Front-to-Rear,0,No,1,Non-Junction,1,Not an Intersection,0,None,,,1,On Roadway,1,Daylight,,,,,1,Clear,0,No,0000000,Not Applicable,99,Unknown,98,Unknown if Notified,99,Unknown EMS Scene Arrival Hour,98,Unknown if Arrived,88,"Not Applicable (Not Transported) ",88,Not Applicable (Not Transported),,,,,,,1,
2023,29,290252,Missouri,2,2,0,0,0,2,2,97,JASPER (97),4100,JOPLIN,10,10,5,May,2023,4,Wednesday,12,12:00pm-12:59pm,41,41,0,This Section IS NOT on the NHS,2,Urban,4,Minor Arterial,4,City or Municipal Highway Agency,6,Municipal,MU-SCHIFFERDECKER AVE,MU-4TH ST,60,60,37.08866389,37.08866389,-94.548808330,-94.54880833,0,No Special Jurisdiction,12,Motor Vehicle In-Transport,6,Angle,0,No,2,Intersection,2,Four-Way Intersection,0,None,,,1,On Roadway,1,Daylight,,,,,10,Cloudy,0,No,0000000,Not Applicable,12,12:00pm-12:59pm,44,44,12,12:00pm-12:59pm,48,48,13,1:00pm-1:59pm,12,12,,,,,,,1,
2023,29,290253,Missouri,2,2,0,0,0,2,2,139,MONTGOMERY (139),5340,MONTGOMERY CITY,11,11,5,May,2023,5,Thursday,15,3:00pm-3:59pm,54,54,0,This Section IS NOT on the NHS,1,Rural,4,Minor Arterial,4,City or Municipal Highway Agency,6,Municipal,MU-STURGEON ST,MU-LONG RD,130,130,38.96680556,38.96680556,-91.495805560,-91.49580556,0,No Special Jurisdiction,12,Motor Vehicle In-Transport,6,Angle,0,No,2,Intersection,2,Four-Way Intersection,0,None,,,1,On Roadway,1,Daylight,,,,,10,Cloudy,0,No,0000000,Not Applicable,99,Unknown,98,Unknown if Notified,99,Unknown EMS Scene Arrival Hour,98,Unknown if Arrived,88,"Not Applicable (Not Transported) ",88,Not Applicable (Not Transported),,,,,,,1,
2023,29,290254,Missouri,1,1,0,1,1,1,1,85,HICKORY (85),0,NOT APPLICABLE,11,11,5,May,2023,5,Thursday,3,3:00am-3:59am,32,32,1,This Section IS ON the NHS,1,Rural,3,Other Principal Arterial,1,State Highway Agency,2,U.S. Highway,US-54,,50,50,37.90916667,37.90916667,-93.499555560,-93.49955556,0,No Special Jurisdiction,8,Pedestrian,0,The First Harmful Event was Not a Collision with a Motor Vehicle in Transport,0,No,1,Non-Junction,1,Not an Intersection,0,None,,,1,On Roadway,2,Dark - Not Lighted,,,,,2,Rain,0,No,0000000,Not Applicable,3,3:00am-3:59am,15,15,3,3:00am-3:59am,45,45,88,"Not Applicable (Not Transported) ",88,Not Applicable (Not Transported),,,,,,,1,
2023,29,290255,Missouri,2,2,0,0,0,2,2,23,BUTLER (23),0,NOT APPLICABLE,11,11,5,May,2023,5,Thursday,12,12:00pm-12:59pm,4,4,1,This Section IS ON the NHS,1,Rural,3,Other Principal Arterial,1,State Highway Agency,2,U.S. Highway,US-60,CR-411,60,60,36.84416667,36.84416667,-90.569805560,-90.56980556,0,No Special Jurisdiction,12,Motor Vehicle In-Transport,6,Angle,0,No,2,Intersection,2,Four-Way Intersection,0,None,,,1,On Roadway,1,Daylight,,,,,10,Cloudy,0,No,0000000,Not Applicable,12,12:00pm-12:59pm,3,3,12,12:00pm-12:59pm,24,24,12,12:00pm-12:59pm,42,42,,,,,,,1,
2023,29,290256,Missouri,2,2,0,0,0,2,2,189,ST LOUIS (189),1050,BRIDGETON,11,11,5,May,2023,5,Thursday,7,7:00am-7:59am,55,55,1,This Section IS ON the NHS,2,Urban,2,Other Freeways and Expressways,1,State Highway Agency,3,State Highway,SR-141,,10,10,38.78555556,38.78555556,-90.459277780,-90.45927778,0,No Special Jurisdiction,12,Motor Vehicle In-Transport,2,Front-to-Front,0,No,1,Non-Junction,1,Not an Intersection,0,None,,,1,On Roadway,1,Daylight,,,,,10,Cloudy,0,No,0000000,Not Applicable,8,8:00am-8:59am,2,2,8,8:00am-8:59am,12,12,88,"Not Applicable (Not Transported) ",88,Not Applicable (Not Transported),,,,,,,1,
2023,29,290257,Missouri,10,10,0,0,0,11,11,109,LAWRENCE (109),0,NOT APPLICABLE,12,12,5,May,2023,6,Friday,16,4:00pm-4:59pm,45,45,1,This Section IS ON the NHS,1,Rural,1,Interstate,1,State Highway Agency,1,Interstate,I-44,,170,170,37.08169444,37.08169444,-93.868916670,-93.86891667,0,No Special Jurisdiction,12,Motor Vehicle In-Transport,1,Front-to-Rear,0,No,1,Non-Junction,1,Not an Intersection,1,Construction,,,1,On Roadway,1,Daylight,,,,,1,Clear,0,No,0000000,Not Applicable,16,4:00pm-4:59pm,46,46,17,5:00pm-5:59pm,1,1,18,6:00pm-6:59pm,7,7,,,,,,,1,
2023,29,290258,Missouri,1,1,0,0,0,1,1,95,JACKSON (95),840,BLUE SPRINGS,12,12,5,May,2023,6,Friday,20,8:00pm-8:59pm,5,5,0,This Section IS NOT on the NHS,2,Urban,4,Minor Arterial,1,State Highway Agency,6,Municipal,MU-RP 103849,MU-WOODS CHAPEL RD,0,None,39.03375556,39.03375556,-94.305261110,-94.30526111,0,No Special Jurisdiction,46,Traffic Signal Support,0,The First Harmful Event was Not a Collision with a Motor Vehicle in Transport,1,Yes,3,Intersection-Related,2,Four-Way Intersection,0,None,,,12,Pedestrian Refuge Island or Traffic Island,3,Dark - Lighted,,,,,1,Clear,0,No,0000000,Not Applicable,20,8:00pm-8:59pm,10,10,20,8:00pm-8:59pm,13,13,88,"Not Applicable (Not Transported) ",88,Not Applicable (Not Transported),,,,,,,1,
2023,29,290259,Missouri,1,1,0,0,0,2,2,163,PIKE (163),0,NOT APPLICABLE,17,17,5,May,2023,4,Wednesday,17,5:00pm-5:59pm,40,40,0,This Section IS NOT on the NHS,1,Rural,98,Not Reported,2,County Highway Agency,4,County,CR-268,,10,10,39.25755556,39.25755556,-91.016194440,-91.01619444,0,No Special Jurisdiction,42,Tree (Standing Only),0,The First Harmful Event was Not a Collision with a Motor Vehicle in Transport,0,No,1,Non-Junction,1,Not an Intersection,0,None,,,4,On Roadside,1,Daylight,,,,,1,Clear,0,No,0000000,Not Applicable,99,Unknown,99,Unknown,99,Unknown EMS Scene Arrival Hour,99,Unknown EMS Scene Arrival Minutes,99,Unknown,99,Unknown EMS Hospital Arrival Time,,,,,,,1,
2023,29,290260,Missouri,2,2,0,0,0,5,5,31,CAPE GIRARDEAU (31),1390,CAPE GIRARDEAU,18,18,5,May,2023,5,Thursday,19,7:00pm-7:59pm,49,49,1,This Section IS ON the NHS,2,Urban,3,Other Principal Arterial,1,State Highway Agency,2,U.S. Highway,US-61,,250,250,37.31096111,37.31096111,-89.552133330,-89.55213333,0,No Special Jurisdiction,12,Motor Vehicle In-Transport,6,Angle,0,No,8,Driveway Access Related,1,Not an Intersection,0,None,,,1,On Roadway,1,Daylight,,,,,10,Cloudy,0,No,0000000,Not Applicable,99,Unknown,99,Unknown,99,Unknown EMS Scene Arrival Hour,99,Unknown EMS Scene Arrival Minutes,99,Unknown,99,Unknown EMS Hospital Arrival Time,,,,,,,1,
2023,29,290261,Missouri,2,2,0,0,0,2,2,109,LAWRENCE (109),0,NOT APPLICABLE,19,19,5,May,2023,6,Friday,8,8:00am-8:59am,15,15,0,This Section IS NOT on the NHS,1,Rural,4,Minor Arterial,1,State Highway Agency,3,State Highway,SR-96,,40,40,37.19172222,37.19172222,-93.981083330,-93.98108333,0,No Special Jurisdiction,12,Motor Vehicle In-Transport,2,Front-to-Front,0,No,1,Non-Junction,1,Not an Intersection,0,None,,,1,On Roadway,1,Daylight,,,,,10,Cloudy,0,No,0000000,Not Applicable,99,Unknown,99,Unknown,99,Unknown EMS Scene Arrival Hour,99,Unknown EMS Scene Arrival Minutes,88,"Not Applicable (Not Transported) ",88,Not Applicable (Not Transported),,,,,,,1,
2023,29,290262,Missouri,1,1,0,0,0,1,1,97,JASPER (97),350,ASBURY,20,20,5,May,2023,7,Saturday,20,8:00pm-8:59pm,25,25,0,This Section IS NOT on the NHS,1,Rural,98,Not Reported,4,City or Municipal Highway Agency,6,Municipal,MU-MAIN,,0,None,37.27452778,37.27452778,-94.607944440,-94.60794444,0,No Special Jurisdiction,30,Utility Pole/Light Support,0,The First Harmful Event was Not a Collision with a Motor Vehicle in Transport,0,No,1,Non-Junction,1,Not an Intersection,0,None,,,4,On Roadside,1,Daylight,,,,,1,Clear,0,No,0000000,Not Applicable,99,Unknown,98,Unknown if Notified,99,Unknown EMS Scene Arrival Hour,98,Unknown if Arrived,88,"Not Applicable (Not Transported) ",88,Not Applicable (Not Transported),,,,,,,1,
2023,29,290263,Missouri,2,2,0,0,0,3,3,167,POLK (167),0,NOT APPLICABLE,20,20,5,May,2023,7,Saturday,19,7:00pm-7:59pm,59,59,0,This Section IS NOT on the NHS,1,Rural,5,Major Collector,1,State Highway Agency,3,State Highway,SR-215,SR-F,190,190,37.45916667,37.45916667,-93.349444440,-93.34944444,0,No Special Jurisdiction,12,Motor Vehicle In-Transport,8,Sideswipe - Opposite Direction,0,No,2,Intersection,2,Four-Way Intersection,0,None,,,1,On Roadway,1,Daylight,,,,,1,Clear,0,No,0000000,Not Applicable,20,8:00pm-8:59pm,0,0,20,8:00pm-8:59pm,15,15,88,"Not Applicable (Not Transported) ",88,Not Applicable (Not Transported),,,,,,,1,
2023,29,290264,Missouri,1,1,0,0,0,1,1,79,GRUNDY (79),0,NOT APPLICABLE,20,20,5,May,2023,7,Saturday,16,4:00pm-4:59pm,45,45,0,This Section IS NOT on the NHS,1,Rural,98,Not Reported,2,County Highway Agency,4,County,CR-SW 30TH AVE,,30,30,40.04947222,40.04947222,-93.643750000,-93.64375000,0,No Special Jurisdiction,5,Fell/Jumped from Vehicle,0,The First Harmful Event was Not a Collision with a Motor Vehicle in Transport,0,No,1,Non-Junction,1,Not an Intersection,0,None,,,4,On Roadside,1,Daylight,,,,,1,Clear,0,No,0000000,Not Applicable,16,4:00pm-4:59pm,54,54,17,5:00pm-5:59pm,5,5,17,5:00pm-5:59pm,29,29,,,,,,,1,
2023,29,290265,Missouri,1,1,0,0,0,1,1,137,MONROE (137),0,NOT APPLICABLE,21,21,5,May,2023,1,Sunday,14,2:00pm-2:59pm,44,44,1,This Section IS ON the NHS,1,Rural,3,Other Principal Arterial,1,State Highway Agency,2,U.S. Highway,US-24,,80,80,39.48036111,39.48036111,-92.162694440,-92.16269444,0,No Special Jurisdiction,10,Railway Vehicle,0,The First Harmful Event was Not a Collision with a Motor Vehicle in Transport,0,No,6,"Railway Grade Crossing ",1,Not an Intersection,0,None,,,1,On Roadway,1,Daylight,,,,,1,Clear,0,No,480707C,480707C,99,Unknown,98,Unknown if Notified,99,Unknown EMS Scene Arrival Hour,98,Unknown if Arrived,88,"Not Applicable (Not Transported) ",88,Not Applicable (Not Transported),,,,,,,1,
2023,29,290266,Missouri,1,1,0,0,0,2,2,91,HOWELL (91),8330,WEST PLAINS,20,20,5,May,2023,7,Saturday,16,4:00pm-4:59pm,39,39,0,This Section IS NOT on the NHS,2,Urban,5,Major Collector,1,State Highway Agency,3,State Highway,SR-BB,,50,50,36.74997222,36.74997222,-91.843750000,-91.84375000,0,No Special Jurisdiction,42,Tree (Standing Only),0,The First Harmful Event was Not a Collision with a Motor Vehicle in Transport,0,No,1,Non-Junction,1,Not an Intersection,0,None,,,4,On Roadside,1,Daylight,,,,,1,Clear,0,No,0000000,Not Applicable,16,4:00pm-4:59pm,41,41,16,4:00pm-4:59pm,53,53,17,5:00pm-5:59pm,17,17,,,,,,,1,
2023,29,290267,Missouri,1,1,0,0,0,1,1,187,ST FRANCOIS (187),0,NOT APPLICABLE,21,21,5,May,2023,1,Sunday,1,1:00am-1:59am,20,20,0,This Section IS NOT on the NHS,1,Rural,5,Major Collector,1,State Highway Agency,3,State Highway,SR-NN,,30,30,37.70516667,37.70516667,-90.565500000,-90.56550000,0,No Special Jurisdiction,1,Rollover/Overturn,0,The First Harmful Event was Not a Collision with a Motor Vehicle in Transport,0,No,1,Non-Junction,1,Not an Intersection,0,None,,,4,On Roadside,2,Dark - Not Lighted,,,,,1,Clear,0,No,0000000,Not Applicable,1,1:00am-1:59am,27,27,1,1:00am-1:59am,43,43,88,"Not Applicable (Not Transported) ",88,Not Applicable (Not Transported),,,,,,,1,
2023,29,290268,Missouri,1,1,0,0,0,1,1,113,LINCOLN (113),0,NOT APPLICABLE,21,21,5,May,2023,1,Sunday,18,6:00pm-6:59pm,55,55,0,This Section IS NOT on the NHS,1,Rural,5,Major Collector,1,State Highway Agency,3,State Highway,SR-E,,0,None,39.08980556,39.08980556,-91.261416670,-91.26141667,0,No Special Jurisdiction,34,Ditch,0,The First Harmful Event was Not a Collision with a Motor Vehicle in Transport,0,No,1,Non-Junction,1,Not an Intersection,0,None,,,4,On Roadside,1,Daylight,,,,,10,Cloudy,0,No,0000000,Not Applicable,99,Unknown,98,Unknown if Notified,99,Unknown EMS Scene Arrival Hour,98,Unknown if Arrived,88,"Not Applicable (Not Transported) ",88,Not Applicable (Not Transported),,,,,,,1,
2023,29,290269,Missouri,1,1,0,0,0,1,1,21,BUCHANAN (21),7070,ST. JOSEPH,18,18,3,March,2023,7,Saturday,6,6:00am-6:59am,43,43,1,This Section IS ON the NHS,2,Urban,3,Other Principal Arterial,1,State Highway Agency,2,U.S. Highway,US-169,,40,40,39.77029167,39.77029167,-94.803383330,-94.80338333,0,No Special Jurisdiction,30,Utility Pole/Light Support,0,The First Harmful Event was Not a Collision with a Motor Vehicle in Transport,0,No,1,Non-Junction,1,Not an Intersection,0,None,,,4,On Roadside,3,Dark - Lighted,,,,,1,Clear,0,No,0000000,Not Applicable,6,6:00am-6:59am,46,46,6,6:00am-6:59am,49,49,7,7:00am-7:59am,8,8,,,,,,,1,
2023,29,290270,Missouri,2,2,0,0,0,4,4,19,BOONE (19),0,NOT APPLICABLE,25,25,4,April,2023,3,Tuesday,16,4:00pm-4:59pm,0,0,1,This Section IS ON the NHS,1,Rural,3,Other Principal Arterial,1,State Highway Agency,2,U.S. Highway,US-63,SR-124,350,350,39.11986111,39.11986111,-92.330277780,-92.33027778,0,No Special Jurisdiction,12,Motor Vehicle In-Transport,6,Angle,0,No,2,Intersection,2,Four-Way Intersection,0,None,,,1,On Roadway,1,Daylight,,,,,1,Clear,0,No,0000000,Not Applicable,16,4:00pm-4:59pm,11,11,16,4:00pm-4:59pm,21,21,16,4:00pm-4:59pm,44,44,,,,,,,1,
2023,29,290271,Missouri,2,2,0,0,0,2,2,169,PULASKI (169),7105,ST. ROBERT,10,10,5,May,2023,4,Wednesday,8,8:00am-8:59am,15,15,0,This Section IS NOT on the NHS,2,Urban,4,Minor Arterial,1,State Highway Agency,3,State Highway,SR- BUS LP 44,MU-J H WILLIAMSON JR DR,50,50,37.82069444,37.82069444,-92.148805560,-92.14880556,0,No Special Jurisdiction,12,Motor Vehicle In-Transport,6,Angle,0,No,2,Intersection,2,Four-Way Intersection,0,None,,,1,On Roadway,1,Daylight,,,,,1,Clear,0,No,0000000,Not Applicable,8,8:00am-8:59am,19,19,8,8:00am-8:59am,26,26,9,9:00am-9:59am,1,1,,,,,,,1,
2023,29,290272,Missouri,1,1,0,0,0,4,4,31,CAPE GIRARDEAU (31),0,NOT APPLICABLE,14,14,5,May,2023,1,Sunday,5,5:00am-5:59am,21,21,0,This Section IS NOT on the NHS,2,Urban,7,Local,2,County Highway Agency,4,County,CR-621,CR-CYPRESS RD,0,None,37.36025000,37.36025000,-89.562944440,-89.56294444,0,No Special Jurisdiction,35,Embankment,0,The First Harmful Event was Not a Collision with a Motor Vehicle in Transport,0,No,3,Intersection-Related,98,Not Reported,0,None,,,4,On Roadside,2,Dark - Not Lighted,,,,,10,Cloudy,0,No,0000000,Not Applicable,5,5:00am-5:59am,42,42,5,5:00am-5:59am,55,55,6,6:00am-6:59am,23,23,,,,,,,2,
2023,29,290273,Missouri,1,1,0,0,0,1,1,223,WAYNE (223),0,NOT APPLICABLE,14,14,5,May,2023,1,Sunday,1,1:00am-1:59am,17,17,0,This Section IS NOT on the NHS,1,Rural,5,Major Collector,1,State Highway Agency,3,State Highway,SR-143,,110,110,37.20988889,37.20988889,-90.532166670,-90.53216667,0,No Special Jurisdiction,38,Fence,0,The First Harmful Event was Not a Collision with a Motor Vehicle in Transport,0,No,1,Non-Junction,1,Not an Intersection,0,None,,,5,Outside Trafficway,2,Dark - Not Lighted,,,,,10,Cloudy,0,No,0000000,Not Applicable,1,1:00am-1:59am,25,25,1,1:00am-1:59am,38,38,88,"Not Applicable (Not Transported) ",88,Not Applicable (Not Transported),,,,,,,1,
2023,29,290274,Missouri,2,2,0,0,0,6,6,167,POLK (167),880,BOLIVAR,14,14,5,May,2023,1,Sunday,12,12:00pm-12:59pm,23,23,1,This Section IS ON the NHS,1,Rural,3,Other Principal Arterial,1,State Highway Agency,3,State Highway,SR-13,CR-490,240,240,37.53806389,37.53806389,-93.379316670,-93.37931667,0,No Special Jurisdiction,12,Motor Vehicle In-Transport,6,Angle,0,No,2,Intersection,2,Four-Way Intersection,0,None,,,1,On Roadway,1,Daylight,,,,,10,Cloudy,0,No,0000000,Not Applicable,12,12:00pm-12:59pm,24,24,12,12:00pm-12:59pm,36,36,99,Unknown,99,Unknown EMS Hospital Arrival Time,,,,,,,1,
2023,29,290275,Missouri,1,1,0,0,0,1,1,95,JACKSON (95),4120,KANSAS CITY,14,14,5,May,2023,1,Sunday,0,0:00am-0:59am,49,49,0,This Section IS NOT on the NHS,2,Urban,4,Minor Arterial,4,City or Municipal Highway Agency,6,Municipal,MU- TRUMAN RD,,110,110,39.09226667,39.09226667,-94.373633330,-94.37363333,0,No Special Jurisdiction,59,"Traffic Sign Support ",0,The First Harmful Event was Not a Collision with a Motor Vehicle in Transport,0,No,1,Non-Junction,1,Not an Intersection,0,None,,,4,On Roadside,3,Dark - Lighted,,,,,10,Cloudy,0,No,0000000,Not Applicable,0,0:00am-0:59am,51,51,0,0:00am-0:59am,54,54,1,1:00am-1:59am,7,7,,,,,,,1,
2023,29,290276,Missouri,2,2,0,0,0,4,4,143,NEW MADRID (143),0,NOT APPLICABLE,15,15,5,May,2023,2,Monday,18,6:00pm-6:59pm,6,6,1,This Section IS ON the NHS,1,Rural,1,Interstate,1,State Highway Agency,1,Interstate,I-55,,100,100,36.72425000,36.72425000,-89.538111110,-89.53811111,0,No Special Jurisdiction,12,Motor Vehicle In-Transport,1,Front-to-Rear,0,No,1,Non-Junction,1,Not an Intersection,0,None,,,1,On Roadway,1,Daylight,,,,,10,Cloudy,0,No,0000000,Not Applicable,18,6:00pm-6:59pm,16,16,18,6:00pm-6:59pm,38,38,19,7:00pm-7:59pm,29,29,,,,,,,1,
2023,29,290277,Missouri,2,2,0,0,0,2,2,99,JEFFERSON (99),2020,CRYSTAL CITY,15,15,5,May,2023,2,Monday,11,11:00am-11:59am,0,0,0,This Section IS NOT on the NHS,2,Urban,5,Major Collector,1,State Highway Agency,2,U.S. Highway,US-61,,200,200,38.19526667,38.19526667,-90.395486110,-90.39548611,0,No Special Jurisdiction,12,Motor Vehicle In-Transport,6,Angle,0,No,8,Driveway Access Related,1,Not an Intersection,0,None,,,1,On Roadway,1,Daylight,,,,,1,Clear,0,No,0000000,Not Applicable,11,11:00am-11:59am,4,4,11,11:00am-11:59am,7,7,11,11:00am-11:59am,48,48,,,,,,,1,
2023,29,290278,Missouri,2,2,0,0,0,2,2,155,PEMISCOT (155),0,NOT APPLICABLE,17,17,5,May,2023,4,Wednesday,11,11:00am-11:59am,8,8,1,This Section IS ON the NHS,1,Rural,3,Other Principal Arterial,1,State Highway Agency,2,U.S. Highway,US-412,SR-NN,280,280,36.23513889,36.23513889,-89.961388890,-89.96138889,0,No Special Jurisdiction,12,Motor Vehicle In-Transport,6,Angle,0,No,2,Intersection,2,Four-Way Intersection,0,None,,,1,On Roadway,1,Daylight,,,,,1,Clear,0,No,0000000,Not Applicable,11,11:00am-11:59am,14,14,11,11:00am-11:59am,21,21,12,12:00pm-12:59pm,6,6,,,,,,,1,
2023,29,290279,Missouri,1,1,0,0,0,2,2,47,CLAY (47),4120,KANSAS CITY,15,15,4,April,2023,7,Saturday,2,2:00am-2:59am,25,25,1,This Section IS ON the NHS,2,Urban,1,Interstate,1,State Highway Agency,1,Interstate,I-35,,220,220,39.18336111,39.18336111,-94.521666670,-94.52166667,0,No Special Jurisdiction,1,Rollover/Overturn,0,The First Harmful Event was Not a Collision with a Motor Vehicle in Transport,0,No,1,Non-Junction,1,Not an Intersection,0,None,,,4,On Roadside,2,Dark - Not Lighted,,,,,2,Rain,0,No,0000000,Not Applicable,2,2:00am-2:59am,29,29,2,2:00am-2:59am,36,36,2,2:00am-2:59am,57,57,,,,,,,1,
2023,29,290280,Missouri,3,3,0,0,0,8,8,510,ST. LOUIS (CITY) (510),7080,ST. LOUIS,8,8,5,May,2023,2,Monday,15,3:00pm-3:59pm,21,21,1,This Section IS ON the NHS,2,Urban,3,Other Principal Arterial,1,State Highway Agency,6,Municipal,MU-PAGE BLVD,MU-HAMILTON AVE,0,None,38.66847778,38.66847778,-90.286088890,-90.28608889,0,No Special Jurisdiction,12,Motor Vehicle In-Transport,2,Front-to-Front,0,No,2,Intersection,2,Four-Way Intersection,0,None,,,1,On Roadway,1,Daylight,,,,,1,Clear,0,No,0000000,Not Applicable,15,3:00pm-3:59pm,19,19,15,3:00pm-3:59pm,25,25,16,4:00pm-4:59pm,13,13,,,,,,,1,
2023,29,290281,Missouri,2,2,0,0,0,3,3,95,JACKSON (95),6639,RAYTOWN,11,11,5,May,2023,5,Thursday,8,8:00am-8:59am,0,0,0,This Section IS NOT on the NHS,2,Urban,4,Minor Arterial,4,City or Municipal Highway Agency,6,Municipal,MU-BLUE RIDGE BLVD,,20,20,38.99325000,38.99325000,-94.481861110,-94.48186111,0,No Special Jurisdiction,12,Motor Vehicle In-Transport,6,Angle,0,No,1,Non-Junction,1,Not an Intersection,0,None,,,1,On Roadway,1,Daylight,,,,,2,Rain,0,No,0000000,Not Applicable,99,Unknown,98,Unknown if Notified,99,Unknown EMS Scene Arrival Hour,98,Unknown if Arrived,88,"Not Applicable (Not Transported) ",88,Not Applicable (Not Transported),,,,,,,2,
2023,29,290282,Missouri,1,1,0,1,1,1,1,15,BENTON (15),0,NOT APPLICABLE,19,19,5,May,2023,6,Friday,22,10:00pm-10:59pm,5,5,0,This Section IS NOT on the NHS,1,Rural,5,Major Collector,1,State Highway Agency,3,State Highway,SR-B,,10,10,38.44858333,38.44858333,-93.185916670,-93.18591667,0,No Special Jurisdiction,8,Pedestrian,0,The First Harmful Event was Not a Collision with a Motor Vehicle in Transport,0,No,1,Non-Junction,1,Not an Intersection,0,None,,,1,On Roadway,2,Dark - Not Lighted,,,,,1,Clear,0,No,0000000,Not Applicable,99,Unknown,99,Unknown,99,Unknown EMS Scene Arrival Hour,99,Unknown EMS Scene Arrival Minutes,88,"Not Applicable (Not Transported) ",88,Not Applicable (Not Transported),,,,,,,1,
2023,29,290283,Missouri,1,1,0,0,0,3,3,201,SCOTT (201),0,NOT APPLICABLE,19,19,5,May,2023,6,Friday,11,11:00am-11:59am,50,50,0,This Section IS NOT on the NHS,1,Rural,5,Major Collector,1,State Highway Agency,3,State Highway,SR-E,,20,20,37.11927778,37.11927778,-89.525527780,-89.52552778,0,No Special Jurisdiction,1,Rollover/Overturn,0,The First Harmful Event was Not a Collision with a Motor Vehicle in Transport,0,No,1,Non-Junction,1,Not an Intersection,0,None,,,4,On Roadside,1,Daylight,,,,,10,Cloudy,0,No,0000000,Not Applicable,11,11:00am-11:59am,55,55,12,12:00pm-12:59pm,15,15,12,12:00pm-12:59pm,35,35,,,,,,,1,
2023,29,290284,Missouri,2,2,0,0,0,2,2,127,MARION (127),0,NOT APPLICABLE,22,22,5,May,2023,2,Monday,23,11:00pm-11:59pm,35,35,1,This Section IS ON the NHS,1,Rural,3,Other Principal Arterial,1,State Highway Agency,2,U.S. Highway,US-61,,170,170,39.74375000,39.74375000,-91.463055560,-91.46305556,0,No Special Jurisdiction,12,Motor Vehicle In-Transport,2,Front-to-Front,0,No,1,Non-Junction,1,Not an Intersection,0,None,,,1,On Roadway,2,Dark - Not Lighted,,,,,1,Clear,0,No,0000000,Not Applicable,23,11:00pm-11:59pm,45,45,0,0:00am-0:59am,6,6,0,0:00am-0:59am,57,57,,,,,,,1,
2023,29,290285,Missouri,2,2,0,0,0,3,3,189,ST LOUIS (189),0,NOT APPLICABLE,22,22,5,May,2023,2,Monday,21,9:00pm-9:59pm,5,5,1,This Section IS ON the NHS,2,Urban,3,Other Principal Arterial,1,State Highway Agency,3,State Highway,SR-AC,,30,30,38.77585833,38.77585833,-90.273088890,-90.27308889,0,No Special Jurisdiction,12,Motor Vehicle In-Transport,2,Front-to-Front,0,No,1,Non-Junction,1,Not an Intersection,0,None,,,1,On Roadway,2,Dark - Not Lighted,,,,,1,Clear,0,No,0000000,Not Applicable,21,9:00pm-9:59pm,7,7,21,9:00pm-9:59pm,12,12,21,9:00pm-9:59pm,33,33,,,,,,,3,