caseyear,state,st_case,statename,ve_total,ve_forms,pvh_invl,peds,pernotmvit,permvit,persons,county,countyname,city,cityname,day,dayname,month,monthname,year,day_week,day_weekname,hour,hourname,minute,minutename,nhs,nhsname,rur_urb,rur_urbname,func_sys,func_sysname,rd_owner,rd_ownername,route,routename,tway_id,tway_id2,milept,mileptname,latitude,latitudename,longitud,longitudname,sp_jur,sp_jurname,harm_ev,harm_evname,man_coll,man_collname,reljct1,reljct1name,reljct2,reljct2name,typ_int,typ_intname,wrk_zone,wrk_zonename,road_fnc,road_fncname,rel_road,rel_roadname,lgt_cond,lgt_condname,weather1,weather1name,weather2,weather2name,weather,weathername,sch_bus,sch_busname,rail,railname,not_hour,not_hourname,not_min,not_minname,arr_hour,arr_hourname,arr_min,arr_minname,hosp_hr,hosp_hrname,hosp_mn,hosp_mnname,cf1,cf1name,cf2,cf2name,cf3,cf3name,fatals,drunk_dr
2023,29,290286,Missouri,1,1,0,0,0,2,2,510,ST. LOUIS (CITY) (510),7080,ST. LOUIS,22,22,5,May,2023,2,Monday,1,1:00am-1:59am,53,53,1,This Section IS ON the NHS,2,Urban,1,Interstate,1,State Highway Agency,1,Interstate,I-55 RAMP,,0,None,38.61027778,38.61027778,-90.210311110,-90.21031111,0,No Special Jurisdiction,1,Rollover/Overturn,0,The First Harmful Event was Not a Collision with a Motor Vehicle in Transport,1,Yes,20,Entrance/Exit Ramp,1,Not an Intersection,0,None,,,1,On Roadway,3,Dark - Lighted,,,,,1,Clear,0,No,0000000,Not Applicable,1,1:00am-1:59am,55,55,2,2:00am-2:59am,8,8,99,Unknown,99,Unknown EMS Hospital Arrival Time,,,,,,,1,
2023,29,290287,Missouri,2,2,0,0,0,3,3,95,JACKSON (95),4120,KANSAS CITY,22,22,5,May,2023,2,Monday,1,1:00am-1:59am,58,58,0,This Section IS NOT on the NHS,2,Urban,4,Minor Arterial,4,City or Municipal Highway Agency,6,Municipal,MU-TRUMAN RD,MU-INDIANA AVE,20,20,39.09440278,39.09440278,-94.542433330,-94.54243333,0,No Special Jurisdiction,12,Motor Vehicle In-Transport,1,Front-to-Rear,0,No,2,Intersection,2,Four-Way Intersection,0,None,,,1,On Roadway,3,Dark - Lighted,,,,,1,Clear,0,No,0000000,Not Applicable,99,Unknown,98,Unknown if Notified,99,Unknown EMS Scene Arrival Hour,98,Unknown if Arrived,88,"Not Applicable (Not Transported) ",88,Not Applicable (Not Transported),,,,,,,1,
2023,29,290288,Missouri,1,1,0,1,1,1,1,165,PLATTE (165),0,NOT APPLICABLE,23,23,5,May,2023,3,Tuesday,18,6:00pm-6:59pm,30,30,0,This Section IS NOT on the NHS,1,Rural,5,Major Collector,1,State Highway Agency,3,State Highway,SR-M,,60,60,39.48968889,39.48968889,-94.900688890,-94.90068889,0,No Special Jurisdiction,39,Wall,0,The First Harmful Event was Not a Collision with a Motor Vehicle in Transport,0,No,1,Non-Junction,1,Not an Intersection,0,None,,,4,On Roadside,1,Daylight,,,,,1,Clear,0,No,0000000,Not Applicable,99,Unknown,98,Unknown if Notified,99,Unknown EMS Scene Arrival Hour,98,Unknown if Arrived,88,"Not Applicable (Not Transported) ",88,Not Applicable (Not Transported),,,,,,,1,
2023,29,290289,Missouri,3,3,0,0,0,5,5,165,PLATTE (165),4120,KANSAS CITY,23,23,5,May,2023,3,Tuesday,18,6:00pm-6:59pm,11,11,0,This Section IS NOT on the NHS,2,Urban,4,Minor Arterial,4,City or Municipal Highway Agency,6,Municipal,MU-NW 68TH ST,MU-NW WAUKOMIS DR,30,30,39.21728611,39.21728611,-94.619577780,-94.61957778,0,No Special Jurisdiction,12,Motor Vehicle In-Transport,6,Angle,0,No,2,Intersection,3,T-Intersection,0,None,,,1,On Roadway,1,Daylight,,,,,10,Cloudy,0,No,0000000,Not Applicable,18,6:00pm-6:59pm,11,11,18,6:00pm-6:59pm,14,14,19,7:00pm-7:59pm,1,1,,,,,,,1,
2023,29,290290,Missouri,1,1,0,0,0,2,2,77,GREENE (77),0,NOT APPLICABLE,24,24,5,May,2023,4,Wednesday,0,0:00am-0:59am,2,2,0,This Section IS NOT on the NHS,1,Rural,7,Local,2,County Highway Agency,4,County,CR-141,,20,20,37.29638889,37.29638889,-93.324966670,-93.32496667,0,No Special Jurisdiction,11,Live Animal,0,The First Harmful Event was Not a Collision with a Motor Vehicle in Transport,0,No,1,Non-Junction,1,Not an Intersection,0,None,,,1,On Roadway,3,Dark - Lighted,,,,,1,Clear,0,No,0000000,Not Applicable,0,0:00am-0:59am,7,7,0,0:00am-0:59am,15,15,0,0:00am-0:59am,40,40,,,,,,,1,
2023,29,290291,Missouri,2,2,0,0,0,2,2,127,MARION (127),0,NOT APPLICABLE,25,25,5,May,2023,5,Thursday,17,5:00pm-5:59pm,25,25,0,This Section IS NOT on the NHS,2,Urban,98,Not Reported,2,County Highway Agency,4,County,CR-430,,0,None,39.68802778,39.68802778,-91.358666670,-91.35866667,0,No Special Jurisdiction,12,Motor Vehicle In-Transport,2,Front-to-Front,0,No,1,Non-Junction,1,Not an Intersection,0,None,,,1,On Roadway,1,Daylight,,,,,1,Clear,0,No,0000000,Not Applicable,17,5:00pm-5:59pm,27,27,17,5:00pm-5:59pm,38,38,88,"Not Applicable (Not Transported) ",88,Not Applicable (Not Transported),,,,,,,1,
2023,29,290292,Missouri,1,1,0,0,0,1,1,95,JACKSON (95),4490,LEES SUMMIT,25,25,5,May,2023,5,Thursday,15,3:00pm-3:59pm,4,4,1,This Section IS ON the NHS,2,Urban,1,Interstate,1,State Highway Agency,1,Interstate,I-470,,130,130,38.98236111,38.98236111,-94.355944440,-94.35594444,0,No Special Jurisdiction,21,Bridge Pier or Support,0,The First Harmful Event was Not a Collision with a Motor Vehicle in Transport,0,No,1,Non-Junction,1,Not an Intersection,0,None,,,4,On Roadside,1,Daylight,,,,,1,Clear,0,No,0000000,Not Applicable,15,3:00pm-3:59pm,5,5,15,3:00pm-3:59pm,12,12,15,3:00pm-3:59pm,23,23,,,,,,,1,
2023,29,290293,Missouri,2,2,0,0,0,6,6,31,CAPE GIRARDEAU (31),1390,CAPE GIRARDEAU,25,25,5,May,2023,5,Thursday,15,3:00pm-3:59pm,20,20,0,This Section IS NOT on the NHS,2,Urban,4,Minor Arterial,4,City or Municipal Highway Agency,6,Municipal,MU-BROADWAY,MU-WEST END BLVD,10,10,37.30999722,37.30999722,-89.535422220,-89.53542222,0,No Special Jurisdiction,12,Motor Vehicle In-Transport,6,Angle,0,No,2,Intersection,2,Four-Way Intersection,0,None,,,1,On Roadway,1,Daylight,,,,,1,Clear,0,No,0000000,Not Applicable,15,3:00pm-3:59pm,21,21,15,3:00pm-3:59pm,32,32,15,3:00pm-3:59pm,44,44,,,,,,,1,
2023,29,290294,Missouri,1,1,0,1,1,1,1,181,RIPLEY (181),0,NOT APPLICABLE,26,26,5,May,2023,6,Friday,20,8:00pm-8:59pm,30,30,0,This Section IS NOT on the NHS,1,Rural,5,Major Collector,1,State Highway Agency,3,State Highway,SR-U,,0,None,36.59558333,36.59558333,-90.820583330,-90.82058333,0,No Special Jurisdiction,8,Pedestrian,0,The First Harmful Event was Not a Collision with a Motor Vehicle in Transport,0,No,1,Non-Junction,1,Not an Intersection,0,None,,,1,On Roadway,1,Daylight,,,,,1,Clear,0,No,0000000,Not Applicable,99,Unknown,98,Unknown if Notified,99,Unknown EMS Scene Arrival Hour,98,Unknown if Arrived,88,"Not Applicable (Not Transported) ",88,Not Applicable (Not Transported),,,,,,,1,
2023,29,290295,Missouri,2,2,0,0,0,3,3,117,LIVINGSTON (117),1590,CHILLICOTHE,26,26,5,May,2023,6,Friday,8,8:00am-8:59am,30,30,0,This Section IS NOT on the NHS,2,Urban,4,Minor Arterial,4,City or Municipal Highway Agency,6,Municipal,MU-BU 36,"MU-MITCHELL AVE ",10,10,39.77541111,39.77541111,-93.539127780,-93.53912778,0,No Special Jurisdiction,12,Motor Vehicle In-Transport,6,Angle,0,No,2,Intersection,2,Four-Way Intersection,0,None,,,1,On Roadway,1,Daylight,,,,,1,Clear,0,No,0000000,Not Applicable,8,8:00am-8:59am,30,30,8,8:00am-8:59am,34,34,8,8:00am-8:59am,54,54,,,,,,,1,
2023,29,290296,Missouri,3,3,0,0,0,3,3,99,JEFFERSON (99),0,NOT APPLICABLE,26,26,5,May,2023,6,Friday,21,9:00pm-9:59pm,30,30,0,This Section IS NOT on the NHS,1,Rural,5,Major Collector,1,State Highway Agency,3,State Highway,SR-E,,20,20,38.10545556,38.10545556,-90.559797220,-90.55979722,0,No Special Jurisdiction,12,Motor Vehicle In-Transport,2,Front-to-Front,0,No,1,Non-Junction,1,Not an Intersection,0,None,,,1,On Roadway,2,Dark - Not Lighted,,,,,1,Clear,0,No,0000000,Not Applicable,99,Unknown,99,Unknown,99,Unknown EMS Scene Arrival Hour,99,Unknown EMS Scene Arrival Minutes,99,Unknown,99,Unknown EMS Hospital Arrival Time,,,,,,,1,
2023,29,290297,Missouri,1,1,0,0,0,1,1,99,JEFFERSON (99),0,NOT APPLICABLE,27,27,5,May,2023,7,Saturday,17,5:00pm-5:59pm,55,55,0,This Section IS NOT on the NHS,2,Urban,4,Minor Arterial,2,County Highway Agency,4,County,CR-OLD LEMAY FERRY RD,,10,10,38.41638889,38.41638889,-90.415861110,-90.41586111,0,No Special Jurisdiction,30,Utility Pole/Light Support,0,The First Harmful Event was Not a Collision with a Motor Vehicle in Transport,0,No,1,Non-Junction,1,Not an Intersection,0,None,,,4,On Roadside,1,Daylight,,,,,1,Clear,0,No,0000000,Not Applicable,18,6:00pm-6:59pm,2,2,18,6:00pm-6:59pm,7,7,18,6:00pm-6:59pm,38,38,,,,,,,1,
2023,29,290298,Missouri,1,1,0,0,0,4,4,189,ST LOUIS (189),7980,VELDA VILLAGE,27,27,5,May,2023,7,Saturday,14,2:00pm-2:59pm,25,25,1,This Section IS ON the NHS,2,Urban,3,Other Principal Arterial,4,City or Municipal Highway Agency,6,Municipal,MU-LUCAS AND HUNT RD,,40,40,38.69163889,38.69163889,-90.295866670,-90.29586667,0,No Special Jurisdiction,30,Utility Pole/Light Support,0,The First Harmful Event was Not a Collision with a Motor Vehicle in Transport,0,No,1,Non-Junction,1,Not an Intersection,0,None,,,4,On Roadside,1,Daylight,,,,,1,Clear,0,No,0000000,Not Applicable,14,2:00pm-2:59pm,30,30,14,2:00pm-2:59pm,34,34,14,2:00pm-2:59pm,52,52,,,,,,,1,
2023,29,290299,Missouri,1,1,0,1,1,1,1,189,ST LOUIS (189),7940,VALLEY PARK,15,15,3,March,2023,4,Wednesday,21,9:00pm-9:59pm,17,17,1,This Section IS ON the NHS,2,Urban,2,Other Freeways and Expressways,1,State Highway Agency,3,State Highway,SR-141,,190,190,38.54826667,38.54826667,-90.494222220,-90.49422222,0,No Special Jurisdiction,8,Pedestrian,0,The First Harmful Event was Not a Collision with a Motor Vehicle in Transport,0,No,1,Non-Junction,1,Not an Intersection,0,None,,,1,On Roadway,3,Dark - Lighted,,,,,1,Clear,0,No,0000000,Not Applicable,21,9:00pm-9:59pm,33,33,21,9:00pm-9:59pm,33,33,21,9:00pm-9:59pm,58,58,,,,,,,1,
2023,29,290300,Missouri,2,2,0,0,0,6,6,27,CALLAWAY (27),2960,FULTON,21,21,4,April,2023,6,Friday,15,3:00pm-3:59pm,35,35,0,This Section IS NOT on the NHS,2,Urban,5,Major Collector,4,City or Municipal Highway Agency,6,Municipal,MU-WESTMINSTER AVE,,30,30,38.84297222,38.84297222,-91.954444440,-91.95444444,0,No Special Jurisdiction,12,Motor Vehicle In-Transport,6,Angle,0,No,1,Non-Junction,1,Not an Intersection,0,None,,,1,On Roadway,1,Daylight,,,,,1,Clear,1,Yes,0000000,Not Applicable,15,3:00pm-3:59pm,32,32,15,3:00pm-3:59pm,44,44,16,4:00pm-4:59pm,40,40,,,,,,,2,
2023,29,290301,Missouri,1,1,0,0,0,1,1,99,JEFFERSON (99),0,NOT APPLICABLE,29,29,4,April,2023,7,Saturday,21,9:00pm-9:59pm,25,25,0,This Section IS NOT on the NHS,6,Trafficway Not in State Inventory,96,Trafficway Not in State Inventory,96,Trafficway Not in State Inventory,96,Trafficway Not in State Inventory,PVT-LAKE WAUWANOKA RD,,0,None,38.23681389,38.23681389,-90.545586110,-90.54558611,0,No Special Jurisdiction,31,"Post, Pole or Other Supports",0,The First Harmful Event was Not a Collision with a Motor Vehicle in Transport,0,No,1,Non-Junction,1,Not an Intersection,0,None,,,4,On Roadside,3,Dark - Lighted,,,,,1,Clear,0,No,0000000,Not Applicable,21,9:00pm-9:59pm,24,24,21,9:00pm-9:59pm,34,34,22,10:00pm-10:59pm,17,17,,,,,,,1,
2023,29,290302,Missouri,1,1,0,0,0,1,1,27,CALLAWAY (27),0,NOT APPLICABLE,7,7,5,May,2023,1,Sunday,9,9:00am-9:59am,15,15,1,This Section IS ON the NHS,1,Rural,3,Other Principal Arterial,1,State Highway Agency,2,U.S. Highway,US-63,CR-394,60,60,38.65127778,38.65127778,-92.206416670,-92.20641667,0,No Special Jurisdiction,59,"Traffic Sign Support ",0,The First Harmful Event was Not a Collision with a Motor Vehicle in Transport,0,No,3,Intersection-Related,2,Four-Way Intersection,0,None,,,4,On Roadside,1,Daylight,,,,,1,Clear,0,No,0000000,Not Applicable,9,9:00am-9:59am,14,14,9,9:00am-9:59am,34,34,10,10:00am-10:59am,23,23,,,,,,,1,
2023,29,290303,Missouri,2,2,0,0,0,3,3,37,CASS (37),0,NOT APPLICABLE,24,24,5,May,2023,4,Wednesday,6,6:00am-6:59am,25,25,1,This Section IS ON the NHS,1,Rural,3,Other Principal Arterial,1,State Highway Agency,3,State Highway,SR-291,,80,80,38.71850556,38.71850556,-94.367975000,-94.36797500,0,No Special Jurisdiction,12,Motor Vehicle In-Transport,2,Front-to-Front,0,No,1,Non-Junction,1,Not an Intersection,0,None,,,1,On Roadway,1,Daylight,,,,,1,Clear,0,No,0000000,Not Applicable,6,6:00am-6:59am,29,29,6,6:00am-6:59am,39,39,7,7:00am-7:59am,18,18,,,,,,,2,
2023,29,290304,Missouri,1,1,0,0,0,2,2,211,SULLIVAN (211),0,NOT APPLICABLE,27,27,5,May,2023,7,Saturday,12,12:00pm-12:59pm,20,20,0,This Section IS NOT on the NHS,1,Rural,4,Minor Arterial,1,State Highway Agency,3,State Highway,SR-5,,100,100,40.25402778,40.25402778,-93.102166670,-93.10216667,0,No Special Jurisdiction,1,Rollover/Overturn,0,The First Harmful Event was Not a Collision with a Motor Vehicle in Transport,0,No,1,Non-Junction,1,Not an Intersection,0,None,,,4,On Roadside,1,Daylight,,,,,1,Clear,0,No,0000000,Not Applicable,12,12:00pm-12:59pm,22,22,12,12:00pm-12:59pm,36,36,88,"Not Applicable (Not Transported) ",88,Not Applicable (Not Transported),,,,,,,1,
2023,29,290305,Missouri,2,2,0,0,0,2,2,177,RAY (177),0,NOT APPLICABLE,27,27,5,May,2023,7,Saturday,10,10:00am-10:59am,20,20,0,This Section IS NOT on the NHS,1,Rural,5,Major Collector,1,State Highway Agency,3,State Highway,SR-M,,50,50,39.35052778,39.35052778,-94.145250000,-94.14525000,0,No Special Jurisdiction,1,Rollover/Overturn,0,The First Harmful Event was Not a Collision with a Motor Vehicle in Transport,0,No,8,Driveway Access Related,1,Not an Intersection,0,None,,,1,On Roadway,1,Daylight,,,,,1,Clear,0,No,0000000,Not Applicable,10,10:00am-10:59am,21,21,10,10:00am-10:59am,33,33,88,"Not Applicable (Not Transported) ",88,Not Applicable (Not Transported),,,,,,,1,
2023,29,290306,Missouri,1,1,0,0,0,2,2,173,RALLS (173),0,NOT APPLICABLE,27,27,5,May,2023,7,Saturday,20,8:00pm-8:59pm,26,26,0,This Section IS NOT on the NHS,1,Rural,6,Minor Collector,1,State Highway Agency,3,State Highway,SR-M,,20,20,39.64212500,39.64212500,-91.447038890,-91.44703889,0,No Special Jurisdiction,1,Rollover/Overturn,0,The First Harmful Event was Not a Collision with a Motor Vehicle in Transport,0,No,1,Non-Junction,1,Not an Intersection,0,None,,,1,On Roadway,1,Daylight,,,,,1,Clear,0,No,0000000,Not Applicable,20,8:00pm-8:59pm,26,26,20,8:00pm-8:59pm,36,36,21,9:00pm-9:59pm,1,1,,,,,,,1,
2023,29,290307,Missouri,1,1,0,0,0,1,1,55,CRAWFORD (55),0,NOT APPLICABLE,27,27,5,May,2023,7,Saturday,11,11:00am-11:59am,13,13,0,This Section IS NOT on the NHS,1,Rural,98,Not Reported,2,County Highway Agency,4,County,CR-HICKORY RIDGE RD,,0,None,37.99627778,37.99627778,-91.304750000,-91.30475000,0,No Special Jurisdiction,34,Ditch,0,The First Harmful Event was Not a Collision with a Motor Vehicle in Transport,0,No,1,Non-Junction,1,Not an Intersection,0,None,,,4,On Roadside,1,Daylight,,,,,1,Clear,0,No,0000000,Not Applicable,11,11:00am-11:59am,12,12,11,11:00am-11:59am,21,21,12,12:00pm-12:59pm,13,13,,,,,,,1,
2023,29,290308,Missouri,1,1,0,0,0,2,2,179,REYNOLDS (179),0,NOT APPLICABLE,28,28,5,May,2023,1,Sunday,15,3:00pm-3:59pm,10,10,0,This Section IS NOT on the NHS,1,Rural,5,Major Collector,1,State Highway Agency,3,State Highway,SR-K,,170,170,37.32555556,37.32555556,-90.761472220,-90.76147222,0,No Special Jurisdiction,35,Embankment,0,The First Harmful Event was Not a Collision with a Motor Vehicle in Transport,0,No,1,Non-Junction,1,Not an Intersection,0,None,,,4,On Roadside,1,Daylight,,,,,1,Clear,0,No,0000000,Not Applicable,15,3:00pm-3:59pm,11,11,15,3:00pm-3:59pm,33,33,17,5:00pm-5:59pm,6,6,,,,,,,1,
2023,29,290309,Missouri,2,2,0,0,0,2,2,19,BOONE (19),1800,COLUMBIA,6,6,3,March,2023,2,Monday,12,12:00pm-12:59pm,24,24,0,This Section IS NOT on the NHS,2,Urban,4,Minor Arterial,4,City or Municipal Highway Agency,6,Municipal,MU-NIFONG BLVD,MU-BAURICHTER DR,20,20,38.90781667,38.90781667,-92.348027780,-92.34802778,0,No Special Jurisdiction,12,Motor Vehicle In-Transport,6,Angle,0,No,2,Intersection,2,Four-Way Intersection,0,None,,,1,On Roadway,1,Daylight,,,,,1,Clear,0,No,0000000,Not Applicable,99,Unknown,98,Unknown if Notified,99,Unknown EMS Scene Arrival Hour,98,Unknown if Arrived,88,"Not Applicable (Not Transported) ",88,Not Applicable (Not Transported),,,,,,,1,
2023,29,290310,Missouri,1,1,0,0,0,2,2,99,JEFFERSON (99),2720,FESTUS,30,30,4,April,2023,1,Sunday,1,1:00am-1:59am,5,5,1,This Section IS ON the NHS,2,Urban,1,Interstate,1,State Highway Agency,1,Interstate,I-55,,160,160,38.23338611,38.23338611,-90.403736110,-90.40373611,0,No Special Jurisdiction,35,Embankment,0,The First Harmful Event was Not a Collision with a Motor Vehicle in Transport,0,No,1,Non-Junction,1,Not an Intersection,0,None,,,4,On Roadside,2,Dark - Not Lighted,,,,,1,Clear,0,No,0000000,Not Applicable,99,Unknown,99,Unknown,99,Unknown EMS Scene Arrival Hour,99,Unknown EMS Scene Arrival Minutes,99,Unknown,99,Unknown EMS Hospital Arrival Time,,,,,,,1,
2023,29,290311,Missouri,3,3,0,0,0,4,4,510,ST. LOUIS (CITY) (510),7080,ST. LOUIS,21,21,5,May,2023,1,Sunday,4,4:00am-4:59am,20,20,1,This Section IS ON the NHS,2,Urban,1,Interstate,1,State Highway Agency,1,Interstate,I-70,,30,30,38.67040833,38.67040833,-90.202319440,-90.20231944,0,No Special Jurisdiction,12,Motor Vehicle In-Transport,1,Front-to-Rear,0,No,1,Non-Junction,1,Not an Intersection,0,None,,,1,On Roadway,3,Dark - Lighted,,,,,1,Clear,0,No,0000000,Not Applicable,4,4:00am-4:59am,35,35,4,4:00am-4:59am,45,45,5,5:00am-5:59am,26,26,,,,,,,1,
2023,29,290312,Missouri,1,1,0,0,0,2,2,161,PHELPS (161),0,NOT APPLICABLE,28,28,5,May,2023,1,Sunday,15,3:00pm-3:59pm,40,40,0,This Section IS NOT on the NHS,1,Rural,7,Local,2,County Highway Agency,4,County,CR-1140,,10,10,38.04975000,38.04975000,-91.570777780,-91.57077778,0,No Special Jurisdiction,1,Rollover/Overturn,0,The First Harmful Event was Not a Collision with a Motor Vehicle in Transport,0,No,1,Non-Junction,1,Not an Intersection,0,None,,,4,On Roadside,1,Daylight,,,,,1,Clear,0,No,0000000,Not Applicable,8,8:00am-8:59am,18,18,8,8:00am-8:59am,22,22,9,9:00am-9:59am,5,5,,,,,,,1,
2023,29,290313,Missouri,1,1,0,0,0,1,1,213,TANEY (213),0,NOT APPLICABLE,28,28,5,May,2023,1,Sunday,22,10:00pm-10:59pm,40,40,1,This Section IS ON the NHS,1,Rural,2,Other Freeways and Expressways,1,State Highway Agency,2,U.S. Highway,US-65,,50,50,36.74700000,36.74700000,-93.222861110,-93.22286111,0,No Special Jurisdiction,58,Ground,0,The First Harmful Event was Not a Collision with a Motor Vehicle in Transport,0,No,1,Non-Junction,1,Not an Intersection,0,None,,,4,On Roadside,2,Dark - Not Lighted,,,,,1,Clear,0,No,0000000,Not Applicable,99,Unknown,98,Unknown if Notified,99,Unknown EMS Scene Arrival Hour,98,Unknown if Arrived,88,"Not Applicable (Not Transported) ",88,Not Applicable (Not Transported),,,,,,,1,
2023,29,290314,Missouri,2,2,0,0,0,2,2,131,MILLER (131),0,NOT APPLICABLE,29,29,5,May,2023,2,Monday,10,10:00am-10:59am,50,50,0,This Section IS NOT on the NHS,1,Rural,6,Minor Collector,1,State Highway Agency,3,State Highway,SR-M,,40,40,38.31633333,38.31633333,-92.507888890,-92.50788889,0,No Special Jurisdiction,12,Motor Vehicle In-Transport,8,Sideswipe - Opposite Direction,0,No,1,Non-Junction,1,Not an Intersection,0,None,,,1,On Roadway,1,Daylight,,,,,1,Clear,0,No,0000000,Not Applicable,10,10:00am-10:59am,52,52,11,11:00am-11:59am,20,20,11,11:00am-11:59am,55,55,,,,,,,1,
2023,29,290315,Missouri,1,1,0,0,0,1,1,3,ANDREW (3),0,NOT APPLICABLE,29,29,5,May,2023,2,Monday,2,2:00am-2:59am,23,23,0,This Section IS NOT on the NHS,1,Rural,5,Major Collector,1,State Highway Agency,3,State Highway,SR-T,,50,50,39.89869444,39.89869444,-94.886583330,-94.88658333,0,No Special Jurisdiction,42,Tree (Standing Only),0,The First Harmful Event was Not a Collision with a Motor Vehicle in Transport,0,No,1,Non-Junction,1,Not an Intersection,0,None,,,4,On Roadside,2,Dark - Not Lighted,,,,,1,Clear,0,No,0000000,Not Applicable,2,2:00am-2:59am,32,32,2,2:00am-2:59am,47,47,88,"Not Applicable (Not Transported) ",88,Not Applicable (Not Transported),,,,,,,1,
2023,29,290316,Missouri,1,1,0,0,0,1,1,99,JEFFERSON (99),0,NOT APPLICABLE,30,30,5,May,2023,3,Tuesday,16,4:00pm-4:59pm,58,58,1,This Section IS ON the NHS,1,Rural,1,Interstate,1,State Highway Agency,1,Interstate,I-55,,0,None,38.09147222,38.09147222,-90.300000000,-90.30000000,0,No Special Jurisdiction,21,Bridge Pier or Support,0,The First Harmful Event was Not a Collision with a Motor Vehicle in Transport,0,No,1,Non-Junction,1,Not an Intersection,0,None,,,4,On Roadside,1,Daylight,,,,,1,Clear,0,No,0000000,Not Applicable,17,5:00pm-5:59pm,0,0,17,5:00pm-5:59pm,9,9,88,"Not Applicable (Not Transported) ",88,Not Applicable (Not Transported),,,,,,,1,
2023,29,290317,Missouri,2,2,0,0,0,2,2,189,ST LOUIS (189),2700,FERGUSON,31,31,5,May,2023,4,Wednesday,1,1:00am-1:59am,54,54,1,This Section IS ON the NHS,2,Urban,1,Interstate,1,State Highway Agency,1,Interstate,I-270 RAMP,,0,None,38.77075556,38.77075556,-90.268530560,-90.26853056,0,No Special Jurisdiction,12,Motor Vehicle In-Transport,1,Front-to-Rear,1,Yes,20,Entrance/Exit Ramp,1,Not an Intersection,4,"Work Zone, Type Unknown",,,1,On Roadway,2,Dark - Not Lighted,,,,,1,Clear,0,No,0000000,Not Applicable,99,Unknown,98,Unknown if Notified,99,Unknown EMS Scene Arrival Hour,98,Unknown if Arrived,88,"Not Applicable (Not Transported) ",88,Not Applicable (Not Transported),,,,,,,1,
2023,29,290318,Missouri,1,1,0,0,0,2,2,9,BARRY (9),0,NOT APPLICABLE,31,31,5,May,2023,4,Wednesday,20,8:00pm-8:59pm,31,31,0,This Section IS NOT on the NHS,1,Rural,5,Major Collector,1,State Highway Agency,3,State Highway,SR-248,,40,40,36.69586111,36.69586111,-93.812305560,-93.81230556,0,No Special Jurisdiction,1,Rollover/Overturn,0,The First Harmful Event was Not a Collision with a Motor Vehicle in Transport,0,No,1,Non-Junction,1,Not an Intersection,0,None,,,4,On Roadside,1,Daylight,,,,,1,Clear,0,No,0000000,Not Applicable,99,Unknown,99,Unknown,99,Unknown EMS Scene Arrival Hour,99,Unknown EMS Scene Arrival Minutes,99,Unknown,99,Unknown EMS Hospital Arrival Time,,,,,,,2,
2023,29,290319,Missouri,2,2,0,0,0,4,4,19,BOONE (19),0,NOT APPLICABLE,31,31,5,May,2023,4,Wednesday,6,6:00am-6:59am,12,12,0,This Section IS NOT on the NHS,1,Rural,7,Local,2,County Highway Agency,4,County,CR-NEW HAVEN RD,,30,30,38.91187222,38.91187222,-92.221050000,-92.22105000,0,No Special Jurisdiction,12,Motor Vehicle In-Transport,2,Front-to-Front,0,No,1,Non-Junction,1,Not an Intersection,0,None,,,1,On Roadway,1,Daylight,,,,,10,Cloudy,0,No,0000000,Not Applicable,6,6:00am-6:59am,22,22,6,6:00am-6:59am,31,31,6,6:00am-6:59am,50,50,,,,,,,3,
2023,29,290321,Missouri,2,2,0,0,0,3,3,145,NEWTON (145),5580,NEOSHO,1,1,6,June,2023,5,Thursday,10,10:00am-10:59am,0,0,0,This Section IS NOT on the NHS,2,Urban,4,Minor Arterial,1,State Highway Agency,3,State Highway,SR-86,,180,180,36.87991667,36.87991667,-94.398916670,-94.39891667,0,No Special Jurisdiction,12,Motor Vehicle In-Transport,2,Front-to-Front,0,No,1,Non-Junction,1,Not an Intersection,0,None,,,1,On Roadway,1,Daylight,,,,,1,Clear,0,No,0000000,Not Applicable,9,9:00am-9:59am,30,30,9,9:00am-9:59am,34,34,10,10:00am-10:59am,23,23,,,,,,,1,
2023,29,290322,Missouri,1,1,0,0,0,1,1,189,ST LOUIS (189),2780,FLORISSANT,2,2,6,June,2023,6,Friday,0,0:00am-0:59am,55,55,1,This Section IS ON the NHS,2,Urban,1,Interstate,1,State Highway Agency,1,Interstate,I-270 RP 228009,,0,None,38.77252778,38.77252778,-90.304255560,-90.30425556,0,No Special Jurisdiction,25,Concrete Traffic Barrier,0,The First Harmful Event was Not a Collision with a Motor Vehicle in Transport,1,Yes,5,Entrance/Exit Ramp Related,1,Not an Intersection,1,Construction,,,8,Gore,2,Dark - Not Lighted,,,,,1,Clear,0,No,0000000,Not Applicable,0,0:00am-0:59am,58,58,1,1:00am-1:59am,7,7,1,1:00am-1:59am,39,39,,,,,,,1,
2023,29,290323,Missouri,2,2,0,0,0,2,2,113,LINCOLN (113),2520,ELSBERRY,2,2,6,June,2023,6,Friday,21,9:00pm-9:59pm,21,21,0,This Section IS NOT on the NHS,1,Rural,5,Major Collector,1,State Highway Agency,3,State Highway,SR-B,,100,100,39.16119444,39.16119444,-90.788141670,-90.78814167,0,No Special Jurisdiction,12,Motor Vehicle In-Transport,6,Angle,0,No,1,Non-Junction,1,Not an Intersection,0,None,,,1,On Roadway,2,Dark - Not Lighted,,,,,1,Clear,0,No,0000000,Not Applicable,21,9:00pm-9:59pm,27,27,21,9:00pm-9:59pm,40,40,88,"Not Applicable (Not Transported) ",88,Not Applicable (Not Transported),,,,,,,1,
2023,29,290324,Missouri,6,6,0,0,0,11,11,109,LAWRENCE (109),0,NOT APPLICABLE,3,3,6,June,2023,7,Saturday,11,11:00am-11:59am,20,20,0,This Section IS NOT on the NHS,1,Rural,4,Minor Arterial,1,State Highway Agency,3,State Highway,SR-39,,210,210,37.01855556,37.01855556,-93.768361110,-93.76836111,0,No Special Jurisdiction,12,Motor Vehicle In-Transport,2,Front-to-Front,0,No,1,Non-Junction,1,Not an Intersection,0,None,,,1,On Roadway,1,Daylight,,,,,1,Clear,0,No,0000000,Not Applicable,11,11:00am-11:59am,20,20,12,12:00pm-12:59pm,2,2,13,1:00pm-1:59pm,16,16,,,,,,,4,