caseyear,state,st_case,statename,ve_total,ve_forms,pvh_invl,peds,pernotmvit,permvit,persons,county,countyname,city,cityname,day,dayname,month,monthname,year,day_week,day_weekname,hour,hourname,minute,minutename,nhs,nhsname,rur_urb,rur_urbname,func_sys,func_sysname,rd_owner,rd_ownername,route,routename,tway_id,tway_id2,milept,mileptname,latitude,latitudename,longitud,longitudname,sp_jur,sp_jurname,harm_ev,harm_evname,man_coll,man_collname,reljct1,reljct1name,reljct2,reljct2name,typ_int,typ_intname,wrk_zone,wrk_zonename,road_fnc,road_fncname,rel_road,rel_roadname,lgt_cond,lgt_condname,weather1,weather1name,weather2,weather2name,weather,weathername,sch_bus,sch_busname,rail,railname,not_hour,not_hourname,not_min,not_minname,arr_hour,arr_hourname,arr_min,arr_minname,hosp_hr,hosp_hrname,hosp_mn,hosp_mnname,cf1,cf1name,cf2,cf2name,cf3,cf3name,fatals,drunk_dr
2023,29,290364,Missouri,1,1,0,0,0,2,2,131,MILLER (131),0,NOT APPLICABLE,23,23,5,May,2023,3,Tuesday,17,5:00pm-5:59pm,0,0,0,This Section IS NOT on the NHS,1,Rural,4,Minor Arterial,1,State Highway Agency,3,State Highway,SR-42,,120,120,38.09330556,38.09330556,-92.443722220,-92.44372222,0,No Special Jurisdiction,35,Embankment,0,The First Harmful Event was Not a Collision with a Motor Vehicle in Transport,0,No,1,Non-Junction,1,Not an Intersection,0,None,,,4,On Roadside,1,Daylight,,,,,1,Clear,0,No,0000000,Not Applicable,17,5:00pm-5:59pm,4,4,17,5:00pm-5:59pm,16,16,18,6:00pm-6:59pm,10,10,,,,,,,1,
2023,29,290365,Missouri,1,1,0,1,1,1,1,189,ST LOUIS (189),8230,WEBSTER GROVES,24,24,5,May,2023,4,Wednesday,18,6:00pm-6:59pm,50,50,0,This Section IS NOT on the NHS,2,Urban,98,Not Reported,4,City or Municipal Highway Agency,95,Other,PVT-LACLEDE GROVE RD,,0,None,38.57690000,38.57690000,-90.343202780,-90.34320278,0,No Special Jurisdiction,15,Non-Motorist on Personal Conveyance,0,The First Harmful Event was Not a Collision with a Motor Vehicle in Transport,0,No,1,Non-Junction,1,Not an Intersection,0,None,,,1,On Roadway,1,Daylight,,,,,1,Clear,0,No,0000000,Not Applicable,18,6:00pm-6:59pm,48,48,18,6:00pm-6:59pm,57,57,19,7:00pm-7:59pm,25,25,,,,,,,1,
2023,29,290366,Missouri,2,2,0,0,0,5,5,189,ST LOUIS (189),7300,SHREWSBURY,4,4,6,June,2023,1,Sunday,17,5:00pm-5:59pm,15,15,0,This Section IS NOT on the NHS,2,Urban,4,Minor Arterial,4,City or Municipal Highway Agency,6,Municipal,MU-SHREWSBURY AVE,MU-SUTHERLAND AVE,10,10,38.59386111,38.59386111,-90.326686110,-90.32668611,0,No Special Jurisdiction,12,Motor Vehicle In-Transport,6,Angle,0,No,2,Intersection,2,Four-Way Intersection,0,None,,,1,On Roadway,1,Daylight,,,,,1,Clear,0,No,0000000,Not Applicable,17,5:00pm-5:59pm,11,11,17,5:00pm-5:59pm,12,12,17,5:00pm-5:59pm,34,34,,,,,,,1,
2023,29,290367,Missouri,2,2,0,0,0,2,2,183,ST. CHARLES (183),0,NOT APPLICABLE,23,23,6,June,2023,6,Friday,16,4:00pm-4:59pm,50,50,0,This Section IS NOT on the NHS,1,Rural,4,Minor Arterial,1,State Highway Agency,3,State Highway,SR-79,,0,None,38.92264722,38.92264722,-90.750688890,-90.75068889,0,No Special Jurisdiction,12,Motor Vehicle In-Transport,2,Front-to-Front,0,No,1,Non-Junction,1,Not an Intersection,0,None,,,2,On Shoulder,1,Daylight,,,,,1,Clear,0,No,0000000,Not Applicable,16,4:00pm-4:59pm,54,54,17,5:00pm-5:59pm,9,9,88,"Not Applicable (Not Transported) ",88,Not Applicable (Not Transported),,,,,,,1,
2023,29,290368,Missouri,2,2,0,0,0,3,3,9,BARRY (9),5310,MONETT,23,23,6,June,2023,6,Friday,22,10:00pm-10:59pm,13,13,1,This Section IS ON the NHS,2,Urban,3,Other Principal Arterial,1,State Highway Agency,2,U.S. Highway,US-60,SR-37,70,70,36.91460278,36.91460278,-93.929461110,-93.92946111,0,No Special Jurisdiction,12,Motor Vehicle In-Transport,6,Angle,0,No,2,Intersection,2,Four-Way Intersection,0,None,,,1,On Roadway,3,Dark - Lighted,,,,,1,Clear,0,No,0000000,Not Applicable,99,Unknown,98,Unknown if Notified,99,Unknown EMS Scene Arrival Hour,98,Unknown if Arrived,88,"Not Applicable (Not Transported) ",88,Not Applicable (Not Transported),,,,,,,2,
2023,29,290369,Missouri,3,3,0,0,0,4,4,95,JACKSON (95),4490,LEES SUMMIT,24,24,6,June,2023,7,Saturday,18,6:00pm-6:59pm,0,0,0,This Section IS NOT on the NHS,2,Urban,98,Not Reported,4,City or Municipal Highway Agency,6,Municipal,MU-NE LEINWEBER RD,MU-NE TODD GEORGE PKWY,0,None,38.96050000,38.96050000,-94.350277780,-94.35027778,0,No Special Jurisdiction,12,Motor Vehicle In-Transport,6,Angle,0,No,2,Intersection,2,Four-Way Intersection,0,None,,,1,On Roadway,1,Daylight,,,,,1,Clear,0,No,0000000,Not Applicable,18,6:00pm-6:59pm,6,6,18,6:00pm-6:59pm,12,12,18,6:00pm-6:59pm,26,26,,,,,,,1,
2023,29,290370,Missouri,1,1,0,1,1,2,2,77,GREENE (77),0,NOT APPLICABLE,24,24,6,June,2023,7,Saturday,20,8:00pm-8:59pm,55,55,1,This Section IS ON the NHS,2,Urban,2,Other Freeways and Expressways,1,State Highway Agency,3,State Highway,SR-413,,100,100,37.17990833,37.17990833,-93.363422220,-93.36342222,0,No Special Jurisdiction,8,Pedestrian,0,The First Harmful Event was Not a Collision with a Motor Vehicle in Transport,0,No,1,Non-Junction,1,Not an Intersection,0,None,,,1,On Roadway,2,Dark - Not Lighted,,,,,1,Clear,0,No,0000000,Not Applicable,20,8:00pm-8:59pm,56,56,21,9:00pm-9:59pm,7,7,21,9:00pm-9:59pm,23,23,,,,,,,1,
2023,29,290371,Missouri,1,1,0,0,0,1,1,21,BUCHANAN (21),0,NOT APPLICABLE,24,24,6,June,2023,7,Saturday,22,10:00pm-10:59pm,55,55,0,This Section IS NOT on the NHS,1,Rural,5,Major Collector,1,State Highway Agency,3,State Highway,SR-A,,30,30,39.68375000,39.68375000,-94.795194440,-94.79519444,0,No Special Jurisdiction,1,Rollover/Overturn,0,The First Harmful Event was Not a Collision with a Motor Vehicle in Transport,0,No,1,Non-Junction,1,Not an Intersection,0,None,,,1,On Roadway,2,Dark - Not Lighted,,,,,1,Clear,0,No,0000000,Not Applicable,22,10:00pm-10:59pm,54,54,23,11:00pm-11:59pm,5,5,23,11:00pm-11:59pm,23,23,,,,,,,1,
2023,29,290372,Missouri,1,1,0,0,0,1,1,99,JEFFERSON (99),0,NOT APPLICABLE,24,24,6,June,2023,7,Saturday,18,6:00pm-6:59pm,0,0,0,This Section IS NOT on the NHS,2,Urban,4,Minor Arterial,2,County Highway Agency,4,County,CR-GRAVOIS RD,,10,10,38.44141667,38.44141667,-90.551694440,-90.55169444,0,No Special Jurisdiction,1,Rollover/Overturn,0,The First Harmful Event was Not a Collision with a Motor Vehicle in Transport,0,No,1,Non-Junction,1,Not an Intersection,0,None,,,1,On Roadway,1,Daylight,,,,,1,Clear,0,No,0000000,Not Applicable,18,6:00pm-6:59pm,7,7,18,6:00pm-6:59pm,12,12,18,6:00pm-6:59pm,26,26,,,,,,,1,
2023,29,290373,Missouri,2,2,0,0,0,4,4,95,JACKSON (95),4120,KANSAS CITY,24,24,6,June,2023,7,Saturday,17,5:00pm-5:59pm,10,10,0,This Section IS NOT on the NHS,2,Urban,4,Minor Arterial,4,City or Municipal Highway Agency,6,Municipal,MU-TROOST AVE,,80,80,38.99063333,38.99063333,-94.575738890,-94.57573889,0,No Special Jurisdiction,12,Motor Vehicle In-Transport,6,Angle,0,No,8,Driveway Access Related,1,Not an Intersection,0,None,,,1,On Roadway,1,Daylight,,,,,10,Cloudy,0,No,0000000,Not Applicable,17,5:00pm-5:59pm,10,10,17,5:00pm-5:59pm,19,19,88,"Not Applicable (Not Transported) ",88,Not Applicable (Not Transported),,,,,,,1,
2023,29,290374,Missouri,2,2,0,0,0,2,2,187,ST FRANCOIS (187),0,NOT APPLICABLE,25,25,6,June,2023,1,Sunday,6,6:00am-6:59am,1,1,0,This Section IS NOT on the NHS,1,Rural,3,Other Principal Arterial,1,State Highway Agency,3,State Highway,SR-OO,,10,10,37.76163889,37.76163889,-90.382833330,-90.38283333,0,No Special Jurisdiction,12,Motor Vehicle In-Transport,2,Front-to-Front,0,No,1,Non-Junction,1,Not an Intersection,0,None,,,1,On Roadway,1,Daylight,,,,,1,Clear,0,No,0000000,Not Applicable,6,6:00am-6:59am,9,9,6,6:00am-6:59am,28,28,7,7:00am-7:59am,12,12,,,,,,,1,
2023,29,290375,Missouri,5,5,0,0,0,5,5,97,JASPER (97),0,NOT APPLICABLE,26,26,6,June,2023,2,Monday,17,5:00pm-5:59pm,31,31,1,This Section IS ON the NHS,1,Rural,1,Interstate,1,State Highway Agency,1,Interstate,I-44,,60,60,37.08191667,37.08191667,-94.339333330,-94.33933333,0,No Special Jurisdiction,12,Motor Vehicle In-Transport,1,Front-to-Rear,0,No,1,Non-Junction,1,Not an Intersection,4,"Work Zone, Type Unknown",,,1,On Roadway,1,Daylight,,,,,1,Clear,0,No,0000000,Not Applicable,17,5:00pm-5:59pm,30,30,17,5:00pm-5:59pm,39,39,18,6:00pm-6:59pm,8,8,,,,,,,1,
2023,29,290376,Missouri,2,2,0,0,0,2,2,123,MADISON (123),0,NOT APPLICABLE,27,27,6,June,2023,3,Tuesday,6,6:00am-6:59am,0,0,1,This Section IS ON the NHS,1,Rural,3,Other Principal Arterial,1,State Highway Agency,3,State Highway,SR-72,,140,140,37.57372222,37.57372222,-90.301277780,-90.30127778,0,No Special Jurisdiction,12,Motor Vehicle In-Transport,2,Front-to-Front,0,No,1,Non-Junction,1,Not an Intersection,0,None,,,1,On Roadway,1,Daylight,,,,,1,Clear,0,No,0000000,Not Applicable,6,6:00am-6:59am,35,35,6,6:00am-6:59am,52,52,7,7:00am-7:59am,39,39,,,,,,,1,
2023,29,290377,Missouri,2,2,0,0,0,3,3,215,TEXAS (215),3810,HOUSTON,27,27,6,June,2023,3,Tuesday,14,2:00pm-2:59pm,26,26,1,This Section IS ON the NHS,1,Rural,3,Other Principal Arterial,1,State Highway Agency,2,U.S. Highway,US-63,,220,220,37.30752778,37.30752778,-91.962500000,-91.96250000,0,No Special Jurisdiction,12,Motor Vehicle In-Transport,2,Front-to-Front,0,No,1,Non-Junction,1,Not an Intersection,0,None,,,1,On Roadway,1,Daylight,,,,,1,Clear,0,No,0000000,Not Applicable,99,Unknown,99,Unknown,99,Unknown EMS Scene Arrival Hour,99,Unknown EMS Scene Arrival Minutes,99,Unknown,99,Unknown EMS Hospital Arrival Time,,,,,,,1,
2023,29,290378,Missouri,2,2,0,0,0,4,4,225,WEBSTER (225),2260,DIGGINS,28,28,6,June,2023,4,Wednesday,21,9:00pm-9:59pm,0,0,1,This Section IS ON the NHS,1,Rural,3,Other Principal Arterial,1,State Highway Agency,2,U.S. Highway,US-60,SR-A,110,110,37.17227778,37.17227778,-92.863750000,-92.86375000,0,No Special Jurisdiction,12,Motor Vehicle In-Transport,6,Angle,0,No,2,Intersection,2,Four-Way Intersection,0,None,,,1,On Roadway,2,Dark - Not Lighted,,,,,1,Clear,0,No,0000000,Not Applicable,21,9:00pm-9:59pm,5,5,21,9:00pm-9:59pm,15,15,22,10:00pm-10:59pm,9,9,,,,,,,1,
2023,29,290379,Missouri,1,1,0,1,1,2,2,95,JACKSON (95),6639,RAYTOWN,29,29,6,June,2023,5,Thursday,0,0:00am-0:59am,30,30,0,This Section IS NOT on the NHS,2,Urban,4,Minor Arterial,4,City or Municipal Highway Agency,6,Municipal,MU-BLUE RIDGE BLVD,,10,10,38.99538889,38.99538889,-94.482472220,-94.48247222,0,No Special Jurisdiction,8,Pedestrian,0,The First Harmful Event was Not a Collision with a Motor Vehicle in Transport,0,No,1,Non-Junction,1,Not an Intersection,0,None,,,1,On Roadway,3,Dark - Lighted,,,,,1,Clear,0,No,0000000,Not Applicable,99,Unknown,98,Unknown if Notified,99,Unknown EMS Scene Arrival Hour,98,Unknown if Arrived,88,"Not Applicable (Not Transported) ",88,Not Applicable (Not Transported),,,,,,,1,
2023,29,290380,Missouri,2,2,0,0,0,2,2,33,CARROLL (33),0,NOT APPLICABLE,30,30,6,June,2023,6,Friday,11,11:00am-11:59am,25,25,1,This Section IS ON the NHS,1,Rural,2,Other Freeways and Expressways,1,State Highway Agency,2,U.S. Highway,US-24,US 65 RAMP,100,100,39.35950000,39.35950000,-93.480638890,-93.48063889,0,No Special Jurisdiction,12,Motor Vehicle In-Transport,6,Angle,1,Yes,2,Intersection,2,Four-Way Intersection,1,Construction,,,1,On Roadway,1,Daylight,,,,,1,Clear,0,No,0000000,Not Applicable,99,Unknown,98,Unknown if Notified,99,Unknown EMS Scene Arrival Hour,98,Unknown if Arrived,88,"Not Applicable (Not Transported) ",88,Not Applicable (Not Transported),,,,,,,1,
2023,29,290381,Missouri,1,1,0,0,0,6,6,95,JACKSON (95),4120,KANSAS CITY,30,30,6,June,2023,6,Friday,23,11:00pm-11:59pm,57,57,0,This Section IS NOT on the NHS,2,Urban,3,Other Principal Arterial,4,City or Municipal Highway Agency,6,Municipal,MU-WARD PKWY,,50,50,39.03193333,39.03193333,-94.605291670,-94.60529167,0,No Special Jurisdiction,42,Tree (Standing Only),0,The First Harmful Event was Not a Collision with a Motor Vehicle in Transport,0,No,1,Non-Junction,1,Not an Intersection,0,None,,,4,On Roadside,3,Dark - Lighted,,,,,10,Cloudy,0,No,0000000,Not Applicable,99,Unknown,99,Unknown,99,Unknown EMS Scene Arrival Hour,99,Unknown EMS Scene Arrival Minutes,99,Unknown,99,Unknown EMS Hospital Arrival Time,,,,,,,1,
2023,29,290382,Missouri,1,1,0,0,0,1,1,101,JOHNSON (101),0,NOT APPLICABLE,1,1,7,July,2023,7,Saturday,17,5:00pm-5:59pm,47,47,0,This Section IS NOT on the NHS,1,Rural,6,Minor Collector,1,State Highway Agency,3,State Highway,SR-PP,,70,70,38.61716667,38.61716667,-93.627472220,-93.62747222,0,No Special Jurisdiction,1,Rollover/Overturn,0,The First Harmful Event was Not a Collision with a Motor Vehicle in Transport,0,No,1,Non-Junction,1,Not an Intersection,0,None,,,4,On Roadside,1,Daylight,,,,,1,Clear,0,No,0000000,Not Applicable,17,5:00pm-5:59pm,50,50,18,6:00pm-6:59pm,25,25,19,7:00pm-7:59pm,12,12,,,,,,,1,
2023,29,290383,Missouri,1,1,0,0,0,1,1,99,JEFFERSON (99),0,NOT APPLICABLE,1,1,7,July,2023,7,Saturday,9,9:00am-9:59am,22,22,0,This Section IS NOT on the NHS,1,Rural,6,Minor Collector,1,State Highway Agency,3,State Highway,SR-WW,,20,20,38.25928889,38.25928889,-90.756338890,-90.75633889,0,No Special Jurisdiction,32,Culvert,0,The First Harmful Event was Not a Collision with a Motor Vehicle in Transport,0,No,1,Non-Junction,1,Not an Intersection,0,None,,,4,On Roadside,9,Reported as Unknown,,,,,99,Reported as Unknown,0,No,0000000,Not Applicable,99,Unknown,98,Unknown if Notified,99,Unknown EMS Scene Arrival Hour,98,Unknown if Arrived,88,"Not Applicable (Not Transported) ",88,Not Applicable (Not Transported),,,,,,,1,
2023,29,290384,Missouri,1,1,0,0,0,1,1,95,JACKSON (95),840,BLUE SPRINGS,1,1,7,July,2023,7,Saturday,22,10:00pm-10:59pm,37,37,1,This Section IS ON the NHS,2,Urban,3,Other Principal Arterial,1,State Highway Agency,3,State Highway,SR-7,MU-VESPER ST,80,80,39.02061667,39.02061667,-94.272191670,-94.27219167,0,No Special Jurisdiction,33,Curb,0,The First Harmful Event was Not a Collision with a Motor Vehicle in Transport,0,No,3,Intersection-Related,2,Four-Way Intersection,0,None,,,3,On Median,3,Dark - Lighted,,,,,1,Clear,0,No,0000000,Not Applicable,22,10:00pm-10:59pm,39,39,22,10:00pm-10:59pm,44,44,22,10:00pm-10:59pm,55,55,,,,,,,1,
2023,29,290385,Missouri,1,1,0,0,0,1,1,143,NEW MADRID (143),0,NOT APPLICABLE,1,1,7,July,2023,7,Saturday,6,6:00am-6:59am,0,0,0,This Section IS NOT on the NHS,1,Rural,7,Local,1,State Highway Agency,4,County,CR-621,,20,20,36.63602222,36.63602222,-89.627822220,-89.62782222,0,No Special Jurisdiction,23,Bridge Rail (Includes parapet),0,The First Harmful Event was Not a Collision with a Motor Vehicle in Transport,0,No,1,Non-Junction,1,Not an Intersection,0,None,,,4,On Roadside,1,Daylight,,,,,1,Clear,0,No,0000000,Not Applicable,99,Unknown,98,Unknown if Notified,99,Unknown EMS Scene Arrival Hour,98,Unknown if Arrived,88,"Not Applicable (Not Transported) ",88,Not Applicable (Not Transported),,,,,,,1,
2023,29,290386,Missouri,1,1,0,0,0,1,1,31,CAPE GIRARDEAU (31),0,NOT APPLICABLE,1,1,7,July,2023,7,Saturday,22,10:00pm-10:59pm,40,40,0,This Section IS NOT on the NHS,1,Rural,98,Not Reported,2,County Highway Agency,4,County,CR-233,,20,20,37.23202778,37.23202778,-89.760805560,-89.76080556,0,No Special Jurisdiction,1,Rollover/Overturn,0,The First Harmful Event was Not a Collision with a Motor Vehicle in Transport,0,No,1,Non-Junction,1,Not an Intersection,0,None,,,4,On Roadside,2,Dark - Not Lighted,,,,,10,Cloudy,0,No,0000000,Not Applicable,99,Unknown,99,Unknown,99,Unknown EMS Scene Arrival Hour,99,Unknown EMS Scene Arrival Minutes,99,Unknown,99,Unknown EMS Hospital Arrival Time,,,,,,,1,
2023,29,290387,Missouri,1,1,0,0,0,3,3,75,GENTRY (75),0,NOT APPLICABLE,1,1,7,July,2023,7,Saturday,15,3:00pm-3:59pm,15,15,1,This Section IS ON the NHS,1,Rural,3,Other Principal Arterial,1,State Highway Agency,2,U.S. Highway,US-136,,40,40,40.21883333,40.21883333,-94.557833330,-94.55783333,0,No Special Jurisdiction,35,Embankment,0,The First Harmful Event was Not a Collision with a Motor Vehicle in Transport,0,No,1,Non-Junction,1,Not an Intersection,4,"Work Zone, Type Unknown",,,4,On Roadside,1,Daylight,,,,,10,Cloudy,0,No,0000000,Not Applicable,15,3:00pm-3:59pm,19,19,15,3:00pm-3:59pm,22,22,15,3:00pm-3:59pm,50,50,,,,,,,1,
2023,29,290388,Missouri,2,1,1,1,1,1,1,213,TANEY (213),0,NOT APPLICABLE,2,2,7,July,2023,1,Sunday,23,11:00pm-11:59pm,15,15,0,This Section IS NOT on the NHS,1,Rural,7,Local,2,County Highway Agency,4,County,CR-COUGAR TRAILS,,0,None,36.66283333,36.66283333,-93.205666670,-93.20566667,0,No Special Jurisdiction,8,Pedestrian,0,The First Harmful Event was Not a Collision with a Motor Vehicle in Transport,0,No,1,Non-Junction,1,Not an Intersection,0,None,,,1,On Roadway,2,Dark - Not Lighted,,,,,1,Clear,0,No,0000000,Not Applicable,99,Unknown,98,Unknown if Notified,99,Unknown EMS Scene Arrival Hour,98,Unknown if Arrived,88,"Not Applicable (Not Transported) ",88,Not Applicable (Not Transported),,,,,,,1,
2023,29,290389,Missouri,1,1,0,0,0,1,1,47,CLAY (47),4120,KANSAS CITY,2,2,5,May,2023,3,Tuesday,3,3:00am-3:59am,54,54,0,This Section IS NOT on the NHS,2,Urban,98,Not Reported,4,City or Municipal Highway Agency,6,Municipal,MU-NE 82ND TER,,0,None,39.26111389,39.26111389,-94.562783330,-94.56278333,0,No Special Jurisdiction,2,Fire/Explosion,0,The First Harmful Event was Not a Collision with a Motor Vehicle in Transport,0,No,8,Driveway Access Related,1,Not an Intersection,0,None,,,1,On Roadway,6,Dark - Unknown Lighting,,,,,1,Clear,0,No,0000000,Not Applicable,3,3:00am-3:59am,54,54,4,4:00am-4:59am,0,0,88,"Not Applicable (Not Transported) ",88,Not Applicable (Not Transported),,,,,,,1,
2023,29,290390,Missouri,3,3,0,0,0,5,5,189,ST LOUIS (189),8040,VINITA PARK,22,22,5,May,2023,2,Monday,18,6:00pm-6:59pm,42,42,1,This Section IS ON the NHS,2,Urban,3,Other Principal Arterial,1,State Highway Agency,3,State Highway,SR-D,MU-CRYSTAL INDUSTRIAL CT,60,60,38.68555556,38.68555556,-90.343861110,-90.34386111,0,No Special Jurisdiction,12,Motor Vehicle In-Transport,1,Front-to-Rear,0,No,3,Intersection-Related,3,T-Intersection,0,None,,,1,On Roadway,1,Daylight,,,,,1,Clear,0,No,0000000,Not Applicable,99,Unknown,99,Unknown,99,Unknown EMS Scene Arrival Hour,99,Unknown EMS Scene Arrival Minutes,99,Unknown,99,Unknown EMS Hospital Arrival Time,,,,,,,1,
2023,29,290391,Missouri,4,4,0,1,1,11,11,189,ST LOUIS (189),2770,FLORDELL HILLS,28,28,6,June,2023,4,Wednesday,22,10:00pm-10:59pm,0,0,0,This Section IS NOT on the NHS,2,Urban,4,Minor Arterial,4,City or Municipal Highway Agency,6,Municipal,MU-WEST FLORISSANT AVE,,50,50,38.72011111,38.72011111,-90.265416670,-90.26541667,0,No Special Jurisdiction,12,Motor Vehicle In-Transport,1,Front-to-Rear,0,No,1,Non-Junction,1,Not an Intersection,0,None,,,1,On Roadway,3,Dark - Lighted,,,,,1,Clear,0,No,0000000,Not Applicable,22,10:00pm-10:59pm,7,7,22,10:00pm-10:59pm,12,12,22,10:00pm-10:59pm,51,51,,,,,,,2,
2023,29,290392,Missouri,2,2,0,0,0,2,2,510,ST. LOUIS (CITY) (510),7080,ST. LOUIS,3,3,7,July,2023,2,Monday,22,10:00pm-10:59pm,0,0,0,This Section IS NOT on the NHS,2,Urban,3,Other Principal Arterial,4,City or Municipal Highway Agency,6,Municipal,MU-CHIPPEWA ST,MU-HAMPTON AVE,10,10,38.59337778,38.59337778,-90.293875000,-90.29387500,0,No Special Jurisdiction,12,Motor Vehicle In-Transport,1,Front-to-Rear,0,No,3,Intersection-Related,2,Four-Way Intersection,0,None,,,1,On Roadway,3,Dark - Lighted,,,,,1,Clear,0,No,0000000,Not Applicable,22,10:00pm-10:59pm,6,6,22,10:00pm-10:59pm,13,13,22,10:00pm-10:59pm,38,38,,,,,,,1,
2023,29,290393,Missouri,1,1,0,1,1,1,1,189,ST LOUIS (189),2780,FLORISSANT,3,3,7,July,2023,2,Monday,21,9:00pm-9:59pm,54,54,1,This Section IS ON the NHS,2,Urban,3,Other Principal Arterial,4,City or Municipal Highway Agency,6,Municipal,MU-HOWDERSHELL RD,,0,None,38.80606944,38.80606944,-90.361883330,-90.36188333,0,No Special Jurisdiction,8,Pedestrian,0,The First Harmful Event was Not a Collision with a Motor Vehicle in Transport,0,No,1,Non-Junction,1,Not an Intersection,0,None,,,1,On Roadway,2,Dark - Not Lighted,,,,,1,Clear,0,No,0000000,Not Applicable,99,Unknown,98,Unknown if Notified,99,Unknown EMS Scene Arrival Hour,98,Unknown if Arrived,88,"Not Applicable (Not Transported) ",88,Not Applicable (Not Transported),,,,,,,1,
2023,29,290394,Missouri,2,2,0,0,0,3,3,25,CALDWELL (25),3450,HAMILTON,4,4,7,July,2023,3,Tuesday,9,9:00am-9:59am,32,32,1,This Section IS ON the NHS,1,Rural,2,Other Freeways and Expressways,1,State Highway Agency,2,U.S. Highway,US-36,,110,110,39.73344444,39.73344444,-93.998694440,-93.99869444,0,No Special Jurisdiction,12,Motor Vehicle In-Transport,6,Angle,1,Yes,5,Entrance/Exit Ramp Related,1,Not an Intersection,1,Construction,,,1,On Roadway,1,Daylight,,,,,1,Clear,0,No,0000000,Not Applicable,9,9:00am-9:59am,40,40,9,9:00am-9:59am,50,50,10,10:00am-10:59am,39,39,,,,,,,2,
2023,29,290395,Missouri,2,2,0,0,0,3,3,47,CLAY (47),4120,KANSAS CITY,4,4,7,July,2023,3,Tuesday,12,12:00pm-12:59pm,38,38,1,This Section IS ON the NHS,2,Urban,3,Other Principal Arterial,1,State Highway Agency,6,Municipal,MU-NE COOKINGHAM DR,MU-N REINKING RD,10,10,39.30312500,39.30312500,-94.500058330,-94.50005833,0,No Special Jurisdiction,12,Motor Vehicle In-Transport,6,Angle,0,No,2,Intersection,2,Four-Way Intersection,0,None,,,1,On Roadway,1,Daylight,,,,,1,Clear,0,No,0000000,Not Applicable,12,12:00pm-12:59pm,38,38,12,12:00pm-12:59pm,46,46,13,1:00pm-1:59pm,18,18,,,,,,,1,
2023,29,290396,Missouri,1,1,0,0,0,3,3,81,HARRISON (81),0,NOT APPLICABLE,4,4,7,July,2023,3,Tuesday,12,12:00pm-12:59pm,8,8,0,This Section IS NOT on the NHS,1,Rural,98,Not Reported,2,County Highway Agency,4,County,CR-W 211 LN,,10,10,40.21291667,40.21291667,-94.023694440,-94.02369444,0,No Special Jurisdiction,58,Ground,0,The First Harmful Event was Not a Collision with a Motor Vehicle in Transport,0,No,1,Non-Junction,1,Not an Intersection,0,None,,,4,On Roadside,1,Daylight,,,,,1,Clear,0,No,0000000,Not Applicable,12,12:00pm-12:59pm,10,10,12,12:00pm-12:59pm,16,16,12,12:00pm-12:59pm,41,41,,,,,,,1,
2023,29,290397,Missouri,2,2,0,0,0,3,3,173,RALLS (173),5680,NEW LONDON,4,4,7,July,2023,3,Tuesday,21,9:00pm-9:59pm,48,48,1,This Section IS ON the NHS,1,Rural,2,Other Freeways and Expressways,1,State Highway Agency,2,U.S. Highway,US-61,,80,80,39.58030556,39.58030556,-91.405388890,-91.40538889,0,No Special Jurisdiction,12,Motor Vehicle In-Transport,2,Front-to-Front,0,No,1,Non-Junction,1,Not an Intersection,0,None,,,1,On Roadway,2,Dark - Not Lighted,,,,,1,Clear,0,No,0000000,Not Applicable,21,9:00pm-9:59pm,57,57,22,10:00pm-10:59pm,29,29,23,11:00pm-11:59pm,28,28,,,,,,,1,
2023,29,290398,Missouri,1,1,0,0,0,2,2,145,NEWTON (145),4100,JOPLIN,5,5,7,July,2023,4,Wednesday,18,6:00pm-6:59pm,35,35,0,This Section IS NOT on the NHS,2,Urban,5,Major Collector,4,City or Municipal Highway Agency,6,Municipal,MU-S JACKSON AVE,,10,10,37.04436667,37.04436667,-94.521872220,-94.52187222,0,No Special Jurisdiction,1,Rollover/Overturn,0,The First Harmful Event was Not a Collision with a Motor Vehicle in Transport,0,No,1,Non-Junction,1,Not an Intersection,0,None,,,4,On Roadside,1,Daylight,,,,,1,Clear,0,No,0000000,Not Applicable,18,6:00pm-6:59pm,36,36,18,6:00pm-6:59pm,40,40,18,6:00pm-6:59pm,53,53,,,,,,,1,
2023,29,290399,Missouri,2,2,0,0,0,2,2,99,JEFFERSON (99),0,NOT APPLICABLE,17,17,5,May,2023,4,Wednesday,7,7:00am-7:59am,8,8,1,This Section IS ON the NHS,2,Urban,3,Other Principal Arterial,1,State Highway Agency,3,State Highway,SR-30,MU-UPPER BYRNES MILL RD,70,70,38.43639167,38.43639167,-90.556666670,-90.55666667,0,No Special Jurisdiction,12,Motor Vehicle In-Transport,6,Angle,0,No,2,Intersection,2,Four-Way Intersection,0,None,,,1,On Roadway,1,Daylight,,,,,5,"Fog, Smog, Smoke",0,No,0000000,Not Applicable,7,7:00am-7:59am,17,17,7,7:00am-7:59am,23,23,7,7:00am-7:59am,48,48,,,,,,,1,
2023,29,290400,Missouri,1,1,0,0,0,1,1,95,JACKSON (95),0,NOT APPLICABLE,31,31,5,May,2023,4,Wednesday,19,7:00pm-7:59pm,0,0,0,This Section IS NOT on the NHS,1,Rural,7,Local,2,County Highway Agency,4,County,CR-TWYMAN RD,,10,10,39.15436667,39.15436667,-94.302827780,-94.30282778,0,No Special Jurisdiction,42,Tree (Standing Only),0,The First Harmful Event was Not a Collision with a Motor Vehicle in Transport,0,No,1,Non-Junction,1,Not an Intersection,0,None,,,4,On Roadside,1,Daylight,,,,,1,Clear,0,No,0000000,Not Applicable,19,7:00pm-7:59pm,6,6,19,7:00pm-7:59pm,14,14,19,7:00pm-7:59pm,28,28,,,,,,,1,