caseyear,state,st_case,statename,ve_total,ve_forms,pvh_invl,peds,pernotmvit,permvit,persons,county,countyname,city,cityname,day,dayname,month,monthname,year,day_week,day_weekname,hour,hourname,minute,minutename,nhs,nhsname,rur_urb,rur_urbname,func_sys,func_sysname,rd_owner,rd_ownername,route,routename,tway_id,tway_id2,milept,mileptname,latitude,latitudename,longitud,longitudname,sp_jur,sp_jurname,harm_ev,harm_evname,man_coll,man_collname,reljct1,reljct1name,reljct2,reljct2name,typ_int,typ_intname,wrk_zone,wrk_zonename,road_fnc,road_fncname,rel_road,rel_roadname,lgt_cond,lgt_condname,weather1,weather1name,weather2,weather2name,weather,weathername,sch_bus,sch_busname,rail,railname,not_hour,not_hourname,not_min,not_minname,arr_hour,arr_hourname,arr_min,arr_minname,hosp_hr,hosp_hrname,hosp_mn,hosp_mnname,cf1,cf1name,cf2,cf2name,cf3,cf3name,fatals,drunk_dr
2023,29,290479,Missouri,1,1,0,0,0,1,1,47,CLAY (47),0,NOT APPLICABLE,30,30,7,July,2023,1,Sunday,11,11:00am-11:59am,30,30,0,This Section IS NOT on the NHS,1,Rural,5,Major Collector,1,State Highway Agency,3,State Highway,SR-H,,60,60,39.29708333,39.29708333,-94.295527780,-94.29552778,0,No Special Jurisdiction,38,Fence,0,The First Harmful Event was Not a Collision with a Motor Vehicle in Transport,0,No,1,Non-Junction,1,Not an Intersection,0,None,,,5,Outside Trafficway,1,Daylight,,,,,1,Clear,0,No,0000000,Not Applicable,99,Unknown,99,Unknown,99,Unknown EMS Scene Arrival Hour,99,Unknown EMS Scene Arrival Minutes,88,"Not Applicable (Not Transported) ",88,Not Applicable (Not Transported),,,,,,,1,
2023,29,290480,Missouri,2,2,0,0,0,2,2,189,ST LOUIS (189),0,NOT APPLICABLE,30,30,7,July,2023,1,Sunday,21,9:00pm-9:59pm,45,45,0,This Section IS NOT on the NHS,2,Urban,4,Minor Arterial,2,County Highway Agency,4,County,CR-WARSON RD,,10,10,38.67733889,38.67733889,-90.394791670,-90.39479167,0,No Special Jurisdiction,12,Motor Vehicle In-Transport,6,Angle,0,No,4,Driveway Access,1,Not an Intersection,0,None,,,1,On Roadway,2,Dark - Not Lighted,,,,,10,Cloudy,0,No,0000000,Not Applicable,21,9:00pm-9:59pm,35,35,21,9:00pm-9:59pm,39,39,21,9:00pm-9:59pm,57,57,,,,,,,1,
2023,29,290481,Missouri,1,1,0,1,1,1,1,47,CLAY (47),0,NOT APPLICABLE,30,30,7,July,2023,1,Sunday,3,3:00am-3:59am,52,52,0,This Section IS NOT on the NHS,1,Rural,98,Not Reported,2,County Highway Agency,4,County,CR-NE 120TH ST,,0,None,39.30986111,39.30986111,-94.433583330,-94.43358333,0,No Special Jurisdiction,8,Pedestrian,0,The First Harmful Event was Not a Collision with a Motor Vehicle in Transport,0,No,1,Non-Junction,1,Not an Intersection,0,None,,,1,On Roadway,2,Dark - Not Lighted,,,,,1,Clear,0,No,0000000,Not Applicable,3,3:00am-3:59am,55,55,4,4:00am-4:59am,8,8,88,"Not Applicable (Not Transported) ",88,Not Applicable (Not Transported),,,,,,,1,
2023,29,290482,Missouri,2,2,0,0,0,3,3,161,PHELPS (161),0,NOT APPLICABLE,30,30,7,July,2023,1,Sunday,17,5:00pm-5:59pm,20,20,1,This Section IS ON the NHS,1,Rural,3,Other Principal Arterial,1,State Highway Agency,2,U.S. Highway,US-63,,160,160,37.84361111,37.84361111,-91.798861110,-91.79886111,0,No Special Jurisdiction,12,Motor Vehicle In-Transport,6,Angle,0,No,8,Driveway Access Related,1,Not an Intersection,0,None,,,1,On Roadway,1,Daylight,,,,,1,Clear,0,No,0000000,Not Applicable,17,5:00pm-5:59pm,22,22,17,5:00pm-5:59pm,33,33,99,Unknown,99,Unknown EMS Hospital Arrival Time,,,,,,,1,
2023,29,290483,Missouri,2,2,0,0,0,2,2,95,JACKSON (95),3940,INDEPENDENCE,31,31,7,July,2023,2,Monday,7,7:00am-7:59am,3,3,1,This Section IS ON the NHS,2,Urban,3,Other Principal Arterial,1,State Highway Agency,2,U.S. Highway,US-24,MU-INDEPENDENCE AVE WJ,130,130,39.10076667,39.10076667,-94.464183330,-94.46418333,0,No Special Jurisdiction,12,Motor Vehicle In-Transport,6,Angle,0,No,2,Intersection,3,T-Intersection,0,None,,,1,On Roadway,1,Daylight,,,,,10,Cloudy,0,No,0000000,Not Applicable,7,7:00am-7:59am,6,6,7,7:00am-7:59am,12,12,7,7:00am-7:59am,31,31,,,,,,,1,
2023,29,290484,Missouri,1,1,0,1,1,1,1,189,ST LOUIS (189),2690,FENTON,29,29,7,July,2023,7,Saturday,13,1:00pm-1:59pm,40,40,0,This Section IS NOT on the NHS,6,Trafficway Not in State Inventory,96,Trafficway Not in State Inventory,96,Trafficway Not in State Inventory,96,Trafficway Not in State Inventory,MU-GRAVOIS BLUFFS CIR DR STE B,,0,None,38.50257500,38.50257500,-90.444719440,-90.44471944,0,No Special Jurisdiction,8,Pedestrian,0,The First Harmful Event was Not a Collision with a Motor Vehicle in Transport,0,No,1,Non-Junction,1,Not an Intersection,0,None,,,1,On Roadway,1,Daylight,,,,,1,Clear,0,No,0000000,Not Applicable,13,1:00pm-1:59pm,38,38,13,1:00pm-1:59pm,43,43,13,1:00pm-1:59pm,59,59,,,,,,,1,
2023,29,290485,Missouri,1,1,0,0,0,1,1,203,SHANNON (203),0,NOT APPLICABLE,9,9,5,May,2023,3,Tuesday,14,2:00pm-2:59pm,4,4,0,This Section IS NOT on the NHS,1,Rural,4,Minor Arterial,1,State Highway Agency,3,State Highway,SR-19,,230,230,37.17430556,37.17430556,-91.356638890,-91.35663889,0,No Special Jurisdiction,42,Tree (Standing Only),0,The First Harmful Event was Not a Collision with a Motor Vehicle in Transport,0,No,1,Non-Junction,1,Not an Intersection,0,None,,,4,On Roadside,1,Daylight,,,,,1,Clear,0,No,0000000,Not Applicable,14,2:00pm-2:59pm,7,7,14,2:00pm-2:59pm,25,25,99,Unknown,99,Unknown EMS Hospital Arrival Time,,,,,,,1,
2023,29,290486,Missouri,2,2,0,0,0,4,4,189,ST LOUIS (189),4060,JENNINGS,18,18,6,June,2023,1,Sunday,20,8:00pm-8:59pm,39,39,0,This Section IS NOT on the NHS,2,Urban,4,Minor Arterial,2,County Highway Agency,6,Municipal,MU-JENNINGS STATION RD,,99998,Not Reported,38.72499722,38.72499722,-90.249750000,-90.24975000,0,No Special Jurisdiction,12,Motor Vehicle In-Transport,6,Angle,0,No,8,Driveway Access Related,1,Not an Intersection,0,None,,,1,On Roadway,2,Dark - Not Lighted,,,,,1,Clear,0,No,0000000,Not Applicable,20,8:00pm-8:59pm,41,41,20,8:00pm-8:59pm,49,49,21,9:00pm-9:59pm,14,14,,,,,,,1,
2023,29,290487,Missouri,2,2,0,0,0,4,4,77,GREENE (77),7460,SPRINGFIELD,1,1,8,August,2023,3,Tuesday,12,12:00pm-12:59pm,48,48,0,This Section IS NOT on the NHS,2,Urban,3,Other Principal Arterial,1,State Highway Agency,6,Municipal,MU-KEARNEY ST,MU-GRANT AVE,50,50,37.24073889,37.24073889,-93.297513890,-93.29751389,0,No Special Jurisdiction,1,Rollover/Overturn,0,The First Harmful Event was Not a Collision with a Motor Vehicle in Transport,0,No,2,Intersection,2,Four-Way Intersection,0,None,,,1,On Roadway,1,Daylight,,,,,1,Clear,0,No,0000000,Not Applicable,12,12:00pm-12:59pm,48,48,12,12:00pm-12:59pm,52,52,13,1:00pm-1:59pm,13,13,,,,,,,1,
2023,29,290488,Missouri,2,2,0,0,0,2,2,99,JEFFERSON (99),0,NOT APPLICABLE,1,1,8,August,2023,3,Tuesday,13,1:00pm-1:59pm,3,3,0,This Section IS NOT on the NHS,2,Urban,4,Minor Arterial,2,County Highway Agency,2,U.S. Highway,US-61,PINE DR,50,50,38.40076111,38.40076111,-90.375886110,-90.37588611,0,No Special Jurisdiction,12,Motor Vehicle In-Transport,2,Front-to-Front,0,No,3,Intersection-Related,3,T-Intersection,0,None,,,1,On Roadway,1,Daylight,,,,,1,Clear,0,No,0000000,Not Applicable,99,Unknown,99,Unknown,99,Unknown EMS Scene Arrival Hour,99,Unknown EMS Scene Arrival Minutes,99,Unknown,99,Unknown EMS Hospital Arrival Time,,,,,,,1,
2023,29,290489,Missouri,2,2,0,0,0,3,3,95,JACKSON (95),4120,KANSAS CITY,1,1,8,August,2023,3,Tuesday,8,8:00am-8:59am,46,46,0,This Section IS NOT on the NHS,2,Urban,4,Minor Arterial,4,City or Municipal Highway Agency,6,Municipal,MU-PROSPECT AVE,,80,80,38.98328889,38.98328889,-94.557641670,-94.55764167,0,No Special Jurisdiction,12,Motor Vehicle In-Transport,6,Angle,0,No,8,Driveway Access Related,1,Not an Intersection,0,None,,,1,On Roadway,1,Daylight,,,,,10,Cloudy,0,No,0000000,Not Applicable,8,8:00am-8:59am,46,46,8,8:00am-8:59am,51,51,9,9:00am-9:59am,0,0,,,,,,,1,
2023,29,290490,Missouri,1,1,0,1,1,1,1,510,ST. LOUIS (CITY) (510),7080,ST. LOUIS,2,2,8,August,2023,4,Wednesday,2,2:00am-2:59am,16,16,1,This Section IS ON the NHS,2,Urban,3,Other Principal Arterial,1,State Highway Agency,6,Municipal,MU-NATURAL BRIDGE AVE,MU-ARLINGTON AVE,10,10,38.68055000,38.68055000,-90.261216670,-90.26121667,0,No Special Jurisdiction,8,Pedestrian,0,The First Harmful Event was Not a Collision with a Motor Vehicle in Transport,0,No,2,Intersection,3,T-Intersection,0,None,,,1,On Roadway,3,Dark - Lighted,,,,,10,Cloudy,0,No,0000000,Not Applicable,2,2:00am-2:59am,16,16,2,2:00am-2:59am,25,25,2,2:00am-2:59am,41,41,,,,,,,1,
2023,29,290491,Missouri,1,1,0,0,0,1,1,153,OZARK (153),0,NOT APPLICABLE,2,2,8,August,2023,4,Wednesday,13,1:00pm-1:59pm,45,45,0,This Section IS NOT on the NHS,1,Rural,4,Minor Arterial,1,State Highway Agency,2,U.S. Highway,US-160,,390,390,36.62497222,36.62497222,-92.160944440,-92.16094444,0,No Special Jurisdiction,59,"Traffic Sign Support ",0,The First Harmful Event was Not a Collision with a Motor Vehicle in Transport,0,No,1,Non-Junction,1,Not an Intersection,0,None,,,4,On Roadside,1,Daylight,,,,,1,Clear,0,No,0000000,Not Applicable,99,Unknown,98,Unknown if Notified,99,Unknown EMS Scene Arrival Hour,98,Unknown if Arrived,88,"Not Applicable (Not Transported) ",88,Not Applicable (Not Transported),,,,,,,1,
2023,29,290492,Missouri,2,2,0,1,1,3,3,125,MARIES (125),0,NOT APPLICABLE,3,3,8,August,2023,5,Thursday,15,3:00pm-3:59pm,38,38,1,This Section IS ON the NHS,1,Rural,3,Other Principal Arterial,1,State Highway Agency,2,U.S. Highway,US-63,,120,120,38.15188889,38.15188889,-91.910944440,-91.91094444,0,No Special Jurisdiction,12,Motor Vehicle In-Transport,1,Front-to-Rear,0,No,1,Non-Junction,1,Not an Intersection,0,None,,,1,On Roadway,1,Daylight,,,,,1,Clear,0,No,0000000,Not Applicable,99,Unknown,98,Unknown if Notified,99,Unknown EMS Scene Arrival Hour,98,Unknown if Arrived,88,"Not Applicable (Not Transported) ",88,Not Applicable (Not Transported),,,,,,,1,
2023,29,290493,Missouri,2,2,0,0,0,2,2,189,ST LOUIS (189),0,NOT APPLICABLE,3,3,8,August,2023,5,Thursday,20,8:00pm-8:59pm,25,25,1,This Section IS ON the NHS,1,Rural,3,Other Principal Arterial,1,State Highway Agency,2,U.S. Highway,US-67,,2,2,38.81748056,38.81748056,-90.271505560,-90.27150556,0,No Special Jurisdiction,33,Curb,0,The First Harmful Event was Not a Collision with a Motor Vehicle in Transport,0,No,1,Non-Junction,1,Not an Intersection,0,None,,,3,On Median,3,Dark - Lighted,,,,,10,Cloudy,0,No,0000000,Not Applicable,99,Unknown,98,Unknown if Notified,99,Unknown EMS Scene Arrival Hour,98,Unknown if Arrived,88,"Not Applicable (Not Transported) ",88,Not Applicable (Not Transported),,,,,,,1,
2023,29,290494,Missouri,2,2,0,0,0,2,2,510,ST. LOUIS (CITY) (510),7080,ST. LOUIS,4,4,8,August,2023,6,Friday,20,8:00pm-8:59pm,21,21,0,This Section IS NOT on the NHS,2,Urban,4,Minor Arterial,4,City or Municipal Highway Agency,6,Municipal,MU-WEST FLORISSANT AVE,MU-DAVISON AVE,10,10,38.69866111,38.69866111,-90.242322220,-90.24232222,0,No Special Jurisdiction,12,Motor Vehicle In-Transport,7,Sideswipe - Same Direction,0,No,2,Intersection,3,T-Intersection,0,None,,,1,On Roadway,1,Daylight,,,,,10,Cloudy,0,No,0000000,Not Applicable,20,8:00pm-8:59pm,17,17,20,8:00pm-8:59pm,34,34,20,8:00pm-8:59pm,52,52,,,,,,,1,
2023,29,290495,Missouri,1,1,0,0,0,2,2,163,PIKE (163),0,NOT APPLICABLE,4,4,8,August,2023,6,Friday,8,8:00am-8:59am,30,30,0,This Section IS NOT on the NHS,1,Rural,98,Not Reported,2,County Highway Agency,4,County,CR-22836 PIKE COUNTY RD 301,,20,20,39.25744444,39.25744444,-91.088555560,-91.08855556,0,No Special Jurisdiction,38,Fence,0,The First Harmful Event was Not a Collision with a Motor Vehicle in Transport,0,No,8,Driveway Access Related,1,Not an Intersection,0,None,,,4,On Roadside,1,Daylight,,,,,1,Clear,0,No,0000000,Not Applicable,8,8:00am-8:59am,22,22,8,8:00am-8:59am,40,40,99,Unknown,99,Unknown EMS Hospital Arrival Time,,,,,,,1,
2023,29,290496,Missouri,2,2,0,0,0,7,7,107,LAFAYETTE (107),0,NOT APPLICABLE,6,6,8,August,2023,1,Sunday,0,0:00am-0:59am,58,58,1,This Section IS ON the NHS,1,Rural,1,Interstate,1,State Highway Agency,1,Interstate,I-70,,160,160,39.00225000,39.00225000,-93.795333330,-93.79533333,0,No Special Jurisdiction,18,Other Object (not fixed),0,The First Harmful Event was Not a Collision with a Motor Vehicle in Transport,0,No,1,Non-Junction,1,Not an Intersection,0,None,,,1,On Roadway,2,Dark - Not Lighted,,,,,1,Clear,0,No,0000000,Not Applicable,0,0:00am-0:59am,58,58,1,1:00am-1:59am,15,15,1,1:00am-1:59am,48,48,,,,,,,1,
2023,29,290497,Missouri,1,1,0,0,0,1,1,29,CAMDEN (29),0,NOT APPLICABLE,5,5,8,August,2023,7,Saturday,14,2:00pm-2:59pm,26,26,0,This Section IS NOT on the NHS,1,Rural,3,Other Principal Arterial,1,State Highway Agency,3,State Highway,SR-7,,100,100,38.10244444,38.10244444,-92.886777780,-92.88677778,0,No Special Jurisdiction,30,Utility Pole/Light Support,0,The First Harmful Event was Not a Collision with a Motor Vehicle in Transport,0,No,1,Non-Junction,1,Not an Intersection,0,None,,,4,On Roadside,1,Daylight,,,,,1,Clear,0,No,0000000,Not Applicable,99,Unknown,99,Unknown,99,Unknown EMS Scene Arrival Hour,99,Unknown EMS Scene Arrival Minutes,99,Unknown,99,Unknown EMS Hospital Arrival Time,,,,,,,1,
2023,29,290498,Missouri,2,2,0,0,0,2,2,49,CLINTON (49),1350,CAMERON,6,6,8,August,2023,1,Sunday,6,6:00am-6:59am,20,20,0,This Section IS NOT on the NHS,2,Urban,4,Minor Arterial,1,State Highway Agency,6,Municipal,MU-GRAND AVE,,0,None,39.74477778,39.74477778,-94.228361110,-94.22836111,0,No Special Jurisdiction,12,Motor Vehicle In-Transport,2,Front-to-Front,0,No,1,Non-Junction,1,Not an Intersection,0,None,,,1,On Roadway,1,Daylight,,,,,10,Cloudy,0,No,0000000,Not Applicable,6,6:00am-6:59am,24,24,6,6:00am-6:59am,30,30,7,7:00am-7:59am,16,16,,,,,,,1,
2023,29,290499,Missouri,1,1,0,1,1,4,4,187,ST FRANCOIS (187),2670,FARMINGTON,6,6,8,August,2023,1,Sunday,21,9:00pm-9:59pm,5,5,1,This Section IS ON the NHS,2,Urban,2,Other Freeways and Expressways,1,State Highway Agency,2,U.S. Highway,US-67 RAMP,,0,None,37.77411111,37.77411111,-90.444750000,-90.44475000,0,No Special Jurisdiction,8,Pedestrian,0,The First Harmful Event was Not a Collision with a Motor Vehicle in Transport,1,Yes,20,Entrance/Exit Ramp,1,Not an Intersection,0,None,,,1,On Roadway,3,Dark - Lighted,,,,,1,Clear,0,No,0000000,Not Applicable,21,9:00pm-9:59pm,4,4,21,9:00pm-9:59pm,9,9,21,9:00pm-9:59pm,26,26,,,,,,,1,
2023,29,290500,Missouri,2,2,0,0,0,3,3,21,BUCHANAN (21),7070,ST. JOSEPH,6,6,8,August,2023,1,Sunday,19,7:00pm-7:59pm,30,30,0,This Section IS NOT on the NHS,2,Urban,4,Minor Arterial,4,City or Municipal Highway Agency,6,Municipal,MU-FREDERICK AVE,MU-KEMPER ST,50,50,39.77256389,39.77256389,-94.840225000,-94.84022500,0,No Special Jurisdiction,12,Motor Vehicle In-Transport,6,Angle,0,No,2,Intersection,2,Four-Way Intersection,0,None,,,1,On Roadway,1,Daylight,,,,,2,Rain,0,No,0000000,Not Applicable,19,7:00pm-7:59pm,30,30,19,7:00pm-7:59pm,42,42,19,7:00pm-7:59pm,57,57,,,,,,,1,
2023,29,290501,Missouri,1,1,0,0,0,1,1,95,JACKSON (95),4120,KANSAS CITY,6,6,8,August,2023,1,Sunday,22,10:00pm-10:59pm,29,29,1,This Section IS ON the NHS,2,Urban,1,Interstate,1,State Highway Agency,1,Interstate,I-670 RAMP 944964,,0,None,39.09679444,39.09679444,-94.572627780,-94.57262778,0,No Special Jurisdiction,24,Guardrail Face,0,The First Harmful Event was Not a Collision with a Motor Vehicle in Transport,1,Yes,5,Entrance/Exit Ramp Related,1,Not an Intersection,1,Construction,,,4,On Roadside,3,Dark - Lighted,,,,,1,Clear,0,No,0000000,Not Applicable,22,10:00pm-10:59pm,29,29,22,10:00pm-10:59pm,36,36,88,"Not Applicable (Not Transported) ",88,Not Applicable (Not Transported),,,,,,,1,
2023,29,290502,Missouri,2,2,0,0,0,4,4,21,BUCHANAN (21),0,NOT APPLICABLE,7,7,8,August,2023,2,Monday,7,7:00am-7:59am,33,33,0,This Section IS NOT on the NHS,1,Rural,4,Minor Arterial,1,State Highway Agency,2,U.S. Highway,US-169,SR-31,170,170,39.65897222,39.65897222,-94.646805560,-94.64680556,0,No Special Jurisdiction,12,Motor Vehicle In-Transport,6,Angle,0,No,2,Intersection,2,Four-Way Intersection,0,None,,,1,On Roadway,1,Daylight,,,,,10,Cloudy,0,No,0000000,Not Applicable,99,Unknown,98,Unknown if Notified,99,Unknown EMS Scene Arrival Hour,98,Unknown if Arrived,88,"Not Applicable (Not Transported) ",88,Not Applicable (Not Transported),,,,,,,1,
2023,29,290503,Missouri,2,2,0,0,0,4,4,163,PIKE (163),0,NOT APPLICABLE,8,8,8,August,2023,3,Tuesday,19,7:00pm-7:59pm,41,41,1,This Section IS ON the NHS,1,Rural,2,Other Freeways and Expressways,1,State Highway Agency,2,U.S. Highway,US-61,,80,80,39.42925000,39.42925000,-91.256194440,-91.25619444,0,No Special Jurisdiction,12,Motor Vehicle In-Transport,1,Front-to-Rear,0,No,1,Non-Junction,1,Not an Intersection,0,None,,,1,On Roadway,1,Daylight,,,,,1,Clear,0,No,0000000,Not Applicable,99,Unknown,99,Unknown,99,Unknown EMS Scene Arrival Hour,99,Unknown EMS Scene Arrival Minutes,99,Unknown,99,Unknown EMS Hospital Arrival Time,,,,,,,1,
2023,29,290504,Missouri,2,2,0,0,0,3,3,21,BUCHANAN (21),7070,ST. JOSEPH,8,8,8,August,2023,3,Tuesday,5,5:00am-5:59am,57,57,0,This Section IS NOT on the NHS,2,Urban,4,Minor Arterial,1,State Highway Agency,6,Municipal,MU-4TH ST,SR-759 RP 905480,20,20,39.74614722,39.74614722,-94.856108330,-94.85610833,0,No Special Jurisdiction,12,Motor Vehicle In-Transport,6,Angle,0,No,2,Intersection,3,T-Intersection,0,None,,,1,On Roadway,1,Daylight,,,,,1,Clear,0,No,0000000,Not Applicable,6,6:00am-6:59am,0,0,6,6:00am-6:59am,3,3,6,6:00am-6:59am,25,25,,,,,,,1,
2023,29,290505,Missouri,2,2,0,0,0,2,2,115,LINN (115),0,NOT APPLICABLE,8,8,8,August,2023,3,Tuesday,20,8:00pm-8:59pm,30,30,1,This Section IS ON the NHS,1,Rural,3,Other Principal Arterial,1,State Highway Agency,2,U.S. Highway,US-36,SR-139 EJ,100,100,39.77827778,39.77827778,-93.175194440,-93.17519444,0,No Special Jurisdiction,12,Motor Vehicle In-Transport,6,Angle,0,No,2,Intersection,2,Four-Way Intersection,0,None,,,1,On Roadway,1,Daylight,,,,,1,Clear,0,No,0000000,Not Applicable,20,8:00pm-8:59pm,32,32,20,8:00pm-8:59pm,40,40,21,9:00pm-9:59pm,0,0,,,,,,,1,
2023,29,290506,Missouri,2,2,0,0,0,2,2,95,JACKSON (95),4120,KANSAS CITY,8,8,8,August,2023,3,Tuesday,20,8:00pm-8:59pm,41,41,0,This Section IS NOT on the NHS,2,Urban,4,Minor Arterial,4,City or Municipal Highway Agency,6,Municipal,MU-TROOST AVE,,80,80,38.98843056,38.98843056,-94.575797220,-94.57579722,0,No Special Jurisdiction,12,Motor Vehicle In-Transport,7,Sideswipe - Same Direction,0,No,1,Non-Junction,1,Not an Intersection,0,None,,,1,On Roadway,3,Dark - Lighted,,,,,1,Clear,0,No,0000000,Not Applicable,20,8:00pm-8:59pm,42,42,20,8:00pm-8:59pm,48,48,20,8:00pm-8:59pm,59,59,,,,,,,1,
2023,29,290507,Missouri,2,2,0,0,0,3,3,55,CRAWFORD (55),0,NOT APPLICABLE,8,8,8,August,2023,3,Tuesday,14,2:00pm-2:59pm,50,50,0,This Section IS NOT on the NHS,1,Rural,4,Minor Arterial,1,State Highway Agency,3,State Highway,SR-19,SR-CC,10,10,38.20222222,38.20222222,-91.442083330,-91.44208333,0,No Special Jurisdiction,12,Motor Vehicle In-Transport,6,Angle,0,No,2,Intersection,2,Four-Way Intersection,0,None,,,1,On Roadway,1,Daylight,,,,,1,Clear,0,No,0000000,Not Applicable,14,2:00pm-2:59pm,50,50,15,3:00pm-3:59pm,14,14,16,4:00pm-4:59pm,21,21,,,,,,,2,
2023,29,290508,Missouri,2,2,0,0,0,2,2,165,PLATTE (165),4120,KANSAS CITY,8,8,8,August,2023,3,Tuesday,21,9:00pm-9:59pm,55,55,0,This Section IS NOT on the NHS,2,Urban,4,Minor Arterial,4,City or Municipal Highway Agency,6,Municipal,MU-NW BARRY RD,,0,None,39.24636389,39.24636389,-94.604625000,-94.60462500,0,No Special Jurisdiction,1,Rollover/Overturn,0,The First Harmful Event was Not a Collision with a Motor Vehicle in Transport,0,No,1,Non-Junction,1,Not an Intersection,0,None,,,1,On Roadway,3,Dark - Lighted,,,,,1,Clear,0,No,0000000,Not Applicable,99,Unknown,98,Unknown if Notified,99,Unknown EMS Scene Arrival Hour,98,Unknown if Arrived,88,"Not Applicable (Not Transported) ",88,Not Applicable (Not Transported),,,,,,,1,
2023,29,290509,Missouri,2,2,0,0,0,7,7,77,GREENE (77),0,NOT APPLICABLE,9,9,8,August,2023,4,Wednesday,10,10:00am-10:59am,14,14,0,This Section IS NOT on the NHS,1,Rural,4,Minor Arterial,1,State Highway Agency,3,State Highway,SR-D,,50,50,37.17900000,37.17900000,-93.179416670,-93.17941667,0,No Special Jurisdiction,12,Motor Vehicle In-Transport,2,Front-to-Front,0,No,1,Non-Junction,1,Not an Intersection,0,None,,,1,On Roadway,1,Daylight,,,,,2,Rain,0,No,0000000,Not Applicable,10,10:00am-10:59am,16,16,10,10:00am-10:59am,26,26,10,10:00am-10:59am,55,55,,,,,,,2,
2023,29,290510,Missouri,1,1,0,0,0,1,1,510,ST. LOUIS (CITY) (510),7080,ST. LOUIS,27,27,2,February,2023,2,Monday,99,Unknown Hours,99,Unknown Minutes,0,This Section IS NOT on the NHS,2,Urban,4,Minor Arterial,4,City or Municipal Highway Agency,6,Municipal,MU-DR MARTIN LUTHER KING DR,MU-BISHOP P L SCOTT AVE,30,30,38.65178056,38.65178056,-90.234261110,-90.23426111,0,No Special Jurisdiction,93,Unknown Fixed Object,0,The First Harmful Event was Not a Collision with a Motor Vehicle in Transport,0,No,3,Intersection-Related,3,T-Intersection,0,None,,,4,On Roadside,6,Dark - Unknown Lighting,,,,,1,Clear,0,No,0000000,Not Applicable,99,Unknown,99,Unknown,99,Unknown EMS Scene Arrival Hour,99,Unknown EMS Scene Arrival Minutes,99,Unknown,99,Unknown EMS Hospital Arrival Time,,,,,,,1,
2023,29,290511,Missouri,3,2,1,0,0,2,2,510,ST. LOUIS (CITY) (510),7080,ST. LOUIS,1,1,8,August,2023,3,Tuesday,14,2:00pm-2:59pm,0,0,0,This Section IS NOT on the NHS,2,Urban,98,Not Reported,1,State Highway Agency,6,Municipal,MU-BLAIR AVE,MU-MONROE ST,20,20,38.64700000,38.64700000,-90.196877780,-90.19687778,0,No Special Jurisdiction,12,Motor Vehicle In-Transport,6,Angle,0,No,2,Intersection,2,Four-Way Intersection,0,None,,,1,On Roadway,1,Daylight,,,,,1,Clear,0,No,0000000,Not Applicable,14,2:00pm-2:59pm,0,0,14,2:00pm-2:59pm,4,4,14,2:00pm-2:59pm,22,22,,,,,,,1,
2023,29,290512,Missouri,2,2,0,0,0,3,3,189,ST LOUIS (189),3190,PINE LAWN,5,5,8,August,2023,7,Saturday,3,3:00am-3:59am,20,20,0,This Section IS NOT on the NHS,2,Urban,4,Minor Arterial,4,City or Municipal Highway Agency,6,Municipal,MU-KIENLEN AVE,,0,None,38.68991667,38.68991667,-90.277472220,-90.27747222,0,No Special Jurisdiction,33,Curb,0,The First Harmful Event was Not a Collision with a Motor Vehicle in Transport,0,No,1,Non-Junction,1,Not an Intersection,0,None,,,4,On Roadside,3,Dark - Lighted,,,,,2,Rain,0,No,0000000,Not Applicable,3,3:00am-3:59am,23,23,3,3:00am-3:59am,29,29,3,3:00am-3:59am,52,52,,,,,,,1,
2023,29,290513,Missouri,1,1,0,0,0,1,1,95,JACKSON (95),4120,KANSAS CITY,9,9,8,August,2023,4,Wednesday,12,12:00pm-12:59pm,58,58,0,This Section IS NOT on the NHS,2,Urban,4,Minor Arterial,4,City or Municipal Highway Agency,6,Municipal,MU-BANNISTER RD,MU-95TH TER,20,20,38.95482500,38.95482500,-94.566833330,-94.56683333,0,No Special Jurisdiction,46,Traffic Signal Support,0,The First Harmful Event was Not a Collision with a Motor Vehicle in Transport,0,No,3,Intersection-Related,3,T-Intersection,0,None,,,12,Pedestrian Refuge Island or Traffic Island,1,Daylight,,,,,10,Cloudy,0,No,0000000,Not Applicable,12,12:00pm-12:59pm,59,59,13,1:00pm-1:59pm,4,4,13,1:00pm-1:59pm,26,26,,,,,,,1,
2023,29,290514,Missouri,2,2,0,0,0,3,3,215,TEXAS (215),0,NOT APPLICABLE,9,9,8,August,2023,4,Wednesday,13,1:00pm-1:59pm,15,15,1,This Section IS ON the NHS,1,Rural,3,Other Principal Arterial,1,State Highway Agency,2,U.S. Highway,US-63,CR-PLEASANT RD,340,340,37.16527778,37.16527778,-92.056833330,-92.05683333,0,No Special Jurisdiction,12,Motor Vehicle In-Transport,6,Angle,0,No,2,Intersection,3,T-Intersection,0,None,,,1,On Roadway,1,Daylight,,,,,2,Rain,0,No,0000000,Not Applicable,13,1:00pm-1:59pm,17,17,13,1:00pm-1:59pm,35,35,13,1:00pm-1:59pm,58,58,,,,,,,1,
2023,29,290515,Missouri,4,4,0,0,0,6,6,21,BUCHANAN (21),7070,ST. JOSEPH,10,10,8,August,2023,5,Thursday,9,9:00am-9:59am,9,9,1,This Section IS ON the NHS,2,Urban,1,Interstate,1,State Highway Agency,1,Interstate,I-229 RP 5131,,0,None,39.74851389,39.74851389,-94.853169440,-94.85316944,0,No Special Jurisdiction,12,Motor Vehicle In-Transport,1,Front-to-Rear,1,Yes,20,Entrance/Exit Ramp,1,Not an Intersection,0,None,,,1,On Roadway,1,Daylight,,,,,1,Clear,0,No,0000000,Not Applicable,9,9:00am-9:59am,12,12,9,9:00am-9:59am,16,16,9,9:00am-9:59am,45,45,,,,,,,2,
2023,29,290516,Missouri,3,3,0,0,0,4,4,33,CARROLL (33),0,NOT APPLICABLE,10,10,8,August,2023,5,Thursday,11,11:00am-11:59am,44,44,1,This Section IS ON the NHS,1,Rural,3,Other Principal Arterial,1,State Highway Agency,2,U.S. Highway,US-65,,20,20,39.24480556,39.24480556,-93.512194440,-93.51219444,0,No Special Jurisdiction,12,Motor Vehicle In-Transport,2,Front-to-Front,0,No,1,Non-Junction,1,Not an Intersection,0,None,,,1,On Roadway,1,Daylight,,,,,1,Clear,0,No,0000000,Not Applicable,11,11:00am-11:59am,31,31,12,12:00pm-12:59pm,10,10,12,12:00pm-12:59pm,48,48,,,,,,,1,