caseyear,state,st_case,statename,ve_total,ve_forms,pvh_invl,peds,pernotmvit,permvit,persons,county,countyname,city,cityname,day,dayname,month,monthname,year,day_week,day_weekname,hour,hourname,minute,minutename,nhs,nhsname,rur_urb,rur_urbname,func_sys,func_sysname,rd_owner,rd_ownername,route,routename,tway_id,tway_id2,milept,mileptname,latitude,latitudename,longitud,longitudname,sp_jur,sp_jurname,harm_ev,harm_evname,man_coll,man_collname,reljct1,reljct1name,reljct2,reljct2name,typ_int,typ_intname,wrk_zone,wrk_zonename,road_fnc,road_fncname,rel_road,rel_roadname,lgt_cond,lgt_condname,weather1,weather1name,weather2,weather2name,weather,weathername,sch_bus,sch_busname,rail,railname,not_hour,not_hourname,not_min,not_minname,arr_hour,arr_hourname,arr_min,arr_minname,hosp_hr,hosp_hrname,hosp_mn,hosp_mnname,cf1,cf1name,cf2,cf2name,cf3,cf3name,fatals,drunk_dr
2023,29,290517,Missouri,2,2,0,0,0,2,2,95,JACKSON (95),3280,GRANDVIEW,10,10,8,August,2023,5,Thursday,17,5:00pm-5:59pm,53,53,0,This Section IS NOT on the NHS,2,Urban,4,Minor Arterial,4,City or Municipal Highway Agency,6,Municipal,MU-BLUE RIDGE BLVD,,90,90,38.90249444,38.90249444,-94.532097220,-94.53209722,0,No Special Jurisdiction,12,Motor Vehicle In-Transport,2,Front-to-Front,0,No,1,Non-Junction,1,Not an Intersection,0,None,,,1,On Roadway,1,Daylight,,,,,1,Clear,0,No,0000000,Not Applicable,17,5:00pm-5:59pm,53,53,17,5:00pm-5:59pm,58,58,88,"Not Applicable (Not Transported) ",88,Not Applicable (Not Transported),,,,,,,1,
2023,29,290518,Missouri,2,2,0,0,0,2,2,71,FRANKLIN (71),7630,SULLIVAN,10,10,8,August,2023,5,Thursday,11,11:00am-11:59am,52,52,0,This Section IS NOT on the NHS,2,Urban,4,Minor Arterial,1,State Highway Agency,3,State Highway,SR-185,MU-ALICE ST,310,310,38.20836111,38.20836111,-91.176416670,-91.17641667,0,No Special Jurisdiction,12,Motor Vehicle In-Transport,6,Angle,0,No,2,Intersection,2,Four-Way Intersection,0,None,,,1,On Roadway,1,Daylight,,,,,1,Clear,0,No,0000000,Not Applicable,99,Unknown,99,Unknown,99,Unknown EMS Scene Arrival Hour,99,Unknown EMS Scene Arrival Minutes,99,Unknown,99,Unknown EMS Hospital Arrival Time,,,,,,,1,
2023,29,290519,Missouri,1,1,0,0,0,5,5,145,NEWTON (145),0,NOT APPLICABLE,10,10,8,August,2023,5,Thursday,2,2:00am-2:59am,50,50,0,This Section IS NOT on the NHS,1,Rural,98,Not Reported,2,County Highway Agency,4,County,CR-WALLABY RD,,10,10,36.93536111,36.93536111,-94.080972220,-94.08097222,0,No Special Jurisdiction,38,Fence,0,The First Harmful Event was Not a Collision with a Motor Vehicle in Transport,0,No,1,Non-Junction,1,Not an Intersection,0,None,,,5,Outside Trafficway,2,Dark - Not Lighted,,,,,10,Cloudy,0,No,0000000,Not Applicable,2,2:00am-2:59am,58,58,3,3:00am-3:59am,21,21,99,Unknown,99,Unknown EMS Hospital Arrival Time,,,,,,,1,
2023,29,290520,Missouri,1,1,0,1,1,2,2,189,ST LOUIS (189),650,BERKELEY,11,11,8,August,2023,6,Friday,23,11:00pm-11:59pm,30,30,1,This Section IS ON the NHS,2,Urban,1,Interstate,1,State Highway Agency,1,Interstate,I-170,,100,100,38.75730556,38.75730556,-90.338750000,-90.33875000,0,No Special Jurisdiction,8,Pedestrian,0,The First Harmful Event was Not a Collision with a Motor Vehicle in Transport,0,No,1,Non-Junction,1,Not an Intersection,0,None,,,1,On Roadway,3,Dark - Lighted,,,,,1,Clear,0,No,0000000,Not Applicable,99,Unknown,98,Unknown if Notified,99,Unknown EMS Scene Arrival Hour,98,Unknown if Arrived,88,"Not Applicable (Not Transported) ",88,Not Applicable (Not Transported),,,,,,,1,
2023,29,290521,Missouri,2,2,0,0,0,2,2,95,JACKSON (95),3940,INDEPENDENCE,12,12,8,August,2023,7,Saturday,20,8:00pm-8:59pm,36,36,0,This Section IS NOT on the NHS,2,Urban,3,Other Principal Arterial,1,State Highway Agency,3,State Highway,SR-291,MU-SALISBURY RD,60,60,39.10715000,39.10715000,-94.381344440,-94.38134444,0,No Special Jurisdiction,12,Motor Vehicle In-Transport,6,Angle,0,No,2,Intersection,2,Four-Way Intersection,0,None,,,1,On Roadway,1,Daylight,,,,,1,Clear,0,No,0000000,Not Applicable,99,Unknown,98,Unknown if Notified,99,Unknown EMS Scene Arrival Hour,98,Unknown if Arrived,88,"Not Applicable (Not Transported) ",88,Not Applicable (Not Transported),,,,,,,1,
2023,29,290523,Missouri,1,1,0,0,0,2,2,189,ST LOUIS (189),650,BERKELEY,13,13,8,August,2023,1,Sunday,2,2:00am-2:59am,20,20,1,This Section IS ON the NHS,2,Urban,1,Interstate,1,State Highway Agency,1,Interstate,I-70 RAMP,,0,None,38.72797222,38.72797222,-90.331500000,-90.33150000,0,No Special Jurisdiction,42,Tree (Standing Only),0,The First Harmful Event was Not a Collision with a Motor Vehicle in Transport,1,Yes,5,Entrance/Exit Ramp Related,1,Not an Intersection,0,None,,,4,On Roadside,2,Dark - Not Lighted,,,,,1,Clear,0,No,0000000,Not Applicable,99,Unknown,99,Unknown,99,Unknown EMS Scene Arrival Hour,99,Unknown EMS Scene Arrival Minutes,99,Unknown,99,Unknown EMS Hospital Arrival Time,,,,,,,1,
2023,29,290524,Missouri,1,1,0,1,1,2,2,145,NEWTON (145),4100,JOPLIN,13,13,8,August,2023,1,Sunday,13,1:00pm-1:59pm,35,35,1,This Section IS ON the NHS,2,Urban,1,Interstate,1,State Highway Agency,1,Interstate,I-44,,40,40,37.03785000,37.03785000,-94.512763890,-94.51276389,0,No Special Jurisdiction,8,Pedestrian,0,The First Harmful Event was Not a Collision with a Motor Vehicle in Transport,1,Yes,18,Through Roadway,1,Not an Intersection,0,None,,,1,On Roadway,1,Daylight,,,,,10,Cloudy,0,No,0000000,Not Applicable,99,Unknown,98,Unknown if Notified,99,Unknown EMS Scene Arrival Hour,98,Unknown if Arrived,88,"Not Applicable (Not Transported) ",88,Not Applicable (Not Transported),,,,,,,1,
2023,29,290525,Missouri,2,2,0,0,0,2,2,107,LAFAYETTE (107),0,NOT APPLICABLE,14,14,8,August,2023,2,Monday,18,6:00pm-6:59pm,27,27,0,This Section IS NOT on the NHS,1,Rural,5,Major Collector,1,State Highway Agency,3,State Highway,SR-23,,20,20,39.16905556,39.16905556,-93.550138890,-93.55013889,0,No Special Jurisdiction,12,Motor Vehicle In-Transport,2,Front-to-Front,0,No,1,Non-Junction,1,Not an Intersection,0,None,,,1,On Roadway,1,Daylight,,,,,1,Clear,0,No,0000000,Not Applicable,18,6:00pm-6:59pm,33,33,18,6:00pm-6:59pm,50,50,19,7:00pm-7:59pm,39,39,,,,,,,2,
2023,29,290526,Missouri,1,1,0,0,0,1,1,107,LAFAYETTE (107),0,NOT APPLICABLE,15,15,8,August,2023,3,Tuesday,19,7:00pm-7:59pm,38,38,0,This Section IS NOT on the NHS,1,Rural,98,Not Reported,2,County Highway Agency,4,County,CR-DRUNERT RD,,0,None,39.19863889,39.19863889,-93.508055560,-93.50805556,0,No Special Jurisdiction,35,Embankment,0,The First Harmful Event was Not a Collision with a Motor Vehicle in Transport,0,No,1,Non-Junction,1,Not an Intersection,0,None,,,4,On Roadside,1,Daylight,,,,,1,Clear,0,No,0000000,Not Applicable,19,7:00pm-7:59pm,47,47,20,8:00pm-8:59pm,2,2,20,8:00pm-8:59pm,19,19,,,,,,,1,
2023,29,290527,Missouri,2,2,0,0,0,3,3,109,LAWRENCE (109),0,NOT APPLICABLE,16,16,8,August,2023,4,Wednesday,22,10:00pm-10:59pm,49,49,1,This Section IS ON the NHS,1,Rural,1,Interstate,1,State Highway Agency,1,Interstate,I-44,,260,260,37.18758333,37.18758333,-93.640083330,-93.64008333,0,No Special Jurisdiction,12,Motor Vehicle In-Transport,1,Front-to-Rear,0,No,1,Non-Junction,1,Not an Intersection,0,None,,,1,On Roadway,2,Dark - Not Lighted,,,,,1,Clear,0,No,0000000,Not Applicable,23,11:00pm-11:59pm,19,19,23,11:00pm-11:59pm,42,42,0,0:00am-0:59am,18,18,,,,,,,1,
2023,29,290528,Missouri,2,2,0,0,0,3,3,91,HOWELL (91),0,NOT APPLICABLE,16,16,8,August,2023,4,Wednesday,12,12:00pm-12:59pm,37,37,1,This Section IS ON the NHS,1,Rural,3,Other Principal Arterial,1,State Highway Agency,2,U.S. Highway,US-63,CR-9020,370,370,36.66077778,36.66077778,-91.714611110,-91.71461111,0,No Special Jurisdiction,12,Motor Vehicle In-Transport,2,Front-to-Front,0,No,3,Intersection-Related,3,T-Intersection,4,"Work Zone, Type Unknown",,,1,On Roadway,1,Daylight,,,,,1,Clear,0,No,0000000,Not Applicable,12,12:00pm-12:59pm,38,38,12,12:00pm-12:59pm,52,52,13,1:00pm-1:59pm,45,45,,,,,,,1,
2023,29,290529,Missouri,1,1,0,1,1,1,1,139,MONTGOMERY (139),0,NOT APPLICABLE,16,16,8,August,2023,4,Wednesday,21,9:00pm-9:59pm,4,4,0,This Section IS NOT on the NHS,1,Rural,7,Local,1,State Highway Agency,3,State Highway,SR-SOR 70,,60,60,38.89019444,38.89019444,-91.424222220,-91.42422222,0,No Special Jurisdiction,8,Pedestrian,0,The First Harmful Event was Not a Collision with a Motor Vehicle in Transport,0,No,1,Non-Junction,1,Not an Intersection,0,None,,,1,On Roadway,2,Dark - Not Lighted,,,,,1,Clear,0,No,0000000,Not Applicable,99,Unknown,98,Unknown if Notified,99,Unknown EMS Scene Arrival Hour,98,Unknown if Arrived,88,"Not Applicable (Not Transported) ",88,Not Applicable (Not Transported),,,,,,,1,
2023,29,290530,Missouri,1,1,0,0,0,1,1,31,CAPE GIRARDEAU (31),0,NOT APPLICABLE,16,16,8,August,2023,4,Wednesday,11,11:00am-11:59am,30,30,1,This Section IS ON the NHS,1,Rural,1,Interstate,1,State Highway Agency,1,Interstate,I-55,,240,240,37.55886111,37.55886111,-89.742055560,-89.74205556,0,No Special Jurisdiction,1,Rollover/Overturn,0,The First Harmful Event was Not a Collision with a Motor Vehicle in Transport,0,No,1,Non-Junction,1,Not an Intersection,0,None,,,4,On Roadside,1,Daylight,,,,,1,Clear,0,No,0000000,Not Applicable,99,Unknown,98,Unknown if Notified,99,Unknown EMS Scene Arrival Hour,98,Unknown if Arrived,88,"Not Applicable (Not Transported) ",88,Not Applicable (Not Transported),,,,,,,1,
2023,29,290531,Missouri,2,2,0,0,0,5,5,69,DUNKLIN (69),0,NOT APPLICABLE,17,17,8,August,2023,5,Thursday,20,8:00pm-8:59pm,38,38,1,This Section IS ON the NHS,1,Rural,3,Other Principal Arterial,1,State Highway Agency,3,State Highway,SR-25,CR-STACEY ST,220,220,36.32913889,36.32913889,-90.027916670,-90.02791667,0,No Special Jurisdiction,12,Motor Vehicle In-Transport,1,Front-to-Rear,0,No,3,Intersection-Related,3,T-Intersection,0,None,,,1,On Roadway,2,Dark - Not Lighted,,,,,1,Clear,0,No,0000000,Not Applicable,20,8:00pm-8:59pm,44,44,20,8:00pm-8:59pm,56,56,22,10:00pm-10:59pm,38,38,,,,,,,1,
2023,29,290532,Missouri,1,1,0,0,0,1,1,135,MONITEAU (135),0,NOT APPLICABLE,17,17,8,August,2023,5,Thursday,16,4:00pm-4:59pm,50,50,0,This Section IS NOT on the NHS,1,Rural,6,Minor Collector,2,County Highway Agency,4,County,CR-LOOKOUT TRAIL,,40,40,38.60761389,38.60761389,-92.484594440,-92.48459444,0,No Special Jurisdiction,35,Embankment,0,The First Harmful Event was Not a Collision with a Motor Vehicle in Transport,0,No,1,Non-Junction,1,Not an Intersection,0,None,,,4,On Roadside,1,Daylight,,,,,1,Clear,0,No,0000000,Not Applicable,16,4:00pm-4:59pm,56,56,17,5:00pm-5:59pm,4,4,17,5:00pm-5:59pm,37,37,,,,,,,1,
2023,29,290533,Missouri,1,1,0,0,0,1,1,209,STONE (209),0,NOT APPLICABLE,17,17,8,August,2023,5,Thursday,11,11:00am-11:59am,0,0,0,This Section IS NOT on the NHS,1,Rural,4,Minor Arterial,1,State Highway Agency,3,State Highway,SR-86,,150,150,36.53894444,36.53894444,-93.390416670,-93.39041667,0,No Special Jurisdiction,32,Culvert,0,The First Harmful Event was Not a Collision with a Motor Vehicle in Transport,0,No,1,Non-Junction,1,Not an Intersection,0,None,,,4,On Roadside,1,Daylight,,,,,1,Clear,0,No,0000000,Not Applicable,11,11:00am-11:59am,3,3,11,11:00am-11:59am,27,27,88,"Not Applicable (Not Transported) ",88,Not Applicable (Not Transported),,,,,,,1,
2023,29,290534,Missouri,2,2,0,0,0,3,3,133,MISSISSIPPI (133),0,NOT APPLICABLE,18,18,8,August,2023,6,Friday,17,5:00pm-5:59pm,35,35,0,This Section IS NOT on the NHS,1,Rural,5,Major Collector,1,State Highway Agency,2,U.S. Highway,US-60,,220,220,36.97233333,36.97233333,-89.146000000,-89.14600000,0,No Special Jurisdiction,12,Motor Vehicle In-Transport,8,Sideswipe - Opposite Direction,0,No,1,Non-Junction,1,Not an Intersection,0,None,,,1,On Roadway,1,Daylight,,,,,1,Clear,0,No,0000000,Not Applicable,99,Unknown,99,Unknown,99,Unknown EMS Scene Arrival Hour,99,Unknown EMS Scene Arrival Minutes,99,Unknown,99,Unknown EMS Hospital Arrival Time,,,,,,,2,
2023,29,290536,Missouri,2,2,0,0,0,2,2,11,BARTON (11),0,NOT APPLICABLE,18,18,8,August,2023,6,Friday,12,12:00pm-12:59pm,40,40,0,This Section IS NOT on the NHS,1,Rural,5,Major Collector,1,State Highway Agency,3,State Highway,SR-126,I-49 RP 988730,180,180,37.39847222,37.39847222,-94.298972220,-94.29897222,0,No Special Jurisdiction,12,Motor Vehicle In-Transport,6,Angle,1,Yes,2,Intersection,2,Four-Way Intersection,0,None,,,1,On Roadway,1,Daylight,,,,,1,Clear,0,No,0000000,Not Applicable,99,Unknown,98,Unknown if Notified,99,Unknown EMS Scene Arrival Hour,98,Unknown if Arrived,88,"Not Applicable (Not Transported) ",88,Not Applicable (Not Transported),,,,,,,1,
2023,29,290537,Missouri,3,3,0,0,0,7,7,141,MORGAN (141),0,NOT APPLICABLE,19,19,8,August,2023,7,Saturday,16,4:00pm-4:59pm,0,0,1,This Section IS ON the NHS,1,Rural,3,Other Principal Arterial,1,State Highway Agency,2,U.S. Highway,US-50,CR-POTTERS FORD RD,30,30,38.68291667,38.68291667,-93.006833330,-93.00683333,0,No Special Jurisdiction,12,Motor Vehicle In-Transport,1,Front-to-Rear,0,No,3,Intersection-Related,98,Not Reported,0,None,,,1,On Roadway,1,Daylight,,,,,1,Clear,0,No,0000000,Not Applicable,16,4:00pm-4:59pm,10,10,16,4:00pm-4:59pm,44,44,17,5:00pm-5:59pm,47,47,,,,,,,1,
2023,29,290538,Missouri,1,1,0,0,0,2,2,209,STONE (209),0,NOT APPLICABLE,19,19,8,August,2023,7,Saturday,0,0:00am-0:59am,18,18,0,This Section IS NOT on the NHS,1,Rural,5,Major Collector,1,State Highway Agency,3,State Highway,SR-N,,0,None,36.98805556,36.98805556,-93.419916670,-93.41991667,0,No Special Jurisdiction,38,Fence,0,The First Harmful Event was Not a Collision with a Motor Vehicle in Transport,0,No,1,Non-Junction,1,Not an Intersection,0,None,,,5,Outside Trafficway,2,Dark - Not Lighted,,,,,1,Clear,0,No,0000000,Not Applicable,99,Unknown,98,Unknown if Notified,99,Unknown EMS Scene Arrival Hour,98,Unknown if Arrived,88,"Not Applicable (Not Transported) ",88,Not Applicable (Not Transported),,,,,,,1,
2023,29,290539,Missouri,1,1,0,0,0,1,1,9,BARRY (9),0,NOT APPLICABLE,19,19,8,August,2023,7,Saturday,13,1:00pm-1:59pm,30,30,0,This Section IS NOT on the NHS,1,Rural,5,Major Collector,1,State Highway Agency,3,State Highway,SR-J,,40,40,36.51169444,36.51169444,-93.652888890,-93.65288889,0,No Special Jurisdiction,42,Tree (Standing Only),0,The First Harmful Event was Not a Collision with a Motor Vehicle in Transport,0,No,1,Non-Junction,1,Not an Intersection,0,None,,,4,On Roadside,1,Daylight,,,,,1,Clear,0,No,0000000,Not Applicable,99,Unknown,98,Unknown if Notified,99,Unknown EMS Scene Arrival Hour,98,Unknown if Arrived,88,"Not Applicable (Not Transported) ",88,Not Applicable (Not Transported),,,,,,,1,
2023,29,290540,Missouri,1,1,0,0,0,2,2,510,ST. LOUIS (CITY) (510),7080,ST. LOUIS,9,9,7,July,2023,1,Sunday,5,5:00am-5:59am,46,46,1,This Section IS ON the NHS,2,Urban,3,Other Principal Arterial,1,State Highway Agency,6,Municipal,MU-PAGE BLVD,,20,20,38.65972222,38.65972222,-90.259277780,-90.25927778,0,No Special Jurisdiction,30,Utility Pole/Light Support,0,The First Harmful Event was Not a Collision with a Motor Vehicle in Transport,0,No,1,Non-Junction,1,Not an Intersection,0,None,,,4,On Roadside,1,Daylight,,,,,1,Clear,0,No,0000000,Not Applicable,5,5:00am-5:59am,46,46,5,5:00am-5:59am,49,49,6,6:00am-6:59am,23,23,,,,,,,1,
2023,29,290541,Missouri,2,2,0,0,0,4,4,183,ST. CHARLES (183),8280,WENTZVILLE,12,12,8,August,2023,7,Saturday,3,3:00am-3:59am,31,31,1,This Section IS ON the NHS,2,Urban,1,Interstate,1,State Highway Agency,1,Interstate,I-70,,230,230,38.80422222,38.80422222,-90.893583330,-90.89358333,0,No Special Jurisdiction,12,Motor Vehicle In-Transport,2,Front-to-Front,0,No,1,Non-Junction,1,Not an Intersection,0,None,,,1,On Roadway,2,Dark - Not Lighted,,,,,1,Clear,0,No,0000000,Not Applicable,3,3:00am-3:59am,35,35,3,3:00am-3:59am,43,43,4,4:00am-4:59am,1,1,,,,,,,1,
2023,29,290542,Missouri,1,1,0,0,0,1,1,209,STONE (209),0,NOT APPLICABLE,19,19,8,August,2023,7,Saturday,20,8:00pm-8:59pm,55,55,0,This Section IS NOT on the NHS,1,Rural,98,Not Reported,2,County Highway Agency,4,County,CR-RAILEY CREEK RD,,30,30,36.78347222,36.78347222,-93.401861110,-93.40186111,0,No Special Jurisdiction,34,Ditch,0,The First Harmful Event was Not a Collision with a Motor Vehicle in Transport,0,No,1,Non-Junction,1,Not an Intersection,0,None,,,4,On Roadside,3,Dark - Lighted,,,,,1,Clear,0,No,0000000,Not Applicable,20,8:00pm-8:59pm,58,58,21,9:00pm-9:59pm,8,8,22,10:00pm-10:59pm,12,12,,,,,,,1,
2023,29,290543,Missouri,2,2,0,0,0,3,3,181,RIPLEY (181),0,NOT APPLICABLE,20,20,8,August,2023,1,Sunday,8,8:00am-8:59am,50,50,0,This Section IS NOT on the NHS,1,Rural,4,Minor Arterial,1,State Highway Agency,3,State Highway,SR-142,,180,180,36.60694444,36.60694444,-90.856138890,-90.85613889,0,No Special Jurisdiction,12,Motor Vehicle In-Transport,2,Front-to-Front,0,No,1,Non-Junction,1,Not an Intersection,0,None,,,1,On Roadway,1,Daylight,,,,,1,Clear,0,No,0000000,Not Applicable,9,9:00am-9:59am,6,6,9,9:00am-9:59am,10,10,9,9:00am-9:59am,52,52,,,,,,,1,
2023,29,290544,Missouri,1,1,0,0,0,4,4,95,JACKSON (95),4120,KANSAS CITY,20,20,8,August,2023,1,Sunday,2,2:00am-2:59am,41,41,0,This Section IS NOT on the NHS,2,Urban,4,Minor Arterial,4,City or Municipal Highway Agency,6,Municipal,MU-87TH ST,,30,30,38.96662778,38.96662778,-94.501611110,-94.50161111,0,No Special Jurisdiction,38,Fence,0,The First Harmful Event was Not a Collision with a Motor Vehicle in Transport,0,No,1,Non-Junction,1,Not an Intersection,4,"Work Zone, Type Unknown",,,5,Outside Trafficway,3,Dark - Lighted,,,,,1,Clear,0,No,0000000,Not Applicable,99,Unknown,99,Unknown,99,Unknown EMS Scene Arrival Hour,99,Unknown EMS Scene Arrival Minutes,99,Unknown,99,Unknown EMS Hospital Arrival Time,,,,,,,1,
2023,29,290546,Missouri,1,1,0,1,1,1,1,183,ST. CHARLES (183),4328,LAKE SAINT LOUIS,21,21,8,August,2023,2,Monday,21,9:00pm-9:59pm,45,45,0,This Section IS NOT on the NHS,2,Urban,5,Major Collector,1,State Highway Agency,6,Municipal,MU-VETERANS MEMORIAL PKWY,,30,30,38.80388889,38.80388889,-90.778638890,-90.77863889,0,No Special Jurisdiction,8,Pedestrian,0,The First Harmful Event was Not a Collision with a Motor Vehicle in Transport,0,No,1,Non-Junction,1,Not an Intersection,0,None,,,1,On Roadway,2,Dark - Not Lighted,,,,,10,Cloudy,0,No,0000000,Not Applicable,21,9:00pm-9:59pm,38,38,21,9:00pm-9:59pm,43,43,22,10:00pm-10:59pm,13,13,,,,,,,1,
2023,29,290547,Missouri,1,1,0,0,0,2,2,55,CRAWFORD (55),0,NOT APPLICABLE,21,21,8,August,2023,2,Monday,14,2:00pm-2:59pm,5,5,0,This Section IS NOT on the NHS,1,Rural,7,Local,1,State Highway Agency,3,State Highway,SR-SOR 44,,0,None,38.10938889,38.10938889,-91.334416670,-91.33441667,0,No Special Jurisdiction,59,"Traffic Sign Support ",0,The First Harmful Event was Not a Collision with a Motor Vehicle in Transport,0,No,1,Non-Junction,1,Not an Intersection,0,None,,,4,On Roadside,1,Daylight,,,,,1,Clear,0,No,0000000,Not Applicable,99,Unknown,99,Unknown,99,Unknown EMS Scene Arrival Hour,98,Unknown if Arrived,88,"Not Applicable (Not Transported) ",88,Not Applicable (Not Transported),,,,,,,1,
2023,29,290548,Missouri,1,1,0,1,1,3,3,101,JOHNSON (101),0,NOT APPLICABLE,21,21,8,August,2023,2,Monday,20,8:00pm-8:59pm,41,41,0,This Section IS NOT on the NHS,2,Urban,4,Minor Arterial,1,State Highway Agency,3,State Highway,SR-BU 13,,60,60,38.73569444,38.73569444,-93.732361110,-93.73236111,0,No Special Jurisdiction,8,Pedestrian,0,The First Harmful Event was Not a Collision with a Motor Vehicle in Transport,0,No,1,Non-Junction,1,Not an Intersection,0,None,,,1,On Roadway,2,Dark - Not Lighted,,,,,1,Clear,0,No,0000000,Not Applicable,20,8:00pm-8:59pm,46,46,20,8:00pm-8:59pm,59,59,21,9:00pm-9:59pm,24,24,,,,,,,1,
2023,29,290549,Missouri,1,1,0,1,1,1,1,187,ST FRANCOIS (187),6056,PARK HILLS,21,21,8,August,2023,2,Monday,23,11:00pm-11:59pm,0,0,1,This Section IS ON the NHS,2,Urban,2,Other Freeways and Expressways,1,State Highway Agency,2,U.S. Highway,US-67,,20,20,37.86044444,37.86044444,-90.488888890,-90.48888889,0,No Special Jurisdiction,8,Pedestrian,0,The First Harmful Event was Not a Collision with a Motor Vehicle in Transport,0,No,1,Non-Junction,1,Not an Intersection,0,None,,,1,On Roadway,2,Dark - Not Lighted,,,,,1,Clear,0,No,0000000,Not Applicable,23,11:00pm-11:59pm,7,7,23,11:00pm-11:59pm,7,7,88,"Not Applicable (Not Transported) ",88,Not Applicable (Not Transported),,,,,,,1,
2023,29,290550,Missouri,1,1,0,0,0,2,2,59,DALLAS (59),0,NOT APPLICABLE,21,21,8,August,2023,2,Monday,1,1:00am-1:59am,30,30,0,This Section IS NOT on the NHS,1,Rural,6,Minor Collector,1,State Highway Agency,3,State Highway,SR-K,,100,100,37.67658333,37.67658333,-92.982722220,-92.98272222,0,No Special Jurisdiction,42,Tree (Standing Only),0,The First Harmful Event was Not a Collision with a Motor Vehicle in Transport,0,No,1,Non-Junction,1,Not an Intersection,0,None,,,4,On Roadside,2,Dark - Not Lighted,,,,,1,Clear,0,No,0000000,Not Applicable,1,1:00am-1:59am,40,40,1,1:00am-1:59am,58,58,3,3:00am-3:59am,25,25,,,,,,,1,
2023,29,290551,Missouri,2,2,0,0,0,3,3,19,BOONE (19),1800,COLUMBIA,8,8,7,July,2023,7,Saturday,15,3:00pm-3:59pm,53,53,0,This Section IS NOT on the NHS,2,Urban,5,Major Collector,4,City or Municipal Highway Agency,4,County,CR-ST CHARLES RD,,10,10,38.94902778,38.94902778,-92.276111110,-92.27611111,0,No Special Jurisdiction,1,Rollover/Overturn,0,The First Harmful Event was Not a Collision with a Motor Vehicle in Transport,0,No,1,Non-Junction,1,Not an Intersection,0,None,,,1,On Roadway,1,Daylight,,,,,1,Clear,0,No,0000000,Not Applicable,15,3:00pm-3:59pm,54,54,15,3:00pm-3:59pm,58,58,16,4:00pm-4:59pm,43,43,,,,,,,1,
2023,29,290552,Missouri,1,1,0,1,1,1,1,19,BOONE (19),1800,COLUMBIA,5,5,8,August,2023,7,Saturday,16,4:00pm-4:59pm,58,58,1,This Section IS ON the NHS,2,Urban,1,Interstate,1,State Highway Agency,1,Interstate,I-70,,140,140,38.96152222,38.96152222,-92.288075000,-92.28807500,0,No Special Jurisdiction,8,Pedestrian,0,The First Harmful Event was Not a Collision with a Motor Vehicle in Transport,1,Yes,18,Through Roadway,1,Not an Intersection,0,None,,,1,On Roadway,1,Daylight,,,,,1,Clear,0,No,0000000,Not Applicable,17,5:00pm-5:59pm,2,2,17,5:00pm-5:59pm,7,7,17,5:00pm-5:59pm,13,13,,,,,,,1,
2023,29,290553,Missouri,1,1,0,1,1,1,1,95,JACKSON (95),840,BLUE SPRINGS,11,11,8,August,2023,6,Friday,5,5:00am-5:59am,30,30,0,This Section IS NOT on the NHS,2,Urban,5,Major Collector,1,State Highway Agency,3,State Highway,SR-AA,,10,10,39.00835278,39.00835278,-94.247375000,-94.24737500,0,No Special Jurisdiction,8,Pedestrian,0,The First Harmful Event was Not a Collision with a Motor Vehicle in Transport,0,No,1,Non-Junction,1,Not an Intersection,0,None,,,1,On Roadway,3,Dark - Lighted,,,,,1,Clear,0,No,0000000,Not Applicable,99,Unknown,99,Unknown,99,Unknown EMS Scene Arrival Hour,99,Unknown EMS Scene Arrival Minutes,99,Unknown,99,Unknown EMS Hospital Arrival Time,,,,,,,1,
2023,29,290554,Missouri,1,1,0,0,0,1,1,95,JACKSON (95),0,NOT APPLICABLE,21,21,8,August,2023,2,Monday,6,6:00am-6:59am,15,15,0,This Section IS NOT on the NHS,1,Rural,7,Local,2,County Highway Agency,4,County,CR-S BUCKNER TARSNEY RD,,30,30,38.90372222,38.90372222,-94.222444440,-94.22244444,0,No Special Jurisdiction,1,Rollover/Overturn,0,The First Harmful Event was Not a Collision with a Motor Vehicle in Transport,0,No,1,Non-Junction,1,Not an Intersection,0,None,,,4,On Roadside,2,Dark - Not Lighted,,,,,5,"Fog, Smog, Smoke",0,No,0000000,Not Applicable,6,6:00am-6:59am,17,17,6,6:00am-6:59am,28,28,88,"Not Applicable (Not Transported) ",88,Not Applicable (Not Transported),,,,,,,1,
2023,29,290555,Missouri,1,1,0,0,0,2,2,95,JACKSON (95),4120,KANSAS CITY,21,21,8,August,2023,2,Monday,0,0:00am-0:59am,4,4,1,This Section IS ON the NHS,2,Urban,1,Interstate,1,State Highway Agency,1,Interstate,I-670,,0,None,39.09631667,39.09631667,-94.567744440,-94.56774444,0,No Special Jurisdiction,20,Impact Attenuator/Crash Cushion,0,The First Harmful Event was Not a Collision with a Motor Vehicle in Transport,1,Yes,19,Other location within Interchange Area,1,Not an Intersection,0,None,,,8,Gore,3,Dark - Lighted,,,,,1,Clear,0,No,0000000,Not Applicable,99,Unknown,99,Unknown,99,Unknown EMS Scene Arrival Hour,99,Unknown EMS Scene Arrival Minutes,88,"Not Applicable (Not Transported) ",88,Not Applicable (Not Transported),,,,,,,1,