caseyear,state,st_case,statename,ve_total,ve_forms,pvh_invl,peds,pernotmvit,permvit,persons,county,countyname,city,cityname,day,dayname,month,monthname,year,day_week,day_weekname,hour,hourname,minute,minutename,nhs,nhsname,rur_urb,rur_urbname,func_sys,func_sysname,rd_owner,rd_ownername,route,routename,tway_id,tway_id2,milept,mileptname,latitude,latitudename,longitud,longitudname,sp_jur,sp_jurname,harm_ev,harm_evname,man_coll,man_collname,reljct1,reljct1name,reljct2,reljct2name,typ_int,typ_intname,wrk_zone,wrk_zonename,road_fnc,road_fncname,rel_road,rel_roadname,lgt_cond,lgt_condname,weather1,weather1name,weather2,weather2name,weather,weathername,sch_bus,sch_busname,rail,railname,not_hour,not_hourname,not_min,not_minname,arr_hour,arr_hourname,arr_min,arr_minname,hosp_hr,hosp_hrname,hosp_mn,hosp_mnname,cf1,cf1name,cf2,cf2name,cf3,cf3name,fatals,drunk_dr
2023,29,290595,Missouri,1,1,0,0,0,2,2,35,CARTER (35),0,NOT APPLICABLE,4,4,9,September,2023,2,Monday,15,3:00pm-3:59pm,20,20,0,This Section IS NOT on the NHS,1,Rural,3,Other Principal Arterial,1,State Highway Agency,3,State Highway,SR-21,,6,6,37.03094444,37.03094444,-90.921750000,-90.92175000,0,No Special Jurisdiction,35,Embankment,0,The First Harmful Event was Not a Collision with a Motor Vehicle in Transport,0,No,1,Non-Junction,1,Not an Intersection,0,None,,,4,On Roadside,1,Daylight,,,,,10,Cloudy,0,No,0000000,Not Applicable,15,3:00pm-3:59pm,24,24,15,3:00pm-3:59pm,33,33,16,4:00pm-4:59pm,27,27,,,,,,,1,
2023,29,290596,Missouri,3,3,0,0,0,3,3,510,ST. LOUIS (CITY) (510),7080,ST. LOUIS,4,4,9,September,2023,2,Monday,0,0:00am-0:59am,14,14,0,This Section IS NOT on the NHS,2,Urban,4,Minor Arterial,4,City or Municipal Highway Agency,6,Municipal,MU-GOODFELLOW BLVD,SR-D,50,50,38.66687778,38.66687778,-90.283161110,-90.28316111,0,No Special Jurisdiction,12,Motor Vehicle In-Transport,6,Angle,0,No,2,Intersection,2,Four-Way Intersection,0,None,,,1,On Roadway,3,Dark - Lighted,,,,,1,Clear,0,No,0000000,Not Applicable,0,0:00am-0:59am,19,19,0,0:00am-0:59am,28,28,0,0:00am-0:59am,49,49,,,,,,,1,
2023,29,290597,Missouri,1,1,0,0,0,1,1,205,SHELBY (205),0,NOT APPLICABLE,4,4,9,September,2023,2,Monday,3,3:00am-3:59am,0,0,0,This Section IS NOT on the NHS,1,Rural,98,Not Reported,2,County Highway Agency,4,County,CR-242,,10,10,39.85526944,39.85526944,-91.984222220,-91.98422222,0,No Special Jurisdiction,1,Rollover/Overturn,0,The First Harmful Event was Not a Collision with a Motor Vehicle in Transport,0,No,1,Non-Junction,1,Not an Intersection,0,None,,,4,On Roadside,2,Dark - Not Lighted,,,,,1,Clear,0,No,0000000,Not Applicable,7,7:00am-7:59am,47,47,8,8:00am-8:59am,4,4,88,"Not Applicable (Not Transported) ",88,Not Applicable (Not Transported),,,,,,,1,
2023,29,290598,Missouri,3,3,0,0,0,8,8,77,GREENE (77),7460,SPRINGFIELD,4,4,9,September,2023,2,Monday,10,10:00am-10:59am,52,52,0,This Section IS NOT on the NHS,2,Urban,3,Other Principal Arterial,1,State Highway Agency,6,Municipal,MU-SUNSHINE ST,SR-413,80,80,37.16198611,37.16198611,-93.397736110,-93.39773611,0,No Special Jurisdiction,12,Motor Vehicle In-Transport,6,Angle,1,Yes,2,Intersection,2,Four-Way Intersection,0,None,,,1,On Roadway,1,Daylight,,,,,1,Clear,0,No,0000000,Not Applicable,10,10:00am-10:59am,53,53,11,11:00am-11:59am,1,1,11,11:00am-11:59am,21,21,,,,,,,1,
2023,29,290600,Missouri,2,2,0,0,0,3,3,189,ST LOUIS (189),0,NOT APPLICABLE,5,5,9,September,2023,3,Tuesday,22,10:00pm-10:59pm,35,35,1,This Section IS ON the NHS,2,Urban,1,Interstate,1,State Highway Agency,1,Interstate,I-70,,10,10,38.70638889,38.70638889,-90.273083330,-90.27308333,0,No Special Jurisdiction,12,Motor Vehicle In-Transport,1,Front-to-Rear,0,No,1,Non-Junction,1,Not an Intersection,0,None,,,1,On Roadway,3,Dark - Lighted,,,,,1,Clear,0,No,0000000,Not Applicable,22,10:00pm-10:59pm,55,55,23,11:00pm-11:59pm,4,4,23,11:00pm-11:59pm,36,36,,,,,,,1,
2023,29,290601,Missouri,1,1,0,0,0,1,1,189,ST LOUIS (189),7300,SHREWSBURY,5,5,9,September,2023,3,Tuesday,8,8:00am-8:59am,23,23,0,This Section IS NOT on the NHS,2,Urban,3,Other Principal Arterial,2,County Highway Agency,6,Municipal,MU-LACLEDE STATION RD,,10,10,38.58589722,38.58589722,-90.336800000,-90.33680000,0,No Special Jurisdiction,38,Fence,0,The First Harmful Event was Not a Collision with a Motor Vehicle in Transport,0,No,1,Non-Junction,1,Not an Intersection,0,None,,,4,On Roadside,1,Daylight,,,,,10,Cloudy,0,No,0000000,Not Applicable,8,8:00am-8:59am,26,26,8,8:00am-8:59am,30,30,8,8:00am-8:59am,50,50,,,,,,,1,
2023,29,290602,Missouri,1,1,0,0,0,1,1,113,LINCOLN (113),0,NOT APPLICABLE,5,5,9,September,2023,3,Tuesday,23,11:00pm-11:59pm,40,40,0,This Section IS NOT on the NHS,1,Rural,98,Not Reported,2,County Highway Agency,4,County,CR-NORTH LINDSEY RD,,20,20,38.98966667,38.98966667,-90.801944440,-90.80194444,0,No Special Jurisdiction,52,Guardrail End,0,The First Harmful Event was Not a Collision with a Motor Vehicle in Transport,0,No,1,Non-Junction,1,Not an Intersection,0,None,,,4,On Roadside,2,Dark - Not Lighted,,,,,10,Cloudy,0,No,0000000,Not Applicable,1,1:00am-1:59am,59,59,2,2:00am-2:59am,3,3,88,"Not Applicable (Not Transported) ",88,Not Applicable (Not Transported),,,,,,,1,
2023,29,290603,Missouri,1,1,0,0,0,3,3,189,ST LOUIS (189),7890,UNIVERSITY CITY,6,6,9,September,2023,4,Wednesday,2,2:00am-2:59am,30,30,0,This Section IS NOT on the NHS,2,Urban,6,Minor Collector,2,County Highway Agency,6,Municipal,MU-GROBY RD,,0,None,38.66830556,38.66830556,-90.343888890,-90.34388889,0,No Special Jurisdiction,19,Building,0,The First Harmful Event was Not a Collision with a Motor Vehicle in Transport,0,No,1,Non-Junction,1,Not an Intersection,0,None,,,4,On Roadside,3,Dark - Lighted,,,,,1,Clear,0,No,0000000,Not Applicable,99,Unknown,98,Unknown if Notified,99,Unknown EMS Scene Arrival Hour,98,Unknown if Arrived,88,"Not Applicable (Not Transported) ",88,Not Applicable (Not Transported),,,,,,,3,
2023,29,290604,Missouri,1,1,0,1,1,2,2,83,HENRY (83),1750,CLINTON,6,6,9,September,2023,4,Wednesday,14,2:00pm-2:59pm,18,18,1,This Section IS ON the NHS,2,Urban,2,Other Freeways and Expressways,1,State Highway Agency,3,State Highway,SR-7,,190,190,38.38822222,38.38822222,-93.770313890,-93.77031389,0,No Special Jurisdiction,8,Pedestrian,0,The First Harmful Event was Not a Collision with a Motor Vehicle in Transport,0,No,1,Non-Junction,1,Not an Intersection,0,None,,,1,On Roadway,1,Daylight,,,,,1,Clear,0,No,0000000,Not Applicable,99,Unknown,98,Unknown if Notified,99,Unknown EMS Scene Arrival Hour,98,Unknown if Arrived,88,"Not Applicable (Not Transported) ",88,Not Applicable (Not Transported),,,,,,,1,
2023,29,290605,Missouri,1,1,0,0,0,1,1,183,ST. CHARLES (183),0,NOT APPLICABLE,9,9,9,September,2023,7,Saturday,19,7:00pm-7:59pm,0,0,0,This Section IS NOT on the NHS,1,Rural,5,Major Collector,1,State Highway Agency,3,State Highway,SR-N,,30,30,38.77034722,38.77034722,-90.910772220,-90.91077222,0,No Special Jurisdiction,1,Rollover/Overturn,0,The First Harmful Event was Not a Collision with a Motor Vehicle in Transport,0,No,1,Non-Junction,1,Not an Intersection,0,None,,,4,On Roadside,1,Daylight,,,,,1,Clear,0,No,0000000,Not Applicable,19,7:00pm-7:59pm,6,6,19,7:00pm-7:59pm,12,12,88,"Not Applicable (Not Transported) ",88,Not Applicable (Not Transported),,,,,,,1,
2023,29,290606,Missouri,1,1,0,0,0,1,1,21,BUCHANAN (21),0,NOT APPLICABLE,10,10,9,September,2023,1,Sunday,99,Unknown Hours,99,Unknown Minutes,1,This Section IS ON the NHS,1,Rural,3,Other Principal Arterial,1,State Highway Agency,2,U.S. Highway,US-59,,260,260,39.55730833,39.55730833,-95.102213890,-95.10221389,0,No Special Jurisdiction,25,Concrete Traffic Barrier,0,The First Harmful Event was Not a Collision with a Motor Vehicle in Transport,0,No,1,Non-Junction,1,Not an Intersection,0,None,,,4,On Roadside,2,Dark - Not Lighted,,,,,1,Clear,0,No,0000000,Not Applicable,99,Unknown,98,Unknown if Notified,99,Unknown EMS Scene Arrival Hour,98,Unknown if Arrived,88,"Not Applicable (Not Transported) ",88,Not Applicable (Not Transported),,,,,,,1,
2023,29,290607,Missouri,2,2,0,1,1,1,1,510,ST. LOUIS (CITY) (510),7080,ST. LOUIS,10,10,9,September,2023,1,Sunday,3,3:00am-3:59am,30,30,1,This Section IS ON the NHS,2,Urban,1,Interstate,1,State Highway Agency,1,Interstate,I-70,,20,20,38.66200278,38.66200278,-90.197113890,-90.19711389,0,No Special Jurisdiction,12,Motor Vehicle In-Transport,1,Front-to-Rear,0,No,1,Non-Junction,1,Not an Intersection,0,None,,,1,On Roadway,3,Dark - Lighted,,,,,1,Clear,0,No,0000000,Not Applicable,3,3:00am-3:59am,37,37,3,3:00am-3:59am,47,47,4,4:00am-4:59am,20,20,,,,,,,1,
2023,29,290608,Missouri,1,1,0,0,0,1,1,85,HICKORY (85),0,NOT APPLICABLE,10,10,9,September,2023,1,Sunday,10,10:00am-10:59am,15,15,0,This Section IS NOT on the NHS,1,Rural,98,Not Reported,2,County Highway Agency,4,County,CR-240,,40,40,37.89652778,37.89652778,-93.432972220,-93.43297222,0,No Special Jurisdiction,34,Ditch,0,The First Harmful Event was Not a Collision with a Motor Vehicle in Transport,0,No,1,Non-Junction,1,Not an Intersection,0,None,,,4,On Roadside,1,Daylight,,,,,99,Reported as Unknown,0,No,0000000,Not Applicable,11,11:00am-11:59am,40,40,11,11:00am-11:59am,50,50,88,"Not Applicable (Not Transported) ",88,Not Applicable (Not Transported),,,,,,,1,
2023,29,290609,Missouri,2,2,0,0,0,3,3,83,HENRY (83),0,NOT APPLICABLE,10,10,9,September,2023,1,Sunday,1,1:00am-1:59am,50,50,0,This Section IS NOT on the NHS,1,Rural,3,Other Principal Arterial,1,State Highway Agency,3,State Highway,SR-7,,280,280,38.36269444,38.36269444,-93.629472220,-93.62947222,0,No Special Jurisdiction,12,Motor Vehicle In-Transport,2,Front-to-Front,0,No,1,Non-Junction,1,Not an Intersection,0,None,,,1,On Roadway,2,Dark - Not Lighted,,,,,1,Clear,0,No,0000000,Not Applicable,99,Unknown,99,Unknown,99,Unknown EMS Scene Arrival Hour,99,Unknown EMS Scene Arrival Minutes,99,Unknown,99,Unknown EMS Hospital Arrival Time,,,,,,,1,
2023,29,290610,Missouri,2,2,0,0,0,4,4,95,JACKSON (95),4120,KANSAS CITY,10,10,9,September,2023,1,Sunday,16,4:00pm-4:59pm,10,10,0,This Section IS NOT on the NHS,2,Urban,98,Not Reported,4,City or Municipal Highway Agency,6,Municipal,MU-BENNINGTON AVE,MU-E 17TH ST,10,10,39.09013611,39.09013611,-94.505763890,-94.50576389,0,No Special Jurisdiction,12,Motor Vehicle In-Transport,6,Angle,0,No,2,Intersection,2,Four-Way Intersection,0,None,,,1,On Roadway,1,Daylight,,,,,1,Clear,0,No,0000000,Not Applicable,99,Unknown,99,Unknown,99,Unknown EMS Scene Arrival Hour,99,Unknown EMS Scene Arrival Minutes,99,Unknown,99,Unknown EMS Hospital Arrival Time,,,,,,,2,
2023,29,290611,Missouri,1,1,0,1,1,1,1,189,ST LOUIS (189),0,NOT APPLICABLE,10,10,9,September,2023,1,Sunday,2,2:00am-2:59am,50,50,1,This Section IS ON the NHS,2,Urban,1,Interstate,1,State Highway Agency,1,Interstate,I-55,,20,20,38.48146111,38.48146111,-90.358858330,-90.35885833,0,No Special Jurisdiction,8,Pedestrian,0,The First Harmful Event was Not a Collision with a Motor Vehicle in Transport,0,No,1,Non-Junction,1,Not an Intersection,0,None,,,1,On Roadway,2,Dark - Not Lighted,,,,,1,Clear,0,No,0000000,Not Applicable,99,Unknown,98,Unknown if Notified,99,Unknown EMS Scene Arrival Hour,98,Unknown if Arrived,88,"Not Applicable (Not Transported) ",88,Not Applicable (Not Transported),,,,,,,1,
2023,29,290612,Missouri,3,1,2,0,0,1,1,189,ST LOUIS (189),4060,JENNINGS,11,11,9,September,2023,2,Monday,1,1:00am-1:59am,24,24,0,This Section IS NOT on the NHS,2,Urban,4,Minor Arterial,4,City or Municipal Highway Agency,6,Municipal,MU-JENNING STATION RD,,10,10,38.72486389,38.72486389,-90.250080560,-90.25008056,0,No Special Jurisdiction,30,Utility Pole/Light Support,0,The First Harmful Event was Not a Collision with a Motor Vehicle in Transport,0,No,1,Non-Junction,1,Not an Intersection,0,None,,,4,On Roadside,3,Dark - Lighted,,,,,1,Clear,0,No,0000000,Not Applicable,99,Unknown,98,Unknown if Notified,99,Unknown EMS Scene Arrival Hour,98,Unknown if Arrived,88,"Not Applicable (Not Transported) ",88,Not Applicable (Not Transported),,,,,,,1,
2023,29,290613,Missouri,1,1,0,0,0,1,1,49,CLINTON (49),0,NOT APPLICABLE,11,11,9,September,2023,2,Monday,8,8:00am-8:59am,46,46,0,This Section IS NOT on the NHS,1,Rural,5,Major Collector,1,State Highway Agency,3,State Highway,SR-33,,20,20,39.71944444,39.71944444,-94.403027780,-94.40302778,0,No Special Jurisdiction,32,Culvert,0,The First Harmful Event was Not a Collision with a Motor Vehicle in Transport,0,No,1,Non-Junction,1,Not an Intersection,0,None,,,4,On Roadside,9,Reported as Unknown,,,,,10,Cloudy,0,No,0000000,Not Applicable,8,8:00am-8:59am,48,48,9,9:00am-9:59am,7,7,9,9:00am-9:59am,33,33,,,,,,,1,
2023,29,290614,Missouri,2,2,0,0,0,2,2,31,CAPE GIRARDEAU (31),1390,CAPE GIRARDEAU,11,11,9,September,2023,2,Monday,7,7:00am-7:59am,15,15,0,This Section IS NOT on the NHS,2,Urban,4,Minor Arterial,4,City or Municipal Highway Agency,6,Municipal,MU-MT AUBURN RD,,0,None,37.33125000,37.33125000,-89.572422220,-89.57242222,0,No Special Jurisdiction,12,Motor Vehicle In-Transport,6,Angle,0,No,8,Driveway Access Related,1,Not an Intersection,0,None,,,1,On Roadway,1,Daylight,,,,,1,Clear,0,No,0000000,Not Applicable,7,7:00am-7:59am,22,22,7,7:00am-7:59am,26,26,7,7:00am-7:59am,42,42,,,,,,,1,
2023,29,290615,Missouri,1,1,0,0,0,2,2,95,JACKSON (95),4120,KANSAS CITY,11,11,9,September,2023,2,Monday,1,1:00am-1:59am,12,12,0,This Section IS NOT on the NHS,2,Urban,3,Other Principal Arterial,4,City or Municipal Highway Agency,6,Municipal,MU-WARD PKWY,MU-W 58TH ST,10,10,39.02218056,39.02218056,-94.602141670,-94.60214167,0,No Special Jurisdiction,42,Tree (Standing Only),0,The First Harmful Event was Not a Collision with a Motor Vehicle in Transport,0,No,3,Intersection-Related,2,Four-Way Intersection,0,None,,,4,On Roadside,3,Dark - Lighted,,,,,10,Cloudy,0,No,0000000,Not Applicable,1,1:00am-1:59am,13,13,1,1:00am-1:59am,19,19,1,1:00am-1:59am,37,37,,,,,,,1,
2023,29,290616,Missouri,1,1,0,1,1,1,1,95,JACKSON (95),4120,KANSAS CITY,11,11,9,September,2023,2,Monday,20,8:00pm-8:59pm,36,36,1,This Section IS ON the NHS,2,Urban,1,Interstate,1,State Highway Agency,1,Interstate,I-70,,110,110,39.04724722,39.04724722,-94.447605560,-94.44760556,0,No Special Jurisdiction,8,Pedestrian,0,The First Harmful Event was Not a Collision with a Motor Vehicle in Transport,0,No,1,Non-Junction,1,Not an Intersection,0,None,,,1,On Roadway,2,Dark - Not Lighted,,,,,1,Clear,0,No,0000000,Not Applicable,99,Unknown,99,Unknown,99,Unknown EMS Scene Arrival Hour,99,Unknown EMS Scene Arrival Minutes,88,"Not Applicable (Not Transported) ",88,Not Applicable (Not Transported),,,,,,,1,
2023,29,290617,Missouri,2,2,0,0,0,3,3,107,LAFAYETTE (107),510,BATES CITY,7,7,9,September,2023,5,Thursday,15,3:00pm-3:59pm,26,26,1,This Section IS ON the NHS,1,Rural,1,Interstate,1,State Highway Agency,1,Interstate,I-70,,310,310,39.01158333,39.01158333,-94.068111110,-94.06811111,0,No Special Jurisdiction,12,Motor Vehicle In-Transport,1,Front-to-Rear,1,Yes,18,Through Roadway,1,Not an Intersection,0,None,,,1,On Roadway,1,Daylight,,,,,1,Clear,0,No,0000000,Not Applicable,15,3:00pm-3:59pm,32,32,15,3:00pm-3:59pm,42,42,16,4:00pm-4:59pm,3,3,,,,,,,1,
2023,29,290618,Missouri,1,1,0,0,0,1,1,121,MACON (121),0,NOT APPLICABLE,7,7,9,September,2023,5,Thursday,18,6:00pm-6:59pm,10,10,0,This Section IS NOT on the NHS,1,Rural,5,Major Collector,1,State Highway Agency,3,State Highway,SR-T,,70,70,39.63038889,39.63038889,-92.545444440,-92.54544444,0,No Special Jurisdiction,11,Live Animal,0,The First Harmful Event was Not a Collision with a Motor Vehicle in Transport,0,No,1,Non-Junction,1,Not an Intersection,0,None,,,1,On Roadway,1,Daylight,,,,,1,Clear,0,No,0000000,Not Applicable,18,6:00pm-6:59pm,19,19,18,6:00pm-6:59pm,33,33,99,Unknown,99,Unknown EMS Hospital Arrival Time,,,,,,,1,
2023,29,290620,Missouri,2,2,0,0,0,2,2,97,JASPER (97),0,NOT APPLICABLE,8,8,9,September,2023,6,Friday,11,11:00am-11:59am,2,2,0,This Section IS NOT on the NHS,1,Rural,98,Not Reported,2,County Highway Agency,4,County,CR-190,CR-ELM,10,10,37.12633333,37.12633333,-94.402888890,-94.40288889,0,No Special Jurisdiction,12,Motor Vehicle In-Transport,6,Angle,0,No,2,Intersection,2,Four-Way Intersection,0,None,,,1,On Roadway,1,Daylight,,,,,1,Clear,0,No,0000000,Not Applicable,10,10:00am-10:59am,57,57,11,11:00am-11:59am,5,5,11,11:00am-11:59am,51,51,,,,,,,1,
2023,29,290621,Missouri,4,2,2,0,0,2,2,510,ST. LOUIS (CITY) (510),7080,ST. LOUIS,8,8,9,September,2023,6,Friday,18,6:00pm-6:59pm,17,17,0,This Section IS NOT on the NHS,2,Urban,4,Minor Arterial,4,City or Municipal Highway Agency,6,Municipal,MU-FLORISSANT AVE,MU-ANGELICA ST,0,None,38.66410000,38.66410000,-90.207355560,-90.20735556,0,No Special Jurisdiction,12,Motor Vehicle In-Transport,6,Angle,0,No,2,Intersection,2,Four-Way Intersection,0,None,,,1,On Roadway,3,Dark - Lighted,,,,,1,Clear,0,No,0000000,Not Applicable,99,Unknown,99,Unknown,99,Unknown EMS Scene Arrival Hour,99,Unknown EMS Scene Arrival Minutes,99,Unknown,99,Unknown EMS Hospital Arrival Time,,,,,,,1,
2023,29,290622,Missouri,2,2,0,0,0,3,3,203,SHANNON (203),8450,WINONA,8,8,9,September,2023,6,Friday,20,8:00pm-8:59pm,40,40,1,This Section IS ON the NHS,1,Rural,3,Other Principal Arterial,1,State Highway Agency,2,U.S. Highway,US-60,CR-601,170,170,36.99772222,36.99772222,-91.349277780,-91.34927778,0,No Special Jurisdiction,12,Motor Vehicle In-Transport,6,Angle,0,No,2,Intersection,2,Four-Way Intersection,0,None,,,1,On Roadway,2,Dark - Not Lighted,,,,,1,Clear,0,No,0000000,Not Applicable,99,Unknown,98,Unknown if Notified,99,Unknown EMS Scene Arrival Hour,98,Unknown if Arrived,88,"Not Applicable (Not Transported) ",88,Not Applicable (Not Transported),,,,,,,1,
2023,29,290623,Missouri,1,1,0,0,0,1,1,65,DENT (65),0,NOT APPLICABLE,8,8,9,September,2023,6,Friday,21,9:00pm-9:59pm,0,0,0,This Section IS NOT on the NHS,1,Rural,5,Major Collector,1,State Highway Agency,3,State Highway,SR-HH,,10,10,37.62071944,37.62071944,-91.542558330,-91.54255833,0,No Special Jurisdiction,32,Culvert,0,The First Harmful Event was Not a Collision with a Motor Vehicle in Transport,0,No,1,Non-Junction,1,Not an Intersection,0,None,,,4,On Roadside,2,Dark - Not Lighted,,,,,1,Clear,0,No,0000000,Not Applicable,21,9:00pm-9:59pm,12,12,21,9:00pm-9:59pm,18,18,88,"Not Applicable (Not Transported) ",88,Not Applicable (Not Transported),,,,,,,1,
2023,29,290624,Missouri,2,2,0,0,0,5,5,73,GASCONADE (73),0,NOT APPLICABLE,9,9,9,September,2023,7,Saturday,17,5:00pm-5:59pm,45,45,0,This Section IS NOT on the NHS,1,Rural,4,Minor Arterial,1,State Highway Agency,3,State Highway,SR-19,SR-ZZ,190,190,38.46833333,38.46833333,-91.464916670,-91.46491667,0,No Special Jurisdiction,12,Motor Vehicle In-Transport,6,Angle,0,No,2,Intersection,2,Four-Way Intersection,0,None,,,1,On Roadway,1,Daylight,,,,,1,Clear,0,No,0000000,Not Applicable,18,6:00pm-6:59pm,1,1,18,6:00pm-6:59pm,12,12,19,7:00pm-7:59pm,22,22,,,,,,,2,
2023,29,290625,Missouri,2,2,0,0,0,5,5,153,OZARK (153),0,NOT APPLICABLE,9,9,9,September,2023,7,Saturday,15,3:00pm-3:59pm,10,10,0,This Section IS NOT on the NHS,1,Rural,4,Minor Arterial,1,State Highway Agency,2,U.S. Highway,US-160,,250,250,36.59238889,36.59238889,-92.377666670,-92.37766667,0,No Special Jurisdiction,12,Motor Vehicle In-Transport,2,Front-to-Front,0,No,1,Non-Junction,1,Not an Intersection,0,None,,,1,On Roadway,1,Daylight,,,,,1,Clear,0,No,0000000,Not Applicable,15,3:00pm-3:59pm,19,19,15,3:00pm-3:59pm,32,32,16,4:00pm-4:59pm,33,33,,,,,,,1,
2023,29,290626,Missouri,2,2,0,0,0,4,4,189,ST LOUIS (189),0,NOT APPLICABLE,9,9,9,September,2023,7,Saturday,23,11:00pm-11:59pm,5,5,1,This Section IS ON the NHS,2,Urban,3,Other Principal Arterial,1,State Highway Agency,3,State Highway,SR-AC,MU-LUCAS AND HUNT RD,50,50,38.74249444,38.74249444,-90.252213890,-90.25221389,0,No Special Jurisdiction,12,Motor Vehicle In-Transport,6,Angle,0,No,2,Intersection,3,T-Intersection,0,None,,,1,On Roadway,3,Dark - Lighted,,,,,1,Clear,0,No,0000000,Not Applicable,23,11:00pm-11:59pm,10,10,23,11:00pm-11:59pm,15,15,0,0:00am-0:59am,3,3,,,,,,,1,
2023,29,290627,Missouri,3,3,0,0,0,3,3,159,PETTIS (159),7210,SEDALIA,4,4,6,June,2023,1,Sunday,10,10:00am-10:59am,19,19,1,This Section IS ON the NHS,2,Urban,3,Other Principal Arterial,1,State Highway Agency,6,Municipal,MU-BROADWAY BLVD,MU-S NEW YORK AVE,170,170,38.70344444,38.70344444,-93.208638890,-93.20863889,0,No Special Jurisdiction,12,Motor Vehicle In-Transport,6,Angle,0,No,2,Intersection,2,Four-Way Intersection,0,None,,,1,On Roadway,1,Daylight,,,,,1,Clear,0,No,0000000,Not Applicable,10,10:00am-10:59am,26,26,10,10:00am-10:59am,27,27,10,10:00am-10:59am,43,43,,,,,,,1,
2023,29,290628,Missouri,2,1,1,0,0,1,1,189,ST LOUIS (189),0,NOT APPLICABLE,18,18,7,July,2023,3,Tuesday,14,2:00pm-2:59pm,26,26,0,This Section IS NOT on the NHS,2,Urban,4,Minor Arterial,1,State Highway Agency,3,State Highway,SR-231,,20,20,38.51393056,38.51393056,-90.286038890,-90.28603889,0,No Special Jurisdiction,53,Mail Box,0,The First Harmful Event was Not a Collision with a Motor Vehicle in Transport,0,No,1,Non-Junction,1,Not an Intersection,0,None,,,4,On Roadside,1,Daylight,,,,,10,Cloudy,0,No,0000000,Not Applicable,14,2:00pm-2:59pm,29,29,14,2:00pm-2:59pm,33,33,88,"Not Applicable (Not Transported) ",88,Not Applicable (Not Transported),,,,,,,1,
2023,29,290629,Missouri,2,2,0,0,0,3,3,189,ST LOUIS (189),7665,SUNSET HILLS,12,12,9,September,2023,3,Tuesday,14,2:00pm-2:59pm,40,40,1,This Section IS ON the NHS,2,Urban,3,Other Principal Arterial,1,State Highway Agency,3,State Highway,SR-30,,70,70,38.52043889,38.52043889,-90.417983330,-90.41798333,0,No Special Jurisdiction,1,Rollover/Overturn,0,The First Harmful Event was Not a Collision with a Motor Vehicle in Transport,0,No,1,Non-Junction,1,Not an Intersection,1,Construction,,,1,On Roadway,1,Daylight,,,,,1,Clear,0,No,0000000,Not Applicable,14,2:00pm-2:59pm,42,42,14,2:00pm-2:59pm,46,46,88,"Not Applicable (Not Transported) ",88,Not Applicable (Not Transported),,,,,,,1,
2023,29,290630,Missouri,2,2,0,0,0,3,3,95,JACKSON (95),3940,INDEPENDENCE,12,12,9,September,2023,3,Tuesday,8,8:00am-8:59am,17,17,1,This Section IS ON the NHS,2,Urban,1,Interstate,1,State Highway Agency,1,Interstate,I-70,,150,150,39.04250556,39.04250556,-94.367891670,-94.36789167,0,No Special Jurisdiction,12,Motor Vehicle In-Transport,1,Front-to-Rear,1,Yes,18,Through Roadway,1,Not an Intersection,0,None,,,1,On Roadway,1,Daylight,,,,,1,Clear,0,No,0000000,Not Applicable,8,8:00am-8:59am,20,20,8,8:00am-8:59am,32,32,8,8:00am-8:59am,44,44,,,,,,,1,
2023,29,290631,Missouri,2,2,0,0,0,2,2,77,GREENE (77),7460,SPRINGFIELD,13,13,9,September,2023,4,Wednesday,16,4:00pm-4:59pm,48,48,1,This Section IS ON the NHS,2,Urban,3,Other Principal Arterial,1,State Highway Agency,6,Municipal,MU-GLENSTONE AVE,MU-E GRAND ST,30,30,37.19629722,37.19629722,-93.262100000,-93.26210000,0,No Special Jurisdiction,1,Rollover/Overturn,0,The First Harmful Event was Not a Collision with a Motor Vehicle in Transport,0,No,2,Intersection,2,Four-Way Intersection,0,None,,,1,On Roadway,1,Daylight,,,,,1,Clear,0,No,0000000,Not Applicable,16,4:00pm-4:59pm,54,54,16,4:00pm-4:59pm,58,58,17,5:00pm-5:59pm,16,16,,,,,,,1,
2023,29,290632,Missouri,1,1,0,0,0,1,1,141,MORGAN (141),0,NOT APPLICABLE,13,13,9,September,2023,4,Wednesday,22,10:00pm-10:59pm,57,57,0,This Section IS NOT on the NHS,1,Rural,98,Not Reported,2,County Highway Agency,4,County,CR-IVY BEND RD,,90,90,38.21214722,38.21214722,-92.981808330,-92.98180833,0,No Special Jurisdiction,1,Rollover/Overturn,0,The First Harmful Event was Not a Collision with a Motor Vehicle in Transport,0,No,1,Non-Junction,1,Not an Intersection,0,None,,,4,On Roadside,2,Dark - Not Lighted,,,,,1,Clear,0,No,0000000,Not Applicable,99,Unknown,98,Unknown if Notified,99,Unknown EMS Scene Arrival Hour,98,Unknown if Arrived,88,"Not Applicable (Not Transported) ",88,Not Applicable (Not Transported),,,,,,,1,
2023,29,290633,Missouri,2,2,0,0,0,2,2,23,BUTLER (23),6410,POPLAR BLUFF,13,13,9,September,2023,4,Wednesday,17,5:00pm-5:59pm,10,10,0,This Section IS NOT on the NHS,2,Urban,4,Minor Arterial,1,State Highway Agency,3,State Highway,SR-BU 60,MU-BROADWAY,40,40,36.75708333,36.75708333,-90.393694440,-90.39369444,0,No Special Jurisdiction,12,Motor Vehicle In-Transport,6,Angle,0,No,2,Intersection,2,Four-Way Intersection,0,None,,,1,On Roadway,1,Daylight,,,,,1,Clear,0,No,0000000,Not Applicable,17,5:00pm-5:59pm,16,16,17,5:00pm-5:59pm,17,17,17,5:00pm-5:59pm,33,33,,,,,,,1,