caseyear,state,st_case,statename,ve_total,ve_forms,pvh_invl,peds,pernotmvit,permvit,persons,county,countyname,city,cityname,day,dayname,month,monthname,year,day_week,day_weekname,hour,hourname,minute,minutename,nhs,nhsname,rur_urb,rur_urbname,func_sys,func_sysname,rd_owner,rd_ownername,route,routename,tway_id,tway_id2,milept,mileptname,latitude,latitudename,longitud,longitudname,sp_jur,sp_jurname,harm_ev,harm_evname,man_coll,man_collname,reljct1,reljct1name,reljct2,reljct2name,typ_int,typ_intname,wrk_zone,wrk_zonename,road_fnc,road_fncname,rel_road,rel_roadname,lgt_cond,lgt_condname,weather1,weather1name,weather2,weather2name,weather,weathername,sch_bus,sch_busname,rail,railname,not_hour,not_hourname,not_min,not_minname,arr_hour,arr_hourname,arr_min,arr_minname,hosp_hr,hosp_hrname,hosp_mn,hosp_mnname,cf1,cf1name,cf2,cf2name,cf3,cf3name,fatals,drunk_dr
2023,29,290634,Missouri,2,2,0,0,0,3,3,99,JEFFERSON (99),0,NOT APPLICABLE,13,13,9,September,2023,4,Wednesday,18,6:00pm-6:59pm,35,35,0,This Section IS NOT on the NHS,1,Rural,4,Minor Arterial,1,State Highway Agency,3,State Highway,SR-B,PVT-SIMPSON HILL DR,10,10,38.32744444,38.32744444,-90.648222220,-90.64822222,0,No Special Jurisdiction,12,Motor Vehicle In-Transport,6,Angle,0,No,2,Intersection,98,Not Reported,0,None,,,1,On Roadway,1,Daylight,,,,,1,Clear,0,No,0000000,Not Applicable,18,6:00pm-6:59pm,39,39,18,6:00pm-6:59pm,45,45,88,"Not Applicable (Not Transported) ",88,Not Applicable (Not Transported),,,,,,,1,
2023,29,290635,Missouri,1,1,0,0,0,1,1,183,ST. CHARLES (183),5880,O Fallon,14,14,9,September,2023,5,Thursday,1,1:00am-1:59am,36,36,0,This Section IS NOT on the NHS,2,Urban,4,Minor Arterial,4,City or Municipal Highway Agency,6,Municipal,MU-FEISE RD,,30,30,38.77839167,38.77839167,-90.721458330,-90.72145833,0,No Special Jurisdiction,38,Fence,0,The First Harmful Event was Not a Collision with a Motor Vehicle in Transport,0,No,1,Non-Junction,1,Not an Intersection,0,None,,,5,Outside Trafficway,2,Dark - Not Lighted,,,,,1,Clear,0,No,0000000,Not Applicable,99,Unknown,99,Unknown,99,Unknown EMS Scene Arrival Hour,99,Unknown EMS Scene Arrival Minutes,88,"Not Applicable (Not Transported) ",88,Not Applicable (Not Transported),,,,,,,1,
2023,29,290636,Missouri,1,1,0,0,0,1,1,155,PEMISCOT (155),0,NOT APPLICABLE,14,14,9,September,2023,5,Thursday,14,2:00pm-2:59pm,30,30,0,This Section IS NOT on the NHS,1,Rural,98,Not Reported,2,County Highway Agency,4,County,CR-260,,20,20,36.27738889,36.27738889,-89.751388890,-89.75138889,0,No Special Jurisdiction,10,Railway Vehicle,0,The First Harmful Event was Not a Collision with a Motor Vehicle in Transport,0,No,6,"Railway Grade Crossing ",1,Not an Intersection,0,None,,,1,On Roadway,1,Daylight,,,,,1,Clear,0,No,665543D,665543D,99,Unknown,98,Unknown if Notified,99,Unknown EMS Scene Arrival Hour,98,Unknown if Arrived,88,"Not Applicable (Not Transported) ",88,Not Applicable (Not Transported),,,,,,,1,
2023,29,290637,Missouri,2,2,0,0,0,2,2,183,ST. CHARLES (183),8280,WENTZVILLE,1,1,9,September,2023,6,Friday,16,4:00pm-4:59pm,50,50,0,This Section IS NOT on the NHS,2,Urban,4,Minor Arterial,4,City or Municipal Highway Agency,6,Municipal,MU-E PEARCE BLVD,,0,None,38.81233333,38.81233333,-90.851527780,-90.85152778,0,No Special Jurisdiction,12,Motor Vehicle In-Transport,1,Front-to-Rear,0,No,1,Non-Junction,1,Not an Intersection,0,None,,,1,On Roadway,1,Daylight,,,,,1,Clear,0,No,0000000,Not Applicable,99,Unknown,98,Unknown if Notified,99,Unknown EMS Scene Arrival Hour,98,Unknown if Arrived,88,"Not Applicable (Not Transported) ",88,Not Applicable (Not Transported),,,,,,,1,
2023,29,290638,Missouri,2,2,0,0,0,3,3,177,RAY (177),0,NOT APPLICABLE,14,14,9,September,2023,5,Thursday,17,5:00pm-5:59pm,37,37,0,This Section IS NOT on the NHS,1,Rural,5,Major Collector,1,State Highway Agency,3,State Highway,SR-M,,40,40,39.36152778,39.36152778,-94.145305560,-94.14530556,1,National Park Service,12,Motor Vehicle In-Transport,2,Front-to-Front,0,No,1,Non-Junction,1,Not an Intersection,0,None,,,1,On Roadway,1,Daylight,,,,,1,Clear,0,No,0000000,Not Applicable,17,5:00pm-5:59pm,52,52,18,6:00pm-6:59pm,1,1,99,Unknown,99,Unknown EMS Hospital Arrival Time,,,,,,,2,
2023,29,290639,Missouri,1,1,0,0,0,1,1,49,CLINTON (49),0,NOT APPLICABLE,15,15,9,September,2023,6,Friday,20,8:00pm-8:59pm,9,9,0,This Section IS NOT on the NHS,1,Rural,4,Minor Arterial,1,State Highway Agency,3,State Highway,SR-116,,90,90,39.57100000,39.57100000,-94.436138890,-94.43613889,0,No Special Jurisdiction,59,"Traffic Sign Support ",0,The First Harmful Event was Not a Collision with a Motor Vehicle in Transport,0,No,1,Non-Junction,1,Not an Intersection,0,None,,,4,On Roadside,2,Dark - Not Lighted,,,,,1,Clear,0,No,0000000,Not Applicable,20,8:00pm-8:59pm,11,11,20,8:00pm-8:59pm,19,19,21,9:00pm-9:59pm,3,3,,,,,,,1,
2023,29,290640,Missouri,1,1,0,1,1,1,1,510,ST. LOUIS (CITY) (510),7080,ST. LOUIS,15,15,9,September,2023,6,Friday,22,10:00pm-10:59pm,34,34,0,This Section IS NOT on the NHS,2,Urban,4,Minor Arterial,4,City or Municipal Highway Agency,6,Municipal,MU-BROADWAY ST,,30,30,38.56926389,38.56926389,-90.236711110,-90.23671111,0,No Special Jurisdiction,8,Pedestrian,0,The First Harmful Event was Not a Collision with a Motor Vehicle in Transport,0,No,1,Non-Junction,1,Not an Intersection,0,None,,,1,On Roadway,3,Dark - Lighted,,,,,1,Clear,0,No,0000000,Not Applicable,22,10:00pm-10:59pm,32,32,22,10:00pm-10:59pm,46,46,23,11:00pm-11:59pm,7,7,,,,,,,1,
2023,29,290641,Missouri,1,1,0,0,0,2,2,177,RAY (177),0,NOT APPLICABLE,15,15,9,September,2023,6,Friday,20,8:00pm-8:59pm,58,58,0,This Section IS NOT on the NHS,1,Rural,98,Not Reported,2,County Highway Agency,4,County,CR-ATKINS RD,,10,10,39.42605556,39.42605556,-94.135111110,-94.13511111,0,No Special Jurisdiction,1,Rollover/Overturn,0,The First Harmful Event was Not a Collision with a Motor Vehicle in Transport,0,No,1,Non-Junction,1,Not an Intersection,0,None,,,4,On Roadside,2,Dark - Not Lighted,,,,,10,Cloudy,0,No,0000000,Not Applicable,21,9:00pm-9:59pm,22,22,22,10:00pm-10:59pm,14,14,0,0:00am-0:59am,46,46,,,,,,,1,
2023,29,290642,Missouri,2,2,0,0,0,3,3,225,WEBSTER (225),7250,SEYMOUR,15,15,9,September,2023,6,Friday,21,9:00pm-9:59pm,42,42,1,This Section IS ON the NHS,1,Rural,3,Other Principal Arterial,1,State Highway Agency,2,U.S. Highway,US-60,MU-CLINTON AVE,170,170,37.15661111,37.15661111,-92.786416670,-92.78641667,0,No Special Jurisdiction,12,Motor Vehicle In-Transport,6,Angle,0,No,2,Intersection,2,Four-Way Intersection,0,None,,,1,On Roadway,3,Dark - Lighted,,,,,1,Clear,0,No,0000000,Not Applicable,21,9:00pm-9:59pm,49,49,21,9:00pm-9:59pm,55,55,23,11:00pm-11:59pm,6,6,,,,,,,1,
2023,29,290643,Missouri,1,1,0,1,1,1,1,189,ST LOUIS (189),0,NOT APPLICABLE,15,15,9,September,2023,6,Friday,23,11:00pm-11:59pm,29,29,1,This Section IS ON the NHS,2,Urban,1,Interstate,1,State Highway Agency,1,Interstate,I-55 RAMP,,10,10,38.50383333,38.50383333,-90.341777780,-90.34177778,0,No Special Jurisdiction,8,Pedestrian,0,The First Harmful Event was Not a Collision with a Motor Vehicle in Transport,1,Yes,20,Entrance/Exit Ramp,1,Not an Intersection,0,None,,,1,On Roadway,2,Dark - Not Lighted,,,,,1,Clear,0,No,0000000,Not Applicable,99,Unknown,99,Unknown,99,Unknown EMS Scene Arrival Hour,99,Unknown EMS Scene Arrival Minutes,88,"Not Applicable (Not Transported) ",88,Not Applicable (Not Transported),,,,,,,1,
2023,29,290644,Missouri,1,1,0,0,0,1,1,145,NEWTON (145),0,NOT APPLICABLE,15,15,9,September,2023,6,Friday,5,5:00am-5:59am,51,51,0,This Section IS NOT on the NHS,2,Urban,98,Not Reported,2,County Highway Agency,4,County,CR-KODIAK RD,,10,10,36.85972222,36.85972222,-94.409416670,-94.40941667,0,No Special Jurisdiction,53,Mail Box,0,The First Harmful Event was Not a Collision with a Motor Vehicle in Transport,0,No,1,Non-Junction,1,Not an Intersection,0,None,,,4,On Roadside,2,Dark - Not Lighted,,,,,1,Clear,0,No,0000000,Not Applicable,5,5:00am-5:59am,52,52,5,5:00am-5:59am,59,59,6,6:00am-6:59am,45,45,,,,,,,1,
2023,29,290645,Missouri,2,2,0,0,0,2,2,189,ST LOUIS (189),6000,OVERLAND,15,15,9,September,2023,6,Friday,6,6:00am-6:59am,30,30,0,This Section IS NOT on the NHS,2,Urban,3,Other Principal Arterial,4,City or Municipal Highway Agency,3,State Highway,SR-D,MU-WOODSON RD,50,50,38.68697222,38.68697222,-90.361250000,-90.36125000,0,No Special Jurisdiction,12,Motor Vehicle In-Transport,1,Front-to-Rear,0,No,3,Intersection-Related,98,Not Reported,0,None,,,1,On Roadway,1,Daylight,,,,,1,Clear,0,No,0000000,Not Applicable,99,Unknown,98,Unknown if Notified,99,Unknown EMS Scene Arrival Hour,98,Unknown if Arrived,88,"Not Applicable (Not Transported) ",88,Not Applicable (Not Transported),,,,,,,1,
2023,29,290646,Missouri,2,2,0,0,0,2,2,189,ST LOUIS (189),0,NOT APPLICABLE,15,15,9,September,2023,6,Friday,7,7:00am-7:59am,43,43,1,This Section IS ON the NHS,2,Urban,2,Other Freeways and Expressways,1,State Highway Agency,3,State Highway,SR-141,,210,210,38.75557222,38.75557222,-90.458600000,-90.45860000,0,No Special Jurisdiction,12,Motor Vehicle In-Transport,2,Front-to-Front,1,Yes,18,Through Roadway,1,Not an Intersection,0,None,,,1,On Roadway,1,Daylight,,,,,1,Clear,0,No,0000000,Not Applicable,7,7:00am-7:59am,45,45,7,7:00am-7:59am,50,50,8,8:00am-8:59am,6,6,,,,,,,1,
2023,29,290647,Missouri,2,2,0,0,0,1,1,189,ST LOUIS (189),2575,EUREKA,16,16,9,September,2023,7,Saturday,1,1:00am-1:59am,0,0,1,This Section IS ON the NHS,2,Urban,1,Interstate,1,State Highway Agency,1,Interstate,I-44,,220,220,38.50569444,38.50569444,-90.675055560,-90.67505556,0,No Special Jurisdiction,12,Motor Vehicle In-Transport,1,Front-to-Rear,1,Yes,18,Through Roadway,1,Not an Intersection,0,None,,,1,On Roadway,3,Dark - Lighted,,,,,1,Clear,1,Yes,0000000,Not Applicable,99,Unknown,98,Unknown if Notified,99,Unknown EMS Scene Arrival Hour,98,Unknown if Arrived,88,"Not Applicable (Not Transported) ",88,Not Applicable (Not Transported),,,,,,,1,
2023,29,290648,Missouri,1,1,0,1,1,1,1,105,LACLEDE (105),0,NOT APPLICABLE,16,16,9,September,2023,7,Saturday,1,1:00am-1:59am,16,16,1,This Section IS ON the NHS,1,Rural,1,Interstate,1,State Highway Agency,1,Interstate,I-44,,220,220,37.60638889,37.60638889,-92.704527780,-92.70452778,0,No Special Jurisdiction,8,Pedestrian,0,The First Harmful Event was Not a Collision with a Motor Vehicle in Transport,0,No,1,Non-Junction,1,Not an Intersection,0,None,,,1,On Roadway,2,Dark - Not Lighted,,,,,1,Clear,0,No,0000000,Not Applicable,99,Unknown,98,Unknown if Notified,99,Unknown EMS Scene Arrival Hour,98,Unknown if Arrived,88,"Not Applicable (Not Transported) ",88,Not Applicable (Not Transported),,,,,,,1,
2023,29,290649,Missouri,1,1,0,0,0,2,2,183,ST. CHARLES (183),7100,ST. PETERS,16,16,9,September,2023,7,Saturday,23,11:00pm-11:59pm,32,32,1,This Section IS ON the NHS,2,Urban,3,Other Principal Arterial,3,Town or Township Highway Agency,6,Municipal,MU-LAKESIDE PARK DR,,10,10,38.81687222,38.81687222,-90.561022220,-90.56102222,0,No Special Jurisdiction,43,Other Fixed Object,0,The First Harmful Event was Not a Collision with a Motor Vehicle in Transport,1,Yes,19,Other location within Interchange Area,1,Not an Intersection,0,None,,,4,On Roadside,3,Dark - Lighted,,,,,1,Clear,0,No,0000000,Not Applicable,23,11:00pm-11:59pm,32,32,23,11:00pm-11:59pm,41,41,0,0:00am-0:59am,0,0,,,,,,,1,
2023,29,290650,Missouri,1,1,0,0,0,2,2,145,NEWTON (145),0,NOT APPLICABLE,17,17,9,September,2023,1,Sunday,15,3:00pm-3:59pm,0,0,0,This Section IS NOT on the NHS,1,Rural,4,Minor Arterial,1,State Highway Agency,3,State Highway,SR-43,,60,60,36.98719444,36.98719444,-94.551944440,-94.55194444,0,No Special Jurisdiction,1,Rollover/Overturn,0,The First Harmful Event was Not a Collision with a Motor Vehicle in Transport,0,No,1,Non-Junction,1,Not an Intersection,0,None,,,1,On Roadway,1,Daylight,,,,,1,Clear,0,No,0000000,Not Applicable,15,3:00pm-3:59pm,4,4,15,3:00pm-3:59pm,15,15,15,3:00pm-3:59pm,32,32,,,,,,,1,
2023,29,290651,Missouri,1,1,0,0,0,1,1,207,STODDARD (207),0,NOT APPLICABLE,17,17,9,September,2023,1,Sunday,11,11:00am-11:59am,53,53,0,This Section IS NOT on the NHS,1,Rural,5,Major Collector,1,State Highway Agency,3,State Highway,SR-WW,,50,50,36.84108333,36.84108333,-90.114805560,-90.11480556,0,No Special Jurisdiction,42,Tree (Standing Only),0,The First Harmful Event was Not a Collision with a Motor Vehicle in Transport,0,No,1,Non-Junction,1,Not an Intersection,0,None,,,4,On Roadside,1,Daylight,,,,,1,Clear,0,No,0000000,Not Applicable,11,11:00am-11:59am,56,56,12,12:00pm-12:59pm,9,9,88,"Not Applicable (Not Transported) ",88,Not Applicable (Not Transported),,,,,,,1,
2023,29,290653,Missouri,1,1,0,0,0,1,1,183,ST. CHARLES (183),0,NOT APPLICABLE,18,18,9,September,2023,2,Monday,19,7:00pm-7:59pm,26,26,0,This Section IS NOT on the NHS,2,Urban,5,Major Collector,2,County Highway Agency,4,County,CR-CAULKS HILL RD,,20,20,38.71807778,38.71807778,-90.580166670,-90.58016667,0,No Special Jurisdiction,24,Guardrail Face,0,The First Harmful Event was Not a Collision with a Motor Vehicle in Transport,0,No,1,Non-Junction,1,Not an Intersection,0,None,,,4,On Roadside,2,Dark - Not Lighted,,,,,10,Cloudy,0,No,0000000,Not Applicable,19,7:00pm-7:59pm,31,31,19,7:00pm-7:59pm,36,36,88,"Not Applicable (Not Transported) ",88,Not Applicable (Not Transported),,,,,,,1,
2023,29,290654,Missouri,1,1,0,0,0,1,1,77,GREENE (77),7596,STRAFFORD,18,18,9,September,2023,2,Monday,14,2:00pm-2:59pm,44,44,0,This Section IS NOT on the NHS,2,Urban,5,Major Collector,1,State Highway Agency,3,State Highway,SR-125,,90,90,37.28513889,37.28513889,-93.113188890,-93.11318889,0,No Special Jurisdiction,34,Ditch,0,The First Harmful Event was Not a Collision with a Motor Vehicle in Transport,0,No,1,Non-Junction,1,Not an Intersection,0,None,,,4,On Roadside,1,Daylight,,,,,1,Clear,0,No,0000000,Not Applicable,14,2:00pm-2:59pm,47,47,15,3:00pm-3:59pm,4,4,15,3:00pm-3:59pm,25,25,,,,,,,1,
2023,29,290655,Missouri,1,1,0,0,0,1,1,181,RIPLEY (181),0,NOT APPLICABLE,19,19,9,September,2023,3,Tuesday,15,3:00pm-3:59pm,16,16,0,This Section IS NOT on the NHS,2,Urban,4,Minor Arterial,1,State Highway Agency,2,U.S. Highway,US-160,,140,140,36.63819444,36.63819444,-90.917555560,-90.91755556,0,No Special Jurisdiction,42,Tree (Standing Only),0,The First Harmful Event was Not a Collision with a Motor Vehicle in Transport,0,No,1,Non-Junction,1,Not an Intersection,0,None,,,4,On Roadside,1,Daylight,,,,,1,Clear,0,No,0000000,Not Applicable,15,3:00pm-3:59pm,20,20,15,3:00pm-3:59pm,31,31,88,"Not Applicable (Not Transported) ",88,Not Applicable (Not Transported),,,,,,,1,
2023,29,290656,Missouri,1,1,0,0,0,1,1,71,FRANKLIN (71),0,NOT APPLICABLE,19,19,9,September,2023,3,Tuesday,18,6:00pm-6:59pm,20,20,0,This Section IS NOT on the NHS,1,Rural,98,Not Reported,2,County Highway Agency,4,County,CR-OAK GROVE CHURCH RD,,10,10,38.34366667,38.34366667,-90.838666670,-90.83866667,0,No Special Jurisdiction,1,Rollover/Overturn,0,The First Harmful Event was Not a Collision with a Motor Vehicle in Transport,0,No,1,Non-Junction,1,Not an Intersection,0,None,,,1,On Roadway,1,Daylight,,,,,1,Clear,0,No,0000000,Not Applicable,18,6:00pm-6:59pm,25,25,18,6:00pm-6:59pm,33,33,19,7:00pm-7:59pm,10,10,,,,,,,1,
2023,29,290657,Missouri,1,1,0,0,0,1,1,189,ST LOUIS (189),1040,BRENTWOOD,20,20,9,September,2023,4,Wednesday,1,1:00am-1:59am,10,10,0,This Section IS NOT on the NHS,2,Urban,98,Not Reported,4,City or Municipal Highway Agency,6,Municipal,MU-GRACE AVE,,0,None,38.62879444,38.62879444,-90.343536110,-90.34353611,0,No Special Jurisdiction,33,Curb,0,The First Harmful Event was Not a Collision with a Motor Vehicle in Transport,0,No,1,Non-Junction,1,Not an Intersection,0,None,,,4,On Roadside,2,Dark - Not Lighted,,,,,1,Clear,0,No,0000000,Not Applicable,5,5:00am-5:59am,2,2,5,5:00am-5:59am,7,7,88,"Not Applicable (Not Transported) ",88,Not Applicable (Not Transported),,,,,,,1,
2023,29,290658,Missouri,1,1,0,0,0,2,2,83,HENRY (83),0,NOT APPLICABLE,20,20,9,September,2023,4,Wednesday,22,10:00pm-10:59pm,27,27,0,This Section IS NOT on the NHS,1,Rural,98,Not Reported,2,County Highway Agency,4,County,CR-SW 701,CR-SW 430,10,10,38.30797222,38.30797222,-93.887277780,-93.88727778,0,No Special Jurisdiction,31,"Post, Pole or Other Supports",0,The First Harmful Event was Not a Collision with a Motor Vehicle in Transport,0,No,3,Intersection-Related,3,T-Intersection,0,None,,,4,On Roadside,2,Dark - Not Lighted,,,,,1,Clear,0,No,0000000,Not Applicable,99,Unknown,99,Unknown,99,Unknown EMS Scene Arrival Hour,99,Unknown EMS Scene Arrival Minutes,99,Unknown,99,Unknown EMS Hospital Arrival Time,,,,,,,1,
2023,29,290659,Missouri,1,1,0,0,0,1,1,165,PLATTE (165),0,NOT APPLICABLE,21,21,9,September,2023,5,Thursday,2,2:00am-2:59am,0,0,0,This Section IS NOT on the NHS,1,Rural,98,Not Reported,2,County Highway Agency,4,County,CR-MIDDLE RD,,20,20,39.42658056,39.42658056,-94.889758330,-94.88975833,0,No Special Jurisdiction,58,Ground,0,The First Harmful Event was Not a Collision with a Motor Vehicle in Transport,0,No,1,Non-Junction,1,Not an Intersection,0,None,,,4,On Roadside,2,Dark - Not Lighted,,,,,1,Clear,0,No,0000000,Not Applicable,99,Unknown,98,Unknown if Notified,99,Unknown EMS Scene Arrival Hour,98,Unknown if Arrived,88,"Not Applicable (Not Transported) ",88,Not Applicable (Not Transported),,,,,,,1,
2023,29,290660,Missouri,5,5,0,0,0,6,6,510,ST. LOUIS (CITY) (510),7080,ST. LOUIS,22,22,9,September,2023,6,Friday,15,3:00pm-3:59pm,53,53,0,This Section IS NOT on the NHS,2,Urban,4,Minor Arterial,4,City or Municipal Highway Agency,6,Municipal,MU-BROADWAY,MU-HUMBOLDT AVE,20,20,38.69592222,38.69592222,-90.226075000,-90.22607500,0,No Special Jurisdiction,12,Motor Vehicle In-Transport,1,Front-to-Rear,0,No,3,Intersection-Related,3,T-Intersection,0,None,,,1,On Roadway,1,Daylight,,,,,1,Clear,0,No,0000000,Not Applicable,15,3:00pm-3:59pm,50,50,16,4:00pm-4:59pm,5,5,16,4:00pm-4:59pm,26,26,,,,,,,1,
2023,29,290661,Missouri,2,2,0,0,0,3,3,77,GREENE (77),7460,SPRINGFIELD,23,23,9,September,2023,7,Saturday,19,7:00pm-7:59pm,47,47,0,This Section IS NOT on the NHS,2,Urban,4,Minor Arterial,4,City or Municipal Highway Agency,6,Municipal,MU-NATIONAL AVE,MU-PYTHIAN ST,30,30,37.21866111,37.21866111,-93.275536110,-93.27553611,0,No Special Jurisdiction,12,Motor Vehicle In-Transport,6,Angle,0,No,2,Intersection,2,Four-Way Intersection,0,None,,,1,On Roadway,3,Dark - Lighted,,,,,10,Cloudy,0,No,0000000,Not Applicable,19,7:00pm-7:59pm,48,48,19,7:00pm-7:59pm,53,53,20,8:00pm-8:59pm,13,13,,,,,,,2,
2023,29,290662,Missouri,3,1,2,0,0,2,2,510,ST. LOUIS (CITY) (510),7080,ST. LOUIS,23,23,9,September,2023,7,Saturday,5,5:00am-5:59am,34,34,1,This Section IS ON the NHS,2,Urban,3,Other Principal Arterial,1,State Highway Agency,3,State Highway,SR-30,,50,50,38.60627500,38.60627500,-90.220211110,-90.22021111,0,No Special Jurisdiction,14,Parked Motor Vehicle,0,The First Harmful Event was Not a Collision with a Motor Vehicle in Transport,0,No,1,Non-Junction,1,Not an Intersection,0,None,,,7,In Parking Lane/Zone,3,Dark - Lighted,,,,,1,Clear,0,No,0000000,Not Applicable,5,5:00am-5:59am,35,35,5,5:00am-5:59am,40,40,6,6:00am-6:59am,27,27,,,,,,,1,
2023,29,290663,Missouri,1,1,0,0,0,1,1,113,LINCOLN (113),0,NOT APPLICABLE,23,23,9,September,2023,7,Saturday,0,0:00am-0:59am,39,39,0,This Section IS NOT on the NHS,1,Rural,5,Major Collector,1,State Highway Agency,3,State Highway,SR-E,,140,140,39.12431389,39.12431389,-91.039969440,-91.03996944,0,No Special Jurisdiction,42,Tree (Standing Only),0,The First Harmful Event was Not a Collision with a Motor Vehicle in Transport,0,No,1,Non-Junction,1,Not an Intersection,0,None,,,4,On Roadside,2,Dark - Not Lighted,,,,,1,Clear,0,No,0000000,Not Applicable,17,5:00pm-5:59pm,51,51,18,6:00pm-6:59pm,15,15,88,"Not Applicable (Not Transported) ",88,Not Applicable (Not Transported),,,,,,,1,
2023,29,290665,Missouri,1,1,0,0,0,1,1,37,CASS (37),0,NOT APPLICABLE,23,23,9,September,2023,7,Saturday,19,7:00pm-7:59pm,47,47,0,This Section IS NOT on the NHS,1,Rural,5,Major Collector,1,State Highway Agency,3,State Highway,SR-D,,110,110,38.68801111,38.68801111,-94.587452780,-94.58745278,0,No Special Jurisdiction,34,Ditch,0,The First Harmful Event was Not a Collision with a Motor Vehicle in Transport,0,No,1,Non-Junction,1,Not an Intersection,0,None,,,4,On Roadside,2,Dark - Not Lighted,,,,,2,Rain,0,No,0000000,Not Applicable,20,8:00pm-8:59pm,10,10,20,8:00pm-8:59pm,25,25,88,"Not Applicable (Not Transported) ",88,Not Applicable (Not Transported),,,,,,,1,
2023,29,290666,Missouri,2,2,0,0,0,6,6,95,JACKSON (95),4120,KANSAS CITY,23,23,9,September,2023,7,Saturday,7,7:00am-7:59am,59,59,0,This Section IS NOT on the NHS,2,Urban,4,Minor Arterial,4,City or Municipal Highway Agency,6,Municipal,MU-E 75TH ST,,10,10,38.99136111,38.99136111,-94.570222220,-94.57022222,0,No Special Jurisdiction,12,Motor Vehicle In-Transport,2,Front-to-Front,0,No,1,Non-Junction,1,Not an Intersection,0,None,,,1,On Roadway,1,Daylight,,,,,10,Cloudy,0,No,0000000,Not Applicable,7,7:00am-7:59am,59,59,8,8:00am-8:59am,15,15,8,8:00am-8:59am,28,28,,,,,,,1,
2023,29,290667,Missouri,2,2,0,0,0,3,3,95,JACKSON (95),4120,KANSAS CITY,24,24,9,September,2023,1,Sunday,23,11:00pm-11:59pm,7,7,0,This Section IS NOT on the NHS,2,Urban,3,Other Principal Arterial,4,City or Municipal Highway Agency,6,Municipal,MU-LITTLE BLUE PKWY,,70,70,39.11415556,39.11415556,-94.320938890,-94.32093889,0,No Special Jurisdiction,12,Motor Vehicle In-Transport,2,Front-to-Front,0,No,1,Non-Junction,1,Not an Intersection,0,None,,,1,On Roadway,2,Dark - Not Lighted,,,,,1,Clear,0,No,0000000,Not Applicable,23,11:00pm-11:59pm,10,10,23,11:00pm-11:59pm,17,17,23,11:00pm-11:59pm,45,45,,,,,,,1,
2023,29,290668,Missouri,2,2,0,0,0,2,2,21,BUCHANAN (21),0,NOT APPLICABLE,24,24,9,September,2023,1,Sunday,13,1:00pm-1:59pm,40,40,0,This Section IS NOT on the NHS,1,Rural,5,Major Collector,1,State Highway Agency,3,State Highway,SR-371,,100,100,39.57122222,39.57122222,-94.807000000,-94.80700000,0,No Special Jurisdiction,12,Motor Vehicle In-Transport,2,Front-to-Front,0,No,1,Non-Junction,1,Not an Intersection,0,None,,,1,On Roadway,1,Daylight,,,,,1,Clear,0,No,0000000,Not Applicable,13,1:00pm-1:59pm,46,46,14,2:00pm-2:59pm,0,0,88,"Not Applicable (Not Transported) ",88,Not Applicable (Not Transported),,,,,,,1,
2023,29,290669,Missouri,4,4,0,0,0,5,5,71,FRANKLIN (71),7020,ST. CLAIR,24,24,9,September,2023,1,Sunday,9,9:00am-9:59am,54,54,1,This Section IS ON the NHS,2,Urban,1,Interstate,1,State Highway Agency,1,Interstate,I-44,,180,180,38.36169444,38.36169444,-90.979138890,-90.97913889,0,No Special Jurisdiction,52,Guardrail End,0,The First Harmful Event was Not a Collision with a Motor Vehicle in Transport,1,Yes,19,Other location within Interchange Area,1,Not an Intersection,0,None,,,3,On Median,1,Daylight,,,,,1,Clear,0,No,0000000,Not Applicable,10,10:00am-10:59am,3,3,10,10:00am-10:59am,14,14,10,10:00am-10:59am,51,51,,,,,,,3,
2023,29,290670,Missouri,2,2,0,0,0,2,2,95,JACKSON (95),4120,KANSAS CITY,25,25,9,September,2023,2,Monday,15,3:00pm-3:59pm,2,2,0,This Section IS NOT on the NHS,2,Urban,4,Minor Arterial,4,City or Municipal Highway Agency,6,Municipal,MU-CHOUTEAU TFRY,MU-GARDNER ST,20,20,39.12696111,39.12696111,-94.519508330,-94.51950833,0,No Special Jurisdiction,12,Motor Vehicle In-Transport,6,Angle,0,No,2,Intersection,2,Four-Way Intersection,0,None,,,1,On Roadway,1,Daylight,,,,,1,Clear,0,No,0000000,Not Applicable,15,3:00pm-3:59pm,12,12,15,3:00pm-3:59pm,14,14,15,3:00pm-3:59pm,35,35,,,,,,,1,
2023,29,290671,Missouri,1,1,0,1,1,1,1,71,FRANKLIN (71),7630,SULLIVAN,25,25,9,September,2023,2,Monday,20,8:00pm-8:59pm,21,21,0,This Section IS NOT on the NHS,2,Urban,5,Major Collector,1,State Highway Agency,6,Municipal,MU-N SERVICE RD,,10,10,38.22047222,38.22047222,-91.161722220,-91.16172222,0,No Special Jurisdiction,8,Pedestrian,0,The First Harmful Event was Not a Collision with a Motor Vehicle in Transport,0,No,1,Non-Junction,1,Not an Intersection,0,None,,,1,On Roadway,3,Dark - Lighted,,,,,1,Clear,0,No,0000000,Not Applicable,99,Unknown,99,Unknown,99,Unknown EMS Scene Arrival Hour,99,Unknown EMS Scene Arrival Minutes,99,Unknown,99,Unknown EMS Hospital Arrival Time,,,,,,,1,
2023,29,290672,Missouri,1,1,0,1,1,1,1,95,JACKSON (95),4120,KANSAS CITY,25,25,9,September,2023,2,Monday,19,7:00pm-7:59pm,43,43,1,This Section IS ON the NHS,2,Urban,3,Other Principal Arterial,1,State Highway Agency,2,U.S. Highway,US-40,,140,140,39.03493889,39.03493889,-94.399211110,-94.39921111,0,No Special Jurisdiction,8,Pedestrian,0,The First Harmful Event was Not a Collision with a Motor Vehicle in Transport,0,No,1,Non-Junction,1,Not an Intersection,0,None,,,1,On Roadway,2,Dark - Not Lighted,,,,,1,Clear,0,No,0000000,Not Applicable,99,Unknown,98,Unknown if Notified,99,Unknown EMS Scene Arrival Hour,98,Unknown if Arrived,88,"Not Applicable (Not Transported) ",88,Not Applicable (Not Transported),,,,,,,1,