caseyear,state,st_case,statename,ve_total,ve_forms,pvh_invl,peds,pernotmvit,permvit,persons,county,countyname,city,cityname,day,dayname,month,monthname,year,day_week,day_weekname,hour,hourname,minute,minutename,nhs,nhsname,rur_urb,rur_urbname,func_sys,func_sysname,rd_owner,rd_ownername,route,routename,tway_id,tway_id2,milept,mileptname,latitude,latitudename,longitud,longitudname,sp_jur,sp_jurname,harm_ev,harm_evname,man_coll,man_collname,reljct1,reljct1name,reljct2,reljct2name,typ_int,typ_intname,wrk_zone,wrk_zonename,road_fnc,road_fncname,rel_road,rel_roadname,lgt_cond,lgt_condname,weather1,weather1name,weather2,weather2name,weather,weathername,sch_bus,sch_busname,rail,railname,not_hour,not_hourname,not_min,not_minname,arr_hour,arr_hourname,arr_min,arr_minname,hosp_hr,hosp_hrname,hosp_mn,hosp_mnname,cf1,cf1name,cf2,cf2name,cf3,cf3name,fatals,drunk_dr
2023,29,290673,Missouri,1,1,0,0,0,1,1,213,TANEY (213),980,BRANSON,7,7,6,June,2023,4,Wednesday,19,7:00pm-7:59pm,3,3,0,This Section IS NOT on the NHS,2,Urban,98,Not Reported,4,City or Municipal Highway Agency,6,Municipal,MU-CHAMPAGNE BLVD,,0,None,36.60706111,36.60706111,-93.288086110,-93.28808611,0,No Special Jurisdiction,33,Curb,0,The First Harmful Event was Not a Collision with a Motor Vehicle in Transport,0,No,1,Non-Junction,1,Not an Intersection,0,None,,,4,On Roadside,1,Daylight,,,,,10,Cloudy,0,No,0000000,Not Applicable,19,7:00pm-7:59pm,7,7,19,7:00pm-7:59pm,13,13,19,7:00pm-7:59pm,57,57,,,,,,,1,
2023,29,290674,Missouri,2,2,0,0,0,2,2,113,LINCOLN (113),7810,TROY,16,16,9,September,2023,7,Saturday,11,11:00am-11:59am,10,10,0,This Section IS NOT on the NHS,2,Urban,4,Minor Arterial,1,State Highway Agency,3,State Highway,SR-47,MU-MERLIN DR,140,140,38.98675833,38.98675833,-90.968486110,-90.96848611,0,No Special Jurisdiction,12,Motor Vehicle In-Transport,2,Front-to-Front,0,No,2,Intersection,2,Four-Way Intersection,0,None,,,1,On Roadway,1,Daylight,,,,,1,Clear,0,No,0000000,Not Applicable,11,11:00am-11:59am,14,14,11,11:00am-11:59am,19,19,11,11:00am-11:59am,54,54,,,,,,,1,
2023,29,290675,Missouri,1,1,0,0,0,1,1,91,HOWELL (91),8410,WILLOW SPRINGS,26,26,9,September,2023,3,Tuesday,99,Unknown Hours,99,Unknown Minutes,0,This Section IS NOT on the NHS,1,Rural,5,Major Collector,1,State Highway Agency,3,State Highway,SR-BU 60,,20,20,36.96814444,36.96814444,-91.915955560,-91.91595556,0,No Special Jurisdiction,59,"Traffic Sign Support ",0,The First Harmful Event was Not a Collision with a Motor Vehicle in Transport,0,No,1,Non-Junction,1,Not an Intersection,0,None,,,4,On Roadside,1,Daylight,,,,,1,Clear,0,No,0000000,Not Applicable,99,Unknown,98,Unknown if Notified,99,Unknown EMS Scene Arrival Hour,98,Unknown if Arrived,88,"Not Applicable (Not Transported) ",88,Not Applicable (Not Transported),,,,,,,1,
2023,29,290676,Missouri,1,1,0,0,0,1,1,183,ST. CHARLES (183),7010,ST. CHARLES,26,26,9,September,2023,3,Tuesday,15,3:00pm-3:59pm,0,0,1,This Section IS ON the NHS,2,Urban,3,Other Principal Arterial,1,State Highway Agency,3,State Highway,SR-94,,280,280,38.75783333,38.75783333,-90.539777780,-90.53977778,0,No Special Jurisdiction,21,Bridge Pier or Support,0,The First Harmful Event was Not a Collision with a Motor Vehicle in Transport,1,Yes,19,Other location within Interchange Area,1,Not an Intersection,0,None,,,3,On Median,1,Daylight,,,,,1,Clear,0,No,0000000,Not Applicable,15,3:00pm-3:59pm,9,9,15,3:00pm-3:59pm,19,19,88,"Not Applicable (Not Transported) ",88,Not Applicable (Not Transported),,,,,,,1,
2023,29,290677,Missouri,1,1,0,0,0,1,1,71,FRANKLIN (71),0,NOT APPLICABLE,26,26,9,September,2023,3,Tuesday,15,3:00pm-3:59pm,20,20,0,This Section IS NOT on the NHS,1,Rural,5,Major Collector,1,State Highway Agency,3,State Highway,SR-K,,140,140,38.20819444,38.20819444,-91.051750000,-91.05175000,0,No Special Jurisdiction,32,Culvert,0,The First Harmful Event was Not a Collision with a Motor Vehicle in Transport,0,No,1,Non-Junction,1,Not an Intersection,0,None,,,4,On Roadside,1,Daylight,,,,,1,Clear,0,No,0000000,Not Applicable,15,3:00pm-3:59pm,25,25,15,3:00pm-3:59pm,35,35,88,"Not Applicable (Not Transported) ",88,Not Applicable (Not Transported),,,,,,,1,
2023,29,290678,Missouri,1,1,0,1,1,1,1,145,NEWTON (145),4100,JOPLIN,27,27,9,September,2023,4,Wednesday,22,10:00pm-10:59pm,17,17,1,This Section IS ON the NHS,2,Urban,1,Interstate,1,State Highway Agency,1,Interstate,I-44,,90,90,37.04660278,37.04660278,-94.478808330,-94.47880833,0,No Special Jurisdiction,8,Pedestrian,0,The First Harmful Event was Not a Collision with a Motor Vehicle in Transport,1,Yes,18,Through Roadway,1,Not an Intersection,0,None,,,1,On Roadway,6,Dark - Unknown Lighting,,,,,1,Clear,0,No,0000000,Not Applicable,99,Unknown,98,Unknown if Notified,99,Unknown EMS Scene Arrival Hour,98,Unknown if Arrived,88,"Not Applicable (Not Transported) ",88,Not Applicable (Not Transported),,,,,,,1,
2023,29,290679,Missouri,2,2,0,0,0,3,3,95,JACKSON (95),3940,INDEPENDENCE,27,27,9,September,2023,4,Wednesday,17,5:00pm-5:59pm,40,40,1,This Section IS ON the NHS,2,Urban,3,Other Principal Arterial,1,State Highway Agency,2,U.S. Highway,US-24,MU-ELSEA SMITH RD,90,90,39.13828889,39.13828889,-94.262733330,-94.26273333,0,No Special Jurisdiction,12,Motor Vehicle In-Transport,6,Angle,0,No,2,Intersection,2,Four-Way Intersection,0,None,,,1,On Roadway,1,Daylight,,,,,1,Clear,0,No,0000000,Not Applicable,99,Unknown,99,Unknown,99,Unknown EMS Scene Arrival Hour,99,Unknown EMS Scene Arrival Minutes,88,"Not Applicable (Not Transported) ",88,Not Applicable (Not Transported),,,,,,,2,
2023,29,290680,Missouri,1,1,0,0,0,1,1,95,JACKSON (95),4120,KANSAS CITY,28,28,9,September,2023,5,Thursday,21,9:00pm-9:59pm,51,51,0,This Section IS NOT on the NHS,2,Urban,4,Minor Arterial,4,City or Municipal Highway Agency,6,Municipal,MU-BROOKSIDE BLVD,,10,10,39.03081944,39.03081944,-94.584386110,-94.58438611,0,No Special Jurisdiction,42,Tree (Standing Only),0,The First Harmful Event was Not a Collision with a Motor Vehicle in Transport,0,No,1,Non-Junction,1,Not an Intersection,0,None,,,4,On Roadside,3,Dark - Lighted,,,,,1,Clear,0,No,0000000,Not Applicable,21,9:00pm-9:59pm,52,52,21,9:00pm-9:59pm,58,58,22,10:00pm-10:59pm,5,5,,,,,,,1,
2023,29,290681,Missouri,1,1,0,0,0,1,1,141,MORGAN (141),0,NOT APPLICABLE,28,28,9,September,2023,5,Thursday,99,Unknown Hours,99,Unknown Minutes,0,This Section IS NOT on the NHS,1,Rural,5,Major Collector,1,State Highway Agency,3,State Highway,SR-Y,,140,140,38.29656111,38.29656111,-92.694827780,-92.69482778,0,No Special Jurisdiction,58,Ground,0,The First Harmful Event was Not a Collision with a Motor Vehicle in Transport,0,No,1,Non-Junction,1,Not an Intersection,0,None,,,4,On Roadside,9,Reported as Unknown,,,,,99,Reported as Unknown,0,No,0000000,Not Applicable,99,Unknown,98,Unknown if Notified,99,Unknown EMS Scene Arrival Hour,98,Unknown if Arrived,88,"Not Applicable (Not Transported) ",88,Not Applicable (Not Transported),,,,,,,1,
2023,29,290682,Missouri,2,2,0,0,0,3,3,179,REYNOLDS (179),0,NOT APPLICABLE,28,28,9,September,2023,5,Thursday,10,10:00am-10:59am,0,0,0,This Section IS NOT on the NHS,1,Rural,4,Minor Arterial,1,State Highway Agency,3,State Highway,SR-21,CR-806,120,120,37.44991667,37.44991667,-90.959638890,-90.95963889,0,No Special Jurisdiction,12,Motor Vehicle In-Transport,6,Angle,0,No,2,Intersection,3,T-Intersection,0,None,,,1,On Roadway,1,Daylight,,,,,1,Clear,0,No,0000000,Not Applicable,10,10:00am-10:59am,0,0,10,10:00am-10:59am,9,9,10,10:00am-10:59am,35,35,,,,,,,1,
2023,29,290683,Missouri,2,2,0,0,0,2,2,169,PULASKI (169),0,NOT APPLICABLE,28,28,9,September,2023,5,Thursday,7,7:00am-7:59am,50,50,0,This Section IS NOT on the NHS,1,Rural,4,Minor Arterial,1,State Highway Agency,3,State Highway,SR-28,,50,50,37.89369444,37.89369444,-92.082333330,-92.08233333,0,No Special Jurisdiction,12,Motor Vehicle In-Transport,2,Front-to-Front,0,No,1,Non-Junction,1,Not an Intersection,0,None,,,4,On Roadside,1,Daylight,,,,,5,"Fog, Smog, Smoke",0,No,0000000,Not Applicable,7,7:00am-7:59am,58,58,8,8:00am-8:59am,11,11,9,9:00am-9:59am,21,21,,,,,,,1,
2023,29,290685,Missouri,2,2,0,0,0,2,2,97,JASPER (97),0,NOT APPLICABLE,28,28,9,September,2023,5,Thursday,18,6:00pm-6:59pm,25,25,0,This Section IS NOT on the NHS,1,Rural,4,Minor Arterial,1,State Highway Agency,3,State Highway,SR-96,SR-BB,210,210,37.19702778,37.19702778,-94.199500000,-94.19950000,0,No Special Jurisdiction,12,Motor Vehicle In-Transport,6,Angle,0,No,2,Intersection,2,Four-Way Intersection,0,None,,,1,On Roadway,1,Daylight,,,,,1,Clear,0,No,0000000,Not Applicable,18,6:00pm-6:59pm,35,35,18,6:00pm-6:59pm,45,45,19,7:00pm-7:59pm,38,38,,,,,,,1,
2023,29,290686,Missouri,1,1,0,0,0,3,3,195,SALINE (195),0,NOT APPLICABLE,29,29,9,September,2023,6,Friday,15,3:00pm-3:59pm,3,3,1,This Section IS ON the NHS,1,Rural,3,Other Principal Arterial,1,State Highway Agency,2,U.S. Highway,US-65,,60,60,39.02025000,39.02025000,-93.195444440,-93.19544444,0,No Special Jurisdiction,59,"Traffic Sign Support ",0,The First Harmful Event was Not a Collision with a Motor Vehicle in Transport,0,No,1,Non-Junction,1,Not an Intersection,0,None,,,4,On Roadside,1,Daylight,,,,,1,Clear,0,No,0000000,Not Applicable,15,3:00pm-3:59pm,6,6,15,3:00pm-3:59pm,17,17,15,3:00pm-3:59pm,38,38,,,,,,,1,
2023,29,290687,Missouri,1,1,0,0,0,1,1,229,WRIGHT (229),0,NOT APPLICABLE,29,29,9,September,2023,6,Friday,15,3:00pm-3:59pm,25,25,0,This Section IS NOT on the NHS,1,Rural,6,Minor Collector,1,State Highway Agency,3,State Highway,SR-HH,,0,None,37.24310833,37.24310833,-92.470311110,-92.47031111,0,No Special Jurisdiction,1,Rollover/Overturn,0,The First Harmful Event was Not a Collision with a Motor Vehicle in Transport,0,No,1,Non-Junction,1,Not an Intersection,0,None,,,4,On Roadside,1,Daylight,,,,,1,Clear,0,No,0000000,Not Applicable,99,Unknown,98,Unknown if Notified,99,Unknown EMS Scene Arrival Hour,98,Unknown if Arrived,88,"Not Applicable (Not Transported) ",88,Not Applicable (Not Transported),,,,,,,1,
2023,29,290688,Missouri,1,1,0,0,0,4,4,209,STONE (209),0,NOT APPLICABLE,1,1,10,October,2023,1,Sunday,14,2:00pm-2:59pm,50,50,0,This Section IS NOT on the NHS,1,Rural,98,Not Reported,2,County Highway Agency,4,County,CR-OLD WIRE RD,,10,10,36.91843611,36.91843611,-93.602397220,-93.60239722,0,No Special Jurisdiction,38,Fence,0,The First Harmful Event was Not a Collision with a Motor Vehicle in Transport,0,No,1,Non-Junction,1,Not an Intersection,0,None,,,5,Outside Trafficway,1,Daylight,,,,,1,Clear,0,No,0000000,Not Applicable,15,3:00pm-3:59pm,24,24,15,3:00pm-3:59pm,28,28,16,4:00pm-4:59pm,20,20,,,,,,,1,
2023,29,290689,Missouri,2,2,0,0,0,2,2,71,FRANKLIN (71),0,NOT APPLICABLE,1,1,10,October,2023,1,Sunday,15,3:00pm-3:59pm,15,15,0,This Section IS NOT on the NHS,1,Rural,5,Major Collector,1,State Highway Agency,3,State Highway,SR-E,SR-VV,30,30,38.57561111,38.57561111,-91.328000000,-91.32800000,0,No Special Jurisdiction,12,Motor Vehicle In-Transport,1,Front-to-Rear,0,No,2,Intersection,3,T-Intersection,0,None,,,1,On Roadway,1,Daylight,,,,,1,Clear,0,No,0000000,Not Applicable,15,3:00pm-3:59pm,17,17,15,3:00pm-3:59pm,28,28,88,"Not Applicable (Not Transported) ",88,Not Applicable (Not Transported),,,,,,,1,
2023,29,290690,Missouri,2,2,0,0,0,3,3,510,ST. LOUIS (CITY) (510),7080,ST. LOUIS,1,1,10,October,2023,1,Sunday,21,9:00pm-9:59pm,0,0,1,This Section IS ON the NHS,2,Urban,3,Other Principal Arterial,1,State Highway Agency,3,State Highway,SR-30,,30,30,38.58734167,38.58734167,-90.259575000,-90.25957500,0,No Special Jurisdiction,12,Motor Vehicle In-Transport,8,Sideswipe - Opposite Direction,0,No,1,Non-Junction,1,Not an Intersection,0,None,,,1,On Roadway,3,Dark - Lighted,,,,,1,Clear,0,No,0000000,Not Applicable,20,8:00pm-8:59pm,52,52,21,9:00pm-9:59pm,11,11,21,9:00pm-9:59pm,33,33,,,,,,,1,
2023,29,290691,Missouri,1,1,0,0,0,3,3,95,JACKSON (95),4120,KANSAS CITY,1,1,10,October,2023,1,Sunday,0,0:00am-0:59am,59,59,0,This Section IS NOT on the NHS,2,Urban,4,Minor Arterial,4,City or Municipal Highway Agency,6,Municipal,MU-CLEAVER II BLVD,,30,30,39.04055000,39.04055000,-94.527066670,-94.52706667,0,No Special Jurisdiction,1,Rollover/Overturn,0,The First Harmful Event was Not a Collision with a Motor Vehicle in Transport,0,No,1,Non-Junction,1,Not an Intersection,0,None,,,4,On Roadside,3,Dark - Lighted,,,,,1,Clear,0,No,0000000,Not Applicable,0,0:00am-0:59am,58,58,1,1:00am-1:59am,2,2,88,"Not Applicable (Not Transported) ",88,Not Applicable (Not Transported),,,,,,,3,
2023,29,290692,Missouri,3,3,0,0,0,5,5,189,ST LOUIS (189),2145,DELLWOOD,2,2,10,October,2023,2,Monday,18,6:00pm-6:59pm,54,54,1,This Section IS ON the NHS,2,Urban,3,Other Principal Arterial,4,City or Municipal Highway Agency,6,Municipal,MU-CHAMBERS RD,,10,10,38.74936111,38.74936111,-90.278555560,-90.27855556,0,No Special Jurisdiction,12,Motor Vehicle In-Transport,6,Angle,0,No,1,Non-Junction,1,Not an Intersection,0,None,,,1,On Roadway,1,Daylight,,,,,1,Clear,0,No,0000000,Not Applicable,18,6:00pm-6:59pm,57,57,19,7:00pm-7:59pm,12,12,20,8:00pm-8:59pm,7,7,,,,,,,1,
2023,29,290693,Missouri,1,1,0,1,1,1,1,510,ST. LOUIS (CITY) (510),7080,ST. LOUIS,2,2,10,October,2023,2,Monday,1,1:00am-1:59am,13,13,1,This Section IS ON the NHS,2,Urban,3,Other Principal Arterial,1,State Highway Agency,3,State Highway,SR-30,MU-OREGON AVE,50,50,38.60216944,38.60216944,-90.229450000,-90.22945000,0,No Special Jurisdiction,8,Pedestrian,0,The First Harmful Event was Not a Collision with a Motor Vehicle in Transport,0,No,2,Intersection,3,T-Intersection,0,None,,,1,On Roadway,3,Dark - Lighted,,,,,1,Clear,0,No,0000000,Not Applicable,1,1:00am-1:59am,18,18,1,1:00am-1:59am,19,19,1,1:00am-1:59am,35,35,,,,,,,1,
2023,29,290694,Missouri,3,3,0,0,0,3,3,129,MERCER (129),0,NOT APPLICABLE,2,2,10,October,2023,2,Monday,7,7:00am-7:59am,25,25,1,This Section IS ON the NHS,1,Rural,3,Other Principal Arterial,1,State Highway Agency,2,U.S. Highway,US-65,,40,40,40.51975000,40.51975000,-93.532416670,-93.53241667,0,No Special Jurisdiction,12,Motor Vehicle In-Transport,8,Sideswipe - Opposite Direction,0,No,1,Non-Junction,1,Not an Intersection,0,None,,,1,On Roadway,1,Daylight,,,,,1,Clear,0,No,0000000,Not Applicable,7,7:00am-7:59am,31,31,7,7:00am-7:59am,45,45,8,8:00am-8:59am,18,18,,,,,,,1,
2023,29,290696,Missouri,1,1,0,0,0,1,1,209,STONE (209),0,NOT APPLICABLE,2,2,10,October,2023,2,Monday,11,11:00am-11:59am,25,25,0,This Section IS NOT on the NHS,1,Rural,4,Minor Arterial,1,State Highway Agency,3,State Highway,SR-76,,60,60,36.73641667,36.73641667,-93.484944440,-93.48494444,0,No Special Jurisdiction,1,Rollover/Overturn,0,The First Harmful Event was Not a Collision with a Motor Vehicle in Transport,0,No,1,Non-Junction,1,Not an Intersection,0,None,,,4,On Roadside,1,Daylight,,,,,1,Clear,0,No,0000000,Not Applicable,11,11:00am-11:59am,26,26,11,11:00am-11:59am,42,42,12,12:00pm-12:59pm,34,34,,,,,,,1,
2023,29,290697,Missouri,2,2,0,0,0,2,2,119,MCDONALD (119),0,NOT APPLICABLE,3,3,10,October,2023,3,Tuesday,15,3:00pm-3:59pm,19,19,0,This Section IS NOT on the NHS,1,Rural,5,Major Collector,1,State Highway Agency,3,State Highway,SR-43,SR-CO MO 76 TO MO 43,70,70,36.67305556,36.67305556,-94.607611110,-94.60761111,0,No Special Jurisdiction,12,Motor Vehicle In-Transport,2,Front-to-Front,0,No,2,Intersection,4,Y-Intersection,0,None,,,1,On Roadway,1,Daylight,,,,,10,Cloudy,0,No,0000000,Not Applicable,15,3:00pm-3:59pm,23,23,15,3:00pm-3:59pm,34,34,16,4:00pm-4:59pm,51,51,,,,,,,1,
2023,29,290698,Missouri,1,1,0,0,0,1,1,95,JACKSON (95),0,NOT APPLICABLE,5,5,10,October,2023,5,Thursday,20,8:00pm-8:59pm,58,58,0,This Section IS NOT on the NHS,2,Urban,98,Not Reported,2,County Highway Agency,4,County,CR-SLAUGHTER RD,CR-E PINK HILL RD,10,10,39.05119444,39.05119444,-94.229305560,-94.22930556,0,No Special Jurisdiction,42,Tree (Standing Only),0,The First Harmful Event was Not a Collision with a Motor Vehicle in Transport,0,No,3,Intersection-Related,3,T-Intersection,0,None,,,4,On Roadside,2,Dark - Not Lighted,,,,,1,Clear,0,No,0000000,Not Applicable,99,Unknown,99,Unknown,99,Unknown EMS Scene Arrival Hour,99,Unknown EMS Scene Arrival Minutes,88,"Not Applicable (Not Transported) ",88,Not Applicable (Not Transported),,,,,,,1,
2023,29,290699,Missouri,2,2,0,0,0,2,2,99,JEFFERSON (99),0,NOT APPLICABLE,5,5,10,October,2023,5,Thursday,17,5:00pm-5:59pm,11,11,0,This Section IS NOT on the NHS,2,Urban,7,Local,2,County Highway Agency,4,County,CR-DULIN CREEK RD,,0,None,38.41011111,38.41011111,-90.582944440,-90.58294444,0,No Special Jurisdiction,12,Motor Vehicle In-Transport,6,Angle,0,No,8,Driveway Access Related,1,Not an Intersection,0,None,,,1,On Roadway,1,Daylight,,,,,1,Clear,0,No,0000000,Not Applicable,17,5:00pm-5:59pm,10,10,17,5:00pm-5:59pm,14,14,88,"Not Applicable (Not Transported) ",88,Not Applicable (Not Transported),,,,,,,1,
2023,29,290700,Missouri,2,2,0,0,0,2,2,145,NEWTON (145),0,NOT APPLICABLE,5,5,10,October,2023,5,Thursday,16,4:00pm-4:59pm,53,53,0,This Section IS NOT on the NHS,1,Rural,5,Major Collector,1,State Highway Agency,3,State Highway,SR-Y,,10,10,36.81330556,36.81330556,-94.522694440,-94.52269444,0,No Special Jurisdiction,12,Motor Vehicle In-Transport,2,Front-to-Front,0,No,1,Non-Junction,1,Not an Intersection,0,None,,,1,On Roadway,1,Daylight,,,,,1,Clear,0,No,0000000,Not Applicable,99,Unknown,98,Unknown if Notified,99,Unknown EMS Scene Arrival Hour,98,Unknown if Arrived,88,"Not Applicable (Not Transported) ",88,Not Applicable (Not Transported),,,,,,,2,
2023,29,290701,Missouri,1,1,0,0,0,2,2,95,JACKSON (95),7304,SIBLEY,6,6,10,October,2023,6,Friday,22,10:00pm-10:59pm,56,56,0,This Section IS NOT on the NHS,1,Rural,98,Not Reported,4,City or Municipal Highway Agency,6,Municipal,MU-HUDSON ST,,0,None,39.17738889,39.17738889,-94.194277780,-94.19427778,0,No Special Jurisdiction,1,Rollover/Overturn,0,The First Harmful Event was Not a Collision with a Motor Vehicle in Transport,0,No,1,Non-Junction,1,Not an Intersection,0,None,,,4,On Roadside,2,Dark - Not Lighted,,,,,1,Clear,0,No,0000000,Not Applicable,22,10:00pm-10:59pm,58,58,23,11:00pm-11:59pm,7,7,23,11:00pm-11:59pm,35,35,,,,,,,1,
2023,29,290702,Missouri,1,1,0,0,0,1,1,157,PERRY (157),0,NOT APPLICABLE,7,7,10,October,2023,7,Saturday,12,12:00pm-12:59pm,52,52,0,This Section IS NOT on the NHS,1,Rural,98,Not Reported,2,County Highway Agency,4,County,CR-806,,20,20,37.74058333,37.74058333,-89.910416670,-89.91041667,0,No Special Jurisdiction,42,Tree (Standing Only),0,The First Harmful Event was Not a Collision with a Motor Vehicle in Transport,0,No,1,Non-Junction,1,Not an Intersection,0,None,,,4,On Roadside,1,Daylight,,,,,1,Clear,0,No,0000000,Not Applicable,99,Unknown,98,Unknown if Notified,99,Unknown EMS Scene Arrival Hour,98,Unknown if Arrived,88,"Not Applicable (Not Transported) ",88,Not Applicable (Not Transported),,,,,,,1,
2023,29,290703,Missouri,1,1,0,1,1,1,1,37,CASS (37),0,NOT APPLICABLE,5,5,7,July,2023,4,Wednesday,6,6:00am-6:59am,17,17,0,This Section IS NOT on the NHS,1,Rural,5,Major Collector,1,State Highway Agency,3,State Highway,SR-D,,70,70,38.74291667,38.74291667,-94.590138890,-94.59013889,0,No Special Jurisdiction,8,Pedestrian,0,The First Harmful Event was Not a Collision with a Motor Vehicle in Transport,0,No,1,Non-Junction,1,Not an Intersection,0,None,,,1,On Roadway,6,Dark - Unknown Lighting,,,,,10,Cloudy,0,No,0000000,Not Applicable,99,Unknown,99,Unknown,99,Unknown EMS Scene Arrival Hour,99,Unknown EMS Scene Arrival Minutes,99,Unknown,99,Unknown EMS Hospital Arrival Time,,,,,,,1,
2023,29,290704,Missouri,2,2,0,0,0,2,2,145,NEWTON (145),3250,GRANBY,20,20,9,September,2023,4,Wednesday,15,3:00pm-3:59pm,24,24,1,This Section IS ON the NHS,1,Rural,3,Other Principal Arterial,1,State Highway Agency,2,U.S. Highway,US-60,LITTLE MILL RD,240,240,36.92113889,36.92113889,-94.244972220,-94.24497222,0,No Special Jurisdiction,12,Motor Vehicle In-Transport,6,Angle,0,No,2,Intersection,3,T-Intersection,0,None,,,1,On Roadway,1,Daylight,,,,,1,Clear,0,No,0000000,Not Applicable,15,3:00pm-3:59pm,27,27,15,3:00pm-3:59pm,33,33,88,"Not Applicable (Not Transported) ",88,Not Applicable (Not Transported),,,,,,,1,
2023,29,290705,Missouri,1,1,0,0,0,2,2,141,MORGAN (141),3317,GRAVOIS MILLS,26,26,9,September,2023,3,Tuesday,13,1:00pm-1:59pm,13,13,1,This Section IS ON the NHS,1,Rural,3,Other Principal Arterial,1,State Highway Agency,3,State Highway,SR-5,,230,230,38.29988889,38.29988889,-92.821972220,-92.82197222,0,No Special Jurisdiction,34,Ditch,0,The First Harmful Event was Not a Collision with a Motor Vehicle in Transport,0,No,1,Non-Junction,1,Not an Intersection,0,None,,,4,On Roadside,1,Daylight,,,,,1,Clear,0,No,0000000,Not Applicable,99,Unknown,99,Unknown,99,Unknown EMS Scene Arrival Hour,99,Unknown EMS Scene Arrival Minutes,99,Unknown,99,Unknown EMS Hospital Arrival Time,,,,,,,1,
2023,29,290706,Missouri,1,1,0,1,1,1,1,77,GREENE (77),7460,SPRINGFIELD,29,29,9,September,2023,6,Friday,9,9:00am-9:59am,54,54,0,This Section IS NOT on the NHS,2,Urban,7,Local,4,City or Municipal Highway Agency,6,Municipal,MU-EVERGREEN ST,MO 13,0,None,37.24870833,37.24870833,-93.311033330,-93.31103333,0,No Special Jurisdiction,8,Pedestrian,0,The First Harmful Event was Not a Collision with a Motor Vehicle in Transport,0,No,3,Intersection-Related,3,T-Intersection,0,None,,,4,On Roadside,1,Daylight,,,,,1,Clear,0,No,0000000,Not Applicable,99,Unknown,99,Unknown,99,Unknown EMS Scene Arrival Hour,99,Unknown EMS Scene Arrival Minutes,99,Unknown,99,Unknown EMS Hospital Arrival Time,,,,,,,1,
2023,29,290707,Missouri,1,1,0,0,0,2,2,69,DUNKLIN (69),0,NOT APPLICABLE,30,30,9,September,2023,7,Saturday,8,8:00am-8:59am,5,5,1,This Section IS ON the NHS,1,Rural,3,Other Principal Arterial,1,State Highway Agency,2,U.S. Highway,US-412,,10,10,36.03922222,36.03922222,-90.329500000,-90.32950000,0,No Special Jurisdiction,1,Rollover/Overturn,0,The First Harmful Event was Not a Collision with a Motor Vehicle in Transport,0,No,1,Non-Junction,1,Not an Intersection,0,None,,,1,On Roadway,1,Daylight,,,,,1,Clear,0,No,0000000,Not Applicable,99,Unknown,99,Unknown,99,Unknown EMS Scene Arrival Hour,99,Unknown EMS Scene Arrival Minutes,99,Unknown,99,Unknown EMS Hospital Arrival Time,,,,,,,1,
2023,29,290708,Missouri,1,1,0,0,0,2,2,157,PERRY (157),0,NOT APPLICABLE,30,30,9,September,2023,7,Saturday,19,7:00pm-7:59pm,0,0,0,This Section IS NOT on the NHS,1,Rural,6,Minor Collector,1,State Highway Agency,3,State Highway,SR-N,,0,None,37.72941667,37.72941667,-90.001444440,-90.00144444,0,No Special Jurisdiction,38,Fence,0,The First Harmful Event was Not a Collision with a Motor Vehicle in Transport,0,No,1,Non-Junction,1,Not an Intersection,0,None,,,4,On Roadside,1,Daylight,,,,,1,Clear,0,No,0000000,Not Applicable,19,7:00pm-7:59pm,43,43,19,7:00pm-7:59pm,59,59,99,Unknown,99,Unknown EMS Hospital Arrival Time,,,,,,,1,
2023,29,290710,Missouri,1,1,0,0,0,1,1,95,JACKSON (95),840,BLUE SPRINGS,30,30,9,September,2023,7,Saturday,21,9:00pm-9:59pm,45,45,0,This Section IS NOT on the NHS,2,Urban,98,Not Reported,4,City or Municipal Highway Agency,6,Municipal,MU-VESPER RD,,0,None,39.02041389,39.02041389,-94.299738890,-94.29973889,0,No Special Jurisdiction,42,Tree (Standing Only),0,The First Harmful Event was Not a Collision with a Motor Vehicle in Transport,0,No,1,Non-Junction,1,Not an Intersection,0,None,,,4,On Roadside,2,Dark - Not Lighted,,,,,1,Clear,0,No,0000000,Not Applicable,99,Unknown,99,Unknown,99,Unknown EMS Scene Arrival Hour,99,Unknown EMS Scene Arrival Minutes,88,"Not Applicable (Not Transported) ",88,Not Applicable (Not Transported),,,,,,,1,
2023,29,290711,Missouri,1,1,0,0,0,1,1,123,MADISON (123),0,NOT APPLICABLE,30,30,9,September,2023,7,Saturday,22,10:00pm-10:59pm,47,47,0,This Section IS NOT on the NHS,1,Rural,6,Minor Collector,1,State Highway Agency,3,State Highway,SR-H,,60,60,37.59469444,37.59469444,-90.338777780,-90.33877778,0,No Special Jurisdiction,11,Live Animal,0,The First Harmful Event was Not a Collision with a Motor Vehicle in Transport,0,No,1,Non-Junction,1,Not an Intersection,0,None,,,1,On Roadway,2,Dark - Not Lighted,,,,,1,Clear,0,No,0000000,Not Applicable,22,10:00pm-10:59pm,42,42,22,10:00pm-10:59pm,48,48,88,"Not Applicable (Not Transported) ",88,Not Applicable (Not Transported),,,,,,,1,
2023,29,290712,Missouri,2,2,0,0,0,2,2,145,NEWTON (145),0,NOT APPLICABLE,13,13,10,October,2023,6,Friday,18,6:00pm-6:59pm,0,0,0,This Section IS NOT on the NHS,2,Urban,7,Local,2,County Highway Agency,6,Municipal,MU-NOR 44,,0,None,37.00869444,37.00869444,-94.557861110,-94.55786111,0,No Special Jurisdiction,12,Motor Vehicle In-Transport,1,Front-to-Rear,0,No,1,Non-Junction,1,Not an Intersection,0,None,,,1,On Roadway,1,Daylight,,,,,10,Cloudy,0,No,0000000,Not Applicable,18,6:00pm-6:59pm,0,0,18,6:00pm-6:59pm,11,11,18,6:00pm-6:59pm,32,32,,,,,,,1,