caseyear,state,st_case,statename,ve_total,ve_forms,pvh_invl,peds,pernotmvit,permvit,persons,county,countyname,city,cityname,day,dayname,month,monthname,year,day_week,day_weekname,hour,hourname,minute,minutename,nhs,nhsname,rur_urb,rur_urbname,func_sys,func_sysname,rd_owner,rd_ownername,route,routename,tway_id,tway_id2,milept,mileptname,latitude,latitudename,longitud,longitudname,sp_jur,sp_jurname,harm_ev,harm_evname,man_coll,man_collname,reljct1,reljct1name,reljct2,reljct2name,typ_int,typ_intname,wrk_zone,wrk_zonename,road_fnc,road_fncname,rel_road,rel_roadname,lgt_cond,lgt_condname,weather1,weather1name,weather2,weather2name,weather,weathername,sch_bus,sch_busname,rail,railname,not_hour,not_hourname,not_min,not_minname,arr_hour,arr_hourname,arr_min,arr_minname,hosp_hr,hosp_hrname,hosp_mn,hosp_mnname,cf1,cf1name,cf2,cf2name,cf3,cf3name,fatals,drunk_dr
2023,29,290713,Missouri,2,2,0,0,0,3,3,95,JACKSON (95),4120,KANSAS CITY,13,13,10,October,2023,6,Friday,19,7:00pm-7:59pm,35,35,1,This Section IS ON the NHS,2,Urban,2,Other Freeways and Expressways,1,State Highway Agency,2,U.S. Highway,US-71,,110,110,38.99091111,38.99091111,-94.552747220,-94.55274722,0,No Special Jurisdiction,23,Bridge Rail (Includes parapet),0,The First Harmful Event was Not a Collision with a Motor Vehicle in Transport,0,No,1,Non-Junction,1,Not an Intersection,0,None,,,4,On Roadside,3,Dark - Lighted,,,,,10,Cloudy,0,No,0000000,Not Applicable,19,7:00pm-7:59pm,36,36,19,7:00pm-7:59pm,45,45,19,7:00pm-7:59pm,53,53,,,,,,,1,
2023,29,290714,Missouri,1,1,0,0,0,2,2,510,ST. LOUIS (CITY) (510),7080,ST. LOUIS,13,13,10,October,2023,6,Friday,2,2:00am-2:59am,57,57,0,This Section IS NOT on the NHS,2,Urban,3,Other Principal Arterial,4,City or Municipal Highway Agency,6,Municipal,MU-CHIPPEWA ST,,30,30,38.59147778,38.59147778,-90.274200000,-90.27420000,0,No Special Jurisdiction,30,Utility Pole/Light Support,0,The First Harmful Event was Not a Collision with a Motor Vehicle in Transport,0,No,1,Non-Junction,1,Not an Intersection,0,None,,,4,On Roadside,3,Dark - Lighted,,,,,1,Clear,0,No,0000000,Not Applicable,2,2:00am-2:59am,54,54,2,2:00am-2:59am,58,58,3,3:00am-3:59am,35,35,,,,,,,1,
2023,29,290715,Missouri,1,1,0,0,0,2,2,113,LINCOLN (113),0,NOT APPLICABLE,14,14,10,October,2023,7,Saturday,2,2:00am-2:59am,35,35,0,This Section IS NOT on the NHS,1,Rural,98,Not Reported,2,County Highway Agency,4,County,CR-JACKS RD,,20,20,39.08318889,39.08318889,-90.897755560,-90.89775556,0,No Special Jurisdiction,1,Rollover/Overturn,0,The First Harmful Event was Not a Collision with a Motor Vehicle in Transport,0,No,1,Non-Junction,1,Not an Intersection,0,None,,,4,On Roadside,2,Dark - Not Lighted,,,,,5,"Fog, Smog, Smoke",0,No,0000000,Not Applicable,2,2:00am-2:59am,43,43,2,2:00am-2:59am,54,54,88,"Not Applicable (Not Transported) ",88,Not Applicable (Not Transported),,,,,,,1,
2023,29,290716,Missouri,3,3,0,0,0,4,4,95,JACKSON (95),3940,INDEPENDENCE,14,14,10,October,2023,7,Saturday,4,4:00am-4:59am,56,56,1,This Section IS ON the NHS,2,Urban,1,Interstate,1,State Highway Agency,1,Interstate,I-70,,140,140,39.04271667,39.04271667,-94.368433330,-94.36843333,0,No Special Jurisdiction,25,Concrete Traffic Barrier,0,The First Harmful Event was Not a Collision with a Motor Vehicle in Transport,1,Yes,19,Other location within Interchange Area,1,Not an Intersection,0,None,,,3,On Median,2,Dark - Not Lighted,,,,,2,Rain,0,No,0000000,Not Applicable,5,5:00am-5:59am,4,4,5,5:00am-5:59am,13,13,5,5:00am-5:59am,32,32,,,,,,,2,
2023,29,290717,Missouri,1,1,0,1,1,1,1,95,JACKSON (95),4120,KANSAS CITY,14,14,10,October,2023,7,Saturday,15,3:00pm-3:59pm,39,39,0,This Section IS NOT on the NHS,2,Urban,4,Minor Arterial,4,City or Municipal Highway Agency,6,Municipal,MU-TROOST AVE,,90,90,38.97111667,38.97111667,-94.576619440,-94.57661944,0,No Special Jurisdiction,8,Pedestrian,0,The First Harmful Event was Not a Collision with a Motor Vehicle in Transport,0,No,1,Non-Junction,1,Not an Intersection,0,None,,,2,On Shoulder,1,Daylight,,,,,10,Cloudy,0,No,0000000,Not Applicable,15,3:00pm-3:59pm,39,39,15,3:00pm-3:59pm,47,47,88,"Not Applicable (Not Transported) ",88,Not Applicable (Not Transported),,,,,,,1,
2023,29,290718,Missouri,2,2,0,0,0,3,3,77,GREENE (77),7460,SPRINGFIELD,14,14,10,October,2023,7,Saturday,22,10:00pm-10:59pm,54,54,1,This Section IS ON the NHS,2,Urban,3,Other Principal Arterial,4,City or Municipal Highway Agency,6,Municipal,MU-SUNSHINE ST,,70,70,37.18199444,37.18199444,-93.276916670,-93.27691667,0,No Special Jurisdiction,18,Other Object (not fixed),0,The First Harmful Event was Not a Collision with a Motor Vehicle in Transport,0,No,1,Non-Junction,1,Not an Intersection,1,Construction,,,5,Outside Trafficway,3,Dark - Lighted,,,,,5,"Fog, Smog, Smoke",0,No,0000000,Not Applicable,22,10:00pm-10:59pm,56,56,23,11:00pm-11:59pm,2,2,23,11:00pm-11:59pm,16,16,,,,,,,1,
2023,29,290719,Missouri,2,2,0,0,0,4,4,95,JACKSON (95),4120,KANSAS CITY,14,14,10,October,2023,7,Saturday,13,1:00pm-1:59pm,31,31,0,This Section IS NOT on the NHS,2,Urban,4,Minor Arterial,1,State Highway Agency,6,Municipal,MU-BANNISTER RD,SR-RP 5928,0,None,38.95335556,38.95335556,-94.530319440,-94.53031944,0,No Special Jurisdiction,12,Motor Vehicle In-Transport,6,Angle,1,Yes,2,Intersection,2,Four-Way Intersection,0,None,,,1,On Roadway,1,Daylight,,,,,10,Cloudy,0,No,0000000,Not Applicable,13,1:00pm-1:59pm,30,30,13,1:00pm-1:59pm,36,36,14,2:00pm-2:59pm,3,3,,,,,,,2,
2023,29,290720,Missouri,1,1,0,0,0,1,1,510,ST. LOUIS (CITY) (510),7080,ST. LOUIS,14,14,10,October,2023,7,Saturday,4,4:00am-4:59am,26,26,1,This Section IS ON the NHS,2,Urban,3,Other Principal Arterial,4,City or Municipal Highway Agency,6,Municipal,MU-JEFFERSON AVE,,30,30,38.61899167,38.61899167,-90.219916670,-90.21991667,0,No Special Jurisdiction,42,Tree (Standing Only),0,The First Harmful Event was Not a Collision with a Motor Vehicle in Transport,0,No,1,Non-Junction,1,Not an Intersection,0,None,,,4,On Roadside,3,Dark - Lighted,,,,,1,Clear,0,No,0000000,Not Applicable,4,4:00am-4:59am,24,24,4,4:00am-4:59am,28,28,88,"Not Applicable (Not Transported) ",88,Not Applicable (Not Transported),,,,,,,1,
2023,29,290721,Missouri,1,1,0,0,0,1,1,33,CARROLL (33),0,NOT APPLICABLE,14,14,10,October,2023,7,Saturday,18,6:00pm-6:59pm,25,25,1,This Section IS ON the NHS,1,Rural,3,Other Principal Arterial,1,State Highway Agency,2,U.S. Highway,US-24,SR-41,240,240,39.38183889,39.38183889,-93.242755560,-93.24275556,0,No Special Jurisdiction,35,Embankment,0,The First Harmful Event was Not a Collision with a Motor Vehicle in Transport,0,No,3,Intersection-Related,3,T-Intersection,0,None,,,4,On Roadside,1,Daylight,,,,,10,Cloudy,0,No,0000000,Not Applicable,18,6:00pm-6:59pm,28,28,18,6:00pm-6:59pm,41,41,88,"Not Applicable (Not Transported) ",88,Not Applicable (Not Transported),,,,,,,1,
2023,29,290722,Missouri,2,2,0,0,0,5,5,37,CASS (37),600,BELTON,15,15,10,October,2023,1,Sunday,21,9:00pm-9:59pm,20,20,0,This Section IS NOT on the NHS,2,Urban,4,Minor Arterial,1,State Highway Agency,3,State Highway,SR-58,MU-BELRAY BLVD,50,50,38.81305556,38.81305556,-94.497472220,-94.49747222,0,No Special Jurisdiction,12,Motor Vehicle In-Transport,6,Angle,0,No,2,Intersection,3,T-Intersection,0,None,,,1,On Roadway,3,Dark - Lighted,,,,,10,Cloudy,0,No,0000000,Not Applicable,21,9:00pm-9:59pm,24,24,21,9:00pm-9:59pm,26,26,21,9:00pm-9:59pm,50,50,,,,,,,1,
2023,29,290723,Missouri,2,2,0,0,0,3,3,47,CLAY (47),4130,KEARNEY,16,16,10,October,2023,2,Monday,18,6:00pm-6:59pm,31,31,1,This Section IS ON the NHS,2,Urban,1,Interstate,1,State Highway Agency,1,Interstate,I-35,,60,60,39.37023333,39.37023333,-94.370905560,-94.37090556,0,No Special Jurisdiction,12,Motor Vehicle In-Transport,6,Angle,1,Yes,18,Through Roadway,1,Not an Intersection,4,"Work Zone, Type Unknown",,,1,On Roadway,2,Dark - Not Lighted,,,,,1,Clear,0,No,0000000,Not Applicable,18,6:00pm-6:59pm,27,27,18,6:00pm-6:59pm,29,29,19,7:00pm-7:59pm,3,3,,,,,,,1,
2023,29,290724,Missouri,2,2,0,0,0,2,2,99,JEFFERSON (99),0,NOT APPLICABLE,17,17,10,October,2023,3,Tuesday,14,2:00pm-2:59pm,20,20,0,This Section IS NOT on the NHS,2,Urban,4,Minor Arterial,1,State Highway Agency,2,U.S. Highway,US-61,PVT-RIVER DALE DR,50,50,38.40130556,38.40130556,-90.376000000,-90.37600000,0,No Special Jurisdiction,12,Motor Vehicle In-Transport,6,Angle,0,No,2,Intersection,3,T-Intersection,0,None,,,1,On Roadway,1,Daylight,,,,,1,Clear,0,No,0000000,Not Applicable,14,2:00pm-2:59pm,21,21,14,2:00pm-2:59pm,26,26,14,2:00pm-2:59pm,56,56,,,,,,,1,
2023,29,290725,Missouri,3,3,0,0,0,5,5,195,SALINE (195),0,NOT APPLICABLE,17,17,10,October,2023,3,Tuesday,16,4:00pm-4:59pm,30,30,1,This Section IS ON the NHS,1,Rural,3,Other Principal Arterial,1,State Highway Agency,2,U.S. Highway,US-65,PVT-ARBOR DR,10,10,39.20269444,39.20269444,-93.463750000,-93.46375000,0,No Special Jurisdiction,12,Motor Vehicle In-Transport,7,Sideswipe - Same Direction,0,No,3,Intersection-Related,3,T-Intersection,0,None,,,1,On Roadway,1,Daylight,,,,,1,Clear,0,No,0000000,Not Applicable,99,Unknown,98,Unknown if Notified,99,Unknown EMS Scene Arrival Hour,98,Unknown if Arrived,88,"Not Applicable (Not Transported) ",88,Not Applicable (Not Transported),,,,,,,2,
2023,29,290726,Missouri,1,1,0,0,0,1,1,510,ST. LOUIS (CITY) (510),7080,ST. LOUIS,18,18,10,October,2023,4,Wednesday,16,4:00pm-4:59pm,0,0,0,This Section IS NOT on the NHS,2,Urban,4,Minor Arterial,4,City or Municipal Highway Agency,6,Municipal,MU-WEST FLORISSANT AVE,,10,10,38.69756944,38.69756944,-90.241205560,-90.24120556,0,No Special Jurisdiction,30,Utility Pole/Light Support,0,The First Harmful Event was Not a Collision with a Motor Vehicle in Transport,0,No,1,Non-Junction,1,Not an Intersection,0,None,,,4,On Roadside,1,Daylight,,,,,1,Clear,0,No,0000000,Not Applicable,15,3:00pm-3:59pm,19,19,15,3:00pm-3:59pm,22,22,16,4:00pm-4:59pm,1,1,,,,,,,1,
2023,29,290727,Missouri,1,1,0,0,0,1,1,189,ST LOUIS (189),0,NOT APPLICABLE,7,7,10,October,2023,7,Saturday,16,4:00pm-4:59pm,5,5,1,This Section IS ON the NHS,2,Urban,1,Interstate,1,State Highway Agency,1,Interstate,I-55,,60,60,38.52197500,38.52197500,-90.322900000,-90.32290000,0,No Special Jurisdiction,25,Concrete Traffic Barrier,0,The First Harmful Event was Not a Collision with a Motor Vehicle in Transport,0,No,1,Non-Junction,1,Not an Intersection,1,Construction,,,4,On Roadside,1,Daylight,,,,,1,Clear,0,No,0000000,Not Applicable,16,4:00pm-4:59pm,11,11,16,4:00pm-4:59pm,21,21,16,4:00pm-4:59pm,41,41,,,,,,,1,
2023,29,290728,Missouri,1,1,0,0,0,2,2,15,BENTON (15),0,NOT APPLICABLE,7,7,10,October,2023,7,Saturday,13,1:00pm-1:59pm,24,24,1,This Section IS ON the NHS,1,Rural,3,Other Principal Arterial,1,State Highway Agency,2,U.S. Highway,US-65,,310,310,38.12633333,38.12633333,-93.280361110,-93.28036111,0,No Special Jurisdiction,58,Ground,0,The First Harmful Event was Not a Collision with a Motor Vehicle in Transport,0,No,1,Non-Junction,1,Not an Intersection,0,None,,,4,On Roadside,1,Daylight,,,,,1,Clear,0,No,0000000,Not Applicable,99,Unknown,98,Unknown if Notified,99,Unknown EMS Scene Arrival Hour,98,Unknown if Arrived,88,"Not Applicable (Not Transported) ",88,Not Applicable (Not Transported),,,,,,,2,
2023,29,290729,Missouri,1,1,0,1,1,1,1,51,COLE (51),4040,JEFFERSON CITY,8,8,10,October,2023,1,Sunday,12,12:00pm-12:59pm,6,6,0,This Section IS NOT on the NHS,2,Urban,5,Major Collector,4,City or Municipal Highway Agency,6,Municipal,MU-MADISON ST,,0,None,38.57665833,38.57665833,-92.170463890,-92.17046389,0,No Special Jurisdiction,8,Pedestrian,0,The First Harmful Event was Not a Collision with a Motor Vehicle in Transport,0,No,1,Non-Junction,1,Not an Intersection,0,None,,,1,On Roadway,1,Daylight,,,,,1,Clear,0,No,0000000,Not Applicable,12,12:00pm-12:59pm,8,8,12,12:00pm-12:59pm,13,13,12,12:00pm-12:59pm,58,58,,,,,,,1,
2023,29,290730,Missouri,1,1,0,0,0,1,1,41,CHARITON (41),0,NOT APPLICABLE,8,8,10,October,2023,1,Sunday,14,2:00pm-2:59pm,50,50,0,This Section IS NOT on the NHS,1,Rural,4,Minor Arterial,1,State Highway Agency,3,State Highway,SR-11,,210,210,39.44000000,39.44000000,-93.149583330,-93.14958333,0,No Special Jurisdiction,32,Culvert,0,The First Harmful Event was Not a Collision with a Motor Vehicle in Transport,0,No,1,Non-Junction,1,Not an Intersection,0,None,,,4,On Roadside,1,Daylight,,,,,1,Clear,0,No,0000000,Not Applicable,14,2:00pm-2:59pm,49,49,14,2:00pm-2:59pm,57,57,88,"Not Applicable (Not Transported) ",88,Not Applicable (Not Transported),,,,,,,1,
2023,29,290731,Missouri,2,2,0,0,0,5,5,510,ST. LOUIS (CITY) (510),7080,ST. LOUIS,8,8,10,October,2023,1,Sunday,22,10:00pm-10:59pm,50,50,1,This Section IS ON the NHS,2,Urban,3,Other Principal Arterial,4,City or Municipal Highway Agency,6,Municipal,MU-BRADWAY ST,MU-KEOKUK ST,20,20,38.58433889,38.58433889,-90.227311110,-90.22731111,0,No Special Jurisdiction,12,Motor Vehicle In-Transport,6,Angle,0,No,2,Intersection,2,Four-Way Intersection,0,None,,,1,On Roadway,3,Dark - Lighted,,,,,1,Clear,0,No,0000000,Not Applicable,99,Unknown,99,Unknown,99,Unknown EMS Scene Arrival Hour,99,Unknown EMS Scene Arrival Minutes,99,Unknown,99,Unknown EMS Hospital Arrival Time,,,,,,,1,
2023,29,290732,Missouri,2,2,0,0,0,2,2,187,ST FRANCOIS (187),6056,PARK HILLS,8,8,10,October,2023,1,Sunday,9,9:00am-9:59am,50,50,0,This Section IS NOT on the NHS,2,Urban,4,Minor Arterial,4,City or Municipal Highway Agency,6,Municipal,MU-MAIN ST,,40,40,37.84363889,37.84363889,-90.501083330,-90.50108333,0,No Special Jurisdiction,12,Motor Vehicle In-Transport,7,Sideswipe - Same Direction,0,No,1,Non-Junction,1,Not an Intersection,0,None,,,1,On Roadway,1,Daylight,,,,,1,Clear,0,No,0000000,Not Applicable,99,Unknown,98,Unknown if Notified,99,Unknown EMS Scene Arrival Hour,98,Unknown if Arrived,88,"Not Applicable (Not Transported) ",88,Not Applicable (Not Transported),,,,,,,1,
2023,29,290733,Missouri,2,2,0,0,0,2,2,37,CASS (37),6630,RAYMORE,10,10,10,October,2023,3,Tuesday,17,5:00pm-5:59pm,28,28,0,This Section IS NOT on the NHS,2,Urban,4,Minor Arterial,1,State Highway Agency,3,State Highway,SR-58,,70,70,38.80577778,38.80577778,-94.456888890,-94.45688889,0,No Special Jurisdiction,12,Motor Vehicle In-Transport,2,Front-to-Front,0,No,1,Non-Junction,1,Not an Intersection,0,None,,,1,On Roadway,1,Daylight,,,,,1,Clear,0,No,0000000,Not Applicable,17,5:00pm-5:59pm,30,30,17,5:00pm-5:59pm,33,33,18,6:00pm-6:59pm,3,3,,,,,,,1,
2023,29,290734,Missouri,1,1,0,0,0,1,1,107,LAFAYETTE (107),1830,CONCORDIA,10,10,10,October,2023,3,Tuesday,9,9:00am-9:59am,40,40,1,This Section IS ON the NHS,1,Rural,1,Interstate,1,State Highway Agency,1,Interstate,I-70,,40,40,38.99219444,38.99219444,-93.569555560,-93.56955556,0,No Special Jurisdiction,35,Embankment,0,The First Harmful Event was Not a Collision with a Motor Vehicle in Transport,0,No,1,Non-Junction,1,Not an Intersection,0,None,,,4,On Roadside,1,Daylight,,,,,1,Clear,0,No,0000000,Not Applicable,99,Unknown,99,Unknown,99,Unknown EMS Scene Arrival Hour,99,Unknown EMS Scene Arrival Minutes,88,"Not Applicable (Not Transported) ",88,Not Applicable (Not Transported),,,,,,,1,
2023,29,290735,Missouri,1,1,0,1,1,1,1,53,COOPER (53),0,NOT APPLICABLE,11,11,10,October,2023,4,Wednesday,22,10:00pm-10:59pm,35,35,1,This Section IS ON the NHS,1,Rural,1,Interstate,1,State Highway Agency,1,Interstate,I-70,,240,240,38.93927778,38.93927778,-92.609166670,-92.60916667,0,No Special Jurisdiction,8,Pedestrian,0,The First Harmful Event was Not a Collision with a Motor Vehicle in Transport,0,No,1,Non-Junction,1,Not an Intersection,0,None,,,1,On Roadway,3,Dark - Lighted,,,,,1,Clear,0,No,0000000,Not Applicable,99,Unknown,98,Unknown if Notified,99,Unknown EMS Scene Arrival Hour,98,Unknown if Arrived,88,"Not Applicable (Not Transported) ",88,Not Applicable (Not Transported),,,,,,,1,
2023,29,290736,Missouri,1,1,0,1,1,2,2,101,JOHNSON (101),0,NOT APPLICABLE,11,11,10,October,2023,4,Wednesday,17,5:00pm-5:59pm,35,35,0,This Section IS NOT on the NHS,1,Rural,5,Major Collector,1,State Highway Agency,3,State Highway,SR-O,,40,40,38.65508333,38.65508333,-93.917194440,-93.91719444,0,No Special Jurisdiction,49,Ridden Animal or Animal Drawn Conveyance,0,The First Harmful Event was Not a Collision with a Motor Vehicle in Transport,0,No,1,Non-Junction,1,Not an Intersection,0,None,,,1,On Roadway,1,Daylight,,,,,10,Cloudy,0,No,0000000,Not Applicable,17,5:00pm-5:59pm,37,37,17,5:00pm-5:59pm,49,49,18,6:00pm-6:59pm,27,27,,,,,,,1,
2023,29,290737,Missouri,2,2,0,0,0,2,2,143,NEW MADRID (143),0,NOT APPLICABLE,11,11,10,October,2023,4,Wednesday,6,6:00am-6:59am,25,25,1,This Section IS ON the NHS,1,Rural,3,Other Principal Arterial,1,State Highway Agency,2,U.S. Highway,US-60,MU-BENTON ST,10,10,36.84033333,36.84033333,-89.686194440,-89.68619444,0,No Special Jurisdiction,12,Motor Vehicle In-Transport,6,Angle,0,No,2,Intersection,2,Four-Way Intersection,0,None,,,1,On Roadway,2,Dark - Not Lighted,,,,,1,Clear,0,No,0000000,Not Applicable,6,6:00am-6:59am,28,28,6,6:00am-6:59am,42,42,99,Unknown,99,Unknown EMS Hospital Arrival Time,,,,,,,1,
2023,29,290738,Missouri,2,2,0,0,0,2,2,510,ST. LOUIS (CITY) (510),7080,ST. LOUIS,11,11,10,October,2023,4,Wednesday,3,3:00am-3:59am,34,34,0,This Section IS NOT on the NHS,2,Urban,4,Minor Arterial,4,City or Municipal Highway Agency,6,Municipal,MU-14TH ST,MU-CLARK AVE,10,10,38.62591389,38.62591389,-90.201888890,-90.20188889,0,No Special Jurisdiction,12,Motor Vehicle In-Transport,6,Angle,0,No,2,Intersection,2,Four-Way Intersection,0,None,,,1,On Roadway,3,Dark - Lighted,,,,,1,Clear,0,No,0000000,Not Applicable,99,Unknown,99,Unknown,99,Unknown EMS Scene Arrival Hour,99,Unknown EMS Scene Arrival Minutes,99,Unknown,99,Unknown EMS Hospital Arrival Time,,,,,,,1,
2023,29,290739,Missouri,1,1,0,0,0,1,1,99,JEFFERSON (99),0,NOT APPLICABLE,12,12,10,October,2023,5,Thursday,21,9:00pm-9:59pm,15,15,0,This Section IS NOT on the NHS,1,Rural,6,Minor Collector,2,County Highway Agency,4,County,CR-CEDAR HILL RD,,0,None,38.34283333,38.34283333,-90.645861110,-90.64586111,0,No Special Jurisdiction,59,"Traffic Sign Support ",0,The First Harmful Event was Not a Collision with a Motor Vehicle in Transport,0,No,1,Non-Junction,1,Not an Intersection,0,None,,,4,On Roadside,2,Dark - Not Lighted,,,,,1,Clear,0,No,0000000,Not Applicable,21,9:00pm-9:59pm,22,22,21,9:00pm-9:59pm,32,32,88,"Not Applicable (Not Transported) ",88,Not Applicable (Not Transported),,,,,,,1,
2023,29,290740,Missouri,2,2,0,0,0,2,2,189,ST LOUIS (189),2780,FLORISSANT,12,12,10,October,2023,5,Thursday,15,3:00pm-3:59pm,3,3,1,This Section IS ON the NHS,2,Urban,3,Other Principal Arterial,1,State Highway Agency,2,U.S. Highway,US-67,NONE,50,50,38.81196389,38.81196389,-90.293666670,-90.29366667,0,No Special Jurisdiction,12,Motor Vehicle In-Transport,6,Angle,0,No,2,Intersection,3,T-Intersection,0,None,,,1,On Roadway,1,Daylight,,,,,1,Clear,0,No,0000000,Not Applicable,99,Unknown,99,Unknown,99,Unknown EMS Scene Arrival Hour,99,Unknown EMS Scene Arrival Minutes,99,Unknown,99,Unknown EMS Hospital Arrival Time,,,,,,,1,
2023,29,290741,Missouri,2,2,0,0,0,2,2,71,FRANKLIN (71),6030,PACIFIC,12,12,10,October,2023,5,Thursday,18,6:00pm-6:59pm,43,43,1,This Section IS ON the NHS,2,Urban,1,Interstate,1,State Highway Agency,1,Interstate,I-44,,10,10,38.48741667,38.48741667,-90.749305560,-90.74930556,0,No Special Jurisdiction,12,Motor Vehicle In-Transport,1,Front-to-Rear,0,No,1,Non-Junction,1,Not an Intersection,0,None,,,1,On Roadway,1,Daylight,,,,,1,Clear,0,No,0000000,Not Applicable,99,Unknown,98,Unknown if Notified,99,Unknown EMS Scene Arrival Hour,98,Unknown if Arrived,88,"Not Applicable (Not Transported) ",88,Not Applicable (Not Transported),,,,,,,1,
2023,29,290742,Missouri,1,1,0,0,0,1,1,19,BOONE (19),1800,COLUMBIA,18,18,9,September,2023,2,Monday,23,11:00pm-11:59pm,41,41,1,This Section IS ON the NHS,2,Urban,3,Other Principal Arterial,1,State Highway Agency,3,State Highway,SR-196,,20,20,38.94254444,38.94254444,-92.333336110,-92.33333611,0,No Special Jurisdiction,1,Rollover/Overturn,0,The First Harmful Event was Not a Collision with a Motor Vehicle in Transport,0,No,1,Non-Junction,1,Not an Intersection,0,None,,,1,On Roadway,3,Dark - Lighted,,,,,1,Clear,0,No,0000000,Not Applicable,23,11:00pm-11:59pm,44,44,23,11:00pm-11:59pm,47,47,0,0:00am-0:59am,1,1,,,,,,,1,
2023,29,290743,Missouri,1,1,0,0,0,2,2,37,CASS (37),0,NOT APPLICABLE,18,18,10,October,2023,4,Wednesday,15,3:00pm-3:59pm,33,33,1,This Section IS ON the NHS,1,Rural,1,Interstate,1,State Highway Agency,1,Interstate,I-49,,220,220,38.57791944,38.57791944,-94.350700000,-94.35070000,0,No Special Jurisdiction,1,Rollover/Overturn,0,The First Harmful Event was Not a Collision with a Motor Vehicle in Transport,0,No,1,Non-Junction,1,Not an Intersection,0,None,,,10,Separator,1,Daylight,,,,,5,"Fog, Smog, Smoke",0,No,0000000,Not Applicable,15,3:00pm-3:59pm,39,39,15,3:00pm-3:59pm,57,57,16,4:00pm-4:59pm,29,29,,,,,,,1,
2023,29,290744,Missouri,3,3,0,0,0,3,3,31,CAPE GIRARDEAU (31),0,NOT APPLICABLE,19,19,10,October,2023,5,Thursday,12,12:00pm-12:59pm,55,55,0,This Section IS NOT on the NHS,1,Rural,4,Minor Arterial,1,State Highway Agency,3,State Highway,SR-AB,CR-219,10,10,37.23069444,37.23069444,-89.639055560,-89.63905556,0,No Special Jurisdiction,12,Motor Vehicle In-Transport,8,Sideswipe - Opposite Direction,0,No,2,Intersection,3,T-Intersection,0,None,,,1,On Roadway,1,Daylight,,,,,1,Clear,0,No,0000000,Not Applicable,13,1:00pm-1:59pm,2,2,13,1:00pm-1:59pm,27,27,13,1:00pm-1:59pm,57,57,,,,,,,1,
2023,29,290745,Missouri,2,2,0,0,0,3,3,7,AUDRAIN (7),0,NOT APPLICABLE,19,19,10,October,2023,5,Thursday,13,1:00pm-1:59pm,53,53,0,This Section IS NOT on the NHS,1,Rural,98,Not Reported,2,County Highway Agency,4,County,CR-233,CR-208,70,70,39.21044444,39.21044444,-92.086361110,-92.08636111,0,No Special Jurisdiction,12,Motor Vehicle In-Transport,6,Angle,0,No,2,Intersection,2,Four-Way Intersection,0,None,,,1,On Roadway,1,Daylight,,,,,1,Clear,0,No,0000000,Not Applicable,13,1:00pm-1:59pm,59,59,14,2:00pm-2:59pm,15,15,15,3:00pm-3:59pm,12,12,,,,,,,1,
2023,29,290746,Missouri,2,2,0,0,0,3,3,77,GREENE (77),7460,SPRINGFIELD,19,19,10,October,2023,5,Thursday,20,8:00pm-8:59pm,16,16,1,This Section IS ON the NHS,2,Urban,3,Other Principal Arterial,4,City or Municipal Highway Agency,6,Municipal,MU-BATTLEFIELLD RD,,40,40,37.15996944,37.15996944,-93.293136110,-93.29313611,0,No Special Jurisdiction,1,Rollover/Overturn,0,The First Harmful Event was Not a Collision with a Motor Vehicle in Transport,0,No,8,Driveway Access Related,1,Not an Intersection,0,None,,,1,On Roadway,3,Dark - Lighted,,,,,10,Cloudy,0,No,0000000,Not Applicable,20,8:00pm-8:59pm,16,16,20,8:00pm-8:59pm,20,20,20,8:00pm-8:59pm,33,33,,,,,,,1,
2023,29,290747,Missouri,2,2,0,0,0,2,2,127,MARION (127),3470,HANNIBAL,20,20,10,October,2023,6,Friday,11,11:00am-11:59am,37,37,0,This Section IS NOT on the NHS,2,Urban,4,Minor Arterial,1,State Highway Agency,3,State Highway,SR-MM,,60,60,39.70358333,39.70358333,-91.403361110,-91.40336111,0,No Special Jurisdiction,12,Motor Vehicle In-Transport,2,Front-to-Front,0,No,1,Non-Junction,1,Not an Intersection,0,None,,,1,On Roadway,1,Daylight,,,,,1,Clear,0,No,0000000,Not Applicable,11,11:00am-11:59am,40,40,11,11:00am-11:59am,44,44,12,12:00pm-12:59pm,26,26,,,,,,,1,
2023,29,290748,Missouri,1,1,0,1,1,2,2,189,ST LOUIS (189),2780,FLORISSANT,20,20,10,October,2023,6,Friday,21,9:00pm-9:59pm,0,0,1,This Section IS ON the NHS,2,Urban,1,Interstate,1,State Highway Agency,1,Interstate,I-270,,280,280,38.77322222,38.77322222,-90.313416670,-90.31341667,0,No Special Jurisdiction,8,Pedestrian,0,The First Harmful Event was Not a Collision with a Motor Vehicle in Transport,0,No,1,Non-Junction,1,Not an Intersection,4,"Work Zone, Type Unknown",,,1,On Roadway,3,Dark - Lighted,,,,,1,Clear,0,No,0000000,Not Applicable,11,11:00am-11:59am,23,23,11,11:00am-11:59am,31,31,88,"Not Applicable (Not Transported) ",88,Not Applicable (Not Transported),,,,,,,1,
2023,29,290749,Missouri,2,2,0,0,0,2,2,153,OZARK (153),2970,GAINESVILLE,20,20,10,October,2023,6,Friday,10,10:00am-10:59am,30,30,0,This Section IS NOT on the NHS,1,Rural,4,Minor Arterial,1,State Highway Agency,2,U.S. Highway,US-160,CR-503,210,210,36.60036111,36.60036111,-92.431777780,-92.43177778,0,No Special Jurisdiction,12,Motor Vehicle In-Transport,6,Angle,0,No,2,Intersection,2,Four-Way Intersection,0,None,,,1,On Roadway,1,Daylight,,,,,1,Clear,0,No,0000000,Not Applicable,10,10:00am-10:59am,31,31,11,11:00am-11:59am,6,6,11,11:00am-11:59am,57,57,,,,,,,1,