caseyear,state,st_case,statename,ve_total,ve_forms,pvh_invl,peds,pernotmvit,permvit,persons,county,countyname,city,cityname,day,dayname,month,monthname,year,day_week,day_weekname,hour,hourname,minute,minutename,nhs,nhsname,rur_urb,rur_urbname,func_sys,func_sysname,rd_owner,rd_ownername,route,routename,tway_id,tway_id2,milept,mileptname,latitude,latitudename,longitud,longitudname,sp_jur,sp_jurname,harm_ev,harm_evname,man_coll,man_collname,reljct1,reljct1name,reljct2,reljct2name,typ_int,typ_intname,wrk_zone,wrk_zonename,road_fnc,road_fncname,rel_road,rel_roadname,lgt_cond,lgt_condname,weather1,weather1name,weather2,weather2name,weather,weathername,sch_bus,sch_busname,rail,railname,not_hour,not_hourname,not_min,not_minname,arr_hour,arr_hourname,arr_min,arr_minname,hosp_hr,hosp_hrname,hosp_mn,hosp_mnname,cf1,cf1name,cf2,cf2name,cf3,cf3name,fatals,drunk_dr
2023,29,290788,Missouri,1,1,0,0,0,1,1,215,TEXAS (215),0,NOT APPLICABLE,5,5,11,November,2023,1,Sunday,6,6:00am-6:59am,0,0,1,This Section IS ON the NHS,1,Rural,3,Other Principal Arterial,1,State Highway Agency,2,U.S. Highway,US-63,,20,20,37.56272222,37.56272222,-91.862666670,-91.86266667,0,No Special Jurisdiction,24,Guardrail Face,0,The First Harmful Event was Not a Collision with a Motor Vehicle in Transport,0,No,1,Non-Junction,1,Not an Intersection,0,None,,,4,On Roadside,2,Dark - Not Lighted,,,,,1,Clear,0,No,0000000,Not Applicable,99,Unknown,98,Unknown if Notified,99,Unknown EMS Scene Arrival Hour,98,Unknown if Arrived,88,"Not Applicable (Not Transported) ",88,Not Applicable (Not Transported),,,,,,,1,
2023,29,290789,Missouri,2,2,0,1,1,1,1,95,JACKSON (95),3940,INDEPENDENCE,6,6,11,November,2023,2,Monday,1,1:00am-1:59am,47,47,1,This Section IS ON the NHS,2,Urban,1,Interstate,1,State Highway Agency,1,Interstate,I-70,,150,150,39.04357500,39.04357500,-94.375919440,-94.37591944,0,No Special Jurisdiction,12,Motor Vehicle In-Transport,7,Sideswipe - Same Direction,0,No,1,Non-Junction,1,Not an Intersection,0,None,,,1,On Roadway,2,Dark - Not Lighted,,,,,1,Clear,0,No,0000000,Not Applicable,99,Unknown,99,Unknown,99,Unknown EMS Scene Arrival Hour,99,Unknown EMS Scene Arrival Minutes,88,"Not Applicable (Not Transported) ",88,Not Applicable (Not Transported),,,,,,,1,
2023,29,290790,Missouri,1,1,0,0,0,5,5,95,JACKSON (95),3940,INDEPENDENCE,6,6,11,November,2023,2,Monday,1,1:00am-1:59am,47,47,1,This Section IS ON the NHS,2,Urban,1,Interstate,1,State Highway Agency,1,Interstate,I-70,,150,150,39.04436111,39.04436111,-94.375572220,-94.37557222,0,No Special Jurisdiction,58,Ground,0,The First Harmful Event was Not a Collision with a Motor Vehicle in Transport,0,No,1,Non-Junction,1,Not an Intersection,0,None,,,4,On Roadside,2,Dark - Not Lighted,,,,,1,Clear,0,No,0000000,Not Applicable,1,1:00am-1:59am,54,54,2,2:00am-2:59am,2,2,2,2:00am-2:59am,29,29,,,,,,,1,
2023,29,290791,Missouri,1,1,0,1,1,1,1,189,ST LOUIS (189),0,NOT APPLICABLE,7,7,11,November,2023,3,Tuesday,23,11:00pm-11:59pm,51,51,1,This Section IS ON the NHS,2,Urban,1,Interstate,1,State Highway Agency,1,Interstate,I-55,,40,40,38.51397222,38.51397222,-90.335194440,-90.33519444,0,No Special Jurisdiction,8,Pedestrian,0,The First Harmful Event was Not a Collision with a Motor Vehicle in Transport,1,Yes,18,Through Roadway,1,Not an Intersection,0,None,,,1,On Roadway,3,Dark - Lighted,,,,,1,Clear,0,No,0000000,Not Applicable,23,11:00pm-11:59pm,57,57,0,0:00am-0:59am,5,5,0,0:00am-0:59am,24,24,,,,,,,1,
2023,29,290792,Missouri,1,1,0,0,0,1,1,213,TANEY (213),980,BRANSON,7,7,11,November,2023,3,Tuesday,16,4:00pm-4:59pm,15,15,1,This Section IS ON the NHS,2,Urban,3,Other Principal Arterial,1,State Highway Agency,3,State Highway,SR-376,,10,10,36.65510278,36.65510278,-93.298505560,-93.29850556,0,No Special Jurisdiction,24,Guardrail Face,0,The First Harmful Event was Not a Collision with a Motor Vehicle in Transport,0,No,1,Non-Junction,1,Not an Intersection,0,None,,,4,On Roadside,1,Daylight,,,,,1,Clear,0,No,0000000,Not Applicable,16,4:00pm-4:59pm,24,24,16,4:00pm-4:59pm,37,37,17,5:00pm-5:59pm,27,27,,,,,,,1,
2023,29,290793,Missouri,1,1,0,0,0,1,1,95,JACKSON (95),3940,INDEPENDENCE,7,7,11,November,2023,3,Tuesday,12,12:00pm-12:59pm,46,46,1,This Section IS ON the NHS,2,Urban,3,Other Principal Arterial,4,City or Municipal Highway Agency,6,Municipal,MU-NOLAND RD,,30,30,39.07772778,39.07772778,-94.413786110,-94.41378611,0,No Special Jurisdiction,93,Unknown Fixed Object,0,The First Harmful Event was Not a Collision with a Motor Vehicle in Transport,0,No,1,Non-Junction,1,Not an Intersection,0,None,,,4,On Roadside,1,Daylight,,,,,10,Cloudy,0,No,0000000,Not Applicable,12,12:00pm-12:59pm,47,47,12,12:00pm-12:59pm,50,50,13,1:00pm-1:59pm,20,20,,,,,,,1,
2023,29,290794,Missouri,1,1,0,0,0,1,1,223,WAYNE (223),0,NOT APPLICABLE,7,7,11,November,2023,3,Tuesday,14,2:00pm-2:59pm,15,15,0,This Section IS NOT on the NHS,1,Rural,5,Major Collector,1,State Highway Agency,3,State Highway,SR-T,,0,None,36.92511111,36.92511111,-90.245555560,-90.24555556,0,No Special Jurisdiction,1,Rollover/Overturn,0,The First Harmful Event was Not a Collision with a Motor Vehicle in Transport,0,No,1,Non-Junction,1,Not an Intersection,0,None,,,1,On Roadway,1,Daylight,,,,,1,Clear,0,No,0000000,Not Applicable,14,2:00pm-2:59pm,29,29,14,2:00pm-2:59pm,53,53,15,3:00pm-3:59pm,59,59,,,,,,,1,
2023,29,290795,Missouri,1,1,0,1,1,1,1,189,ST LOUIS (189),4060,JENNINGS,8,8,11,November,2023,4,Wednesday,17,5:00pm-5:59pm,21,21,0,This Section IS NOT on the NHS,2,Urban,3,Other Principal Arterial,2,County Highway Agency,4,County,CR-LUCAS AND HUNT RD,MU-KINAMORE DR,20,20,38.72698889,38.72698889,-90.272780560,-90.27278056,0,No Special Jurisdiction,8,Pedestrian,0,The First Harmful Event was Not a Collision with a Motor Vehicle in Transport,0,No,2,Intersection,2,Four-Way Intersection,0,None,,,1,On Roadway,2,Dark - Not Lighted,,,,,1,Clear,0,No,0000000,Not Applicable,17,5:00pm-5:59pm,21,21,17,5:00pm-5:59pm,30,30,17,5:00pm-5:59pm,49,49,,,,,,,1,
2023,29,290796,Missouri,1,1,0,1,1,1,1,77,GREENE (77),0,NOT APPLICABLE,8,8,11,November,2023,4,Wednesday,6,6:00am-6:59am,0,0,1,This Section IS ON the NHS,2,Urban,3,Other Principal Arterial,2,County Highway Agency,6,Municipal,MU-CHESTNUT EXPY,,90,90,37.21258333,37.21258333,-93.381083330,-93.38108333,0,No Special Jurisdiction,8,Pedestrian,0,The First Harmful Event was Not a Collision with a Motor Vehicle in Transport,0,No,1,Non-Junction,1,Not an Intersection,0,None,,,1,On Roadway,2,Dark - Not Lighted,,,,,1,Clear,0,No,0000000,Not Applicable,99,Unknown,99,Unknown,99,Unknown EMS Scene Arrival Hour,99,Unknown EMS Scene Arrival Minutes,99,Unknown,99,Unknown EMS Hospital Arrival Time,,,,,,,1,
2023,29,290797,Missouri,1,1,0,0,0,1,1,95,JACKSON (95),4120,KANSAS CITY,8,8,11,November,2023,4,Wednesday,10,10:00am-10:59am,15,15,1,This Section IS ON the NHS,2,Urban,2,Other Freeways and Expressways,1,State Highway Agency,2,U.S. Highway,US-71,,90,90,39.00411389,39.00411389,-94.555402780,-94.55540278,0,No Special Jurisdiction,42,Tree (Standing Only),0,The First Harmful Event was Not a Collision with a Motor Vehicle in Transport,1,Yes,19,Other location within Interchange Area,1,Not an Intersection,0,None,,,3,On Median,1,Daylight,,,,,10,Cloudy,0,No,0000000,Not Applicable,10,10:00am-10:59am,18,18,10,10:00am-10:59am,23,23,88,"Not Applicable (Not Transported) ",88,Not Applicable (Not Transported),,,,,,,1,
2023,29,290798,Missouri,1,1,0,0,0,1,1,189,ST LOUIS (189),0,NOT APPLICABLE,9,9,11,November,2023,5,Thursday,11,11:00am-11:59am,20,20,0,This Section IS NOT on the NHS,2,Urban,4,Minor Arterial,2,County Highway Agency,4,County,CR-OLD HALLS FERRY RD,,0,None,38.83813611,38.83813611,-90.304111110,-90.30411111,0,No Special Jurisdiction,32,Culvert,0,The First Harmful Event was Not a Collision with a Motor Vehicle in Transport,0,No,1,Non-Junction,1,Not an Intersection,0,None,,,4,On Roadside,1,Daylight,,,,,1,Clear,0,No,0000000,Not Applicable,11,11:00am-11:59am,23,23,11,11:00am-11:59am,31,31,12,12:00pm-12:59pm,3,3,,,,,,,1,
2023,29,290799,Missouri,1,1,0,0,0,2,2,113,LINCOLN (113),7810,TROY,9,9,11,November,2023,5,Thursday,18,6:00pm-6:59pm,48,48,1,This Section IS ON the NHS,2,Urban,2,Other Freeways and Expressways,1,State Highway Agency,2,U.S. Highway,US-61 RAMP 1038222,,0,None,38.96796111,38.96796111,-90.957288890,-90.95728889,0,No Special Jurisdiction,59,"Traffic Sign Support ",0,The First Harmful Event was Not a Collision with a Motor Vehicle in Transport,1,Yes,5,Entrance/Exit Ramp Related,1,Not an Intersection,0,None,,,8,Gore,3,Dark - Lighted,,,,,1,Clear,0,No,0000000,Not Applicable,18,6:00pm-6:59pm,55,55,18,6:00pm-6:59pm,58,58,19,7:00pm-7:59pm,15,15,,,,,,,1,
2023,29,290800,Missouri,1,1,0,0,0,2,2,95,JACKSON (95),4120,KANSAS CITY,9,9,11,November,2023,5,Thursday,18,6:00pm-6:59pm,55,55,0,This Section IS NOT on the NHS,2,Urban,4,Minor Arterial,4,City or Municipal Highway Agency,6,Municipal,MU-TROOST AVE,,90,90,38.97748889,38.97748889,-94.576361110,-94.57636111,0,No Special Jurisdiction,43,Other Fixed Object,0,The First Harmful Event was Not a Collision with a Motor Vehicle in Transport,0,No,1,Non-Junction,1,Not an Intersection,0,None,,,4,On Roadside,3,Dark - Lighted,,,,,1,Clear,0,No,0000000,Not Applicable,18,6:00pm-6:59pm,55,55,19,7:00pm-7:59pm,9,9,19,7:00pm-7:59pm,20,20,,,,,,,1,
2023,29,290801,Missouri,1,1,0,1,1,2,2,169,PULASKI (169),8190,WAYNESVILLE,10,10,11,November,2023,6,Friday,18,6:00pm-6:59pm,45,45,0,This Section IS NOT on the NHS,2,Urban,4,Minor Arterial,1,State Highway Agency,3,State Highway,SR-17,,210,210,37.78597222,37.78597222,-92.259277780,-92.25927778,0,No Special Jurisdiction,8,Pedestrian,0,The First Harmful Event was Not a Collision with a Motor Vehicle in Transport,0,No,1,Non-Junction,1,Not an Intersection,0,None,,,1,On Roadway,2,Dark - Not Lighted,,,,,1,Clear,0,No,0000000,Not Applicable,99,Unknown,98,Unknown if Notified,99,Unknown EMS Scene Arrival Hour,98,Unknown if Arrived,88,"Not Applicable (Not Transported) ",88,Not Applicable (Not Transported),,,,,,,1,
2023,29,290802,Missouri,3,3,0,0,0,4,4,19,BOONE (19),1800,COLUMBIA,5,5,8,August,2023,7,Saturday,21,9:00pm-9:59pm,5,5,0,This Section IS NOT on the NHS,2,Urban,4,Minor Arterial,1,State Highway Agency,3,State Highway,SR-TT,,0,None,38.95535000,38.95535000,-92.387977780,-92.38797778,0,No Special Jurisdiction,1,Rollover/Overturn,0,The First Harmful Event was Not a Collision with a Motor Vehicle in Transport,0,No,8,Driveway Access Related,1,Not an Intersection,0,None,,,1,On Roadway,3,Dark - Lighted,,,,,1,Clear,0,No,0000000,Not Applicable,17,5:00pm-5:59pm,2,2,17,5:00pm-5:59pm,7,7,17,5:00pm-5:59pm,20,20,,,,,,,1,
2023,29,290803,Missouri,1,1,0,0,0,3,3,19,BOONE (19),1800,COLUMBIA,21,21,9,September,2023,5,Thursday,18,6:00pm-6:59pm,59,59,1,This Section IS ON the NHS,2,Urban,2,Other Freeways and Expressways,1,State Highway Agency,2,U.S. Highway,US-63,,230,230,38.96605000,38.96605000,-92.294555560,-92.29455556,0,No Special Jurisdiction,1,Rollover/Overturn,0,The First Harmful Event was Not a Collision with a Motor Vehicle in Transport,0,No,1,Non-Junction,1,Not an Intersection,0,None,,,3,On Median,1,Daylight,,,,,1,Clear,0,No,0000000,Not Applicable,19,7:00pm-7:59pm,0,0,19,7:00pm-7:59pm,8,8,19,7:00pm-7:59pm,19,19,,,,,,,2,
2023,29,290804,Missouri,2,2,0,0,0,2,2,19,BOONE (19),1800,COLUMBIA,26,26,9,September,2023,3,Tuesday,23,11:00pm-11:59pm,11,11,1,This Section IS ON the NHS,2,Urban,3,Other Principal Arterial,1,State Highway Agency,3,State Highway,SR-740,,30,30,38.93913889,38.93913889,-92.352316670,-92.35231667,0,No Special Jurisdiction,12,Motor Vehicle In-Transport,2,Front-to-Front,0,No,1,Non-Junction,1,Not an Intersection,0,None,,,1,On Roadway,2,Dark - Not Lighted,,,,,2,Rain,0,No,0000000,Not Applicable,23,11:00pm-11:59pm,12,12,23,11:00pm-11:59pm,19,19,23,11:00pm-11:59pm,33,33,,,,,,,2,
2023,29,290805,Missouri,1,1,0,0,0,1,1,19,BOONE (19),1800,COLUMBIA,7,7,10,October,2023,7,Saturday,20,8:00pm-8:59pm,0,0,0,This Section IS NOT on the NHS,2,Urban,5,Major Collector,4,City or Municipal Highway Agency,6,Municipal,MU-ROCK QUARRY RD,,10,10,38.91785278,38.91785278,-92.316444440,-92.31644444,0,No Special Jurisdiction,42,Tree (Standing Only),0,The First Harmful Event was Not a Collision with a Motor Vehicle in Transport,0,No,1,Non-Junction,1,Not an Intersection,0,None,,,4,On Roadside,2,Dark - Not Lighted,,,,,1,Clear,0,No,0000000,Not Applicable,20,8:00pm-8:59pm,1,1,20,8:00pm-8:59pm,7,7,20,8:00pm-8:59pm,21,21,,,,,,,1,
2023,29,290806,Missouri,1,1,0,1,1,2,2,97,JASPER (97),8220,WEBB CITY,10,10,11,November,2023,6,Friday,18,6:00pm-6:59pm,47,47,1,This Section IS ON the NHS,2,Urban,3,Other Principal Arterial,4,City or Municipal Highway Agency,6,Municipal,MU-S MADISON ST,,90,90,37.13541667,37.13541667,-94.474944440,-94.47494444,0,No Special Jurisdiction,8,Pedestrian,0,The First Harmful Event was Not a Collision with a Motor Vehicle in Transport,0,No,1,Non-Junction,1,Not an Intersection,0,None,,,1,On Roadway,2,Dark - Not Lighted,,,,,1,Clear,0,No,0000000,Not Applicable,18,6:00pm-6:59pm,48,48,18,6:00pm-6:59pm,51,51,19,7:00pm-7:59pm,22,22,,,,,,,1,
2023,29,290807,Missouri,1,1,0,0,0,2,2,77,GREENE (77),7460,SPRINGFIELD,10,10,11,November,2023,6,Friday,1,1:00am-1:59am,49,49,0,This Section IS NOT on the NHS,2,Urban,4,Minor Arterial,4,City or Municipal Highway Agency,6,Municipal,MU-E TRAFFICWAY ST,,10,10,37.21059444,37.21059444,-93.278283330,-93.27828333,0,No Special Jurisdiction,33,Curb,0,The First Harmful Event was Not a Collision with a Motor Vehicle in Transport,0,No,1,Non-Junction,1,Not an Intersection,0,None,,,3,On Median,3,Dark - Lighted,,,,,1,Clear,0,No,0000000,Not Applicable,1,1:00am-1:59am,49,49,1,1:00am-1:59am,54,54,2,2:00am-2:59am,43,43,,,,,,,1,
2023,29,290808,Missouri,3,3,0,0,0,4,4,195,SALINE (195),0,NOT APPLICABLE,11,11,11,November,2023,7,Saturday,20,8:00pm-8:59pm,34,34,1,This Section IS ON the NHS,1,Rural,1,Interstate,1,State Highway Agency,1,Interstate,I-70,,30,30,38.95500833,38.95500833,-93.116966670,-93.11696667,0,No Special Jurisdiction,57,Cable Barrier,0,The First Harmful Event was Not a Collision with a Motor Vehicle in Transport,0,No,1,Non-Junction,1,Not an Intersection,0,None,,,3,On Median,2,Dark - Not Lighted,,,,,1,Clear,0,No,0000000,Not Applicable,20,8:00pm-8:59pm,35,35,20,8:00pm-8:59pm,54,54,21,9:00pm-9:59pm,49,49,,,,,,,1,
2023,29,290809,Missouri,1,1,0,1,1,2,2,145,NEWTON (145),4100,JOPLIN,11,11,11,November,2023,7,Saturday,11,11:00am-11:59am,30,30,0,This Section IS NOT on the NHS,6,Trafficway Not in State Inventory,96,Trafficway Not in State Inventory,96,Trafficway Not in State Inventory,96,Trafficway Not in State Inventory,MU-E 36TH ST,,0,None,37.05030556,37.05030556,-94.474805560,-94.47480556,0,No Special Jurisdiction,8,Pedestrian,0,The First Harmful Event was Not a Collision with a Motor Vehicle in Transport,0,No,1,Non-Junction,1,Not an Intersection,0,None,,,1,On Roadway,1,Daylight,,,,,1,Clear,0,No,0000000,Not Applicable,11,11:00am-11:59am,29,29,11,11:00am-11:59am,37,37,12,12:00pm-12:59pm,0,0,,,,,,,1,
2023,29,290810,Missouri,1,1,0,0,0,1,1,59,DALLAS (59),0,NOT APPLICABLE,11,11,11,November,2023,7,Saturday,1,1:00am-1:59am,12,12,0,This Section IS NOT on the NHS,1,Rural,5,Major Collector,1,State Highway Agency,3,State Highway,SR-H,,20,20,37.60774444,37.60774444,-93.041072220,-93.04107222,0,No Special Jurisdiction,1,Rollover/Overturn,0,The First Harmful Event was Not a Collision with a Motor Vehicle in Transport,0,No,1,Non-Junction,1,Not an Intersection,0,None,,,4,On Roadside,2,Dark - Not Lighted,,,,,1,Clear,0,No,0000000,Not Applicable,99,Unknown,98,Unknown if Notified,99,Unknown EMS Scene Arrival Hour,98,Unknown if Arrived,88,"Not Applicable (Not Transported) ",88,Not Applicable (Not Transported),,,,,,,1,
2023,29,290811,Missouri,2,2,0,0,0,2,2,67,DOUGLAS (67),0,NOT APPLICABLE,13,13,11,November,2023,2,Monday,10,10:00am-10:59am,54,54,0,This Section IS NOT on the NHS,1,Rural,4,Minor Arterial,1,State Highway Agency,3,State Highway,SR-14,,70,70,37.01991389,37.01991389,-92.812800000,-92.81280000,0,No Special Jurisdiction,12,Motor Vehicle In-Transport,2,Front-to-Front,0,No,1,Non-Junction,1,Not an Intersection,0,None,,,1,On Roadway,1,Daylight,,,,,1,Clear,0,No,0000000,Not Applicable,11,11:00am-11:59am,15,15,11,11:00am-11:59am,30,30,12,12:00pm-12:59pm,35,35,,,,,,,1,
2023,29,290812,Missouri,1,1,0,0,0,1,1,69,DUNKLIN (69),0,NOT APPLICABLE,13,13,11,November,2023,2,Monday,16,4:00pm-4:59pm,18,18,0,This Section IS NOT on the NHS,1,Rural,5,Major Collector,1,State Highway Agency,3,State Highway,SR-N,,40,40,36.09025000,36.09025000,-90.150750000,-90.15075000,0,No Special Jurisdiction,34,Ditch,0,The First Harmful Event was Not a Collision with a Motor Vehicle in Transport,0,No,1,Non-Junction,1,Not an Intersection,0,None,,,4,On Roadside,1,Daylight,,,,,10,Cloudy,0,No,0000000,Not Applicable,16,4:00pm-4:59pm,23,23,16,4:00pm-4:59pm,54,54,88,"Not Applicable (Not Transported) ",88,Not Applicable (Not Transported),,,,,,,1,
2023,29,290813,Missouri,1,1,0,0,0,1,1,77,GREENE (77),0,NOT APPLICABLE,13,13,11,November,2023,2,Monday,18,6:00pm-6:59pm,30,30,0,This Section IS NOT on the NHS,1,Rural,4,Minor Arterial,1,State Highway Agency,2,U.S. Highway,US-160,,160,160,37.26619444,37.26619444,-93.376083330,-93.37608333,0,No Special Jurisdiction,34,Ditch,0,The First Harmful Event was Not a Collision with a Motor Vehicle in Transport,0,No,1,Non-Junction,1,Not an Intersection,0,None,,,4,On Roadside,2,Dark - Not Lighted,,,,,1,Clear,0,No,0000000,Not Applicable,18,6:00pm-6:59pm,31,31,18,6:00pm-6:59pm,45,45,19,7:00pm-7:59pm,12,12,,,,,,,1,
2023,29,290814,Missouri,1,1,0,1,1,1,1,77,GREENE (77),7460,SPRINGFIELD,14,14,11,November,2023,3,Tuesday,17,5:00pm-5:59pm,54,54,0,This Section IS NOT on the NHS,2,Urban,4,Minor Arterial,4,City or Municipal Highway Agency,6,Municipal,MU-GRAND ST,,10,10,37.19706389,37.19706389,-93.309233330,-93.30923333,0,No Special Jurisdiction,8,Pedestrian,0,The First Harmful Event was Not a Collision with a Motor Vehicle in Transport,0,No,1,Non-Junction,1,Not an Intersection,0,None,,,1,On Roadway,3,Dark - Lighted,,,,,1,Clear,0,No,0000000,Not Applicable,17,5:00pm-5:59pm,57,57,17,5:00pm-5:59pm,57,57,18,6:00pm-6:59pm,13,13,,,,,,,1,
2023,29,290815,Missouri,3,3,0,0,0,4,4,95,JACKSON (95),840,BLUE SPRINGS,15,15,11,November,2023,4,Wednesday,14,2:00pm-2:59pm,13,13,1,This Section IS ON the NHS,2,Urban,1,Interstate,1,State Highway Agency,1,Interstate,I-70,,60,60,39.02463889,39.02463889,-94.224250000,-94.22425000,0,No Special Jurisdiction,12,Motor Vehicle In-Transport,1,Front-to-Rear,0,No,1,Non-Junction,1,Not an Intersection,1,Construction,,,1,On Roadway,1,Daylight,,,,,1,Clear,0,No,0000000,Not Applicable,99,Unknown,99,Unknown,99,Unknown EMS Scene Arrival Hour,99,Unknown EMS Scene Arrival Minutes,99,Unknown,99,Unknown EMS Hospital Arrival Time,,,,,,,2,
2023,29,290816,Missouri,2,2,0,0,0,2,2,95,JACKSON (95),6639,RAYTOWN,15,15,11,November,2023,4,Wednesday,10,10:00am-10:59am,30,30,0,This Section IS NOT on the NHS,2,Urban,7,Local,4,City or Municipal Highway Agency,6,Municipal,MU-E 67TH ST,,20,20,39.00233333,39.00233333,-94.481388890,-94.48138889,0,No Special Jurisdiction,12,Motor Vehicle In-Transport,6,Angle,0,No,8,Driveway Access Related,1,Not an Intersection,0,None,,,1,On Roadway,1,Daylight,,,,,1,Clear,0,No,0000000,Not Applicable,10,10:00am-10:59am,35,35,10,10:00am-10:59am,41,41,88,"Not Applicable (Not Transported) ",88,Not Applicable (Not Transported),,,,,,,1,
2023,29,290817,Missouri,2,2,0,0,0,4,4,19,BOONE (19),1520,CENTRALIA,16,16,11,November,2023,5,Thursday,13,1:00pm-1:59pm,10,10,0,This Section IS NOT on the NHS,1,Rural,4,Minor Arterial,1,State Highway Agency,3,State Highway,SR-124,SR-CC,240,240,39.21288889,39.21288889,-92.147472220,-92.14747222,0,No Special Jurisdiction,12,Motor Vehicle In-Transport,6,Angle,0,No,2,Intersection,2,Four-Way Intersection,0,None,,,1,On Roadway,1,Daylight,,,,,10,Cloudy,0,No,0000000,Not Applicable,13,1:00pm-1:59pm,12,12,13,1:00pm-1:59pm,17,17,13,1:00pm-1:59pm,48,48,,,,,,,1,
2023,29,290818,Missouri,2,2,0,0,0,2,2,197,SCHUYLER (197),0,NOT APPLICABLE,16,16,11,November,2023,5,Thursday,13,1:00pm-1:59pm,5,5,0,This Section IS NOT on the NHS,1,Rural,5,Major Collector,1,State Highway Agency,3,State Highway,SR-N,,50,50,40.52722222,40.52722222,-92.377472220,-92.37747222,0,No Special Jurisdiction,12,Motor Vehicle In-Transport,2,Front-to-Front,0,No,1,Non-Junction,1,Not an Intersection,0,None,,,1,On Roadway,1,Daylight,,,,,10,Cloudy,0,No,0000000,Not Applicable,13,1:00pm-1:59pm,11,11,13,1:00pm-1:59pm,34,34,14,2:00pm-2:59pm,25,25,,,,,,,1,
2023,29,290819,Missouri,1,1,0,0,0,1,1,85,HICKORY (85),0,NOT APPLICABLE,16,16,11,November,2023,5,Thursday,23,11:00pm-11:59pm,50,50,0,This Section IS NOT on the NHS,1,Rural,6,Minor Collector,1,State Highway Agency,3,State Highway,SR-AA,,0,None,37.91613611,37.91613611,-93.487080560,-93.48708056,0,No Special Jurisdiction,59,"Traffic Sign Support ",0,The First Harmful Event was Not a Collision with a Motor Vehicle in Transport,0,No,1,Non-Junction,1,Not an Intersection,0,None,,,4,On Roadside,2,Dark - Not Lighted,,,,,1,Clear,0,No,0000000,Not Applicable,0,0:00am-0:59am,2,2,0,0:00am-0:59am,17,17,88,"Not Applicable (Not Transported) ",88,Not Applicable (Not Transported),,,,,,,1,
2023,29,290820,Missouri,2,2,0,0,0,2,2,183,ST. CHARLES (183),4328,LAKE SAINT LOUIS,16,16,11,November,2023,5,Thursday,10,10:00am-10:59am,20,20,1,This Section IS ON the NHS,2,Urban,1,Interstate,1,State Highway Agency,1,Interstate,I-64,,40,40,38.76966667,38.76966667,-90.776111110,-90.77611111,0,No Special Jurisdiction,12,Motor Vehicle In-Transport,1,Front-to-Rear,1,Yes,18,Through Roadway,1,Not an Intersection,0,None,,,1,On Roadway,1,Daylight,,,,,10,Cloudy,0,No,0000000,Not Applicable,10,10:00am-10:59am,41,41,10,10:00am-10:59am,48,48,11,11:00am-11:59am,35,35,,,,,,,1,
2023,29,290821,Missouri,1,1,0,0,0,1,1,97,JASPER (97),0,NOT APPLICABLE,16,16,11,November,2023,5,Thursday,23,11:00pm-11:59pm,46,46,0,This Section IS NOT on the NHS,2,Urban,4,Minor Arterial,2,County Highway Agency,4,County,CR-PEACE CHURCH AVE,,20,20,37.11977778,37.11977778,-94.548027780,-94.54802778,0,No Special Jurisdiction,34,Ditch,0,The First Harmful Event was Not a Collision with a Motor Vehicle in Transport,0,No,1,Non-Junction,1,Not an Intersection,0,None,,,4,On Roadside,2,Dark - Not Lighted,,,,,10,Cloudy,0,No,0000000,Not Applicable,99,Unknown,98,Unknown if Notified,99,Unknown EMS Scene Arrival Hour,98,Unknown if Arrived,88,"Not Applicable (Not Transported) ",88,Not Applicable (Not Transported),,,,,,,1,
2023,29,290822,Missouri,1,1,0,1,1,2,2,95,JACKSON (95),3940,INDEPENDENCE,16,16,11,November,2023,5,Thursday,17,5:00pm-5:59pm,51,51,1,This Section IS ON the NHS,2,Urban,3,Other Principal Arterial,1,State Highway Agency,2,U.S. Highway,US-40,MU-36TH TER,100,100,39.05610556,39.05610556,-94.462905560,-94.46290556,0,No Special Jurisdiction,8,Pedestrian,0,The First Harmful Event was Not a Collision with a Motor Vehicle in Transport,0,No,3,Intersection-Related,3,T-Intersection,0,None,,,1,On Roadway,3,Dark - Lighted,,,,,1,Clear,0,No,0000000,Not Applicable,17,5:00pm-5:59pm,52,52,17,5:00pm-5:59pm,58,58,18,6:00pm-6:59pm,14,14,,,,,,,1,
2023,29,290823,Missouri,1,1,0,1,1,2,2,19,BOONE (19),0,NOT APPLICABLE,18,18,11,November,2023,7,Saturday,23,11:00pm-11:59pm,35,35,0,This Section IS NOT on the NHS,1,Rural,7,Local,1,State Highway Agency,4,County,CR-I-70 DR,,30,30,38.95833333,38.95833333,-92.206944440,-92.20694444,0,No Special Jurisdiction,8,Pedestrian,0,The First Harmful Event was Not a Collision with a Motor Vehicle in Transport,0,No,1,Non-Junction,1,Not an Intersection,0,None,,,1,On Roadway,2,Dark - Not Lighted,,,,,1,Clear,0,No,0000000,Not Applicable,23,11:00pm-11:59pm,39,39,23,11:00pm-11:59pm,49,49,1,1:00am-1:59am,3,3,,,,,,,1,
2023,29,290824,Missouri,2,1,1,0,0,1,1,201,SCOTT (201),0,NOT APPLICABLE,18,18,11,November,2023,7,Saturday,15,3:00pm-3:59pm,10,10,0,This Section IS NOT on the NHS,1,Rural,5,Major Collector,1,State Highway Agency,3,State Highway,SR-A,,20,20,37.17497222,37.17497222,-89.633277780,-89.63327778,0,No Special Jurisdiction,58,Ground,0,The First Harmful Event was Not a Collision with a Motor Vehicle in Transport,0,No,1,Non-Junction,1,Not an Intersection,0,None,,,4,On Roadside,1,Daylight,,,,,1,Clear,0,No,0000000,Not Applicable,18,6:00pm-6:59pm,10,10,18,6:00pm-6:59pm,42,42,20,8:00pm-8:59pm,17,17,,,,,,,1,