caseyear,state,st_case,statename,ve_total,ve_forms,pvh_invl,peds,pernotmvit,permvit,persons,county,countyname,city,cityname,day,dayname,month,monthname,year,day_week,day_weekname,hour,hourname,minute,minutename,nhs,nhsname,rur_urb,rur_urbname,func_sys,func_sysname,rd_owner,rd_ownername,route,routename,tway_id,tway_id2,milept,mileptname,latitude,latitudename,longitud,longitudname,sp_jur,sp_jurname,harm_ev,harm_evname,man_coll,man_collname,reljct1,reljct1name,reljct2,reljct2name,typ_int,typ_intname,wrk_zone,wrk_zonename,road_fnc,road_fncname,rel_road,rel_roadname,lgt_cond,lgt_condname,weather1,weather1name,weather2,weather2name,weather,weathername,sch_bus,sch_busname,rail,railname,not_hour,not_hourname,not_min,not_minname,arr_hour,arr_hourname,arr_min,arr_minname,hosp_hr,hosp_hrname,hosp_mn,hosp_mnname,cf1,cf1name,cf2,cf2name,cf3,cf3name,fatals,drunk_dr
2023,29,290825,Missouri,1,1,0,0,0,1,1,225,WEBSTER (225),6900,ROGERSVILLE,18,18,11,November,2023,7,Saturday,16,4:00pm-4:59pm,45,45,1,This Section IS ON the NHS,1,Rural,2,Other Freeways and Expressways,1,State Highway Agency,2,U.S. Highway,US-60,,240,240,37.11033333,37.11033333,-93.058861110,-93.05886111,0,No Special Jurisdiction,24,Guardrail Face,0,The First Harmful Event was Not a Collision with a Motor Vehicle in Transport,1,Yes,19,Other location within Interchange Area,1,Not an Intersection,0,None,,,4,On Roadside,1,Daylight,,,,,1,Clear,0,No,0000000,Not Applicable,99,Unknown,98,Unknown if Notified,99,Unknown EMS Scene Arrival Hour,98,Unknown if Arrived,88,"Not Applicable (Not Transported) ",88,Not Applicable (Not Transported),,,,,,,1,
2023,29,290826,Missouri,1,1,0,1,1,1,1,95,JACKSON (95),4120,KANSAS CITY,18,18,11,November,2023,7,Saturday,17,5:00pm-5:59pm,32,32,0,This Section IS NOT on the NHS,2,Urban,5,Major Collector,4,City or Municipal Highway Agency,6,Municipal,MU-ST JOHN AVE,MU-WHITE AVE,20,20,39.11220556,39.11220556,-94.511616670,-94.51161667,0,No Special Jurisdiction,8,Pedestrian,0,The First Harmful Event was Not a Collision with a Motor Vehicle in Transport,0,No,3,Intersection-Related,2,Four-Way Intersection,0,None,,,1,On Roadway,3,Dark - Lighted,,,,,1,Clear,0,No,0000000,Not Applicable,17,5:00pm-5:59pm,31,31,17,5:00pm-5:59pm,38,38,17,5:00pm-5:59pm,51,51,,,,,,,1,
2023,29,290827,Missouri,1,1,0,0,0,1,1,65,DENT (65),0,NOT APPLICABLE,18,18,11,November,2023,7,Saturday,22,10:00pm-10:59pm,40,40,0,This Section IS NOT on the NHS,1,Rural,5,Major Collector,1,State Highway Agency,3,State Highway,SR-HH,,10,10,37.62063889,37.62063889,-91.542555560,-91.54255556,0,No Special Jurisdiction,53,Mail Box,0,The First Harmful Event was Not a Collision with a Motor Vehicle in Transport,0,No,1,Non-Junction,1,Not an Intersection,0,None,,,4,On Roadside,2,Dark - Not Lighted,,,,,1,Clear,0,No,0000000,Not Applicable,99,Unknown,98,Unknown if Notified,99,Unknown EMS Scene Arrival Hour,98,Unknown if Arrived,88,"Not Applicable (Not Transported) ",88,Not Applicable (Not Transported),,,,,,,1,
2023,29,290828,Missouri,1,1,0,0,0,1,1,47,CLAY (47),4120,KANSAS CITY,18,18,11,November,2023,7,Saturday,2,2:00am-2:59am,46,46,1,This Section IS ON the NHS,2,Urban,2,Other Freeways and Expressways,1,State Highway Agency,2,U.S. Highway,US-169 RAMP,,0,None,39.13749444,39.13749444,-94.587163890,-94.58716389,0,No Special Jurisdiction,24,Guardrail Face,0,The First Harmful Event was Not a Collision with a Motor Vehicle in Transport,1,Yes,5,Entrance/Exit Ramp Related,1,Not an Intersection,0,None,,,3,On Median,2,Dark - Not Lighted,,,,,1,Clear,0,No,0000000,Not Applicable,2,2:00am-2:59am,47,47,3,3:00am-3:59am,0,0,88,"Not Applicable (Not Transported) ",88,Not Applicable (Not Transported),,,,,,,1,
2023,29,290829,Missouri,2,2,0,0,0,3,3,189,ST LOUIS (189),774,BLACK JACK,19,19,11,November,2023,1,Sunday,10,10:00am-10:59am,57,57,0,This Section IS NOT on the NHS,2,Urban,4,Minor Arterial,2,County Highway Agency,4,County,CR-PARKER RD,,10,10,38.79627778,38.79627778,-90.250555560,-90.25055556,0,No Special Jurisdiction,59,"Traffic Sign Support ",0,The First Harmful Event was Not a Collision with a Motor Vehicle in Transport,0,No,1,Non-Junction,1,Not an Intersection,0,None,,,4,On Roadside,1,Daylight,,,,,1,Clear,0,No,0000000,Not Applicable,99,Unknown,99,Unknown,99,Unknown EMS Scene Arrival Hour,99,Unknown EMS Scene Arrival Minutes,99,Unknown,99,Unknown EMS Hospital Arrival Time,,,,,,,1,
2023,29,290830,Missouri,1,1,0,0,0,1,1,195,SALINE (195),0,NOT APPLICABLE,19,19,11,November,2023,1,Sunday,18,6:00pm-6:59pm,45,45,1,This Section IS ON the NHS,1,Rural,1,Interstate,1,State Highway Agency,1,Interstate,I-70,,120,120,38.97155556,38.97155556,-93.271694440,-93.27169444,0,No Special Jurisdiction,24,Guardrail Face,0,The First Harmful Event was Not a Collision with a Motor Vehicle in Transport,1,Yes,19,Other location within Interchange Area,1,Not an Intersection,0,None,,,4,On Roadside,2,Dark - Not Lighted,,,,,2,Rain,0,No,0000000,Not Applicable,99,Unknown,99,Unknown,99,Unknown EMS Scene Arrival Hour,99,Unknown EMS Scene Arrival Minutes,88,"Not Applicable (Not Transported) ",88,Not Applicable (Not Transported),,,,,,,1,
2023,29,290831,Missouri,1,1,0,1,1,1,1,169,PULASKI (169),2280,DIXON,15,15,11,November,2023,4,Wednesday,17,5:00pm-5:59pm,33,33,0,This Section IS NOT on the NHS,1,Rural,4,Minor Arterial,1,State Highway Agency,3,State Highway,SR-C,,10,10,37.99463889,37.99463889,-92.098111110,-92.09811111,0,No Special Jurisdiction,8,Pedestrian,0,The First Harmful Event was Not a Collision with a Motor Vehicle in Transport,0,No,1,Non-Junction,1,Not an Intersection,0,None,,,1,On Roadway,3,Dark - Lighted,,,,,1,Clear,0,No,0000000,Not Applicable,17,5:00pm-5:59pm,30,30,17,5:00pm-5:59pm,33,33,99,Unknown,99,Unknown EMS Hospital Arrival Time,,,,,,,1,
2023,29,290832,Missouri,2,2,0,0,0,3,3,189,ST LOUIS (189),2145,DELLWOOD,22,22,11,November,2023,4,Wednesday,4,4:00am-4:59am,27,27,1,This Section IS ON the NHS,2,Urban,3,Other Principal Arterial,3,Town or Township Highway Agency,6,Municipal,MU-WEST FLORISSANT AVE,,20,20,38.76022222,38.76022222,-90.279694440,-90.27969444,0,No Special Jurisdiction,12,Motor Vehicle In-Transport,1,Front-to-Rear,0,No,1,Non-Junction,1,Not an Intersection,0,None,,,11,Continuous Left - Turn Lane,3,Dark - Lighted,,,,,1,Clear,0,No,0000000,Not Applicable,4,4:00am-4:59am,28,28,4,4:00am-4:59am,34,34,5,5:00am-5:59am,18,18,,,,,,,1,
2023,29,290833,Missouri,2,2,0,0,0,2,2,189,ST LOUIS (189),7760,TOWN AND COUNTRY,23,23,11,November,2023,5,Thursday,13,1:00pm-1:59pm,0,0,1,This Section IS ON the NHS,2,Urban,2,Other Freeways and Expressways,1,State Highway Agency,3,State Highway,SR-141,I-64 RP 228274,120,120,38.64444444,38.64444444,-90.509638890,-90.50963889,0,No Special Jurisdiction,12,Motor Vehicle In-Transport,2,Front-to-Front,1,Yes,2,Intersection,3,T-Intersection,0,None,,,1,On Roadway,1,Daylight,,,,,1,Clear,0,No,0000000,Not Applicable,13,1:00pm-1:59pm,1,1,13,1:00pm-1:59pm,8,8,13,1:00pm-1:59pm,26,26,,,,,,,1,
2023,29,290834,Missouri,1,1,0,1,1,2,2,183,ST. CHARLES (183),7010,ST. CHARLES,24,24,11,November,2023,6,Friday,6,6:00am-6:59am,17,17,1,This Section IS ON the NHS,2,Urban,1,Interstate,1,State Highway Agency,1,Interstate,I-70,,40,40,38.78802778,38.78802778,-90.539916670,-90.53991667,0,No Special Jurisdiction,8,Pedestrian,0,The First Harmful Event was Not a Collision with a Motor Vehicle in Transport,0,No,1,Non-Junction,1,Not an Intersection,4,"Work Zone, Type Unknown",,,1,On Roadway,2,Dark - Not Lighted,,,,,10,Cloudy,0,No,0000000,Not Applicable,6,6:00am-6:59am,23,23,6,6:00am-6:59am,29,29,88,"Not Applicable (Not Transported) ",88,Not Applicable (Not Transported),,,,,,,1,
2023,29,290835,Missouri,1,1,0,1,1,1,1,97,JASPER (97),4100,JOPLIN,25,25,11,November,2023,7,Saturday,14,2:00pm-2:59pm,10,10,1,This Section IS ON the NHS,2,Urban,3,Other Principal Arterial,2,County Highway Agency,3,State Highway,SR-LP 49,,150,150,37.05722222,37.05722222,-94.478297220,-94.47829722,0,No Special Jurisdiction,8,Pedestrian,0,The First Harmful Event was Not a Collision with a Motor Vehicle in Transport,0,No,1,Non-Junction,1,Not an Intersection,0,None,,,1,On Roadway,1,Daylight,,,,,1,Clear,0,No,0000000,Not Applicable,14,2:00pm-2:59pm,10,10,14,2:00pm-2:59pm,15,15,14,2:00pm-2:59pm,39,39,,,,,,,1,
2023,29,290836,Missouri,3,3,0,0,0,5,5,95,JACKSON (95),4326,LAKE LOTAWANA,26,26,11,November,2023,1,Sunday,9,9:00am-9:59am,15,15,0,This Section IS NOT on the NHS,1,Rural,4,Minor Arterial,1,State Highway Agency,3,State Highway,SR-7,SR-150,190,190,38.86402778,38.86402778,-94.266194440,-94.26619444,0,No Special Jurisdiction,12,Motor Vehicle In-Transport,6,Angle,0,No,2,Intersection,3,T-Intersection,0,None,,,1,On Roadway,1,Daylight,,,,,1,Clear,0,No,0000000,Not Applicable,9,9:00am-9:59am,20,20,9,9:00am-9:59am,28,28,10,10:00am-10:59am,6,6,,,,,,,1,
2023,29,290837,Missouri,2,1,1,0,1,1,2,37,CASS (37),0,NOT APPLICABLE,26,26,11,November,2023,1,Sunday,7,7:00am-7:59am,35,35,1,This Section IS ON the NHS,1,Rural,1,Interstate,1,State Highway Agency,1,Interstate,I-49,,290,290,38.48891667,38.48891667,-94.341500000,-94.34150000,0,No Special Jurisdiction,14,Parked Motor Vehicle,0,The First Harmful Event was Not a Collision with a Motor Vehicle in Transport,0,No,1,Non-Junction,1,Not an Intersection,0,None,,,4,On Roadside,1,Daylight,,,,,10,Cloudy,0,No,0000000,Not Applicable,99,Unknown,98,Unknown if Notified,99,Unknown EMS Scene Arrival Hour,98,Unknown if Arrived,88,"Not Applicable (Not Transported) ",88,Not Applicable (Not Transported),,,,,,,1,
2023,29,290838,Missouri,2,2,0,0,0,2,2,95,JACKSON (95),4120,KANSAS CITY,26,26,11,November,2023,1,Sunday,21,9:00pm-9:59pm,54,54,0,This Section IS NOT on the NHS,2,Urban,4,Minor Arterial,4,City or Municipal Highway Agency,6,Municipal,MU-PROSPECT AVE,MU-E 55TH ST,60,60,39.02654722,39.02654722,-94.555158330,-94.55515833,0,No Special Jurisdiction,12,Motor Vehicle In-Transport,6,Angle,0,No,2,Intersection,2,Four-Way Intersection,0,None,,,1,On Roadway,3,Dark - Lighted,,,,,10,Cloudy,0,No,0000000,Not Applicable,21,9:00pm-9:59pm,54,54,21,9:00pm-9:59pm,58,58,22,10:00pm-10:59pm,9,9,,,,,,,2,
2023,29,290839,Missouri,2,2,0,1,1,2,2,95,JACKSON (95),4120,KANSAS CITY,26,26,11,November,2023,1,Sunday,12,12:00pm-12:59pm,31,31,1,This Section IS ON the NHS,2,Urban,3,Other Principal Arterial,4,City or Municipal Highway Agency,6,Municipal,MU-INDEPENDENCE AVE,MU-SPRUCE AVE,20,20,39.10565556,39.10565556,-94.531486110,-94.53148611,0,No Special Jurisdiction,12,Motor Vehicle In-Transport,6,Angle,0,No,2,Intersection,3,T-Intersection,0,None,,,1,On Roadway,1,Daylight,,,,,10,Cloudy,0,No,0000000,Not Applicable,12,12:00pm-12:59pm,31,31,12,12:00pm-12:59pm,37,37,12,12:00pm-12:59pm,54,54,,,,,,,1,
2023,29,290840,Missouri,1,1,0,1,1,1,1,71,FRANKLIN (71),7860,UNION,27,27,11,November,2023,2,Monday,17,5:00pm-5:59pm,28,28,1,This Section IS ON the NHS,2,Urban,3,Other Principal Arterial,1,State Highway Agency,2,U.S. Highway,US-50,,210,210,38.43913889,38.43913889,-91.020944440,-91.02094444,0,No Special Jurisdiction,8,Pedestrian,0,The First Harmful Event was Not a Collision with a Motor Vehicle in Transport,0,No,1,Non-Junction,1,Not an Intersection,0,None,,,1,On Roadway,2,Dark - Not Lighted,,,,,10,Cloudy,0,No,0000000,Not Applicable,17,5:00pm-5:59pm,27,27,17,5:00pm-5:59pm,31,31,18,6:00pm-6:59pm,26,26,,,,,,,1,
2023,29,290841,Missouri,1,1,0,0,0,1,1,207,STODDARD (207),0,NOT APPLICABLE,27,27,11,November,2023,2,Monday,22,10:00pm-10:59pm,0,0,0,This Section IS NOT on the NHS,1,Rural,6,Minor Collector,1,State Highway Agency,3,State Highway,SR-KK,CR-732,20,20,36.75883333,36.75883333,-89.862638890,-89.86263889,0,No Special Jurisdiction,42,Tree (Standing Only),0,The First Harmful Event was Not a Collision with a Motor Vehicle in Transport,0,No,3,Intersection-Related,3,T-Intersection,0,None,,,4,On Roadside,2,Dark - Not Lighted,,,,,1,Clear,0,No,0000000,Not Applicable,22,10:00pm-10:59pm,7,7,22,10:00pm-10:59pm,18,18,88,"Not Applicable (Not Transported) ",88,Not Applicable (Not Transported),,,,,,,1,
2023,29,290843,Missouri,2,2,0,0,0,4,4,9,BARRY (9),8148,WASHBURN,27,27,11,November,2023,2,Monday,12,12:00pm-12:59pm,30,30,0,This Section IS NOT on the NHS,1,Rural,5,Major Collector,1,State Highway Agency,3,State Highway,SR-90,,80,80,36.58700000,36.58700000,-93.969250000,-93.96925000,0,No Special Jurisdiction,12,Motor Vehicle In-Transport,7,Sideswipe - Same Direction,0,No,8,Driveway Access Related,1,Not an Intersection,0,None,,,1,On Roadway,1,Daylight,,,,,1,Clear,0,No,0000000,Not Applicable,12,12:00pm-12:59pm,41,41,13,1:00pm-1:59pm,5,5,13,1:00pm-1:59pm,44,44,,,,,,,1,
2023,29,290844,Missouri,1,1,0,1,1,1,1,99,JEFFERSON (99),0,NOT APPLICABLE,28,28,11,November,2023,3,Tuesday,22,10:00pm-10:59pm,43,43,0,This Section IS NOT on the NHS,2,Urban,4,Minor Arterial,1,State Highway Agency,2,U.S. Highway,US-61,,50,50,38.39141111,38.39141111,-90.374297220,-90.37429722,0,No Special Jurisdiction,8,Pedestrian,0,The First Harmful Event was Not a Collision with a Motor Vehicle in Transport,0,No,1,Non-Junction,1,Not an Intersection,0,None,,,1,On Roadway,2,Dark - Not Lighted,,,,,1,Clear,0,No,0000000,Not Applicable,22,10:00pm-10:59pm,46,46,22,10:00pm-10:59pm,52,52,88,"Not Applicable (Not Transported) ",88,Not Applicable (Not Transported),,,,,,,1,
2023,29,290845,Missouri,1,1,0,1,1,2,2,186,STE GENEVIEVE (186),0,NOT APPLICABLE,29,29,11,November,2023,4,Wednesday,17,5:00pm-5:59pm,30,30,0,This Section IS NOT on the NHS,1,Rural,5,Major Collector,1,State Highway Agency,2,U.S. Highway,US-61,,40,40,38.04883333,38.04883333,-90.255138890,-90.25513889,0,No Special Jurisdiction,8,Pedestrian,0,The First Harmful Event was Not a Collision with a Motor Vehicle in Transport,0,No,1,Non-Junction,1,Not an Intersection,0,None,,,1,On Roadway,2,Dark - Not Lighted,,,,,1,Clear,0,No,0000000,Not Applicable,99,Unknown,98,Unknown if Notified,99,Unknown EMS Scene Arrival Hour,98,Unknown if Arrived,88,"Not Applicable (Not Transported) ",88,Not Applicable (Not Transported),,,,,,,1,
2023,29,290846,Missouri,2,2,0,0,0,2,2,95,JACKSON (95),4120,KANSAS CITY,29,29,11,November,2023,4,Wednesday,14,2:00pm-2:59pm,49,49,1,This Section IS ON the NHS,2,Urban,3,Other Principal Arterial,1,State Highway Agency,3,State Highway,SR-78,,110,110,39.08174722,39.08174722,-94.478272220,-94.47827222,0,No Special Jurisdiction,12,Motor Vehicle In-Transport,6,Angle,0,No,1,Non-Junction,1,Not an Intersection,0,None,,,1,On Roadway,1,Daylight,,,,,1,Clear,0,No,0000000,Not Applicable,14,2:00pm-2:59pm,49,49,14,2:00pm-2:59pm,54,54,15,3:00pm-3:59pm,12,12,,,,,,,1,
2023,29,290847,Missouri,1,1,0,0,0,4,4,59,DALLAS (59),0,NOT APPLICABLE,19,19,11,November,2023,1,Sunday,11,11:00am-11:59am,39,39,1,This Section IS ON the NHS,1,Rural,2,Other Freeways and Expressways,1,State Highway Agency,2,U.S. Highway,US-65,,90,90,37.54847222,37.54847222,-93.137583330,-93.13758333,0,No Special Jurisdiction,1,Rollover/Overturn,0,The First Harmful Event was Not a Collision with a Motor Vehicle in Transport,0,No,1,Non-Junction,1,Not an Intersection,0,None,,,3,On Median,1,Daylight,,,,,10,Cloudy,0,No,0000000,Not Applicable,11,11:00am-11:59am,43,43,12,12:00pm-12:59pm,0,0,12,12:00pm-12:59pm,39,39,,,,,,,2,
2023,29,290848,Missouri,5,5,0,0,0,6,6,510,ST. LOUIS (CITY) (510),7080,ST. LOUIS,19,19,11,November,2023,1,Sunday,7,7:00am-7:59am,26,26,1,This Section IS ON the NHS,2,Urban,3,Other Principal Arterial,1,State Highway Agency,6,Municipal,MU-GRAND BLVD,MU-MAGNOLIA AVE,50,50,38.60692500,38.60692500,-90.241369440,-90.24136944,0,No Special Jurisdiction,12,Motor Vehicle In-Transport,1,Front-to-Rear,0,No,3,Intersection-Related,3,T-Intersection,0,None,,,1,On Roadway,1,Daylight,,,,,1,Clear,0,No,0000000,Not Applicable,7,7:00am-7:59am,26,26,7,7:00am-7:59am,34,34,8,8:00am-8:59am,0,0,,,,,,,1,
2023,29,290849,Missouri,2,2,0,0,0,2,2,95,JACKSON (95),4120,KANSAS CITY,19,19,11,November,2023,1,Sunday,5,5:00am-5:59am,56,56,1,This Section IS ON the NHS,2,Urban,1,Interstate,1,State Highway Agency,1,Interstate,I-35,,10,10,39.11583333,39.11583333,-94.564719440,-94.56471944,0,No Special Jurisdiction,12,Motor Vehicle In-Transport,2,Front-to-Front,0,No,1,Non-Junction,1,Not an Intersection,0,None,,,1,On Roadway,3,Dark - Lighted,,,,,10,Cloudy,0,No,0000000,Not Applicable,99,Unknown,98,Unknown if Notified,99,Unknown EMS Scene Arrival Hour,98,Unknown if Arrived,88,"Not Applicable (Not Transported) ",88,Not Applicable (Not Transported),,,,,,,2,
2023,29,290850,Missouri,1,1,0,1,1,1,1,510,ST. LOUIS (CITY) (510),7080,ST. LOUIS,20,20,11,November,2023,2,Monday,18,6:00pm-6:59pm,58,58,0,This Section IS NOT on the NHS,2,Urban,4,Minor Arterial,4,City or Municipal Highway Agency,6,Municipal,MU-BROADWAY ST,,30,30,38.56319444,38.56319444,-90.241016670,-90.24101667,0,No Special Jurisdiction,8,Pedestrian,0,The First Harmful Event was Not a Collision with a Motor Vehicle in Transport,0,No,1,Non-Junction,1,Not an Intersection,0,None,,,1,On Roadway,3,Dark - Lighted,,,,,2,Rain,0,No,0000000,Not Applicable,19,7:00pm-7:59pm,0,0,19,7:00pm-7:59pm,0,0,19,7:00pm-7:59pm,36,36,,,,,,,1,
2023,29,290851,Missouri,2,2,0,0,0,2,2,19,BOONE (19),0,NOT APPLICABLE,20,20,11,November,2023,2,Monday,6,6:00am-6:59am,45,45,0,This Section IS NOT on the NHS,1,Rural,5,Major Collector,1,State Highway Agency,3,State Highway,SR-124,,50,50,39.12533333,39.12533333,-92.407444440,-92.40744444,0,No Special Jurisdiction,12,Motor Vehicle In-Transport,2,Front-to-Front,0,No,1,Non-Junction,1,Not an Intersection,0,None,,,1,On Roadway,2,Dark - Not Lighted,,,,,10,Cloudy,0,No,0000000,Not Applicable,6,6:00am-6:59am,46,46,7,7:00am-7:59am,2,2,88,"Not Applicable (Not Transported) ",88,Not Applicable (Not Transported),,,,,,,1,
2023,29,290852,Missouri,2,2,0,0,0,2,2,221,WASHINGTON (221),0,NOT APPLICABLE,20,20,11,November,2023,2,Monday,10,10:00am-10:59am,47,47,0,This Section IS NOT on the NHS,1,Rural,4,Minor Arterial,1,State Highway Agency,3,State Highway,SR-21,,210,210,37.86138889,37.86138889,-90.766027780,-90.76602778,0,No Special Jurisdiction,12,Motor Vehicle In-Transport,6,Angle,0,No,1,Non-Junction,1,Not an Intersection,0,None,,,1,On Roadway,1,Daylight,,,,,10,Cloudy,0,No,0000000,Not Applicable,10,10:00am-10:59am,51,51,10,10:00am-10:59am,59,59,12,12:00pm-12:59pm,27,27,,,,,,,1,
2023,29,290853,Missouri,2,2,0,0,0,3,3,185,ST. CLAIR (185),0,NOT APPLICABLE,21,21,11,November,2023,3,Tuesday,14,2:00pm-2:59pm,33,33,0,This Section IS NOT on the NHS,1,Rural,5,Major Collector,1,State Highway Agency,3,State Highway,SR-H,,140,140,37.96066667,37.96066667,-93.995972220,-93.99597222,0,No Special Jurisdiction,12,Motor Vehicle In-Transport,2,Front-to-Front,0,No,1,Non-Junction,1,Not an Intersection,0,None,,,1,On Roadway,1,Daylight,,,,,10,Cloudy,0,No,0000000,Not Applicable,14,2:00pm-2:59pm,39,39,15,3:00pm-3:59pm,6,6,16,4:00pm-4:59pm,11,11,,,,,,,1,
2023,29,290854,Missouri,2,2,0,0,0,2,2,189,ST LOUIS (189),5035,MARYLAND HEIGHTS,21,21,11,November,2023,3,Tuesday,14,2:00pm-2:59pm,35,35,1,This Section IS ON the NHS,1,Rural,3,Other Principal Arterial,1,State Highway Agency,3,State Highway,SR-141,CR-CREVE COEUR MILL RD,180,180,38.72494444,38.72494444,-90.498416670,-90.49841667,0,No Special Jurisdiction,12,Motor Vehicle In-Transport,1,Front-to-Rear,0,No,3,Intersection-Related,2,Four-Way Intersection,0,None,,,1,On Roadway,1,Daylight,,,,,1,Clear,0,No,0000000,Not Applicable,14,2:00pm-2:59pm,48,48,14,2:00pm-2:59pm,55,55,15,3:00pm-3:59pm,20,20,,,,,,,1,
2023,29,290855,Missouri,1,1,0,0,0,4,4,161,PHELPS (161),6910,ROLLA,21,21,11,November,2023,3,Tuesday,1,1:00am-1:59am,15,15,1,This Section IS ON the NHS,2,Urban,1,Interstate,1,State Highway Agency,1,Interstate,I-44,,130,130,37.97472222,37.97472222,-91.754027780,-91.75402778,0,No Special Jurisdiction,25,Concrete Traffic Barrier,0,The First Harmful Event was Not a Collision with a Motor Vehicle in Transport,0,No,1,Non-Junction,1,Not an Intersection,1,Construction,,,3,On Median,2,Dark - Not Lighted,,,,,10,Cloudy,0,No,0000000,Not Applicable,1,1:00am-1:59am,17,17,1,1:00am-1:59am,31,31,1,1:00am-1:59am,50,50,,,,,,,1,
2023,29,290856,Missouri,1,1,0,0,0,1,1,13,BATES (13),0,NOT APPLICABLE,21,21,11,November,2023,3,Tuesday,5,5:00am-5:59am,18,18,0,This Section IS NOT on the NHS,1,Rural,5,Major Collector,1,State Highway Agency,3,State Highway,SR-18,,320,320,38.36859444,38.36859444,-94.142669440,-94.14266944,0,No Special Jurisdiction,42,Tree (Standing Only),0,The First Harmful Event was Not a Collision with a Motor Vehicle in Transport,0,No,1,Non-Junction,1,Not an Intersection,0,None,,,4,On Roadside,3,Dark - Lighted,,,,,10,Cloudy,0,No,0000000,Not Applicable,99,Unknown,99,Unknown,99,Unknown EMS Scene Arrival Hour,99,Unknown EMS Scene Arrival Minutes,88,"Not Applicable (Not Transported) ",88,Not Applicable (Not Transported),,,,,,,1,
2023,29,290857,Missouri,2,2,0,0,0,3,3,183,ST. CHARLES (183),8286,WEST ALTON,3,3,11,November,2023,6,Friday,18,6:00pm-6:59pm,12,12,1,This Section IS ON the NHS,1,Rural,3,Other Principal Arterial,1,State Highway Agency,2,U.S. Highway,US-67,MU-RED SCHOOL RD,10,10,38.85447222,38.85447222,-90.227861110,-90.22786111,0,No Special Jurisdiction,12,Motor Vehicle In-Transport,6,Angle,0,No,2,Intersection,2,Four-Way Intersection,0,None,,,1,On Roadway,2,Dark - Not Lighted,,,,,1,Clear,0,No,0000000,Not Applicable,18,6:00pm-6:59pm,13,13,18,6:00pm-6:59pm,21,21,19,7:00pm-7:59pm,10,10,,,,,,,1,
2023,29,290858,Missouri,1,1,0,1,1,2,2,9,BARRY (9),8148,WASHBURN,29,29,11,November,2023,4,Wednesday,11,11:00am-11:59am,5,5,1,This Section IS ON the NHS,1,Rural,3,Other Principal Arterial,1,State Highway Agency,3,State Highway,SR-37,SR-90,260,260,36.58633333,36.58633333,-93.954216670,-93.95421667,0,No Special Jurisdiction,9,Pedalcyclist,0,The First Harmful Event was Not a Collision with a Motor Vehicle in Transport,0,No,2,Intersection,3,T-Intersection,0,None,,,1,On Roadway,1,Daylight,,,,,1,Clear,0,No,0000000,Not Applicable,99,Unknown,98,Unknown if Notified,99,Unknown EMS Scene Arrival Hour,98,Unknown if Arrived,88,"Not Applicable (Not Transported) ",88,Not Applicable (Not Transported),,,,,,,1,
2023,29,290859,Missouri,1,1,0,0,0,1,1,85,HICKORY (85),0,NOT APPLICABLE,30,30,11,November,2023,5,Thursday,99,Unknown Hours,99,Unknown Minutes,1,This Section IS ON the NHS,1,Rural,3,Other Principal Arterial,1,State Highway Agency,2,U.S. Highway,US-54,,60,60,37.92808333,37.92808333,-93.475916670,-93.47591667,0,No Special Jurisdiction,38,Fence,0,The First Harmful Event was Not a Collision with a Motor Vehicle in Transport,0,No,1,Non-Junction,1,Not an Intersection,0,None,,,5,Outside Trafficway,9,Reported as Unknown,,,,,10,Cloudy,0,No,0000000,Not Applicable,99,Unknown,98,Unknown if Notified,99,Unknown EMS Scene Arrival Hour,98,Unknown if Arrived,88,"Not Applicable (Not Transported) ",88,Not Applicable (Not Transported),,,,,,,1,
2023,29,290860,Missouri,2,2,0,0,0,2,2,9,BARRY (9),0,NOT APPLICABLE,1,1,12,December,2023,6,Friday,20,8:00pm-8:59pm,57,57,0,This Section IS NOT on the NHS,1,Rural,5,Major Collector,1,State Highway Agency,3,State Highway,SR-B,SR-97,0,None,36.81800000,36.81800000,-94.011638890,-94.01163889,0,No Special Jurisdiction,12,Motor Vehicle In-Transport,1,Front-to-Rear,0,No,2,Intersection,3,T-Intersection,0,None,,,1,On Roadway,2,Dark - Not Lighted,,,,,5,"Fog, Smog, Smoke",0,No,0000000,Not Applicable,21,9:00pm-9:59pm,1,1,21,9:00pm-9:59pm,13,13,88,"Not Applicable (Not Transported) ",88,Not Applicable (Not Transported),,,,,,,1,
2023,29,290861,Missouri,1,1,0,0,0,1,1,229,WRIGHT (229),0,NOT APPLICABLE,2,2,12,December,2023,7,Saturday,16,4:00pm-4:59pm,35,35,0,This Section IS NOT on the NHS,1,Rural,4,Minor Arterial,1,State Highway Agency,3,State Highway,SR-5,,260,260,37.16880556,37.16880556,-92.554222220,-92.55422222,0,No Special Jurisdiction,35,Embankment,0,The First Harmful Event was Not a Collision with a Motor Vehicle in Transport,0,No,1,Non-Junction,1,Not an Intersection,0,None,,,4,On Roadside,3,Dark - Lighted,,,,,2,Rain,0,No,0000000,Not Applicable,16,4:00pm-4:59pm,34,34,16,4:00pm-4:59pm,41,41,88,"Not Applicable (Not Transported) ",88,Not Applicable (Not Transported),,,,,,,1,
2023,29,290862,Missouri,1,1,0,0,0,1,1,103,KNOX (103),0,NOT APPLICABLE,2,2,12,December,2023,7,Saturday,17,5:00pm-5:59pm,15,15,0,This Section IS NOT on the NHS,1,Rural,5,Major Collector,1,State Highway Agency,3,State Highway,SR-K,,50,50,40.24549167,40.24549167,-92.129416670,-92.12941667,0,No Special Jurisdiction,59,"Traffic Sign Support ",0,The First Harmful Event was Not a Collision with a Motor Vehicle in Transport,0,No,1,Non-Junction,1,Not an Intersection,0,None,,,4,On Roadside,2,Dark - Not Lighted,,,,,2,Rain,0,No,0000000,Not Applicable,10,10:00am-10:59am,33,33,10,10:00am-10:59am,50,50,88,"Not Applicable (Not Transported) ",88,Not Applicable (Not Transported),,,,,,,1,