caseyear,state,st_case,statename,ve_total,ve_forms,pvh_invl,peds,pernotmvit,permvit,persons,county,countyname,city,cityname,day,dayname,month,monthname,year,day_week,day_weekname,hour,hourname,minute,minutename,nhs,nhsname,rur_urb,rur_urbname,func_sys,func_sysname,rd_owner,rd_ownername,route,routename,tway_id,tway_id2,milept,mileptname,latitude,latitudename,longitud,longitudname,sp_jur,sp_jurname,harm_ev,harm_evname,man_coll,man_collname,reljct1,reljct1name,reljct2,reljct2name,typ_int,typ_intname,wrk_zone,wrk_zonename,road_fnc,road_fncname,rel_road,rel_roadname,lgt_cond,lgt_condname,weather1,weather1name,weather2,weather2name,weather,weathername,sch_bus,sch_busname,rail,railname,not_hour,not_hourname,not_min,not_minname,arr_hour,arr_hourname,arr_min,arr_minname,hosp_hr,hosp_hrname,hosp_mn,hosp_mnname,cf1,cf1name,cf2,cf2name,cf3,cf3name,fatals,drunk_dr
2023,29,290863,Missouri,2,2,0,0,0,3,3,19,BOONE (19),0,NOT APPLICABLE,3,3,12,December,2023,1,Sunday,18,6:00pm-6:59pm,28,28,0,This Section IS NOT on the NHS,1,Rural,4,Minor Arterial,1,State Highway Agency,3,State Highway,SR-H,MU-INNOVATION BLVD,10,10,38.83216667,38.83216667,-92.238611110,-92.23861111,0,No Special Jurisdiction,12,Motor Vehicle In-Transport,2,Front-to-Front,0,No,2,Intersection,3,T-Intersection,0,None,,,1,On Roadway,3,Dark - Lighted,,,,,1,Clear,0,No,0000000,Not Applicable,18,6:00pm-6:59pm,32,32,18,6:00pm-6:59pm,40,40,19,7:00pm-7:59pm,22,22,,,,,,,1,
2023,29,290864,Missouri,2,2,0,0,0,2,2,95,JACKSON (95),4120,KANSAS CITY,3,3,12,December,2023,1,Sunday,7,7:00am-7:59am,10,10,1,This Section IS ON the NHS,2,Urban,1,Interstate,1,State Highway Agency,1,Interstate,I-70,,80,80,39.06348611,39.06348611,-94.499908330,-94.49990833,0,No Special Jurisdiction,12,Motor Vehicle In-Transport,1,Front-to-Rear,1,Yes,18,Through Roadway,1,Not an Intersection,0,None,,,1,On Roadway,1,Daylight,,,,,10,Cloudy,0,No,0000000,Not Applicable,7,7:00am-7:59am,10,10,7,7:00am-7:59am,16,16,7,7:00am-7:59am,48,48,,,,,,,1,
2023,29,290865,Missouri,1,1,0,0,0,1,1,131,MILLER (131),0,NOT APPLICABLE,3,3,12,December,2023,1,Sunday,22,10:00pm-10:59pm,20,20,0,This Section IS NOT on the NHS,1,Rural,98,Not Reported,2,County Highway Agency,4,County,CR-BLUE SPRING DR,,20,20,38.24682500,38.24682500,-92.646580560,-92.64658056,0,No Special Jurisdiction,30,Utility Pole/Light Support,0,The First Harmful Event was Not a Collision with a Motor Vehicle in Transport,0,No,1,Non-Junction,1,Not an Intersection,0,None,,,4,On Roadside,2,Dark - Not Lighted,,,,,2,Rain,0,No,0000000,Not Applicable,99,Unknown,98,Unknown if Notified,99,Unknown EMS Scene Arrival Hour,98,Unknown if Arrived,88,"Not Applicable (Not Transported) ",88,Not Applicable (Not Transported),,,,,,,1,
2023,29,290866,Missouri,2,2,0,0,0,3,3,77,GREENE (77),7460,SPRINGFIELD,4,4,12,December,2023,2,Monday,13,1:00pm-1:59pm,32,32,0,This Section IS NOT on the NHS,2,Urban,3,Other Principal Arterial,4,City or Municipal Highway Agency,6,Municipal,MU-KEARNEY ST,MU-NATIONAL AVE,60,60,37.24061944,37.24061944,-93.274788890,-93.27478889,0,No Special Jurisdiction,12,Motor Vehicle In-Transport,6,Angle,0,No,2,Intersection,2,Four-Way Intersection,0,None,,,1,On Roadway,1,Daylight,,,,,1,Clear,0,No,0000000,Not Applicable,99,Unknown,98,Unknown if Notified,99,Unknown EMS Scene Arrival Hour,98,Unknown if Arrived,88,"Not Applicable (Not Transported) ",88,Not Applicable (Not Transported),,,,,,,1,
2023,29,290867,Missouri,1,1,0,0,0,1,1,71,FRANKLIN (71),0,NOT APPLICABLE,4,4,12,December,2023,2,Monday,15,3:00pm-3:59pm,46,46,1,This Section IS ON the NHS,1,Rural,3,Other Principal Arterial,1,State Highway Agency,2,U.S. Highway,US-50,,90,90,38.42095000,38.42095000,-91.211702780,-91.21170278,0,No Special Jurisdiction,35,Embankment,0,The First Harmful Event was Not a Collision with a Motor Vehicle in Transport,0,No,1,Non-Junction,1,Not an Intersection,0,None,,,4,On Roadside,1,Daylight,,,,,1,Clear,0,No,0000000,Not Applicable,99,Unknown,99,Unknown,99,Unknown EMS Scene Arrival Hour,99,Unknown EMS Scene Arrival Minutes,99,Unknown,99,Unknown EMS Hospital Arrival Time,,,,,,,1,
2023,29,290868,Missouri,2,2,0,0,0,3,3,77,GREENE (77),7460,SPRINGFIELD,4,4,12,December,2023,2,Monday,14,2:00pm-2:59pm,19,19,0,This Section IS NOT on the NHS,2,Urban,4,Minor Arterial,4,City or Municipal Highway Agency,6,Municipal,MU-FREMONT AVE,MU-E MONTCLAIR,30,30,37.15773333,37.15773333,-93.271711110,-93.27171111,0,No Special Jurisdiction,12,Motor Vehicle In-Transport,6,Angle,0,No,2,Intersection,3,T-Intersection,0,None,,,1,On Roadway,1,Daylight,,,,,1,Clear,0,No,0000000,Not Applicable,99,Unknown,99,Unknown,99,Unknown EMS Scene Arrival Hour,99,Unknown EMS Scene Arrival Minutes,99,Unknown,99,Unknown EMS Hospital Arrival Time,,,,,,,1,
2023,29,290869,Missouri,2,2,0,0,0,3,3,95,JACKSON (95),4120,KANSAS CITY,4,4,12,December,2023,2,Monday,14,2:00pm-2:59pm,20,20,1,This Section IS ON the NHS,2,Urban,1,Interstate,1,State Highway Agency,1,Interstate,I-70,,250,250,39.09450000,39.09450000,-94.543122220,-94.54312222,0,No Special Jurisdiction,12,Motor Vehicle In-Transport,7,Sideswipe - Same Direction,0,No,1,Non-Junction,1,Not an Intersection,4,"Work Zone, Type Unknown",,,1,On Roadway,1,Daylight,,,,,1,Clear,0,No,0000000,Not Applicable,99,Unknown,98,Unknown if Notified,99,Unknown EMS Scene Arrival Hour,98,Unknown if Arrived,88,"Not Applicable (Not Transported) ",88,Not Applicable (Not Transported),,,,,,,2,
2023,29,290870,Missouri,3,3,0,0,0,6,6,215,TEXAS (215),0,NOT APPLICABLE,4,4,12,December,2023,2,Monday,16,4:00pm-4:59pm,50,50,1,This Section IS ON the NHS,1,Rural,3,Other Principal Arterial,1,State Highway Agency,2,U.S. Highway,US-63,,320,320,37.19441667,37.19441667,-92.038638890,-92.03863889,0,No Special Jurisdiction,12,Motor Vehicle In-Transport,8,Sideswipe - Opposite Direction,0,No,1,Non-Junction,1,Not an Intersection,0,None,,,1,On Roadway,1,Daylight,,,,,1,Clear,0,No,0000000,Not Applicable,16,4:00pm-4:59pm,53,53,17,5:00pm-5:59pm,4,4,17,5:00pm-5:59pm,38,38,,,,,,,1,
2023,29,290871,Missouri,1,1,0,1,1,1,1,155,PEMISCOT (155),0,NOT APPLICABLE,5,5,12,December,2023,3,Tuesday,17,5:00pm-5:59pm,40,40,1,This Section IS ON the NHS,1,Rural,1,Interstate,1,State Highway Agency,1,Interstate,I-55,,270,270,36.05947222,36.05947222,-89.832694440,-89.83269444,0,No Special Jurisdiction,8,Pedestrian,0,The First Harmful Event was Not a Collision with a Motor Vehicle in Transport,0,No,1,Non-Junction,1,Not an Intersection,0,None,,,1,On Roadway,2,Dark - Not Lighted,,,,,1,Clear,0,No,0000000,Not Applicable,18,6:00pm-6:59pm,5,5,18,6:00pm-6:59pm,47,47,19,7:00pm-7:59pm,49,49,,,,,,,1,
2023,29,290872,Missouri,1,1,0,1,1,2,2,13,BATES (13),0,NOT APPLICABLE,5,5,12,December,2023,3,Tuesday,3,3:00am-3:59am,0,0,1,This Section IS ON the NHS,1,Rural,1,Interstate,1,State Highway Agency,1,Interstate,I-49,,200,200,38.33475000,38.33475000,-94.346027780,-94.34602778,0,No Special Jurisdiction,8,Pedestrian,0,The First Harmful Event was Not a Collision with a Motor Vehicle in Transport,0,No,1,Non-Junction,1,Not an Intersection,0,None,,,1,On Roadway,2,Dark - Not Lighted,,,,,1,Clear,0,No,0000000,Not Applicable,99,Unknown,98,Unknown if Notified,99,Unknown EMS Scene Arrival Hour,98,Unknown if Arrived,88,"Not Applicable (Not Transported) ",88,Not Applicable (Not Transported),,,,,,,1,
2023,29,290873,Missouri,2,2,0,0,0,2,2,155,PEMISCOT (155),0,NOT APPLICABLE,5,5,12,December,2023,3,Tuesday,17,5:00pm-5:59pm,40,40,1,This Section IS ON the NHS,1,Rural,1,Interstate,1,State Highway Agency,1,Interstate,I-55,,270,270,36.06075000,36.06075000,-89.831138890,-89.83113889,0,No Special Jurisdiction,12,Motor Vehicle In-Transport,1,Front-to-Rear,0,No,1,Non-Junction,1,Not an Intersection,0,None,,,1,On Roadway,2,Dark - Not Lighted,,,,,1,Clear,0,No,0000000,Not Applicable,17,5:00pm-5:59pm,55,55,18,6:00pm-6:59pm,11,11,88,"Not Applicable (Not Transported) ",88,Not Applicable (Not Transported),,,,,,,1,
2023,29,290874,Missouri,2,2,0,0,0,2,2,119,MCDONALD (119),0,NOT APPLICABLE,5,5,12,December,2023,3,Tuesday,14,2:00pm-2:59pm,15,15,0,This Section IS NOT on the NHS,1,Rural,5,Major Collector,1,State Highway Agency,3,State Highway,SR-90,,300,300,36.55152778,36.55152778,-94.182055560,-94.18205556,0,No Special Jurisdiction,12,Motor Vehicle In-Transport,2,Front-to-Front,0,No,1,Non-Junction,1,Not an Intersection,0,None,,,1,On Roadway,1,Daylight,,,,,1,Clear,0,No,0000000,Not Applicable,14,2:00pm-2:59pm,23,23,14,2:00pm-2:59pm,48,48,15,3:00pm-3:59pm,12,12,,,,,,,1,
2023,29,290875,Missouri,2,2,0,1,1,1,1,95,JACKSON (95),3940,INDEPENDENCE,6,6,12,December,2023,4,Wednesday,23,11:00pm-11:59pm,40,40,1,This Section IS ON the NHS,2,Urban,1,Interstate,1,State Highway Agency,1,Interstate,I-70,,120,120,39.04634722,39.04634722,-94.424841670,-94.42484167,0,No Special Jurisdiction,12,Motor Vehicle In-Transport,1,Front-to-Rear,0,No,1,Non-Junction,1,Not an Intersection,4,"Work Zone, Type Unknown",,,1,On Roadway,2,Dark - Not Lighted,,,,,1,Clear,0,No,0000000,Not Applicable,0,0:00am-0:59am,7,7,0,0:00am-0:59am,11,11,0,0:00am-0:59am,37,37,,,,,,,1,
2023,29,290876,Missouri,3,3,0,0,0,3,3,77,GREENE (77),0,NOT APPLICABLE,7,7,12,December,2023,5,Thursday,16,4:00pm-4:59pm,5,5,0,This Section IS NOT on the NHS,1,Rural,5,Major Collector,1,State Highway Agency,3,State Highway,SR-266,,100,100,37.21313889,37.21313889,-93.426416670,-93.42641667,0,No Special Jurisdiction,12,Motor Vehicle In-Transport,6,Angle,0,No,8,Driveway Access Related,1,Not an Intersection,0,None,,,1,On Roadway,1,Daylight,,,,,1,Clear,1,Yes,0000000,Not Applicable,99,Unknown,99,Unknown,99,Unknown EMS Scene Arrival Hour,99,Unknown EMS Scene Arrival Minutes,99,Unknown,99,Unknown EMS Hospital Arrival Time,,,,,,,1,
2023,29,290877,Missouri,1,1,0,1,1,2,2,65,DENT (65),0,NOT APPLICABLE,7,7,12,December,2023,5,Thursday,17,5:00pm-5:59pm,15,15,0,This Section IS NOT on the NHS,1,Rural,4,Minor Arterial,1,State Highway Agency,3,State Highway,SR-32,,190,190,37.63402778,37.63402778,-91.473388890,-91.47338889,0,No Special Jurisdiction,8,Pedestrian,0,The First Harmful Event was Not a Collision with a Motor Vehicle in Transport,0,No,1,Non-Junction,1,Not an Intersection,0,None,,,1,On Roadway,2,Dark - Not Lighted,,,,,1,Clear,0,No,0000000,Not Applicable,99,Unknown,99,Unknown,99,Unknown EMS Scene Arrival Hour,99,Unknown EMS Scene Arrival Minutes,88,"Not Applicable (Not Transported) ",88,Not Applicable (Not Transported),,,,,,,1,
2023,29,290878,Missouri,2,2,0,0,0,3,3,67,DOUGLAS (67),0,NOT APPLICABLE,7,7,12,December,2023,5,Thursday,15,3:00pm-3:59pm,20,20,0,This Section IS NOT on the NHS,1,Rural,5,Major Collector,1,State Highway Agency,3,State Highway,SR-W,,30,30,36.94469444,36.94469444,-92.284944440,-92.28494444,0,No Special Jurisdiction,12,Motor Vehicle In-Transport,2,Front-to-Front,0,No,1,Non-Junction,1,Not an Intersection,0,None,,,1,On Roadway,1,Daylight,,,,,1,Clear,0,No,0000000,Not Applicable,15,3:00pm-3:59pm,31,31,16,4:00pm-4:59pm,4,4,99,Unknown,99,Unknown EMS Hospital Arrival Time,,,,,,,1,
2023,29,290879,Missouri,1,1,0,0,0,1,1,95,JACKSON (95),3940,INDEPENDENCE,11,11,12,December,2023,2,Monday,0,0:00am-0:59am,18,18,0,This Section IS NOT on the NHS,2,Urban,3,Other Principal Arterial,1,State Highway Agency,3,State Highway,SR-78,,30,30,39.07981667,39.07981667,-94.429944440,-94.42994444,0,No Special Jurisdiction,21,Bridge Pier or Support,0,The First Harmful Event was Not a Collision with a Motor Vehicle in Transport,0,No,1,Non-Junction,1,Not an Intersection,0,None,,,4,On Roadside,2,Dark - Not Lighted,,,,,10,Cloudy,0,No,0000000,Not Applicable,99,Unknown,99,Unknown,99,Unknown EMS Scene Arrival Hour,99,Unknown EMS Scene Arrival Minutes,88,"Not Applicable (Not Transported) ",88,Not Applicable (Not Transported),,,,,,,1,
2023,29,290880,Missouri,2,2,0,0,0,4,4,95,JACKSON (95),4120,KANSAS CITY,11,11,12,December,2023,2,Monday,17,5:00pm-5:59pm,57,57,0,This Section IS NOT on the NHS,2,Urban,4,Minor Arterial,4,City or Municipal Highway Agency,6,Municipal,MU-E 31ST ST,MU-AGNES AVE,20,20,39.06970833,39.06970833,-94.548238890,-94.54823889,0,No Special Jurisdiction,12,Motor Vehicle In-Transport,6,Angle,0,No,2,Intersection,2,Four-Way Intersection,0,None,,,1,On Roadway,3,Dark - Lighted,,,,,1,Clear,0,No,0000000,Not Applicable,99,Unknown,98,Unknown if Notified,99,Unknown EMS Scene Arrival Hour,98,Unknown if Arrived,88,"Not Applicable (Not Transported) ",88,Not Applicable (Not Transported),,,,,,,1,
2023,29,290881,Missouri,1,1,0,0,0,1,1,215,TEXAS (215),0,NOT APPLICABLE,12,12,12,December,2023,3,Tuesday,21,9:00pm-9:59pm,45,45,0,This Section IS NOT on the NHS,1,Rural,98,Not Reported,2,County Highway Agency,4,County,CR-FREEDOM RD,,40,40,37.07416667,37.07416667,-91.911194440,-91.91119444,0,No Special Jurisdiction,34,Ditch,0,The First Harmful Event was Not a Collision with a Motor Vehicle in Transport,0,No,1,Non-Junction,1,Not an Intersection,0,None,,,4,On Roadside,2,Dark - Not Lighted,,,,,1,Clear,0,No,0000000,Not Applicable,99,Unknown,98,Unknown if Notified,99,Unknown EMS Scene Arrival Hour,98,Unknown if Arrived,88,"Not Applicable (Not Transported) ",88,Not Applicable (Not Transported),,,,,,,1,
2023,29,290882,Missouri,1,1,0,0,0,2,2,75,GENTRY (75),0,NOT APPLICABLE,13,13,12,December,2023,4,Wednesday,2,2:00am-2:59am,28,28,0,This Section IS NOT on the NHS,1,Rural,4,Minor Arterial,1,State Highway Agency,2,U.S. Highway,US-169,,210,210,40.18105556,40.18105556,-94.520222220,-94.52022222,0,No Special Jurisdiction,59,"Traffic Sign Support ",0,The First Harmful Event was Not a Collision with a Motor Vehicle in Transport,0,No,1,Non-Junction,1,Not an Intersection,0,None,,,4,On Roadside,2,Dark - Not Lighted,,,,,1,Clear,0,No,0000000,Not Applicable,99,Unknown,99,Unknown,99,Unknown EMS Scene Arrival Hour,99,Unknown EMS Scene Arrival Minutes,99,Unknown,99,Unknown EMS Hospital Arrival Time,,,,,,,1,
2023,29,290883,Missouri,3,3,0,0,0,3,3,189,ST LOUIS (189),0,NOT APPLICABLE,20,20,11,November,2023,2,Monday,14,2:00pm-2:59pm,26,26,0,This Section IS NOT on the NHS,2,Urban,4,Minor Arterial,2,County Highway Agency,4,County,CR-UNION RD,CR-RIPA AVE,0,None,38.53581667,38.53581667,-90.306713890,-90.30671389,0,No Special Jurisdiction,12,Motor Vehicle In-Transport,6,Angle,0,No,2,Intersection,2,Four-Way Intersection,0,None,,,1,On Roadway,1,Daylight,,,,,10,Cloudy,0,No,0000000,Not Applicable,14,2:00pm-2:59pm,29,29,14,2:00pm-2:59pm,36,36,15,3:00pm-3:59pm,0,0,,,,,,,1,
2023,29,290884,Missouri,2,2,0,0,0,3,3,187,ST FRANCOIS (187),0,NOT APPLICABLE,13,13,12,December,2023,4,Wednesday,21,9:00pm-9:59pm,30,30,0,This Section IS NOT on the NHS,1,Rural,4,Minor Arterial,1,State Highway Agency,3,State Highway,SR-221,,110,110,37.66275000,37.66275000,-90.564305560,-90.56430556,0,No Special Jurisdiction,12,Motor Vehicle In-Transport,2,Front-to-Front,0,No,1,Non-Junction,1,Not an Intersection,0,None,,,1,On Roadway,2,Dark - Not Lighted,,,,,1,Clear,0,No,0000000,Not Applicable,99,Unknown,98,Unknown if Notified,99,Unknown EMS Scene Arrival Hour,98,Unknown if Arrived,88,"Not Applicable (Not Transported) ",88,Not Applicable (Not Transported),,,,,,,3,
2023,29,290885,Missouri,3,3,0,0,0,4,4,189,ST LOUIS (189),0,NOT APPLICABLE,13,13,12,December,2023,4,Wednesday,16,4:00pm-4:59pm,30,30,1,This Section IS ON the NHS,2,Urban,3,Other Principal Arterial,1,State Highway Agency,2,U.S. Highway,US-67,CR-JAMESTOWN BAY DR,30,30,38.82213611,38.82213611,-90.261725000,-90.26172500,0,No Special Jurisdiction,12,Motor Vehicle In-Transport,6,Angle,0,No,2,Intersection,3,T-Intersection,0,None,,,1,On Roadway,1,Daylight,,,,,1,Clear,0,No,0000000,Not Applicable,99,Unknown,99,Unknown,99,Unknown EMS Scene Arrival Hour,99,Unknown EMS Scene Arrival Minutes,99,Unknown,99,Unknown EMS Hospital Arrival Time,,,,,,,1,
2023,29,290886,Missouri,1,1,0,1,1,1,1,29,CAMDEN (29),0,NOT APPLICABLE,13,13,12,December,2023,4,Wednesday,0,0:00am-0:59am,25,25,0,This Section IS NOT on the NHS,1,Rural,4,Minor Arterial,1,State Highway Agency,3,State Highway,SR-7,,470,470,37.85987778,37.85987778,-92.414205560,-92.41420556,0,No Special Jurisdiction,8,Pedestrian,0,The First Harmful Event was Not a Collision with a Motor Vehicle in Transport,0,No,1,Non-Junction,1,Not an Intersection,0,None,,,1,On Roadway,2,Dark - Not Lighted,,,,,1,Clear,0,No,0000000,Not Applicable,99,Unknown,98,Unknown if Notified,99,Unknown EMS Scene Arrival Hour,98,Unknown if Arrived,88,"Not Applicable (Not Transported) ",88,Not Applicable (Not Transported),,,,,,,1,
2023,29,290887,Missouri,1,1,0,0,0,1,1,153,OZARK (153),0,NOT APPLICABLE,13,13,12,December,2023,4,Wednesday,11,11:00am-11:59am,45,45,0,This Section IS NOT on the NHS,1,Rural,6,Minor Collector,1,State Highway Agency,3,State Highway,SR-V,,10,10,36.61052778,36.61052778,-92.154444440,-92.15444444,0,No Special Jurisdiction,58,Ground,0,The First Harmful Event was Not a Collision with a Motor Vehicle in Transport,0,No,1,Non-Junction,1,Not an Intersection,0,None,,,4,On Roadside,1,Daylight,,,,,1,Clear,0,No,0000000,Not Applicable,99,Unknown,98,Unknown if Notified,99,Unknown EMS Scene Arrival Hour,98,Unknown if Arrived,88,"Not Applicable (Not Transported) ",88,Not Applicable (Not Transported),,,,,,,1,
2023,29,290888,Missouri,1,1,0,0,0,1,1,141,MORGAN (141),0,NOT APPLICABLE,14,14,12,December,2023,5,Thursday,23,11:00pm-11:59pm,30,30,1,This Section IS ON the NHS,1,Rural,3,Other Principal Arterial,1,State Highway Agency,2,U.S. Highway,US-50,,110,110,38.67150000,38.67150000,-92.859572220,-92.85957222,0,No Special Jurisdiction,35,Embankment,0,The First Harmful Event was Not a Collision with a Motor Vehicle in Transport,0,No,1,Non-Junction,1,Not an Intersection,0,None,,,4,On Roadside,2,Dark - Not Lighted,,,,,1,Clear,0,No,0000000,Not Applicable,99,Unknown,98,Unknown if Notified,99,Unknown EMS Scene Arrival Hour,98,Unknown if Arrived,88,"Not Applicable (Not Transported) ",88,Not Applicable (Not Transported),,,,,,,1,
2023,29,290889,Missouri,1,1,0,0,0,1,1,37,CASS (37),0,NOT APPLICABLE,14,14,12,December,2023,5,Thursday,21,9:00pm-9:59pm,30,30,0,This Section IS NOT on the NHS,1,Rural,4,Minor Arterial,1,State Highway Agency,3,State Highway,SR-58,,160,160,38.78559722,38.78559722,-94.330152780,-94.33015278,0,No Special Jurisdiction,1,Rollover/Overturn,0,The First Harmful Event was Not a Collision with a Motor Vehicle in Transport,0,No,1,Non-Junction,1,Not an Intersection,0,None,,,4,On Roadside,2,Dark - Not Lighted,,,,,1,Clear,0,No,0000000,Not Applicable,21,9:00pm-9:59pm,34,34,21,9:00pm-9:59pm,41,41,88,"Not Applicable (Not Transported) ",88,Not Applicable (Not Transported),,,,,,,1,
2023,29,290890,Missouri,1,1,0,0,0,1,1,9,BARRY (9),0,NOT APPLICABLE,15,15,12,December,2023,6,Friday,18,6:00pm-6:59pm,0,0,0,This Section IS NOT on the NHS,1,Rural,98,Not Reported,2,County Highway Agency,4,County,CR-1010,,30,30,36.65641944,36.65641944,-94.061105560,-94.06110556,0,No Special Jurisdiction,58,Ground,0,The First Harmful Event was Not a Collision with a Motor Vehicle in Transport,0,No,1,Non-Junction,1,Not an Intersection,0,None,,,4,On Roadside,2,Dark - Not Lighted,,,,,1,Clear,0,No,0000000,Not Applicable,99,Unknown,98,Unknown if Notified,99,Unknown EMS Scene Arrival Hour,98,Unknown if Arrived,88,"Not Applicable (Not Transported) ",88,Not Applicable (Not Transported),,,,,,,1,
2023,29,290891,Missouri,1,1,0,0,0,3,3,167,POLK (167),3830,HUMANSVILLE,15,15,12,December,2023,6,Friday,13,1:00pm-1:59pm,25,25,1,This Section IS ON the NHS,1,Rural,3,Other Principal Arterial,1,State Highway Agency,3,State Highway,SR-13,SR-BU 13 SJ,50,50,37.76410000,37.76410000,-93.559419440,-93.55941944,0,No Special Jurisdiction,58,Ground,0,The First Harmful Event was Not a Collision with a Motor Vehicle in Transport,0,No,3,Intersection-Related,2,Four-Way Intersection,0,None,,,3,On Median,1,Daylight,,,,,1,Clear,0,No,0000000,Not Applicable,99,Unknown,99,Unknown,99,Unknown EMS Scene Arrival Hour,99,Unknown EMS Scene Arrival Minutes,99,Unknown,99,Unknown EMS Hospital Arrival Time,,,,,,,1,
2023,29,290892,Missouri,1,1,0,1,1,1,1,510,ST. LOUIS (CITY) (510),7080,ST. LOUIS,15,15,12,December,2023,6,Friday,17,5:00pm-5:59pm,57,57,1,This Section IS ON the NHS,2,Urban,3,Other Principal Arterial,1,State Highway Agency,6,Municipal,MU-GRAVOIS AVE,,50,50,38.60213056,38.60213056,-90.229547220,-90.22954722,0,No Special Jurisdiction,8,Pedestrian,0,The First Harmful Event was Not a Collision with a Motor Vehicle in Transport,0,No,1,Non-Junction,1,Not an Intersection,0,None,,,1,On Roadway,3,Dark - Lighted,,,,,1,Clear,0,No,0000000,Not Applicable,17,5:00pm-5:59pm,59,59,18,6:00pm-6:59pm,4,4,18,6:00pm-6:59pm,14,14,,,,,,,1,
2023,29,290893,Missouri,1,1,0,0,0,1,1,95,JACKSON (95),4120,KANSAS CITY,16,16,12,December,2023,7,Saturday,4,4:00am-4:59am,10,10,1,This Section IS ON the NHS,2,Urban,2,Other Freeways and Expressways,1,State Highway Agency,2,U.S. Highway,US-71,,100,100,38.98026389,38.98026389,-94.546650000,-94.54665000,0,No Special Jurisdiction,23,Bridge Rail (Includes parapet),0,The First Harmful Event was Not a Collision with a Motor Vehicle in Transport,0,No,1,Non-Junction,1,Not an Intersection,0,None,,,3,On Median,3,Dark - Lighted,,,,,2,Rain,0,No,0000000,Not Applicable,4,4:00am-4:59am,10,10,4,4:00am-4:59am,18,18,88,"Not Applicable (Not Transported) ",88,Not Applicable (Not Transported),,,,,,,1,
2023,29,290894,Missouri,1,1,0,0,0,2,2,89,HOWARD (89),0,NOT APPLICABLE,16,16,12,December,2023,7,Saturday,1,1:00am-1:59am,51,51,0,This Section IS NOT on the NHS,1,Rural,5,Major Collector,1,State Highway Agency,3,State Highway,SR-124,,70,70,39.14275000,39.14275000,-92.543388890,-92.54338889,0,No Special Jurisdiction,58,Ground,0,The First Harmful Event was Not a Collision with a Motor Vehicle in Transport,0,No,1,Non-Junction,1,Not an Intersection,0,None,,,4,On Roadside,2,Dark - Not Lighted,,,,,2,Rain,0,No,0000000,Not Applicable,1,1:00am-1:59am,54,54,2,2:00am-2:59am,10,10,3,3:00am-3:59am,53,53,,,,,,,1,
2023,29,290895,Missouri,2,1,1,0,0,1,1,89,HOWARD (89),0,NOT APPLICABLE,16,16,12,December,2023,7,Saturday,15,3:00pm-3:59pm,39,39,0,This Section IS NOT on the NHS,2,Urban,4,Minor Arterial,1,State Highway Agency,3,State Highway,SR-5,,10,10,38.99430000,38.99430000,-92.745544440,-92.74554444,0,No Special Jurisdiction,18,Other Object (not fixed),0,The First Harmful Event was Not a Collision with a Motor Vehicle in Transport,0,No,1,Non-Junction,1,Not an Intersection,0,None,,,5,Outside Trafficway,1,Daylight,,,,,10,Cloudy,0,No,0000000,Not Applicable,17,5:00pm-5:59pm,19,19,17,5:00pm-5:59pm,31,31,88,"Not Applicable (Not Transported) ",88,Not Applicable (Not Transported),,,,,,,1,
2023,29,290896,Missouri,1,1,0,1,1,1,1,95,JACKSON (95),840,BLUE SPRINGS,16,16,12,December,2023,7,Saturday,23,11:00pm-11:59pm,6,6,1,This Section IS ON the NHS,2,Urban,1,Interstate,1,State Highway Agency,1,Interstate,I-70,,210,210,39.02825000,39.02825000,-94.256361110,-94.25636111,0,No Special Jurisdiction,8,Pedestrian,0,The First Harmful Event was Not a Collision with a Motor Vehicle in Transport,0,No,1,Non-Junction,1,Not an Intersection,0,None,,,1,On Roadway,2,Dark - Not Lighted,,,,,10,Cloudy,0,No,0000000,Not Applicable,99,Unknown,98,Unknown if Notified,99,Unknown EMS Scene Arrival Hour,98,Unknown if Arrived,88,"Not Applicable (Not Transported) ",88,Not Applicable (Not Transported),,,,,,,1,
2023,29,290897,Missouri,1,1,0,0,0,1,1,47,CLAY (47),3114,GLADSTONE,16,16,12,December,2023,7,Saturday,11,11:00am-11:59am,21,21,0,This Section IS NOT on the NHS,2,Urban,98,Not Reported,4,City or Municipal Highway Agency,6,Municipal,MU-67TH ST,MU-WAYNE AVE,0,None,39.21472500,39.21472500,-94.560933330,-94.56093333,0,No Special Jurisdiction,42,Tree (Standing Only),0,The First Harmful Event was Not a Collision with a Motor Vehicle in Transport,0,No,3,Intersection-Related,2,Four-Way Intersection,0,None,,,4,On Roadside,1,Daylight,,,,,10,Cloudy,0,No,0000000,Not Applicable,11,11:00am-11:59am,23,23,11,11:00am-11:59am,29,29,11,11:00am-11:59am,55,55,,,,,,,1,
2023,29,290898,Missouri,1,1,0,0,0,1,1,510,ST. LOUIS (CITY) (510),7080,ST. LOUIS,17,17,12,December,2023,1,Sunday,2,2:00am-2:59am,30,30,0,This Section IS NOT on the NHS,2,Urban,4,Minor Arterial,4,City or Municipal Highway Agency,6,Municipal,MU-GERMANIA AVE,,10,10,38.55712500,38.55712500,-90.278827780,-90.27882778,0,No Special Jurisdiction,43,Other Fixed Object,0,The First Harmful Event was Not a Collision with a Motor Vehicle in Transport,0,No,1,Non-Junction,1,Not an Intersection,0,None,,,4,On Roadside,3,Dark - Lighted,,,,,2,Rain,0,No,0000000,Not Applicable,2,2:00am-2:59am,40,40,2,2:00am-2:59am,51,51,88,"Not Applicable (Not Transported) ",88,Not Applicable (Not Transported),,,,,,,1,